[0.000000] (-) TimerEvent: {}
[0.000319] (custom_interfaces) JobQueued: {'identifier': 'custom_interfaces', 'dependencies': OrderedDict()}
[0.000424] (final) JobQueued: {'identifier': 'final', 'dependencies': OrderedDict()}
[0.000458] (lab1_pkg) JobQueued: {'identifier': 'lab1_pkg', 'dependencies': OrderedDict()}
[0.000480] (lab2_pkg) JobQueued: {'identifier': 'lab2_pkg', 'dependencies': OrderedDict()}
[0.000508] (lab3_pkg) JobQueued: {'identifier': 'lab3_pkg', 'dependencies': OrderedDict({'custom_interfaces': '/home/gbonham/turtlebot4_ws/install/custom_interfaces'})}
[0.000540] (lab5_pkg) JobQueued: {'identifier': 'lab5_pkg', 'dependencies': OrderedDict({'custom_interfaces': '/home/gbonham/turtlebot4_ws/install/custom_interfaces'})}
[0.000574] (lab_bringup) JobQueued: {'identifier': 'lab_bringup', 'dependencies': OrderedDict({'custom_interfaces': '/home/gbonham/turtlebot4_ws/install/custom_interfaces', 'lab3_pkg': '/home/gbonham/turtlebot4_ws/install/lab3_pkg'})}
[0.000608] (custom_interfaces) JobStarted: {'identifier': 'custom_interfaces'}
[0.006502] (final) JobStarted: {'identifier': 'final'}
[0.012622] (lab1_pkg) JobStarted: {'identifier': 'lab1_pkg'}
[0.017970] (lab2_pkg) JobStarted: {'identifier': 'lab2_pkg'}
[0.026154] (custom_interfaces) JobProgress: {'identifier': 'custom_interfaces', 'progress': 'cmake'}
[0.026689] (custom_interfaces) JobProgress: {'identifier': 'custom_interfaces', 'progress': 'build'}
[0.027291] (custom_interfaces) Command: {'cmd': ['/usr/bin/cmake', '--build', '/home/gbonham/turtlebot4_ws/build/custom_interfaces', '--', '-j16', '-l16'], 'cwd': '/home/gbonham/turtlebot4_ws/build/custom_interfaces', 'env': OrderedDict({'USER': 'gbonham', 'GZ_SIM_RESOURCE_PATH': '/opt/ros/jazzy/share', 'GZ_CONFIG_PATH': '/opt/ros/jazzy/opt/gz_sim_vendor/share/gz:/opt/ros/jazzy/opt/sdformat_vendor/share/gz:/opt/ros/jazzy/opt/gz_gui_vendor/share/gz:/opt/ros/jazzy/opt/gz_transport_vendor/share/gz:/opt/ros/jazzy/opt/gz_rendering_vendor/share/gz:/opt/ros/jazzy/opt/gz_plugin_vendor/share/gz:/opt/ros/jazzy/opt/gz_fuel_tools_vendor/share/gz:/opt/ros/jazzy/opt/gz_msgs_vendor/share/gz:/opt/ros/jazzy/opt/gz_common_vendor/share/gz', 'XDG_SESSION_TYPE': 'wayland', 'CLUTTER_DISABLE_MIPMAPPED_TEXT': '1', 'SHLVL': '1', 'LD_LIBRARY_PATH': '/home/gbonham/turtlebot4_ws/install/custom_interfaces/lib:/opt/ros/jazzy/opt/gz_sim_vendor/lib:/opt/ros/jazzy/opt/gz_sensors_vendor/lib:/opt/ros/jazzy/opt/gz_physics_vendor/lib:/opt/ros/jazzy/opt/sdformat_vendor/lib:/opt/ros/jazzy/opt/rviz_ogre_vendor/lib:/opt/ros/jazzy/lib/x86_64-linux-gnu:/opt/ros/jazzy/opt/gz_gui_vendor/lib:/opt/ros/jazzy/opt/gz_transport_vendor/lib:/opt/ros/jazzy/opt/gz_rendering_vendor/lib:/opt/ros/jazzy/opt/gz_plugin_vendor/lib:/opt/ros/jazzy/opt/gz_fuel_tools_vendor/lib:/opt/ros/jazzy/opt/gz_msgs_vendor/lib:/opt/ros/jazzy/opt/gz_common_vendor/lib:/opt/ros/jazzy/opt/gz_math_vendor/lib:/opt/ros/jazzy/opt/gz_utils_vendor/lib:/opt/ros/jazzy/opt/gz_tools_vendor/lib:/opt/ros/jazzy/opt/gz_ogre_next_vendor/lib:/opt/ros/jazzy/opt/gz_dartsim_vendor/lib:/opt/ros/jazzy/opt/gz_cmake_vendor/lib:/opt/ros/jazzy/lib', 'OLDPWD': '/home/gbonham', 'HOME': '/home/gbonham', 'DESKTOP_SESSION': 'ubuntu', 'GTK_MODULES': 'gail:atk-bridge', 'GNOME_SHELL_SESSION_MODE': 'ubuntu', 'ROS_PYTHON_VERSION': '3', 'SYSTEMD_EXEC_PID': '29388', 'DBUS_SESSION_BUS_ADDRESS': 'unix:path=/run/user/481853705/bus', 'GSM_SKIP_SSH_AGENT_WORKAROUND': 'true', 'COLORTERM': 'truecolor', 'CONDA_CHANGEPS1': 'no', 'WAYLAND_DISPLAY': 'wayland-0', 'ROS_DISTRO': 'jazzy', 'COLCON_PREFIX_PATH': '/home/gbonham/turtlebot4_ws/install', 'LOGNAME': 'gbonham', '_': '/usr/bin/colcon', 'MEMORY_PRESSURE_WATCH': '/sys/fs/cgroup/user.slice/user-481853705.slice/user@481853705.service/session.slice/org.gnome.Shell@wayland.service/memory.pressure', 'XDG_SESSION_CLASS': 'user', 'ROS_VERSION': '2', 'USERNAME': 'gbonham', 'TERM': 'xterm-256color', 'PROMPT_EOL_MARK': '', 'ROS_SUPER_CLIENT': 'True', 'GNOME_DESKTOP_SESSION_ID': 'this-is-deprecated', 'PATH': '/opt/ros/jazzy/opt/gz_msgs_vendor/bin:/opt/ros/jazzy/opt/gz_tools_vendor/bin:/opt/ros/jazzy/opt/gz_ogre_next_vendor/bin:/opt/ros/jazzy/bin:/usr/local/sbin:/usr/local/bin:/usr/sbin:/usr/bin:/sbin:/bin:/usr/games:/usr/local/games:/snap/bin:/snap/bin', 'SESSION_MANAGER': 'local/csci20121:@/tmp/.ICE-unix/29356,unix/csci20121:/tmp/.ICE-unix/29356', 'GNOME_TERMINAL_SCREEN': '/org/gnome/Terminal/screen/1a920a0f_e173_45d5_84d1_08745e1c9bf0', 'XDG_MENU_PREFIX': 'gnome-', 'GNOME_SETUP_DISPLAY': ':1', 'XDG_RUNTIME_DIR': '/run/user/481853705', 'DISPLAY': ':0', 'XDG_CURRENT_DESKTOP': 'ubuntu:GNOME', 'LANG': 'en_US.UTF-8', 'RMW_IMPLEMENTATION': 'rmw_fastrtps_cpp', 'XDG_SESSION_DESKTOP': 'ubuntu', 'GNOME_TERMINAL_SERVICE': ':1.119', 'XMODIFIERS': '@im=ibus', 'XAUTHORITY': '/run/user/481853705/.mutter-Xwaylandauth.8MOAO3', 'SSH_AUTH_SOCK': '/run/user/481853705/keyring/ssh', 'AMENT_PREFIX_PATH': '/home/gbonham/turtlebot4_ws/install/lab_bringup:/home/gbonham/turtlebot4_ws/install/lab5_pkg:/home/gbonham/turtlebot4_ws/install/lab3_pkg:/home/gbonham/turtlebot4_ws/install/lab2_pkg:/home/gbonham/turtlebot4_ws/install/lab1_pkg:/home/gbonham/turtlebot4_ws/install/final:/home/gbonham/turtlebot4_ws/install/custom_interfaces:/opt/ros/jazzy', 'ROS_DOMAIN_ID': '0', 'KRB5CCNAME': 'FILE:/tmp/krb5cc_481853705_B2nlBa', 'SHELL': '/bin/zsh', 'ROS_DISCOVERY_SERVER': '10.5.113.101:11811', 'QT_ACCESSIBILITY': '1', 'GDMSESSION': 'ubuntu', 'QT_IM_MODULE': 'ibus', 'ROS_AUTOMATIC_DISCOVERY_RANGE': 'SUBNET', 'PWD': '/home/gbonham/turtlebot4_ws/build/custom_interfaces', 'XDG_DATA_DIRS': '/usr/local/share/:/usr/share/:/var/lib/snapd/desktop', 'VIRTUAL_ENV_DISABLE_PROMPT': '12', 'PYTHONPATH': '/home/gbonham/turtlebot4_ws/install/lab5_pkg/lib/python3.12/site-packages:/home/gbonham/turtlebot4_ws/install/lab3_pkg/lib/python3.12/site-packages:/home/gbonham/turtlebot4_ws/install/lab2_pkg/lib/python3.12/site-packages:/home/gbonham/turtlebot4_ws/install/lab1_pkg/lib/python3.12/site-packages:/home/gbonham/turtlebot4_ws/install/final/lib/python3.12/site-packages:/home/gbonham/turtlebot4_ws/install/custom_interfaces/lib/python3.12/site-packages:/opt/ros/jazzy/lib/python3.12/site-packages', 'COLCON': '1', 'VTE_VERSION': '7600', 'MEMORY_PRESSURE_WRITE': 'c29tZSAyMDAwMDAgMjAwMDAwMAA=', 'CMAKE_PREFIX_PATH': '/home/gbonham/turtlebot4_ws/install/lab_bringup:/home/gbonham/turtlebot4_ws/install/custom_interfaces:/opt/ros/jazzy/opt/gz_sim_vendor:/opt/ros/jazzy/opt/gz_sensors_vendor:/opt/ros/jazzy/opt/gz_physics_vendor:/opt/ros/jazzy/opt/sdformat_vendor:/opt/ros/jazzy/opt/gz_gui_vendor:/opt/ros/jazzy/opt/gz_transport_vendor:/opt/ros/jazzy/opt/gz_rendering_vendor:/opt/ros/jazzy/opt/gz_plugin_vendor:/opt/ros/jazzy/opt/gz_fuel_tools_vendor:/opt/ros/jazzy/opt/gz_msgs_vendor:/opt/ros/jazzy/opt/gz_common_vendor:/opt/ros/jazzy/opt/gz_math_vendor:/opt/ros/jazzy/opt/gz_utils_vendor:/opt/ros/jazzy/opt/gz_tools_vendor:/opt/ros/jazzy/opt/gz_ogre_next_vendor:/opt/ros/jazzy/opt/gz_dartsim_vendor:/opt/ros/jazzy/opt/gz_cmake_vendor:/home/gbonham/turtlebot4_ws/install/lab5_pkg:/home/gbonham/turtlebot4_ws/install/lab3_pkg:/home/gbonham/turtlebot4_ws/install/lab2_pkg:/home/gbonham/turtlebot4_ws/install/lab1_pkg:/home/gbonham/turtlebot4_ws/install/final:/opt/ros/jazzy'}), 'shell': False}
[0.099823] (-) TimerEvent: {}
[0.200063] (-) TimerEvent: {}
[0.300292] (-) TimerEvent: {}
[0.400498] (-) TimerEvent: {}
[0.500714] (-) TimerEvent: {}
[0.507794] (custom_interfaces) StdoutLine: {'line': b'[  1%] Built target custom_interfaces__rs\n'}
[0.508217] (custom_interfaces) StdoutLine: {'line': b'[  3%] Built target custom_interfaces__rosidl_generator_type_description\n'}
[0.508686] (custom_interfaces) StdoutLine: {'line': b'[  3%] Built target ament_cmake_python_copy_custom_interfaces\n'}
[0.508808] (custom_interfaces) StdoutLine: {'line': b'[  5%] Built target custom_interfaces__cpp\n'}
[0.509018] (custom_interfaces) StdoutLine: {'line': b'[ 25%] Built target custom_interfaces__rosidl_generator_c\n'}
[0.509206] (custom_interfaces) StdoutLine: {'line': b'[ 34%] Built target custom_interfaces__rosidl_typesupport_introspection_c\n'}
[0.509349] (custom_interfaces) StdoutLine: {'line': b'[ 43%] Built target custom_interfaces__rosidl_typesupport_c\n'}
[0.509440] (custom_interfaces) StdoutLine: {'line': b'[ 60%] Built target custom_interfaces__rosidl_typesupport_fastrtps_cpp\n'}
[0.509517] (custom_interfaces) StdoutLine: {'line': b'[ 61%] Built target custom_interfaces__rosidl_typesupport_cpp\n'}
[0.509629] (custom_interfaces) StdoutLine: {'line': b'[ 70%] Built target custom_interfaces__rosidl_typesupport_introspection_cpp\n'}
[0.509701] (custom_interfaces) StdoutLine: {'line': b'[ 80%] Built target custom_interfaces__rosidl_typesupport_fastrtps_c\n'}
[0.509777] (custom_interfaces) StdoutLine: {'line': b'[ 80%] Built target custom_interfaces\n'}
[0.509844] (custom_interfaces) StdoutLine: {'line': b'[ 81%] Built target custom_interfaces__py\n'}
[0.509912] (custom_interfaces) StdoutLine: {'line': b'[ 89%] Built target custom_interfaces__rosidl_generator_py\n'}
[0.509977] (custom_interfaces) StdoutLine: {'line': b'[ 92%] Built target custom_interfaces_s__rosidl_typesupport_c\n'}
[0.510047] (custom_interfaces) StdoutLine: {'line': b'[ 98%] Built target custom_interfaces_s__rosidl_typesupport_fastrtps_c\n'}
[0.510119] (custom_interfaces) StdoutLine: {'line': b'[100%] Built target custom_interfaces_s__rosidl_typesupport_introspection_c\n'}
[0.510185] (custom_interfaces) StdoutLine: {'line': b'running egg_info\n'}
[0.510253] (custom_interfaces) StdoutLine: {'line': b'writing custom_interfaces.egg-info/PKG-INFO\n'}
[0.510325] (custom_interfaces) StdoutLine: {'line': b'writing dependency_links to custom_interfaces.egg-info/dependency_links.txt\n'}
[0.510390] (custom_interfaces) StdoutLine: {'line': b'writing top-level names to custom_interfaces.egg-info/top_level.txt\n'}
[0.510458] (custom_interfaces) StdoutLine: {'line': b"reading manifest file 'custom_interfaces.egg-info/SOURCES.txt'\n"}
[0.510528] (custom_interfaces) StdoutLine: {'line': b"writing manifest file 'custom_interfaces.egg-info/SOURCES.txt'\n"}
[0.510599] (custom_interfaces) StdoutLine: {'line': b'[100%] Built target ament_cmake_python_build_custom_interfaces_egg\n'}
[0.510667] (custom_interfaces) CommandEnded: {'returncode': 0}
[0.510854] (custom_interfaces) JobProgress: {'identifier': 'custom_interfaces', 'progress': 'install'}
[0.519316] (custom_interfaces) Command: {'cmd': ['/usr/bin/cmake', '--install', '/home/gbonham/turtlebot4_ws/build/custom_interfaces'], 'cwd': '/home/gbonham/turtlebot4_ws/build/custom_interfaces', 'env': OrderedDict({'USER': 'gbonham', 'GZ_SIM_RESOURCE_PATH': '/opt/ros/jazzy/share', 'GZ_CONFIG_PATH': '/opt/ros/jazzy/opt/gz_sim_vendor/share/gz:/opt/ros/jazzy/opt/sdformat_vendor/share/gz:/opt/ros/jazzy/opt/gz_gui_vendor/share/gz:/opt/ros/jazzy/opt/gz_transport_vendor/share/gz:/opt/ros/jazzy/opt/gz_rendering_vendor/share/gz:/opt/ros/jazzy/opt/gz_plugin_vendor/share/gz:/opt/ros/jazzy/opt/gz_fuel_tools_vendor/share/gz:/opt/ros/jazzy/opt/gz_msgs_vendor/share/gz:/opt/ros/jazzy/opt/gz_common_vendor/share/gz', 'XDG_SESSION_TYPE': 'wayland', 'CLUTTER_DISABLE_MIPMAPPED_TEXT': '1', 'SHLVL': '1', 'LD_LIBRARY_PATH': '/home/gbonham/turtlebot4_ws/install/custom_interfaces/lib:/opt/ros/jazzy/opt/gz_sim_vendor/lib:/opt/ros/jazzy/opt/gz_sensors_vendor/lib:/opt/ros/jazzy/opt/gz_physics_vendor/lib:/opt/ros/jazzy/opt/sdformat_vendor/lib:/opt/ros/jazzy/opt/rviz_ogre_vendor/lib:/opt/ros/jazzy/lib/x86_64-linux-gnu:/opt/ros/jazzy/opt/gz_gui_vendor/lib:/opt/ros/jazzy/opt/gz_transport_vendor/lib:/opt/ros/jazzy/opt/gz_rendering_vendor/lib:/opt/ros/jazzy/opt/gz_plugin_vendor/lib:/opt/ros/jazzy/opt/gz_fuel_tools_vendor/lib:/opt/ros/jazzy/opt/gz_msgs_vendor/lib:/opt/ros/jazzy/opt/gz_common_vendor/lib:/opt/ros/jazzy/opt/gz_math_vendor/lib:/opt/ros/jazzy/opt/gz_utils_vendor/lib:/opt/ros/jazzy/opt/gz_tools_vendor/lib:/opt/ros/jazzy/opt/gz_ogre_next_vendor/lib:/opt/ros/jazzy/opt/gz_dartsim_vendor/lib:/opt/ros/jazzy/opt/gz_cmake_vendor/lib:/opt/ros/jazzy/lib', 'OLDPWD': '/home/gbonham', 'HOME': '/home/gbonham', 'DESKTOP_SESSION': 'ubuntu', 'GTK_MODULES': 'gail:atk-bridge', 'GNOME_SHELL_SESSION_MODE': 'ubuntu', 'ROS_PYTHON_VERSION': '3', 'SYSTEMD_EXEC_PID': '29388', 'DBUS_SESSION_BUS_ADDRESS': 'unix:path=/run/user/481853705/bus', 'GSM_SKIP_SSH_AGENT_WORKAROUND': 'true', 'COLORTERM': 'truecolor', 'CONDA_CHANGEPS1': 'no', 'WAYLAND_DISPLAY': 'wayland-0', 'ROS_DISTRO': 'jazzy', 'COLCON_PREFIX_PATH': '/home/gbonham/turtlebot4_ws/install', 'LOGNAME': 'gbonham', '_': '/usr/bin/colcon', 'MEMORY_PRESSURE_WATCH': '/sys/fs/cgroup/user.slice/user-481853705.slice/user@481853705.service/session.slice/org.gnome.Shell@wayland.service/memory.pressure', 'XDG_SESSION_CLASS': 'user', 'ROS_VERSION': '2', 'USERNAME': 'gbonham', 'TERM': 'xterm-256color', 'PROMPT_EOL_MARK': '', 'ROS_SUPER_CLIENT': 'True', 'GNOME_DESKTOP_SESSION_ID': 'this-is-deprecated', 'PATH': '/opt/ros/jazzy/opt/gz_msgs_vendor/bin:/opt/ros/jazzy/opt/gz_tools_vendor/bin:/opt/ros/jazzy/opt/gz_ogre_next_vendor/bin:/opt/ros/jazzy/bin:/usr/local/sbin:/usr/local/bin:/usr/sbin:/usr/bin:/sbin:/bin:/usr/games:/usr/local/games:/snap/bin:/snap/bin', 'SESSION_MANAGER': 'local/csci20121:@/tmp/.ICE-unix/29356,unix/csci20121:/tmp/.ICE-unix/29356', 'GNOME_TERMINAL_SCREEN': '/org/gnome/Terminal/screen/1a920a0f_e173_45d5_84d1_08745e1c9bf0', 'XDG_MENU_PREFIX': 'gnome-', 'GNOME_SETUP_DISPLAY': ':1', 'XDG_RUNTIME_DIR': '/run/user/481853705', 'DISPLAY': ':0', 'XDG_CURRENT_DESKTOP': 'ubuntu:GNOME', 'LANG': 'en_US.UTF-8', 'RMW_IMPLEMENTATION': 'rmw_fastrtps_cpp', 'XDG_SESSION_DESKTOP': 'ubuntu', 'GNOME_TERMINAL_SERVICE': ':1.119', 'XMODIFIERS': '@im=ibus', 'XAUTHORITY': '/run/user/481853705/.mutter-Xwaylandauth.8MOAO3', 'SSH_AUTH_SOCK': '/run/user/481853705/keyring/ssh', 'AMENT_PREFIX_PATH': '/home/gbonham/turtlebot4_ws/install/lab_bringup:/home/gbonham/turtlebot4_ws/install/lab5_pkg:/home/gbonham/turtlebot4_ws/install/lab3_pkg:/home/gbonham/turtlebot4_ws/install/lab2_pkg:/home/gbonham/turtlebot4_ws/install/lab1_pkg:/home/gbonham/turtlebot4_ws/install/final:/home/gbonham/turtlebot4_ws/install/custom_interfaces:/opt/ros/jazzy', 'ROS_DOMAIN_ID': '0', 'KRB5CCNAME': 'FILE:/tmp/krb5cc_481853705_B2nlBa', 'SHELL': '/bin/zsh', 'ROS_DISCOVERY_SERVER': '10.5.113.101:11811', 'QT_ACCESSIBILITY': '1', 'GDMSESSION': 'ubuntu', 'QT_IM_MODULE': 'ibus', 'ROS_AUTOMATIC_DISCOVERY_RANGE': 'SUBNET', 'PWD': '/home/gbonham/turtlebot4_ws/build/custom_interfaces', 'XDG_DATA_DIRS': '/usr/local/share/:/usr/share/:/var/lib/snapd/desktop', 'VIRTUAL_ENV_DISABLE_PROMPT': '12', 'PYTHONPATH': '/home/gbonham/turtlebot4_ws/install/lab5_pkg/lib/python3.12/site-packages:/home/gbonham/turtlebot4_ws/install/lab3_pkg/lib/python3.12/site-packages:/home/gbonham/turtlebot4_ws/install/lab2_pkg/lib/python3.12/site-packages:/home/gbonham/turtlebot4_ws/install/lab1_pkg/lib/python3.12/site-packages:/home/gbonham/turtlebot4_ws/install/final/lib/python3.12/site-packages:/home/gbonham/turtlebot4_ws/install/custom_interfaces/lib/python3.12/site-packages:/opt/ros/jazzy/lib/python3.12/site-packages', 'COLCON': '1', 'VTE_VERSION': '7600', 'MEMORY_PRESSURE_WRITE': 'c29tZSAyMDAwMDAgMjAwMDAwMAA=', 'CMAKE_PREFIX_PATH': '/home/gbonham/turtlebot4_ws/install/lab_bringup:/home/gbonham/turtlebot4_ws/install/custom_interfaces:/opt/ros/jazzy/opt/gz_sim_vendor:/opt/ros/jazzy/opt/gz_sensors_vendor:/opt/ros/jazzy/opt/gz_physics_vendor:/opt/ros/jazzy/opt/sdformat_vendor:/opt/ros/jazzy/opt/gz_gui_vendor:/opt/ros/jazzy/opt/gz_transport_vendor:/opt/ros/jazzy/opt/gz_rendering_vendor:/opt/ros/jazzy/opt/gz_plugin_vendor:/opt/ros/jazzy/opt/gz_fuel_tools_vendor:/opt/ros/jazzy/opt/gz_msgs_vendor:/opt/ros/jazzy/opt/gz_common_vendor:/opt/ros/jazzy/opt/gz_math_vendor:/opt/ros/jazzy/opt/gz_utils_vendor:/opt/ros/jazzy/opt/gz_tools_vendor:/opt/ros/jazzy/opt/gz_ogre_next_vendor:/opt/ros/jazzy/opt/gz_dartsim_vendor:/opt/ros/jazzy/opt/gz_cmake_vendor:/home/gbonham/turtlebot4_ws/install/lab5_pkg:/home/gbonham/turtlebot4_ws/install/lab3_pkg:/home/gbonham/turtlebot4_ws/install/lab2_pkg:/home/gbonham/turtlebot4_ws/install/lab1_pkg:/home/gbonham/turtlebot4_ws/install/final:/opt/ros/jazzy'}), 'shell': False}
[0.600820] (-) TimerEvent: {}
[0.701062] (-) TimerEvent: {}
[0.729214] (custom_interfaces) StdoutLine: {'line': b'-- Install configuration: ""\n'}
[0.739819] (custom_interfaces) StdoutLine: {'line': b'-- Up-to-date: /home/gbonham/turtlebot4_ws/install/custom_interfaces/share/ament_index/resource_index/rosidl_interfaces/custom_interfaces\n'}
[0.739965] (custom_interfaces) StdoutLine: {'line': b'-- Up-to-date: /home/gbonham/turtlebot4_ws/install/custom_interfaces/share/custom_interfaces/msg/ObsList.json\n'}
[0.740476] (custom_interfaces) StdoutLine: {'line': b'-- Up-to-date: /home/gbonham/turtlebot4_ws/install/custom_interfaces/share/custom_interfaces/srv/SetCap.json\n'}
[0.740640] (custom_interfaces) StdoutLine: {'line': b'-- Up-to-date: /home/gbonham/turtlebot4_ws/install/custom_interfaces/share/custom_interfaces/action/RobotGoal.json\n'}
[0.740718] (custom_interfaces) StdoutLine: {'line': b'-- Up-to-date: /home/gbonham/turtlebot4_ws/install/custom_interfaces/include/custom_interfaces/custom_interfaces\n'}
[0.740788] (custom_interfaces) StdoutLine: {'line': b'-- Up-to-date: /home/gbonham/turtlebot4_ws/install/custom_interfaces/include/custom_interfaces/custom_interfaces/action\n'}
[0.740854] (custom_interfaces) StdoutLine: {'line': b'-- Up-to-date: /home/gbonham/turtlebot4_ws/install/custom_interfaces/include/custom_interfaces/custom_interfaces/action/detail\n'}
[0.740920] (custom_interfaces) StdoutLine: {'line': b'-- Up-to-date: /home/gbonham/turtlebot4_ws/install/custom_interfaces/include/custom_interfaces/custom_interfaces/action/detail/robot_goal__struct.h\n'}
[0.741202] (custom_interfaces) StdoutLine: {'line': b'-- Up-to-date: /home/gbonham/turtlebot4_ws/install/custom_interfaces/include/custom_interfaces/custom_interfaces/action/detail/robot_goal__type_support.c\n'}
[0.741438] (custom_interfaces) StdoutLine: {'line': b'-- Up-to-date: /home/gbonham/turtlebot4_ws/install/custom_interfaces/include/custom_interfaces/custom_interfaces/action/detail/robot_goal__functions.h\n'}
[0.741663] (custom_interfaces) StdoutLine: {'line': b'-- Up-to-date: /home/gbonham/turtlebot4_ws/install/custom_interfaces/include/custom_interfaces/custom_interfaces/action/detail/robot_goal__functions.c\n'}
[0.741733] (custom_interfaces) StdoutLine: {'line': b'-- Up-to-date: /home/gbonham/turtlebot4_ws/install/custom_interfaces/include/custom_interfaces/custom_interfaces/action/detail/robot_goal__description.c\n'}
[0.741801] (custom_interfaces) StdoutLine: {'line': b'-- Up-to-date: /home/gbonham/turtlebot4_ws/install/custom_interfaces/include/custom_interfaces/custom_interfaces/action/detail/robot_goal__type_support.h\n'}
[0.741872] (custom_interfaces) StdoutLine: {'line': b'-- Up-to-date: /home/gbonham/turtlebot4_ws/install/custom_interfaces/include/custom_interfaces/custom_interfaces/action/robot_goal.h\n'}
[0.741943] (custom_interfaces) StdoutLine: {'line': b'-- Up-to-date: /home/gbonham/turtlebot4_ws/install/custom_interfaces/include/custom_interfaces/custom_interfaces/msg\n'}
[0.742018] (custom_interfaces) StdoutLine: {'line': b'-- Up-to-date: /home/gbonham/turtlebot4_ws/install/custom_interfaces/include/custom_interfaces/custom_interfaces/msg/detail\n'}
[0.742084] (custom_interfaces) StdoutLine: {'line': b'-- Up-to-date: /home/gbonham/turtlebot4_ws/install/custom_interfaces/include/custom_interfaces/custom_interfaces/msg/detail/obs_list__functions.c\n'}
[0.742155] (custom_interfaces) StdoutLine: {'line': b'-- Up-to-date: /home/gbonham/turtlebot4_ws/install/custom_interfaces/include/custom_interfaces/custom_interfaces/msg/detail/obs_list__struct.h\n'}
[0.742222] (custom_interfaces) StdoutLine: {'line': b'-- Up-to-date: /home/gbonham/turtlebot4_ws/install/custom_interfaces/include/custom_interfaces/custom_interfaces/msg/detail/obs_list__description.c\n'}
[0.742293] (custom_interfaces) StdoutLine: {'line': b'-- Up-to-date: /home/gbonham/turtlebot4_ws/install/custom_interfaces/include/custom_interfaces/custom_interfaces/msg/detail/obs_list__type_support.h\n'}
[0.742369] (custom_interfaces) StdoutLine: {'line': b'-- Up-to-date: /home/gbonham/turtlebot4_ws/install/custom_interfaces/include/custom_interfaces/custom_interfaces/msg/detail/obs_list__type_support.c\n'}
[0.742441] (custom_interfaces) StdoutLine: {'line': b'-- Up-to-date: /home/gbonham/turtlebot4_ws/install/custom_interfaces/include/custom_interfaces/custom_interfaces/msg/detail/obs_list__functions.h\n'}
[0.742525] (custom_interfaces) StdoutLine: {'line': b'-- Up-to-date: /home/gbonham/turtlebot4_ws/install/custom_interfaces/include/custom_interfaces/custom_interfaces/msg/obs_list.h\n'}
[0.742592] (custom_interfaces) StdoutLine: {'line': b'-- Up-to-date: /home/gbonham/turtlebot4_ws/install/custom_interfaces/include/custom_interfaces/custom_interfaces/msg/rosidl_generator_c__visibility_control.h\n'}
[0.742658] (custom_interfaces) StdoutLine: {'line': b'-- Up-to-date: /home/gbonham/turtlebot4_ws/install/custom_interfaces/include/custom_interfaces/custom_interfaces/srv\n'}
[0.742728] (custom_interfaces) StdoutLine: {'line': b'-- Up-to-date: /home/gbonham/turtlebot4_ws/install/custom_interfaces/include/custom_interfaces/custom_interfaces/srv/detail\n'}
[0.742799] (custom_interfaces) StdoutLine: {'line': b'-- Up-to-date: /home/gbonham/turtlebot4_ws/install/custom_interfaces/include/custom_interfaces/custom_interfaces/srv/detail/set_cap__functions.c\n'}
[0.742865] (custom_interfaces) StdoutLine: {'line': b'-- Up-to-date: /home/gbonham/turtlebot4_ws/install/custom_interfaces/include/custom_interfaces/custom_interfaces/srv/detail/set_cap__description.c\n'}
[0.742933] (custom_interfaces) StdoutLine: {'line': b'-- Up-to-date: /home/gbonham/turtlebot4_ws/install/custom_interfaces/include/custom_interfaces/custom_interfaces/srv/detail/set_cap__type_support.h\n'}
[0.743000] (custom_interfaces) StdoutLine: {'line': b'-- Up-to-date: /home/gbonham/turtlebot4_ws/install/custom_interfaces/include/custom_interfaces/custom_interfaces/srv/detail/set_cap__struct.h\n'}
[0.743072] (custom_interfaces) StdoutLine: {'line': b'-- Up-to-date: /home/gbonham/turtlebot4_ws/install/custom_interfaces/include/custom_interfaces/custom_interfaces/srv/detail/set_cap__functions.h\n'}
[0.743138] (custom_interfaces) StdoutLine: {'line': b'-- Up-to-date: /home/gbonham/turtlebot4_ws/install/custom_interfaces/include/custom_interfaces/custom_interfaces/srv/detail/set_cap__type_support.c\n'}
[0.743210] (custom_interfaces) StdoutLine: {'line': b'-- Up-to-date: /home/gbonham/turtlebot4_ws/install/custom_interfaces/include/custom_interfaces/custom_interfaces/srv/set_cap.h\n'}
[0.743277] (custom_interfaces) StdoutLine: {'line': b'-- Up-to-date: /home/gbonham/turtlebot4_ws/install/custom_interfaces/share/custom_interfaces/environment/library_path.sh\n'}
[0.743347] (custom_interfaces) StdoutLine: {'line': b'-- Up-to-date: /home/gbonham/turtlebot4_ws/install/custom_interfaces/share/custom_interfaces/environment/library_path.dsv\n'}
[0.743412] (custom_interfaces) StdoutLine: {'line': b'-- Up-to-date: /home/gbonham/turtlebot4_ws/install/custom_interfaces/lib/libcustom_interfaces__rosidl_generator_c.so\n'}
[0.743565] (custom_interfaces) StdoutLine: {'line': b'-- Up-to-date: /home/gbonham/turtlebot4_ws/install/custom_interfaces/include/custom_interfaces/custom_interfaces\n'}
[0.743651] (custom_interfaces) StdoutLine: {'line': b'-- Up-to-date: /home/gbonham/turtlebot4_ws/install/custom_interfaces/include/custom_interfaces/custom_interfaces/action\n'}
[0.743866] (custom_interfaces) StdoutLine: {'line': b'-- Up-to-date: /home/gbonham/turtlebot4_ws/install/custom_interfaces/include/custom_interfaces/custom_interfaces/action/detail\n'}
[0.743978] (custom_interfaces) StdoutLine: {'line': b'-- Up-to-date: /home/gbonham/turtlebot4_ws/install/custom_interfaces/include/custom_interfaces/custom_interfaces/action/detail/robot_goal__rosidl_typesupport_fastrtps_c.h\n'}
[0.744202] (custom_interfaces) StdoutLine: {'line': b'-- Up-to-date: /home/gbonham/turtlebot4_ws/install/custom_interfaces/include/custom_interfaces/custom_interfaces/msg\n'}
[0.744287] (custom_interfaces) StdoutLine: {'line': b'-- Up-to-date: /home/gbonham/turtlebot4_ws/install/custom_interfaces/include/custom_interfaces/custom_interfaces/msg/detail\n'}
[0.744389] (custom_interfaces) StdoutLine: {'line': b'-- Up-to-date: /home/gbonham/turtlebot4_ws/install/custom_interfaces/include/custom_interfaces/custom_interfaces/msg/detail/obs_list__rosidl_typesupport_fastrtps_c.h\n'}
[0.744664] (custom_interfaces) StdoutLine: {'line': b'-- Up-to-date: /home/gbonham/turtlebot4_ws/install/custom_interfaces/include/custom_interfaces/custom_interfaces/msg/rosidl_typesupport_fastrtps_c__visibility_control.h\n'}
[0.744936] (custom_interfaces) StdoutLine: {'line': b'-- Up-to-date: /home/gbonham/turtlebot4_ws/install/custom_interfaces/include/custom_interfaces/custom_interfaces/srv\n'}
[0.745008] (custom_interfaces) StdoutLine: {'line': b'-- Up-to-date: /home/gbonham/turtlebot4_ws/install/custom_interfaces/include/custom_interfaces/custom_interfaces/srv/detail\n'}
[0.745088] (custom_interfaces) StdoutLine: {'line': b'-- Up-to-date: /home/gbonham/turtlebot4_ws/install/custom_interfaces/include/custom_interfaces/custom_interfaces/srv/detail/set_cap__rosidl_typesupport_fastrtps_c.h\n'}
[0.745163] (custom_interfaces) StdoutLine: {'line': b'-- Up-to-date: /home/gbonham/turtlebot4_ws/install/custom_interfaces/lib/libcustom_interfaces__rosidl_typesupport_fastrtps_c.so\n'}
[0.745529] (custom_interfaces) StdoutLine: {'line': b'-- Up-to-date: /home/gbonham/turtlebot4_ws/install/custom_interfaces/include/custom_interfaces/custom_interfaces\n'}
[0.745656] (custom_interfaces) StdoutLine: {'line': b'-- Up-to-date: /home/gbonham/turtlebot4_ws/install/custom_interfaces/include/custom_interfaces/custom_interfaces/action\n'}
[0.746012] (custom_interfaces) StdoutLine: {'line': b'-- Up-to-date: /home/gbonham/turtlebot4_ws/install/custom_interfaces/include/custom_interfaces/custom_interfaces/action/detail\n'}
[0.746127] (custom_interfaces) StdoutLine: {'line': b'-- Up-to-date: /home/gbonham/turtlebot4_ws/install/custom_interfaces/include/custom_interfaces/custom_interfaces/action/detail/robot_goal__type_support.c\n'}
[0.746211] (custom_interfaces) StdoutLine: {'line': b'-- Up-to-date: /home/gbonham/turtlebot4_ws/install/custom_interfaces/include/custom_interfaces/custom_interfaces/action/detail/robot_goal__rosidl_typesupport_introspection_c.h\n'}
[0.746610] (custom_interfaces) StdoutLine: {'line': b'-- Up-to-date: /home/gbonham/turtlebot4_ws/install/custom_interfaces/include/custom_interfaces/custom_interfaces/msg\n'}
[0.746865] (custom_interfaces) StdoutLine: {'line': b'-- Up-to-date: /home/gbonham/turtlebot4_ws/install/custom_interfaces/include/custom_interfaces/custom_interfaces/msg/rosidl_typesupport_introspection_c__visibility_control.h\n'}
[0.746981] (custom_interfaces) StdoutLine: {'line': b'-- Up-to-date: /home/gbonham/turtlebot4_ws/install/custom_interfaces/include/custom_interfaces/custom_interfaces/msg/detail\n'}
[0.747092] (custom_interfaces) StdoutLine: {'line': b'-- Up-to-date: /home/gbonham/turtlebot4_ws/install/custom_interfaces/include/custom_interfaces/custom_interfaces/msg/detail/obs_list__type_support.c\n'}
[0.747596] (custom_interfaces) StdoutLine: {'line': b'-- Up-to-date: /home/gbonham/turtlebot4_ws/install/custom_interfaces/include/custom_interfaces/custom_interfaces/msg/detail/obs_list__rosidl_typesupport_introspection_c.h\n'}
[0.747685] (custom_interfaces) StdoutLine: {'line': b'-- Up-to-date: /home/gbonham/turtlebot4_ws/install/custom_interfaces/include/custom_interfaces/custom_interfaces/srv\n'}
[0.747773] (custom_interfaces) StdoutLine: {'line': b'-- Up-to-date: /home/gbonham/turtlebot4_ws/install/custom_interfaces/include/custom_interfaces/custom_interfaces/srv/detail\n'}
[0.747875] (custom_interfaces) StdoutLine: {'line': b'-- Up-to-date: /home/gbonham/turtlebot4_ws/install/custom_interfaces/include/custom_interfaces/custom_interfaces/srv/detail/set_cap__rosidl_typesupport_introspection_c.h\n'}
[0.747945] (custom_interfaces) StdoutLine: {'line': b'-- Up-to-date: /home/gbonham/turtlebot4_ws/install/custom_interfaces/include/custom_interfaces/custom_interfaces/srv/detail/set_cap__type_support.c\n'}
[0.748019] (custom_interfaces) StdoutLine: {'line': b'-- Up-to-date: /home/gbonham/turtlebot4_ws/install/custom_interfaces/lib/libcustom_interfaces__rosidl_typesupport_introspection_c.so\n'}
[0.748087] (custom_interfaces) StdoutLine: {'line': b'-- Up-to-date: /home/gbonham/turtlebot4_ws/install/custom_interfaces/lib/libcustom_interfaces__rosidl_typesupport_c.so\n'}
[0.748187] (custom_interfaces) StdoutLine: {'line': b'-- Up-to-date: /home/gbonham/turtlebot4_ws/install/custom_interfaces/include/custom_interfaces/custom_interfaces\n'}
[0.748289] (custom_interfaces) StdoutLine: {'line': b'-- Up-to-date: /home/gbonham/turtlebot4_ws/install/custom_interfaces/include/custom_interfaces/custom_interfaces/action\n'}
[0.748397] (custom_interfaces) StdoutLine: {'line': b'-- Up-to-date: /home/gbonham/turtlebot4_ws/install/custom_interfaces/include/custom_interfaces/custom_interfaces/action/detail\n'}
[0.748511] (custom_interfaces) StdoutLine: {'line': b'-- Up-to-date: /home/gbonham/turtlebot4_ws/install/custom_interfaces/include/custom_interfaces/custom_interfaces/action/detail/robot_goal__builder.hpp\n'}
[0.748583] (custom_interfaces) StdoutLine: {'line': b'-- Up-to-date: /home/gbonham/turtlebot4_ws/install/custom_interfaces/include/custom_interfaces/custom_interfaces/action/detail/robot_goal__traits.hpp\n'}
[0.748664] (custom_interfaces) StdoutLine: {'line': b'-- Up-to-date: /home/gbonham/turtlebot4_ws/install/custom_interfaces/include/custom_interfaces/custom_interfaces/action/detail/robot_goal__struct.hpp\n'}
[0.748771] (custom_interfaces) StdoutLine: {'line': b'-- Up-to-date: /home/gbonham/turtlebot4_ws/install/custom_interfaces/include/custom_interfaces/custom_interfaces/action/detail/robot_goal__type_support.hpp\n'}
[0.748868] (custom_interfaces) StdoutLine: {'line': b'-- Up-to-date: /home/gbonham/turtlebot4_ws/install/custom_interfaces/include/custom_interfaces/custom_interfaces/action/robot_goal.hpp\n'}
[0.748974] (custom_interfaces) StdoutLine: {'line': b'-- Up-to-date: /home/gbonham/turtlebot4_ws/install/custom_interfaces/include/custom_interfaces/custom_interfaces/msg\n'}
[0.749083] (custom_interfaces) StdoutLine: {'line': b'-- Up-to-date: /home/gbonham/turtlebot4_ws/install/custom_interfaces/include/custom_interfaces/custom_interfaces/msg/rosidl_generator_cpp__visibility_control.hpp\n'}
[0.749190] (custom_interfaces) StdoutLine: {'line': b'-- Up-to-date: /home/gbonham/turtlebot4_ws/install/custom_interfaces/include/custom_interfaces/custom_interfaces/msg/detail\n'}
[0.749287] (custom_interfaces) StdoutLine: {'line': b'-- Up-to-date: /home/gbonham/turtlebot4_ws/install/custom_interfaces/include/custom_interfaces/custom_interfaces/msg/detail/obs_list__type_support.hpp\n'}
[0.749389] (custom_interfaces) StdoutLine: {'line': b'-- Up-to-date: /home/gbonham/turtlebot4_ws/install/custom_interfaces/include/custom_interfaces/custom_interfaces/msg/detail/obs_list__traits.hpp\n'}
[0.749512] (custom_interfaces) StdoutLine: {'line': b'-- Up-to-date: /home/gbonham/turtlebot4_ws/install/custom_interfaces/include/custom_interfaces/custom_interfaces/msg/detail/obs_list__struct.hpp\n'}
[0.749614] (custom_interfaces) StdoutLine: {'line': b'-- Up-to-date: /home/gbonham/turtlebot4_ws/install/custom_interfaces/include/custom_interfaces/custom_interfaces/msg/detail/obs_list__builder.hpp\n'}
[0.749728] (custom_interfaces) StdoutLine: {'line': b'-- Up-to-date: /home/gbonham/turtlebot4_ws/install/custom_interfaces/include/custom_interfaces/custom_interfaces/msg/obs_list.hpp\n'}
[0.749836] (custom_interfaces) StdoutLine: {'line': b'-- Up-to-date: /home/gbonham/turtlebot4_ws/install/custom_interfaces/include/custom_interfaces/custom_interfaces/srv\n'}
[0.749946] (custom_interfaces) StdoutLine: {'line': b'-- Up-to-date: /home/gbonham/turtlebot4_ws/install/custom_interfaces/include/custom_interfaces/custom_interfaces/srv/detail\n'}
[0.750052] (custom_interfaces) StdoutLine: {'line': b'-- Up-to-date: /home/gbonham/turtlebot4_ws/install/custom_interfaces/include/custom_interfaces/custom_interfaces/srv/detail/set_cap__type_support.hpp\n'}
[0.750150] (custom_interfaces) StdoutLine: {'line': b'-- Up-to-date: /home/gbonham/turtlebot4_ws/install/custom_interfaces/include/custom_interfaces/custom_interfaces/srv/detail/set_cap__builder.hpp\n'}
[0.750249] (custom_interfaces) StdoutLine: {'line': b'-- Up-to-date: /home/gbonham/turtlebot4_ws/install/custom_interfaces/include/custom_interfaces/custom_interfaces/srv/detail/set_cap__traits.hpp\n'}
[0.750372] (custom_interfaces) StdoutLine: {'line': b'-- Up-to-date: /home/gbonham/turtlebot4_ws/install/custom_interfaces/include/custom_interfaces/custom_interfaces/srv/detail/set_cap__struct.hpp\n'}
[0.750488] (custom_interfaces) StdoutLine: {'line': b'-- Up-to-date: /home/gbonham/turtlebot4_ws/install/custom_interfaces/include/custom_interfaces/custom_interfaces/srv/set_cap.hpp\n'}
[0.750597] (custom_interfaces) StdoutLine: {'line': b'-- Up-to-date: /home/gbonham/turtlebot4_ws/install/custom_interfaces/include/custom_interfaces/custom_interfaces\n'}
[0.750699] (custom_interfaces) StdoutLine: {'line': b'-- Up-to-date: /home/gbonham/turtlebot4_ws/install/custom_interfaces/include/custom_interfaces/custom_interfaces/action\n'}
[0.750814] (custom_interfaces) StdoutLine: {'line': b'-- Up-to-date: /home/gbonham/turtlebot4_ws/install/custom_interfaces/include/custom_interfaces/custom_interfaces/action/detail\n'}
[0.750931] (custom_interfaces) StdoutLine: {'line': b'-- Up-to-date: /home/gbonham/turtlebot4_ws/install/custom_interfaces/include/custom_interfaces/custom_interfaces/action/detail/robot_goal__rosidl_typesupport_fastrtps_cpp.hpp\n'}
[0.751016] (custom_interfaces) StdoutLine: {'line': b'-- Up-to-date: /home/gbonham/turtlebot4_ws/install/custom_interfaces/include/custom_interfaces/custom_interfaces/action/detail/dds_fastrtps\n'}
[0.751138] (custom_interfaces) StdoutLine: {'line': b'-- Up-to-date: /home/gbonham/turtlebot4_ws/install/custom_interfaces/include/custom_interfaces/custom_interfaces/msg\n'}
[0.751250] (custom_interfaces) StdoutLine: {'line': b'-- Up-to-date: /home/gbonham/turtlebot4_ws/install/custom_interfaces/include/custom_interfaces/custom_interfaces/msg/rosidl_typesupport_fastrtps_cpp__visibility_control.h\n'}
[0.751363] (custom_interfaces) StdoutLine: {'line': b'-- Up-to-date: /home/gbonham/turtlebot4_ws/install/custom_interfaces/include/custom_interfaces/custom_interfaces/msg/detail\n'}
[0.751490] (custom_interfaces) StdoutLine: {'line': b'-- Up-to-date: /home/gbonham/turtlebot4_ws/install/custom_interfaces/include/custom_interfaces/custom_interfaces/msg/detail/dds_fastrtps\n'}
[0.751610] (custom_interfaces) StdoutLine: {'line': b'-- Up-to-date: /home/gbonham/turtlebot4_ws/install/custom_interfaces/include/custom_interfaces/custom_interfaces/msg/detail/obs_list__rosidl_typesupport_fastrtps_cpp.hpp\n'}
[0.751717] (custom_interfaces) StdoutLine: {'line': b'-- Up-to-date: /home/gbonham/turtlebot4_ws/install/custom_interfaces/include/custom_interfaces/custom_interfaces/srv\n'}
[0.751824] (custom_interfaces) StdoutLine: {'line': b'-- Up-to-date: /home/gbonham/turtlebot4_ws/install/custom_interfaces/include/custom_interfaces/custom_interfaces/srv/detail\n'}
[0.751920] (custom_interfaces) StdoutLine: {'line': b'-- Up-to-date: /home/gbonham/turtlebot4_ws/install/custom_interfaces/include/custom_interfaces/custom_interfaces/srv/detail/set_cap__rosidl_typesupport_fastrtps_cpp.hpp\n'}
[0.752023] (custom_interfaces) StdoutLine: {'line': b'-- Up-to-date: /home/gbonham/turtlebot4_ws/install/custom_interfaces/include/custom_interfaces/custom_interfaces/srv/detail/dds_fastrtps\n'}
[0.752136] (custom_interfaces) StdoutLine: {'line': b'-- Up-to-date: /home/gbonham/turtlebot4_ws/install/custom_interfaces/lib/libcustom_interfaces__rosidl_typesupport_fastrtps_cpp.so\n'}
[0.752237] (custom_interfaces) StdoutLine: {'line': b'-- Up-to-date: /home/gbonham/turtlebot4_ws/install/custom_interfaces/include/custom_interfaces/custom_interfaces\n'}
[0.752341] (custom_interfaces) StdoutLine: {'line': b'-- Up-to-date: /home/gbonham/turtlebot4_ws/install/custom_interfaces/include/custom_interfaces/custom_interfaces/action\n'}
[0.752447] (custom_interfaces) StdoutLine: {'line': b'-- Up-to-date: /home/gbonham/turtlebot4_ws/install/custom_interfaces/include/custom_interfaces/custom_interfaces/action/detail\n'}
[0.752564] (custom_interfaces) StdoutLine: {'line': b'-- Up-to-date: /home/gbonham/turtlebot4_ws/install/custom_interfaces/include/custom_interfaces/custom_interfaces/action/detail/robot_goal__rosidl_typesupport_introspection_cpp.hpp\n'}
[0.752682] (custom_interfaces) StdoutLine: {'line': b'-- Up-to-date: /home/gbonham/turtlebot4_ws/install/custom_interfaces/include/custom_interfaces/custom_interfaces/action/detail/robot_goal__type_support.cpp\n'}
[0.752781] (custom_interfaces) StdoutLine: {'line': b'-- Up-to-date: /home/gbonham/turtlebot4_ws/install/custom_interfaces/include/custom_interfaces/custom_interfaces/msg\n'}
[0.752883] (custom_interfaces) StdoutLine: {'line': b'-- Up-to-date: /home/gbonham/turtlebot4_ws/install/custom_interfaces/include/custom_interfaces/custom_interfaces/msg/detail\n'}
[0.753006] (custom_interfaces) StdoutLine: {'line': b'-- Up-to-date: /home/gbonham/turtlebot4_ws/install/custom_interfaces/include/custom_interfaces/custom_interfaces/msg/detail/obs_list__type_support.cpp\n'}
[0.753119] (custom_interfaces) StdoutLine: {'line': b'-- Up-to-date: /home/gbonham/turtlebot4_ws/install/custom_interfaces/include/custom_interfaces/custom_interfaces/msg/detail/obs_list__rosidl_typesupport_introspection_cpp.hpp\n'}
[0.753221] (custom_interfaces) StdoutLine: {'line': b'-- Up-to-date: /home/gbonham/turtlebot4_ws/install/custom_interfaces/include/custom_interfaces/custom_interfaces/srv\n'}
[0.753326] (custom_interfaces) StdoutLine: {'line': b'-- Up-to-date: /home/gbonham/turtlebot4_ws/install/custom_interfaces/include/custom_interfaces/custom_interfaces/srv/detail\n'}
[0.753442] (custom_interfaces) StdoutLine: {'line': b'-- Up-to-date: /home/gbonham/turtlebot4_ws/install/custom_interfaces/include/custom_interfaces/custom_interfaces/srv/detail/set_cap__type_support.cpp\n'}
[0.753547] (custom_interfaces) StdoutLine: {'line': b'-- Up-to-date: /home/gbonham/turtlebot4_ws/install/custom_interfaces/include/custom_interfaces/custom_interfaces/srv/detail/set_cap__rosidl_typesupport_introspection_cpp.hpp\n'}
[0.753653] (custom_interfaces) StdoutLine: {'line': b'-- Up-to-date: /home/gbonham/turtlebot4_ws/install/custom_interfaces/lib/libcustom_interfaces__rosidl_typesupport_introspection_cpp.so\n'}
[0.753762] (custom_interfaces) StdoutLine: {'line': b'-- Up-to-date: /home/gbonham/turtlebot4_ws/install/custom_interfaces/lib/libcustom_interfaces__rosidl_typesupport_cpp.so\n'}
[0.753878] (custom_interfaces) StdoutLine: {'line': b'-- Up-to-date: /home/gbonham/turtlebot4_ws/install/custom_interfaces/share/custom_interfaces/environment/pythonpath.sh\n'}
[0.753978] (custom_interfaces) StdoutLine: {'line': b'-- Up-to-date: /home/gbonham/turtlebot4_ws/install/custom_interfaces/share/custom_interfaces/environment/pythonpath.dsv\n'}
[0.754083] (custom_interfaces) StdoutLine: {'line': b'-- Up-to-date: /home/gbonham/turtlebot4_ws/install/custom_interfaces/lib/python3.12/site-packages/custom_interfaces-0.0.0-py3.12.egg-info\n'}
[0.754193] (custom_interfaces) StdoutLine: {'line': b'-- Installing: /home/gbonham/turtlebot4_ws/install/custom_interfaces/lib/python3.12/site-packages/custom_interfaces-0.0.0-py3.12.egg-info/SOURCES.txt\n'}
[0.754303] (custom_interfaces) StdoutLine: {'line': b'-- Installing: /home/gbonham/turtlebot4_ws/install/custom_interfaces/lib/python3.12/site-packages/custom_interfaces-0.0.0-py3.12.egg-info/dependency_links.txt\n'}
[0.754401] (custom_interfaces) StdoutLine: {'line': b'-- Installing: /home/gbonham/turtlebot4_ws/install/custom_interfaces/lib/python3.12/site-packages/custom_interfaces-0.0.0-py3.12.egg-info/top_level.txt\n'}
[0.754512] (custom_interfaces) StdoutLine: {'line': b'-- Installing: /home/gbonham/turtlebot4_ws/install/custom_interfaces/lib/python3.12/site-packages/custom_interfaces-0.0.0-py3.12.egg-info/PKG-INFO\n'}
[0.754626] (custom_interfaces) StdoutLine: {'line': b'-- Up-to-date: /home/gbonham/turtlebot4_ws/install/custom_interfaces/lib/python3.12/site-packages/custom_interfaces\n'}
[0.754737] (custom_interfaces) StdoutLine: {'line': b'-- Up-to-date: /home/gbonham/turtlebot4_ws/install/custom_interfaces/lib/python3.12/site-packages/custom_interfaces/_custom_interfaces_s.ep.rosidl_typesupport_introspection_c.c\n'}
[0.754844] (custom_interfaces) StdoutLine: {'line': b'-- Up-to-date: /home/gbonham/turtlebot4_ws/install/custom_interfaces/lib/python3.12/site-packages/custom_interfaces/custom_interfaces_s__rosidl_typesupport_c.so\n'}
[0.754950] (custom_interfaces) StdoutLine: {'line': b'-- Up-to-date: /home/gbonham/turtlebot4_ws/install/custom_interfaces/lib/python3.12/site-packages/custom_interfaces/action\n'}
[0.755061] (custom_interfaces) StdoutLine: {'line': b'-- Up-to-date: /home/gbonham/turtlebot4_ws/install/custom_interfaces/lib/python3.12/site-packages/custom_interfaces/action/_robot_goal_s.c\n'}
[0.755173] (custom_interfaces) StdoutLine: {'line': b'-- Up-to-date: /home/gbonham/turtlebot4_ws/install/custom_interfaces/lib/python3.12/site-packages/custom_interfaces/action/__init__.py\n'}
[0.755284] (custom_interfaces) StdoutLine: {'line': b'-- Up-to-date: /home/gbonham/turtlebot4_ws/install/custom_interfaces/lib/python3.12/site-packages/custom_interfaces/action/_robot_goal.py\n'}
[0.755383] (custom_interfaces) StdoutLine: {'line': b'-- Up-to-date: /home/gbonham/turtlebot4_ws/install/custom_interfaces/lib/python3.12/site-packages/custom_interfaces/custom_interfaces_s__rosidl_typesupport_introspection_c.so\n'}
[0.755505] (custom_interfaces) StdoutLine: {'line': b'-- Up-to-date: /home/gbonham/turtlebot4_ws/install/custom_interfaces/lib/python3.12/site-packages/custom_interfaces/_custom_interfaces_s.ep.rosidl_typesupport_fastrtps_c.c\n'}
[0.755625] (custom_interfaces) StdoutLine: {'line': b'-- Up-to-date: /home/gbonham/turtlebot4_ws/install/custom_interfaces/lib/python3.12/site-packages/custom_interfaces/custom_interfaces_s__rosidl_typesupport_fastrtps_c.so\n'}
[0.755712] (custom_interfaces) StdoutLine: {'line': b'-- Up-to-date: /home/gbonham/turtlebot4_ws/install/custom_interfaces/lib/python3.12/site-packages/custom_interfaces/msg\n'}
[0.755789] (custom_interfaces) StdoutLine: {'line': b'-- Up-to-date: /home/gbonham/turtlebot4_ws/install/custom_interfaces/lib/python3.12/site-packages/custom_interfaces/msg/_obs_list_s.c\n'}
[0.755856] (custom_interfaces) StdoutLine: {'line': b'-- Up-to-date: /home/gbonham/turtlebot4_ws/install/custom_interfaces/lib/python3.12/site-packages/custom_interfaces/msg/_obs_list.py\n'}
[0.755923] (custom_interfaces) StdoutLine: {'line': b'-- Up-to-date: /home/gbonham/turtlebot4_ws/install/custom_interfaces/lib/python3.12/site-packages/custom_interfaces/msg/__init__.py\n'}
[0.756000] (custom_interfaces) StdoutLine: {'line': b'-- Up-to-date: /home/gbonham/turtlebot4_ws/install/custom_interfaces/lib/python3.12/site-packages/custom_interfaces/srv\n'}
[0.756068] (custom_interfaces) StdoutLine: {'line': b'-- Up-to-date: /home/gbonham/turtlebot4_ws/install/custom_interfaces/lib/python3.12/site-packages/custom_interfaces/srv/_set_cap.py\n'}
[0.756136] (custom_interfaces) StdoutLine: {'line': b'-- Up-to-date: /home/gbonham/turtlebot4_ws/install/custom_interfaces/lib/python3.12/site-packages/custom_interfaces/srv/_set_cap_s.c\n'}
[0.756203] (custom_interfaces) StdoutLine: {'line': b'-- Up-to-date: /home/gbonham/turtlebot4_ws/install/custom_interfaces/lib/python3.12/site-packages/custom_interfaces/srv/__init__.py\n'}
[0.756270] (custom_interfaces) StdoutLine: {'line': b'-- Up-to-date: /home/gbonham/turtlebot4_ws/install/custom_interfaces/lib/python3.12/site-packages/custom_interfaces/__init__.py\n'}
[0.756336] (custom_interfaces) StdoutLine: {'line': b'-- Up-to-date: /home/gbonham/turtlebot4_ws/install/custom_interfaces/lib/python3.12/site-packages/custom_interfaces/_custom_interfaces_s.ep.rosidl_typesupport_c.c\n'}
[0.774515] (custom_interfaces) StdoutLine: {'line': b"Listing '/home/gbonham/turtlebot4_ws/install/custom_interfaces/lib/python3.12/site-packages/custom_interfaces'...\n"}
[0.774696] (custom_interfaces) StdoutLine: {'line': b"Listing '/home/gbonham/turtlebot4_ws/install/custom_interfaces/lib/python3.12/site-packages/custom_interfaces/action'...\n"}
[0.774795] (custom_interfaces) StdoutLine: {'line': b"Listing '/home/gbonham/turtlebot4_ws/install/custom_interfaces/lib/python3.12/site-packages/custom_interfaces/msg'...\n"}
[0.774901] (custom_interfaces) StdoutLine: {'line': b"Listing '/home/gbonham/turtlebot4_ws/install/custom_interfaces/lib/python3.12/site-packages/custom_interfaces/srv'...\n"}
[0.780818] (custom_interfaces) StdoutLine: {'line': b'-- Up-to-date: /home/gbonham/turtlebot4_ws/install/custom_interfaces/lib/python3.12/site-packages/custom_interfaces/custom_interfaces_s__rosidl_typesupport_fastrtps_c.so\n'}
[0.781078] (custom_interfaces) StdoutLine: {'line': b'-- Up-to-date: /home/gbonham/turtlebot4_ws/install/custom_interfaces/lib/python3.12/site-packages/custom_interfaces/custom_interfaces_s__rosidl_typesupport_introspection_c.so\n'}
[0.781377] (custom_interfaces) StdoutLine: {'line': b'-- Up-to-date: /home/gbonham/turtlebot4_ws/install/custom_interfaces/lib/python3.12/site-packages/custom_interfaces/custom_interfaces_s__rosidl_typesupport_c.so\n'}
[0.781651] (custom_interfaces) StdoutLine: {'line': b'-- Up-to-date: /home/gbonham/turtlebot4_ws/install/custom_interfaces/lib/libcustom_interfaces__rosidl_generator_py.so\n'}
[0.781907] (custom_interfaces) StdoutLine: {'line': b'-- Up-to-date: /home/gbonham/turtlebot4_ws/install/custom_interfaces/share/ament_index/resource_index/rust_packages/custom_interfaces\n'}
[0.781998] (custom_interfaces) StdoutLine: {'line': b'-- Up-to-date: /home/gbonham/turtlebot4_ws/install/custom_interfaces/share/custom_interfaces/rust\n'}
[0.782098] (custom_interfaces) StdoutLine: {'line': b'-- Up-to-date: /home/gbonham/turtlebot4_ws/install/custom_interfaces/share/custom_interfaces/rust/src\n'}
[0.782230] (custom_interfaces) StdoutLine: {'line': b'-- Up-to-date: /home/gbonham/turtlebot4_ws/install/custom_interfaces/share/custom_interfaces/rust/src/srv.rs\n'}
[0.782335] (custom_interfaces) StdoutLine: {'line': b'-- Up-to-date: /home/gbonham/turtlebot4_ws/install/custom_interfaces/share/custom_interfaces/rust/src/action\n'}
[0.782439] (custom_interfaces) StdoutLine: {'line': b'-- Up-to-date: /home/gbonham/turtlebot4_ws/install/custom_interfaces/share/custom_interfaces/rust/src/action/rmw.rs\n'}
[0.782577] (custom_interfaces) StdoutLine: {'line': b'-- Up-to-date: /home/gbonham/turtlebot4_ws/install/custom_interfaces/share/custom_interfaces/rust/src/msg\n'}
[0.782716] (custom_interfaces) StdoutLine: {'line': b'-- Up-to-date: /home/gbonham/turtlebot4_ws/install/custom_interfaces/share/custom_interfaces/rust/src/msg/rmw.rs\n'}
[0.782820] (custom_interfaces) StdoutLine: {'line': b'-- Up-to-date: /home/gbonham/turtlebot4_ws/install/custom_interfaces/share/custom_interfaces/rust/src/srv\n'}
[0.782932] (custom_interfaces) StdoutLine: {'line': b'-- Up-to-date: /home/gbonham/turtlebot4_ws/install/custom_interfaces/share/custom_interfaces/rust/src/srv/rmw.rs\n'}
[0.783040] (custom_interfaces) StdoutLine: {'line': b'-- Up-to-date: /home/gbonham/turtlebot4_ws/install/custom_interfaces/share/custom_interfaces/rust/src/action.rs\n'}
[0.783172] (custom_interfaces) StdoutLine: {'line': b'-- Up-to-date: /home/gbonham/turtlebot4_ws/install/custom_interfaces/share/custom_interfaces/rust/src/msg.rs\n'}
[0.783268] (custom_interfaces) StdoutLine: {'line': b'-- Up-to-date: /home/gbonham/turtlebot4_ws/install/custom_interfaces/share/custom_interfaces/rust/src/lib.rs\n'}
[0.783355] (custom_interfaces) StdoutLine: {'line': b'-- Up-to-date: /home/gbonham/turtlebot4_ws/install/custom_interfaces/share/custom_interfaces/rust/build.rs\n'}
[0.783426] (custom_interfaces) StdoutLine: {'line': b'-- Up-to-date: /home/gbonham/turtlebot4_ws/install/custom_interfaces/share/custom_interfaces/rust/Cargo.toml\n'}
[0.783529] (custom_interfaces) StdoutLine: {'line': b'-- Up-to-date: /home/gbonham/turtlebot4_ws/install/custom_interfaces/share/custom_interfaces/msg/ObsList.idl\n'}
[0.783623] (custom_interfaces) StdoutLine: {'line': b'-- Up-to-date: /home/gbonham/turtlebot4_ws/install/custom_interfaces/share/custom_interfaces/srv/SetCap.idl\n'}
[0.783717] (custom_interfaces) StdoutLine: {'line': b'-- Up-to-date: /home/gbonham/turtlebot4_ws/install/custom_interfaces/share/custom_interfaces/action/RobotGoal.idl\n'}
[0.783798] (custom_interfaces) StdoutLine: {'line': b'-- Up-to-date: /home/gbonham/turtlebot4_ws/install/custom_interfaces/share/custom_interfaces/msg/ObsList.msg\n'}
[0.783888] (custom_interfaces) StdoutLine: {'line': b'-- Up-to-date: /home/gbonham/turtlebot4_ws/install/custom_interfaces/share/custom_interfaces/srv/SetCap.srv\n'}
[0.784003] (custom_interfaces) StdoutLine: {'line': b'-- Up-to-date: /home/gbonham/turtlebot4_ws/install/custom_interfaces/share/custom_interfaces/action/RobotGoal.action\n'}
[0.784098] (custom_interfaces) StdoutLine: {'line': b'-- Up-to-date: /home/gbonham/turtlebot4_ws/install/custom_interfaces/share/ament_index/resource_index/package_run_dependencies/custom_interfaces\n'}
[0.784197] (custom_interfaces) StdoutLine: {'line': b'-- Up-to-date: /home/gbonham/turtlebot4_ws/install/custom_interfaces/share/ament_index/resource_index/parent_prefix_path/custom_interfaces\n'}
[0.784290] (custom_interfaces) StdoutLine: {'line': b'-- Up-to-date: /home/gbonham/turtlebot4_ws/install/custom_interfaces/share/custom_interfaces/environment/ament_prefix_path.sh\n'}
[0.784402] (custom_interfaces) StdoutLine: {'line': b'-- Up-to-date: /home/gbonham/turtlebot4_ws/install/custom_interfaces/share/custom_interfaces/environment/ament_prefix_path.dsv\n'}
[0.784535] (custom_interfaces) StdoutLine: {'line': b'-- Up-to-date: /home/gbonham/turtlebot4_ws/install/custom_interfaces/share/custom_interfaces/environment/path.sh\n'}
[0.784651] (custom_interfaces) StdoutLine: {'line': b'-- Up-to-date: /home/gbonham/turtlebot4_ws/install/custom_interfaces/share/custom_interfaces/environment/path.dsv\n'}
[0.784765] (custom_interfaces) StdoutLine: {'line': b'-- Up-to-date: /home/gbonham/turtlebot4_ws/install/custom_interfaces/share/custom_interfaces/local_setup.bash\n'}
[0.784885] (custom_interfaces) StdoutLine: {'line': b'-- Up-to-date: /home/gbonham/turtlebot4_ws/install/custom_interfaces/share/custom_interfaces/local_setup.sh\n'}
[0.784987] (custom_interfaces) StdoutLine: {'line': b'-- Up-to-date: /home/gbonham/turtlebot4_ws/install/custom_interfaces/share/custom_interfaces/local_setup.zsh\n'}
[0.785079] (custom_interfaces) StdoutLine: {'line': b'-- Up-to-date: /home/gbonham/turtlebot4_ws/install/custom_interfaces/share/custom_interfaces/local_setup.dsv\n'}
[0.785191] (custom_interfaces) StdoutLine: {'line': b'-- Installing: /home/gbonham/turtlebot4_ws/install/custom_interfaces/share/custom_interfaces/package.dsv\n'}
[0.785273] (custom_interfaces) StdoutLine: {'line': b'-- Up-to-date: /home/gbonham/turtlebot4_ws/install/custom_interfaces/share/ament_index/resource_index/packages/custom_interfaces\n'}
[0.785378] (custom_interfaces) StdoutLine: {'line': b'-- Up-to-date: /home/gbonham/turtlebot4_ws/install/custom_interfaces/share/custom_interfaces/cmake/export_custom_interfaces__rosidl_generator_cExport.cmake\n'}
[0.785503] (custom_interfaces) StdoutLine: {'line': b'-- Up-to-date: /home/gbonham/turtlebot4_ws/install/custom_interfaces/share/custom_interfaces/cmake/export_custom_interfaces__rosidl_generator_cExport-noconfig.cmake\n'}
[0.785629] (custom_interfaces) StdoutLine: {'line': b'-- Up-to-date: /home/gbonham/turtlebot4_ws/install/custom_interfaces/share/custom_interfaces/cmake/export_custom_interfaces__rosidl_typesupport_fastrtps_cExport.cmake\n'}
[0.785737] (custom_interfaces) StdoutLine: {'line': b'-- Up-to-date: /home/gbonham/turtlebot4_ws/install/custom_interfaces/share/custom_interfaces/cmake/export_custom_interfaces__rosidl_typesupport_fastrtps_cExport-noconfig.cmake\n'}
[0.785836] (custom_interfaces) StdoutLine: {'line': b'-- Up-to-date: /home/gbonham/turtlebot4_ws/install/custom_interfaces/share/custom_interfaces/cmake/custom_interfaces__rosidl_typesupport_introspection_cExport.cmake\n'}
[0.785926] (custom_interfaces) StdoutLine: {'line': b'-- Up-to-date: /home/gbonham/turtlebot4_ws/install/custom_interfaces/share/custom_interfaces/cmake/custom_interfaces__rosidl_typesupport_introspection_cExport-noconfig.cmake\n'}
[0.786022] (custom_interfaces) StdoutLine: {'line': b'-- Up-to-date: /home/gbonham/turtlebot4_ws/install/custom_interfaces/share/custom_interfaces/cmake/custom_interfaces__rosidl_typesupport_cExport.cmake\n'}
[0.786137] (custom_interfaces) StdoutLine: {'line': b'-- Up-to-date: /home/gbonham/turtlebot4_ws/install/custom_interfaces/share/custom_interfaces/cmake/custom_interfaces__rosidl_typesupport_cExport-noconfig.cmake\n'}
[0.786245] (custom_interfaces) StdoutLine: {'line': b'-- Up-to-date: /home/gbonham/turtlebot4_ws/install/custom_interfaces/share/custom_interfaces/cmake/export_custom_interfaces__rosidl_generator_cppExport.cmake\n'}
[0.786352] (custom_interfaces) StdoutLine: {'line': b'-- Up-to-date: /home/gbonham/turtlebot4_ws/install/custom_interfaces/share/custom_interfaces/cmake/export_custom_interfaces__rosidl_typesupport_fastrtps_cppExport.cmake\n'}
[0.786442] (custom_interfaces) StdoutLine: {'line': b'-- Up-to-date: /home/gbonham/turtlebot4_ws/install/custom_interfaces/share/custom_interfaces/cmake/export_custom_interfaces__rosidl_typesupport_fastrtps_cppExport-noconfig.cmake\n'}
[0.786575] (custom_interfaces) StdoutLine: {'line': b'-- Up-to-date: /home/gbonham/turtlebot4_ws/install/custom_interfaces/share/custom_interfaces/cmake/custom_interfaces__rosidl_typesupport_introspection_cppExport.cmake\n'}
[0.786698] (custom_interfaces) StdoutLine: {'line': b'-- Up-to-date: /home/gbonham/turtlebot4_ws/install/custom_interfaces/share/custom_interfaces/cmake/custom_interfaces__rosidl_typesupport_introspection_cppExport-noconfig.cmake\n'}
[0.786807] (custom_interfaces) StdoutLine: {'line': b'-- Up-to-date: /home/gbonham/turtlebot4_ws/install/custom_interfaces/share/custom_interfaces/cmake/custom_interfaces__rosidl_typesupport_cppExport.cmake\n'}
[0.786901] (custom_interfaces) StdoutLine: {'line': b'-- Up-to-date: /home/gbonham/turtlebot4_ws/install/custom_interfaces/share/custom_interfaces/cmake/custom_interfaces__rosidl_typesupport_cppExport-noconfig.cmake\n'}
[0.787013] (custom_interfaces) StdoutLine: {'line': b'-- Up-to-date: /home/gbonham/turtlebot4_ws/install/custom_interfaces/share/custom_interfaces/cmake/export_custom_interfaces__rosidl_generator_pyExport.cmake\n'}
[0.787091] (custom_interfaces) StdoutLine: {'line': b'-- Up-to-date: /home/gbonham/turtlebot4_ws/install/custom_interfaces/share/custom_interfaces/cmake/export_custom_interfaces__rosidl_generator_pyExport-noconfig.cmake\n'}
[0.787162] (custom_interfaces) StdoutLine: {'line': b'-- Up-to-date: /home/gbonham/turtlebot4_ws/install/custom_interfaces/share/custom_interfaces/cmake/rosidl_cmake-extras.cmake\n'}
[0.787266] (custom_interfaces) StdoutLine: {'line': b'-- Up-to-date: /home/gbonham/turtlebot4_ws/install/custom_interfaces/share/custom_interfaces/cmake/ament_cmake_export_dependencies-extras.cmake\n'}
[0.787375] (custom_interfaces) StdoutLine: {'line': b'-- Up-to-date: /home/gbonham/turtlebot4_ws/install/custom_interfaces/share/custom_interfaces/cmake/ament_cmake_export_include_directories-extras.cmake\n'}
[0.787476] (custom_interfaces) StdoutLine: {'line': b'-- Up-to-date: /home/gbonham/turtlebot4_ws/install/custom_interfaces/share/custom_interfaces/cmake/ament_cmake_export_libraries-extras.cmake\n'}
[0.787567] (custom_interfaces) StdoutLine: {'line': b'-- Up-to-date: /home/gbonham/turtlebot4_ws/install/custom_interfaces/share/custom_interfaces/cmake/ament_cmake_export_targets-extras.cmake\n'}
[0.787663] (custom_interfaces) StdoutLine: {'line': b'-- Up-to-date: /home/gbonham/turtlebot4_ws/install/custom_interfaces/share/custom_interfaces/cmake/rosidl_cmake_export_typesupport_targets-extras.cmake\n'}
[0.787767] (custom_interfaces) StdoutLine: {'line': b'-- Up-to-date: /home/gbonham/turtlebot4_ws/install/custom_interfaces/share/custom_interfaces/cmake/rosidl_cmake_export_typesupport_libraries-extras.cmake\n'}
[0.787856] (custom_interfaces) StdoutLine: {'line': b'-- Up-to-date: /home/gbonham/turtlebot4_ws/install/custom_interfaces/share/custom_interfaces/cmake/custom_interfacesConfig.cmake\n'}
[0.787949] (custom_interfaces) StdoutLine: {'line': b'-- Up-to-date: /home/gbonham/turtlebot4_ws/install/custom_interfaces/share/custom_interfaces/cmake/custom_interfacesConfig-version.cmake\n'}
[0.788027] (custom_interfaces) StdoutLine: {'line': b'-- Up-to-date: /home/gbonham/turtlebot4_ws/install/custom_interfaces/share/custom_interfaces/package.xml\n'}
[0.789197] (custom_interfaces) CommandEnded: {'returncode': 0}
[0.801141] (-) TimerEvent: {}
[0.858067] (custom_interfaces) JobEnded: {'identifier': 'custom_interfaces', 'rc': 0}
[0.859414] (lab3_pkg) JobStarted: {'identifier': 'lab3_pkg'}
[0.865962] (lab5_pkg) JobStarted: {'identifier': 'lab5_pkg'}
[0.901221] (-) TimerEvent: {}
[1.001441] (-) TimerEvent: {}
[1.101654] (-) TimerEvent: {}
[1.201887] (-) TimerEvent: {}
[1.302109] (-) TimerEvent: {}
[1.402334] (-) TimerEvent: {}
[1.427810] (lab1_pkg) Command: {'cmd': ['/usr/bin/python3', '-W', 'ignore:setup.py install is deprecated', '-W', 'ignore:easy_install command is deprecated', 'setup.py', 'egg_info', '--egg-base', '../../build/lab1_pkg', 'build', '--build-base', '/home/gbonham/turtlebot4_ws/build/lab1_pkg/build', 'install', '--record', '/home/gbonham/turtlebot4_ws/build/lab1_pkg/install.log', '--single-version-externally-managed', 'install_data'], 'cwd': '/home/gbonham/turtlebot4_ws/src/lab1_pkg', 'env': {'USER': 'gbonham', 'GZ_SIM_RESOURCE_PATH': '/opt/ros/jazzy/share', 'GZ_CONFIG_PATH': '/opt/ros/jazzy/opt/gz_sim_vendor/share/gz:/opt/ros/jazzy/opt/sdformat_vendor/share/gz:/opt/ros/jazzy/opt/gz_gui_vendor/share/gz:/opt/ros/jazzy/opt/gz_transport_vendor/share/gz:/opt/ros/jazzy/opt/gz_rendering_vendor/share/gz:/opt/ros/jazzy/opt/gz_plugin_vendor/share/gz:/opt/ros/jazzy/opt/gz_fuel_tools_vendor/share/gz:/opt/ros/jazzy/opt/gz_msgs_vendor/share/gz:/opt/ros/jazzy/opt/gz_common_vendor/share/gz', 'XDG_SESSION_TYPE': 'wayland', 'CLUTTER_DISABLE_MIPMAPPED_TEXT': '1', 'SHLVL': '1', 'LD_LIBRARY_PATH': '/home/gbonham/turtlebot4_ws/install/custom_interfaces/lib:/opt/ros/jazzy/opt/gz_sim_vendor/lib:/opt/ros/jazzy/opt/gz_sensors_vendor/lib:/opt/ros/jazzy/opt/gz_physics_vendor/lib:/opt/ros/jazzy/opt/sdformat_vendor/lib:/opt/ros/jazzy/opt/rviz_ogre_vendor/lib:/opt/ros/jazzy/lib/x86_64-linux-gnu:/opt/ros/jazzy/opt/gz_gui_vendor/lib:/opt/ros/jazzy/opt/gz_transport_vendor/lib:/opt/ros/jazzy/opt/gz_rendering_vendor/lib:/opt/ros/jazzy/opt/gz_plugin_vendor/lib:/opt/ros/jazzy/opt/gz_fuel_tools_vendor/lib:/opt/ros/jazzy/opt/gz_msgs_vendor/lib:/opt/ros/jazzy/opt/gz_common_vendor/lib:/opt/ros/jazzy/opt/gz_math_vendor/lib:/opt/ros/jazzy/opt/gz_utils_vendor/lib:/opt/ros/jazzy/opt/gz_tools_vendor/lib:/opt/ros/jazzy/opt/gz_ogre_next_vendor/lib:/opt/ros/jazzy/opt/gz_dartsim_vendor/lib:/opt/ros/jazzy/opt/gz_cmake_vendor/lib:/opt/ros/jazzy/lib', 'OLDPWD': '/home/gbonham', 'HOME': '/home/gbonham', 'DESKTOP_SESSION': 'ubuntu', 'GTK_MODULES': 'gail:atk-bridge', 'GNOME_SHELL_SESSION_MODE': 'ubuntu', 'ROS_PYTHON_VERSION': '3', 'SYSTEMD_EXEC_PID': '29388', 'DBUS_SESSION_BUS_ADDRESS': 'unix:path=/run/user/481853705/bus', 'GSM_SKIP_SSH_AGENT_WORKAROUND': 'true', 'COLORTERM': 'truecolor', 'CONDA_CHANGEPS1': 'no', 'WAYLAND_DISPLAY': 'wayland-0', 'ROS_DISTRO': 'jazzy', 'COLCON_PREFIX_PATH': '/home/gbonham/turtlebot4_ws/install', 'LOGNAME': 'gbonham', '_': '/usr/bin/colcon', 'MEMORY_PRESSURE_WATCH': '/sys/fs/cgroup/user.slice/user-481853705.slice/user@481853705.service/session.slice/org.gnome.Shell@wayland.service/memory.pressure', 'XDG_SESSION_CLASS': 'user', 'ROS_VERSION': '2', 'USERNAME': 'gbonham', 'TERM': 'xterm-256color', 'PROMPT_EOL_MARK': '', 'ROS_SUPER_CLIENT': 'True', 'GNOME_DESKTOP_SESSION_ID': 'this-is-deprecated', 'PATH': '/opt/ros/jazzy/opt/gz_msgs_vendor/bin:/opt/ros/jazzy/opt/gz_tools_vendor/bin:/opt/ros/jazzy/opt/gz_ogre_next_vendor/bin:/opt/ros/jazzy/bin:/usr/local/sbin:/usr/local/bin:/usr/sbin:/usr/bin:/sbin:/bin:/usr/games:/usr/local/games:/snap/bin:/snap/bin', 'SESSION_MANAGER': 'local/csci20121:@/tmp/.ICE-unix/29356,unix/csci20121:/tmp/.ICE-unix/29356', 'GNOME_TERMINAL_SCREEN': '/org/gnome/Terminal/screen/1a920a0f_e173_45d5_84d1_08745e1c9bf0', 'XDG_MENU_PREFIX': 'gnome-', 'GNOME_SETUP_DISPLAY': ':1', 'XDG_RUNTIME_DIR': '/run/user/481853705', 'DISPLAY': ':0', 'XDG_CURRENT_DESKTOP': 'ubuntu:GNOME', 'LANG': 'en_US.UTF-8', 'RMW_IMPLEMENTATION': 'rmw_fastrtps_cpp', 'XDG_SESSION_DESKTOP': 'ubuntu', 'GNOME_TERMINAL_SERVICE': ':1.119', 'XMODIFIERS': '@im=ibus', 'XAUTHORITY': '/run/user/481853705/.mutter-Xwaylandauth.8MOAO3', 'SSH_AUTH_SOCK': '/run/user/481853705/keyring/ssh', 'AMENT_PREFIX_PATH': '/home/gbonham/turtlebot4_ws/install/lab_bringup:/home/gbonham/turtlebot4_ws/install/lab5_pkg:/home/gbonham/turtlebot4_ws/install/lab3_pkg:/home/gbonham/turtlebot4_ws/install/lab2_pkg:/home/gbonham/turtlebot4_ws/install/lab1_pkg:/home/gbonham/turtlebot4_ws/install/final:/home/gbonham/turtlebot4_ws/install/custom_interfaces:/opt/ros/jazzy', 'ROS_DOMAIN_ID': '0', 'KRB5CCNAME': 'FILE:/tmp/krb5cc_481853705_B2nlBa', 'SHELL': '/bin/zsh', 'ROS_DISCOVERY_SERVER': '10.5.113.101:11811', 'QT_ACCESSIBILITY': '1', 'GDMSESSION': 'ubuntu', 'QT_IM_MODULE': 'ibus', 'ROS_AUTOMATIC_DISCOVERY_RANGE': 'SUBNET', 'PWD': '/home/gbonham/turtlebot4_ws/build/lab1_pkg', 'XDG_DATA_DIRS': '/usr/local/share/:/usr/share/:/var/lib/snapd/desktop', 'VIRTUAL_ENV_DISABLE_PROMPT': '12', 'PYTHONPATH': '/home/gbonham/turtlebot4_ws/build/lab1_pkg/prefix_override:/usr/lib/python3/dist-packages/colcon_core/task/python/colcon_distutils_commands:/home/gbonham/turtlebot4_ws/install/lab1_pkg/lib/python3.12/site-packages:/home/gbonham/turtlebot4_ws/install/lab5_pkg/lib/python3.12/site-packages:/home/gbonham/turtlebot4_ws/install/lab3_pkg/lib/python3.12/site-packages:/home/gbonham/turtlebot4_ws/install/lab2_pkg/lib/python3.12/site-packages:/home/gbonham/turtlebot4_ws/install/lab1_pkg/lib/python3.12/site-packages:/home/gbonham/turtlebot4_ws/install/final/lib/python3.12/site-packages:/home/gbonham/turtlebot4_ws/install/custom_interfaces/lib/python3.12/site-packages:/opt/ros/jazzy/lib/python3.12/site-packages', 'COLCON': '1', 'VTE_VERSION': '7600', 'MEMORY_PRESSURE_WRITE': 'c29tZSAyMDAwMDAgMjAwMDAwMAA=', 'CMAKE_PREFIX_PATH': '/home/gbonham/turtlebot4_ws/install/lab_bringup:/home/gbonham/turtlebot4_ws/install/custom_interfaces:/opt/ros/jazzy/opt/gz_sim_vendor:/opt/ros/jazzy/opt/gz_sensors_vendor:/opt/ros/jazzy/opt/gz_physics_vendor:/opt/ros/jazzy/opt/sdformat_vendor:/opt/ros/jazzy/opt/gz_gui_vendor:/opt/ros/jazzy/opt/gz_transport_vendor:/opt/ros/jazzy/opt/gz_rendering_vendor:/opt/ros/jazzy/opt/gz_plugin_vendor:/opt/ros/jazzy/opt/gz_fuel_tools_vendor:/opt/ros/jazzy/opt/gz_msgs_vendor:/opt/ros/jazzy/opt/gz_common_vendor:/opt/ros/jazzy/opt/gz_math_vendor:/opt/ros/jazzy/opt/gz_utils_vendor:/opt/ros/jazzy/opt/gz_tools_vendor:/opt/ros/jazzy/opt/gz_ogre_next_vendor:/opt/ros/jazzy/opt/gz_dartsim_vendor:/opt/ros/jazzy/opt/gz_cmake_vendor'}, 'shell': False}
[1.447769] (final) Command: {'cmd': ['/usr/bin/python3', '-W', 'ignore:setup.py install is deprecated', '-W', 'ignore:easy_install command is deprecated', 'setup.py', 'egg_info', '--egg-base', '../../build/final', 'build', '--build-base', '/home/gbonham/turtlebot4_ws/build/final/build', 'install', '--record', '/home/gbonham/turtlebot4_ws/build/final/install.log', '--single-version-externally-managed', 'install_data'], 'cwd': '/home/gbonham/turtlebot4_ws/src/final', 'env': {'USER': 'gbonham', 'GZ_SIM_RESOURCE_PATH': '/opt/ros/jazzy/share', 'GZ_CONFIG_PATH': '/opt/ros/jazzy/opt/gz_sim_vendor/share/gz:/opt/ros/jazzy/opt/sdformat_vendor/share/gz:/opt/ros/jazzy/opt/gz_gui_vendor/share/gz:/opt/ros/jazzy/opt/gz_transport_vendor/share/gz:/opt/ros/jazzy/opt/gz_rendering_vendor/share/gz:/opt/ros/jazzy/opt/gz_plugin_vendor/share/gz:/opt/ros/jazzy/opt/gz_fuel_tools_vendor/share/gz:/opt/ros/jazzy/opt/gz_msgs_vendor/share/gz:/opt/ros/jazzy/opt/gz_common_vendor/share/gz', 'XDG_SESSION_TYPE': 'wayland', 'CLUTTER_DISABLE_MIPMAPPED_TEXT': '1', 'SHLVL': '1', 'LD_LIBRARY_PATH': '/home/gbonham/turtlebot4_ws/install/custom_interfaces/lib:/opt/ros/jazzy/opt/gz_sim_vendor/lib:/opt/ros/jazzy/opt/gz_sensors_vendor/lib:/opt/ros/jazzy/opt/gz_physics_vendor/lib:/opt/ros/jazzy/opt/sdformat_vendor/lib:/opt/ros/jazzy/opt/rviz_ogre_vendor/lib:/opt/ros/jazzy/lib/x86_64-linux-gnu:/opt/ros/jazzy/opt/gz_gui_vendor/lib:/opt/ros/jazzy/opt/gz_transport_vendor/lib:/opt/ros/jazzy/opt/gz_rendering_vendor/lib:/opt/ros/jazzy/opt/gz_plugin_vendor/lib:/opt/ros/jazzy/opt/gz_fuel_tools_vendor/lib:/opt/ros/jazzy/opt/gz_msgs_vendor/lib:/opt/ros/jazzy/opt/gz_common_vendor/lib:/opt/ros/jazzy/opt/gz_math_vendor/lib:/opt/ros/jazzy/opt/gz_utils_vendor/lib:/opt/ros/jazzy/opt/gz_tools_vendor/lib:/opt/ros/jazzy/opt/gz_ogre_next_vendor/lib:/opt/ros/jazzy/opt/gz_dartsim_vendor/lib:/opt/ros/jazzy/opt/gz_cmake_vendor/lib:/opt/ros/jazzy/lib', 'OLDPWD': '/home/gbonham', 'HOME': '/home/gbonham', 'DESKTOP_SESSION': 'ubuntu', 'GTK_MODULES': 'gail:atk-bridge', 'GNOME_SHELL_SESSION_MODE': 'ubuntu', 'ROS_PYTHON_VERSION': '3', 'SYSTEMD_EXEC_PID': '29388', 'DBUS_SESSION_BUS_ADDRESS': 'unix:path=/run/user/481853705/bus', 'GSM_SKIP_SSH_AGENT_WORKAROUND': 'true', 'COLORTERM': 'truecolor', 'CONDA_CHANGEPS1': 'no', 'WAYLAND_DISPLAY': 'wayland-0', 'ROS_DISTRO': 'jazzy', 'COLCON_PREFIX_PATH': '/home/gbonham/turtlebot4_ws/install', 'LOGNAME': 'gbonham', '_': '/usr/bin/colcon', 'MEMORY_PRESSURE_WATCH': '/sys/fs/cgroup/user.slice/user-481853705.slice/user@481853705.service/session.slice/org.gnome.Shell@wayland.service/memory.pressure', 'XDG_SESSION_CLASS': 'user', 'ROS_VERSION': '2', 'USERNAME': 'gbonham', 'TERM': 'xterm-256color', 'PROMPT_EOL_MARK': '', 'ROS_SUPER_CLIENT': 'True', 'GNOME_DESKTOP_SESSION_ID': 'this-is-deprecated', 'PATH': '/opt/ros/jazzy/opt/gz_msgs_vendor/bin:/opt/ros/jazzy/opt/gz_tools_vendor/bin:/opt/ros/jazzy/opt/gz_ogre_next_vendor/bin:/opt/ros/jazzy/bin:/usr/local/sbin:/usr/local/bin:/usr/sbin:/usr/bin:/sbin:/bin:/usr/games:/usr/local/games:/snap/bin:/snap/bin', 'SESSION_MANAGER': 'local/csci20121:@/tmp/.ICE-unix/29356,unix/csci20121:/tmp/.ICE-unix/29356', 'GNOME_TERMINAL_SCREEN': '/org/gnome/Terminal/screen/1a920a0f_e173_45d5_84d1_08745e1c9bf0', 'XDG_MENU_PREFIX': 'gnome-', 'GNOME_SETUP_DISPLAY': ':1', 'XDG_RUNTIME_DIR': '/run/user/481853705', 'DISPLAY': ':0', 'XDG_CURRENT_DESKTOP': 'ubuntu:GNOME', 'LANG': 'en_US.UTF-8', 'RMW_IMPLEMENTATION': 'rmw_fastrtps_cpp', 'XDG_SESSION_DESKTOP': 'ubuntu', 'GNOME_TERMINAL_SERVICE': ':1.119', 'XMODIFIERS': '@im=ibus', 'XAUTHORITY': '/run/user/481853705/.mutter-Xwaylandauth.8MOAO3', 'SSH_AUTH_SOCK': '/run/user/481853705/keyring/ssh', 'AMENT_PREFIX_PATH': '/home/gbonham/turtlebot4_ws/install/lab_bringup:/home/gbonham/turtlebot4_ws/install/lab5_pkg:/home/gbonham/turtlebot4_ws/install/lab3_pkg:/home/gbonham/turtlebot4_ws/install/lab2_pkg:/home/gbonham/turtlebot4_ws/install/lab1_pkg:/home/gbonham/turtlebot4_ws/install/final:/home/gbonham/turtlebot4_ws/install/custom_interfaces:/opt/ros/jazzy', 'ROS_DOMAIN_ID': '0', 'KRB5CCNAME': 'FILE:/tmp/krb5cc_481853705_B2nlBa', 'SHELL': '/bin/zsh', 'ROS_DISCOVERY_SERVER': '10.5.113.101:11811', 'QT_ACCESSIBILITY': '1', 'GDMSESSION': 'ubuntu', 'QT_IM_MODULE': 'ibus', 'ROS_AUTOMATIC_DISCOVERY_RANGE': 'SUBNET', 'PWD': '/home/gbonham/turtlebot4_ws/build/final', 'XDG_DATA_DIRS': '/usr/local/share/:/usr/share/:/var/lib/snapd/desktop', 'VIRTUAL_ENV_DISABLE_PROMPT': '12', 'PYTHONPATH': '/home/gbonham/turtlebot4_ws/build/final/prefix_override:/usr/lib/python3/dist-packages/colcon_core/task/python/colcon_distutils_commands:/home/gbonham/turtlebot4_ws/install/final/lib/python3.12/site-packages:/home/gbonham/turtlebot4_ws/install/lab5_pkg/lib/python3.12/site-packages:/home/gbonham/turtlebot4_ws/install/lab3_pkg/lib/python3.12/site-packages:/home/gbonham/turtlebot4_ws/install/lab2_pkg/lib/python3.12/site-packages:/home/gbonham/turtlebot4_ws/install/lab1_pkg/lib/python3.12/site-packages:/home/gbonham/turtlebot4_ws/install/final/lib/python3.12/site-packages:/home/gbonham/turtlebot4_ws/install/custom_interfaces/lib/python3.12/site-packages:/opt/ros/jazzy/lib/python3.12/site-packages', 'COLCON': '1', 'VTE_VERSION': '7600', 'MEMORY_PRESSURE_WRITE': 'c29tZSAyMDAwMDAgMjAwMDAwMAA=', 'CMAKE_PREFIX_PATH': '/home/gbonham/turtlebot4_ws/install/lab_bringup:/home/gbonham/turtlebot4_ws/install/custom_interfaces:/opt/ros/jazzy/opt/gz_sim_vendor:/opt/ros/jazzy/opt/gz_sensors_vendor:/opt/ros/jazzy/opt/gz_physics_vendor:/opt/ros/jazzy/opt/sdformat_vendor:/opt/ros/jazzy/opt/gz_gui_vendor:/opt/ros/jazzy/opt/gz_transport_vendor:/opt/ros/jazzy/opt/gz_rendering_vendor:/opt/ros/jazzy/opt/gz_plugin_vendor:/opt/ros/jazzy/opt/gz_fuel_tools_vendor:/opt/ros/jazzy/opt/gz_msgs_vendor:/opt/ros/jazzy/opt/gz_common_vendor:/opt/ros/jazzy/opt/gz_math_vendor:/opt/ros/jazzy/opt/gz_utils_vendor:/opt/ros/jazzy/opt/gz_tools_vendor:/opt/ros/jazzy/opt/gz_ogre_next_vendor:/opt/ros/jazzy/opt/gz_dartsim_vendor:/opt/ros/jazzy/opt/gz_cmake_vendor'}, 'shell': False}
[1.457834] (lab2_pkg) Command: {'cmd': ['/usr/bin/python3', '-W', 'ignore:setup.py install is deprecated', '-W', 'ignore:easy_install command is deprecated', 'setup.py', 'egg_info', '--egg-base', '../../build/lab2_pkg', 'build', '--build-base', '/home/gbonham/turtlebot4_ws/build/lab2_pkg/build', 'install', '--record', '/home/gbonham/turtlebot4_ws/build/lab2_pkg/install.log', '--single-version-externally-managed', 'install_data'], 'cwd': '/home/gbonham/turtlebot4_ws/src/lab2_pkg', 'env': {'USER': 'gbonham', 'GZ_SIM_RESOURCE_PATH': '/opt/ros/jazzy/share', 'GZ_CONFIG_PATH': '/opt/ros/jazzy/opt/gz_sim_vendor/share/gz:/opt/ros/jazzy/opt/sdformat_vendor/share/gz:/opt/ros/jazzy/opt/gz_gui_vendor/share/gz:/opt/ros/jazzy/opt/gz_transport_vendor/share/gz:/opt/ros/jazzy/opt/gz_rendering_vendor/share/gz:/opt/ros/jazzy/opt/gz_plugin_vendor/share/gz:/opt/ros/jazzy/opt/gz_fuel_tools_vendor/share/gz:/opt/ros/jazzy/opt/gz_msgs_vendor/share/gz:/opt/ros/jazzy/opt/gz_common_vendor/share/gz', 'XDG_SESSION_TYPE': 'wayland', 'CLUTTER_DISABLE_MIPMAPPED_TEXT': '1', 'SHLVL': '1', 'LD_LIBRARY_PATH': '/home/gbonham/turtlebot4_ws/install/custom_interfaces/lib:/opt/ros/jazzy/opt/gz_sim_vendor/lib:/opt/ros/jazzy/opt/gz_sensors_vendor/lib:/opt/ros/jazzy/opt/gz_physics_vendor/lib:/opt/ros/jazzy/opt/sdformat_vendor/lib:/opt/ros/jazzy/opt/rviz_ogre_vendor/lib:/opt/ros/jazzy/lib/x86_64-linux-gnu:/opt/ros/jazzy/opt/gz_gui_vendor/lib:/opt/ros/jazzy/opt/gz_transport_vendor/lib:/opt/ros/jazzy/opt/gz_rendering_vendor/lib:/opt/ros/jazzy/opt/gz_plugin_vendor/lib:/opt/ros/jazzy/opt/gz_fuel_tools_vendor/lib:/opt/ros/jazzy/opt/gz_msgs_vendor/lib:/opt/ros/jazzy/opt/gz_common_vendor/lib:/opt/ros/jazzy/opt/gz_math_vendor/lib:/opt/ros/jazzy/opt/gz_utils_vendor/lib:/opt/ros/jazzy/opt/gz_tools_vendor/lib:/opt/ros/jazzy/opt/gz_ogre_next_vendor/lib:/opt/ros/jazzy/opt/gz_dartsim_vendor/lib:/opt/ros/jazzy/opt/gz_cmake_vendor/lib:/opt/ros/jazzy/lib', 'OLDPWD': '/home/gbonham', 'HOME': '/home/gbonham', 'DESKTOP_SESSION': 'ubuntu', 'GTK_MODULES': 'gail:atk-bridge', 'GNOME_SHELL_SESSION_MODE': 'ubuntu', 'ROS_PYTHON_VERSION': '3', 'SYSTEMD_EXEC_PID': '29388', 'DBUS_SESSION_BUS_ADDRESS': 'unix:path=/run/user/481853705/bus', 'GSM_SKIP_SSH_AGENT_WORKAROUND': 'true', 'COLORTERM': 'truecolor', 'CONDA_CHANGEPS1': 'no', 'WAYLAND_DISPLAY': 'wayland-0', 'ROS_DISTRO': 'jazzy', 'COLCON_PREFIX_PATH': '/home/gbonham/turtlebot4_ws/install', 'LOGNAME': 'gbonham', '_': '/usr/bin/colcon', 'MEMORY_PRESSURE_WATCH': '/sys/fs/cgroup/user.slice/user-481853705.slice/user@481853705.service/session.slice/org.gnome.Shell@wayland.service/memory.pressure', 'XDG_SESSION_CLASS': 'user', 'ROS_VERSION': '2', 'USERNAME': 'gbonham', 'TERM': 'xterm-256color', 'PROMPT_EOL_MARK': '', 'ROS_SUPER_CLIENT': 'True', 'GNOME_DESKTOP_SESSION_ID': 'this-is-deprecated', 'PATH': '/opt/ros/jazzy/opt/gz_msgs_vendor/bin:/opt/ros/jazzy/opt/gz_tools_vendor/bin:/opt/ros/jazzy/opt/gz_ogre_next_vendor/bin:/opt/ros/jazzy/bin:/usr/local/sbin:/usr/local/bin:/usr/sbin:/usr/bin:/sbin:/bin:/usr/games:/usr/local/games:/snap/bin:/snap/bin', 'SESSION_MANAGER': 'local/csci20121:@/tmp/.ICE-unix/29356,unix/csci20121:/tmp/.ICE-unix/29356', 'GNOME_TERMINAL_SCREEN': '/org/gnome/Terminal/screen/1a920a0f_e173_45d5_84d1_08745e1c9bf0', 'XDG_MENU_PREFIX': 'gnome-', 'GNOME_SETUP_DISPLAY': ':1', 'XDG_RUNTIME_DIR': '/run/user/481853705', 'DISPLAY': ':0', 'XDG_CURRENT_DESKTOP': 'ubuntu:GNOME', 'LANG': 'en_US.UTF-8', 'RMW_IMPLEMENTATION': 'rmw_fastrtps_cpp', 'XDG_SESSION_DESKTOP': 'ubuntu', 'GNOME_TERMINAL_SERVICE': ':1.119', 'XMODIFIERS': '@im=ibus', 'XAUTHORITY': '/run/user/481853705/.mutter-Xwaylandauth.8MOAO3', 'SSH_AUTH_SOCK': '/run/user/481853705/keyring/ssh', 'AMENT_PREFIX_PATH': '/home/gbonham/turtlebot4_ws/install/lab_bringup:/home/gbonham/turtlebot4_ws/install/lab5_pkg:/home/gbonham/turtlebot4_ws/install/lab3_pkg:/home/gbonham/turtlebot4_ws/install/lab2_pkg:/home/gbonham/turtlebot4_ws/install/lab1_pkg:/home/gbonham/turtlebot4_ws/install/final:/home/gbonham/turtlebot4_ws/install/custom_interfaces:/opt/ros/jazzy', 'ROS_DOMAIN_ID': '0', 'KRB5CCNAME': 'FILE:/tmp/krb5cc_481853705_B2nlBa', 'SHELL': '/bin/zsh', 'ROS_DISCOVERY_SERVER': '10.5.113.101:11811', 'QT_ACCESSIBILITY': '1', 'GDMSESSION': 'ubuntu', 'QT_IM_MODULE': 'ibus', 'ROS_AUTOMATIC_DISCOVERY_RANGE': 'SUBNET', 'PWD': '/home/gbonham/turtlebot4_ws/build/lab2_pkg', 'XDG_DATA_DIRS': '/usr/local/share/:/usr/share/:/var/lib/snapd/desktop', 'VIRTUAL_ENV_DISABLE_PROMPT': '12', 'PYTHONPATH': '/home/gbonham/turtlebot4_ws/build/lab2_pkg/prefix_override:/usr/lib/python3/dist-packages/colcon_core/task/python/colcon_distutils_commands:/home/gbonham/turtlebot4_ws/install/lab2_pkg/lib/python3.12/site-packages:/home/gbonham/turtlebot4_ws/install/lab5_pkg/lib/python3.12/site-packages:/home/gbonham/turtlebot4_ws/install/lab3_pkg/lib/python3.12/site-packages:/home/gbonham/turtlebot4_ws/install/lab2_pkg/lib/python3.12/site-packages:/home/gbonham/turtlebot4_ws/install/lab1_pkg/lib/python3.12/site-packages:/home/gbonham/turtlebot4_ws/install/final/lib/python3.12/site-packages:/home/gbonham/turtlebot4_ws/install/custom_interfaces/lib/python3.12/site-packages:/opt/ros/jazzy/lib/python3.12/site-packages', 'COLCON': '1', 'VTE_VERSION': '7600', 'MEMORY_PRESSURE_WRITE': 'c29tZSAyMDAwMDAgMjAwMDAwMAA=', 'CMAKE_PREFIX_PATH': '/home/gbonham/turtlebot4_ws/install/lab_bringup:/home/gbonham/turtlebot4_ws/install/custom_interfaces:/opt/ros/jazzy/opt/gz_sim_vendor:/opt/ros/jazzy/opt/gz_sensors_vendor:/opt/ros/jazzy/opt/gz_physics_vendor:/opt/ros/jazzy/opt/sdformat_vendor:/opt/ros/jazzy/opt/gz_gui_vendor:/opt/ros/jazzy/opt/gz_transport_vendor:/opt/ros/jazzy/opt/gz_rendering_vendor:/opt/ros/jazzy/opt/gz_plugin_vendor:/opt/ros/jazzy/opt/gz_fuel_tools_vendor:/opt/ros/jazzy/opt/gz_msgs_vendor:/opt/ros/jazzy/opt/gz_common_vendor:/opt/ros/jazzy/opt/gz_math_vendor:/opt/ros/jazzy/opt/gz_utils_vendor:/opt/ros/jazzy/opt/gz_tools_vendor:/opt/ros/jazzy/opt/gz_ogre_next_vendor:/opt/ros/jazzy/opt/gz_dartsim_vendor:/opt/ros/jazzy/opt/gz_cmake_vendor'}, 'shell': False}
[1.502404] (-) TimerEvent: {}
[1.602605] (-) TimerEvent: {}
[1.702816] (-) TimerEvent: {}
[1.742692] (lab1_pkg) StdoutLine: {'line': b'running egg_info\n'}
[1.751862] (final) StdoutLine: {'line': b'running egg_info\n'}
[1.753673] (lab2_pkg) StdoutLine: {'line': b'running egg_info\n'}
[1.767293] (lab1_pkg) StdoutLine: {'line': b'writing ../../build/lab1_pkg/lab1_pkg.egg-info/PKG-INFO\n'}
[1.767487] (lab1_pkg) StdoutLine: {'line': b'writing dependency_links to ../../build/lab1_pkg/lab1_pkg.egg-info/dependency_links.txt\n'}
[1.767649] (lab1_pkg) StdoutLine: {'line': b'writing entry points to ../../build/lab1_pkg/lab1_pkg.egg-info/entry_points.txt\n'}
[1.767868] (lab1_pkg) StdoutLine: {'line': b'writing requirements to ../../build/lab1_pkg/lab1_pkg.egg-info/requires.txt\n'}
[1.768029] (lab1_pkg) StdoutLine: {'line': b'writing top-level names to ../../build/lab1_pkg/lab1_pkg.egg-info/top_level.txt\n'}
[1.777300] (final) StdoutLine: {'line': b'writing ../../build/final/final.egg-info/PKG-INFO\n'}
[1.777521] (final) StdoutLine: {'line': b'writing dependency_links to ../../build/final/final.egg-info/dependency_links.txt\n'}
[1.777773] (final) StdoutLine: {'line': b'writing entry points to ../../build/final/final.egg-info/entry_points.txt\n'}
[1.777963] (final) StdoutLine: {'line': b'writing requirements to ../../build/final/final.egg-info/requires.txt\n'}
[1.778135] (final) StdoutLine: {'line': b'writing top-level names to ../../build/final/final.egg-info/top_level.txt\n'}
[1.783020] (lab2_pkg) StdoutLine: {'line': b'writing ../../build/lab2_pkg/lab2_pkg.egg-info/PKG-INFO\n'}
[1.783294] (lab2_pkg) StdoutLine: {'line': b'writing dependency_links to ../../build/lab2_pkg/lab2_pkg.egg-info/dependency_links.txt\n'}
[1.783541] (lab2_pkg) StdoutLine: {'line': b'writing entry points to ../../build/lab2_pkg/lab2_pkg.egg-info/entry_points.txt\n'}
[1.783758] (lab2_pkg) StdoutLine: {'line': b'writing requirements to ../../build/lab2_pkg/lab2_pkg.egg-info/requires.txt\n'}
[1.783914] (lab2_pkg) StdoutLine: {'line': b'writing top-level names to ../../build/lab2_pkg/lab2_pkg.egg-info/top_level.txt\n'}
[1.802889] (-) TimerEvent: {}
[1.819883] (lab1_pkg) StdoutLine: {'line': b"reading manifest file '../../build/lab1_pkg/lab1_pkg.egg-info/SOURCES.txt'\n"}
[1.820611] (lab1_pkg) StdoutLine: {'line': b"writing manifest file '../../build/lab1_pkg/lab1_pkg.egg-info/SOURCES.txt'\n"}
[1.820761] (lab1_pkg) StdoutLine: {'line': b'running build\n'}
[1.820885] (lab1_pkg) StdoutLine: {'line': b'running build_py\n'}
[1.821139] (lab1_pkg) StdoutLine: {'line': b'running install\n'}
[1.821277] (lab2_pkg) StdoutLine: {'line': b"reading manifest file '../../build/lab2_pkg/lab2_pkg.egg-info/SOURCES.txt'\n"}
[1.822145] (lab2_pkg) StdoutLine: {'line': b"writing manifest file '../../build/lab2_pkg/lab2_pkg.egg-info/SOURCES.txt'\n"}
[1.822308] (lab2_pkg) StdoutLine: {'line': b'running build\n'}
[1.822412] (lab2_pkg) StdoutLine: {'line': b'running install\n'}
[1.826436] (lab1_pkg) StdoutLine: {'line': b'running install_lib\n'}
[1.830818] (lab2_pkg) StdoutLine: {'line': b'running install_data\n'}
[1.830994] (lab2_pkg) StdoutLine: {'line': b'running install_egg_info\n'}
[1.850740] (final) StdoutLine: {'line': b"reading manifest file '../../build/final/final.egg-info/SOURCES.txt'\n"}
[1.851449] (final) StdoutLine: {'line': b"writing manifest file '../../build/final/final.egg-info/SOURCES.txt'\n"}
[1.851609] (final) StdoutLine: {'line': b'running build\n'}
[1.851711] (final) StdoutLine: {'line': b'running build_py\n'}
[1.851808] (final) StdoutLine: {'line': b'copying final/color_vision.py -> /home/gbonham/turtlebot4_ws/build/final/build/lib/final\n'}
[1.852189] (final) StdoutLine: {'line': b'running install\n'}
[1.852299] (lab1_pkg) StdoutLine: {'line': b'running install_data\n'}
[1.852397] (lab1_pkg) StdoutLine: {'line': b'running install_egg_info\n'}
[1.857266] (final) StdoutLine: {'line': b'running install_lib\n'}
[1.878521] (lab1_pkg) StdoutLine: {'line': b"removing '/home/gbonham/turtlebot4_ws/install/lab1_pkg/lib/python3.12/site-packages/lab1_pkg-0.0.0-py3.12.egg-info' (and everything under it)\n"}
[1.878786] (lab1_pkg) StdoutLine: {'line': b'Copying ../../build/lab1_pkg/lab1_pkg.egg-info to /home/gbonham/turtlebot4_ws/install/lab1_pkg/lib/python3.12/site-packages/lab1_pkg-0.0.0-py3.12.egg-info\n'}
[1.880418] (lab1_pkg) StdoutLine: {'line': b'running install_scripts\n'}
[1.883314] (final) StdoutLine: {'line': b'copying /home/gbonham/turtlebot4_ws/build/final/build/lib/final/color_vision.py -> /home/gbonham/turtlebot4_ws/install/final/lib/python3.12/site-packages/final\n'}
[1.884032] (final) StdoutLine: {'line': b'byte-compiling /home/gbonham/turtlebot4_ws/install/final/lib/python3.12/site-packages/final/color_vision.py to color_vision.cpython-312.pyc\n'}
[1.885815] (final) StdoutLine: {'line': b'running install_data\n'}
[1.885975] (final) StdoutLine: {'line': b'running install_egg_info\n'}
[1.886383] (lab2_pkg) StdoutLine: {'line': b"removing '/home/gbonham/turtlebot4_ws/install/lab2_pkg/lib/python3.12/site-packages/lab2_pkg-0.0.0-py3.12.egg-info' (and everything under it)\n"}
[1.886625] (lab2_pkg) StdoutLine: {'line': b'Copying ../../build/lab2_pkg/lab2_pkg.egg-info to /home/gbonham/turtlebot4_ws/install/lab2_pkg/lib/python3.12/site-packages/lab2_pkg-0.0.0-py3.12.egg-info\n'}
[1.889281] (lab2_pkg) StdoutLine: {'line': b'running install_scripts\n'}
[1.902957] (-) TimerEvent: {}
[1.913377] (final) StdoutLine: {'line': b"removing '/home/gbonham/turtlebot4_ws/install/final/lib/python3.12/site-packages/final-0.0.0-py3.12.egg-info' (and everything under it)\n"}
[1.913563] (final) StdoutLine: {'line': b'Copying ../../build/final/final.egg-info to /home/gbonham/turtlebot4_ws/install/final/lib/python3.12/site-packages/final-0.0.0-py3.12.egg-info\n'}
[1.914988] (final) StdoutLine: {'line': b'running install_scripts\n'}
[2.003035] (-) TimerEvent: {}
[2.040822] (lab3_pkg) Command: {'cmd': ['/usr/bin/python3', '-W', 'ignore:setup.py install is deprecated', '-W', 'ignore:easy_install command is deprecated', 'setup.py', 'egg_info', '--egg-base', '../../build/lab3_pkg', 'build', '--build-base', '/home/gbonham/turtlebot4_ws/build/lab3_pkg/build', 'install', '--record', '/home/gbonham/turtlebot4_ws/build/lab3_pkg/install.log', '--single-version-externally-managed', 'install_data'], 'cwd': '/home/gbonham/turtlebot4_ws/src/lab3_pkg', 'env': {'USER': 'gbonham', 'GZ_SIM_RESOURCE_PATH': '/opt/ros/jazzy/share', 'GZ_CONFIG_PATH': '/opt/ros/jazzy/opt/gz_sim_vendor/share/gz:/opt/ros/jazzy/opt/sdformat_vendor/share/gz:/opt/ros/jazzy/opt/gz_gui_vendor/share/gz:/opt/ros/jazzy/opt/gz_transport_vendor/share/gz:/opt/ros/jazzy/opt/gz_rendering_vendor/share/gz:/opt/ros/jazzy/opt/gz_plugin_vendor/share/gz:/opt/ros/jazzy/opt/gz_fuel_tools_vendor/share/gz:/opt/ros/jazzy/opt/gz_msgs_vendor/share/gz:/opt/ros/jazzy/opt/gz_common_vendor/share/gz', 'XDG_SESSION_TYPE': 'wayland', 'CLUTTER_DISABLE_MIPMAPPED_TEXT': '1', 'SHLVL': '1', 'LD_LIBRARY_PATH': '/home/gbonham/turtlebot4_ws/install/custom_interfaces/lib:/opt/ros/jazzy/opt/gz_sim_vendor/lib:/opt/ros/jazzy/opt/gz_sensors_vendor/lib:/opt/ros/jazzy/opt/gz_physics_vendor/lib:/opt/ros/jazzy/opt/sdformat_vendor/lib:/opt/ros/jazzy/opt/rviz_ogre_vendor/lib:/opt/ros/jazzy/lib/x86_64-linux-gnu:/opt/ros/jazzy/opt/gz_gui_vendor/lib:/opt/ros/jazzy/opt/gz_transport_vendor/lib:/opt/ros/jazzy/opt/gz_rendering_vendor/lib:/opt/ros/jazzy/opt/gz_plugin_vendor/lib:/opt/ros/jazzy/opt/gz_fuel_tools_vendor/lib:/opt/ros/jazzy/opt/gz_msgs_vendor/lib:/opt/ros/jazzy/opt/gz_common_vendor/lib:/opt/ros/jazzy/opt/gz_math_vendor/lib:/opt/ros/jazzy/opt/gz_utils_vendor/lib:/opt/ros/jazzy/opt/gz_tools_vendor/lib:/opt/ros/jazzy/opt/gz_ogre_next_vendor/lib:/opt/ros/jazzy/opt/gz_dartsim_vendor/lib:/opt/ros/jazzy/opt/gz_cmake_vendor/lib:/opt/ros/jazzy/lib', 'OLDPWD': '/home/gbonham', 'HOME': '/home/gbonham', 'DESKTOP_SESSION': 'ubuntu', 'GTK_MODULES': 'gail:atk-bridge', 'GNOME_SHELL_SESSION_MODE': 'ubuntu', 'ROS_PYTHON_VERSION': '3', 'SYSTEMD_EXEC_PID': '29388', 'DBUS_SESSION_BUS_ADDRESS': 'unix:path=/run/user/481853705/bus', 'GSM_SKIP_SSH_AGENT_WORKAROUND': 'true', 'COLORTERM': 'truecolor', 'CONDA_CHANGEPS1': 'no', 'WAYLAND_DISPLAY': 'wayland-0', 'ROS_DISTRO': 'jazzy', 'COLCON_PREFIX_PATH': '/home/gbonham/turtlebot4_ws/install', 'LOGNAME': 'gbonham', '_': '/usr/bin/colcon', 'MEMORY_PRESSURE_WATCH': '/sys/fs/cgroup/user.slice/user-481853705.slice/user@481853705.service/session.slice/org.gnome.Shell@wayland.service/memory.pressure', 'XDG_SESSION_CLASS': 'user', 'ROS_VERSION': '2', 'USERNAME': 'gbonham', 'TERM': 'xterm-256color', 'PROMPT_EOL_MARK': '', 'ROS_SUPER_CLIENT': 'True', 'GNOME_DESKTOP_SESSION_ID': 'this-is-deprecated', 'PATH': '/opt/ros/jazzy/opt/gz_msgs_vendor/bin:/opt/ros/jazzy/opt/gz_tools_vendor/bin:/opt/ros/jazzy/opt/gz_ogre_next_vendor/bin:/opt/ros/jazzy/bin:/usr/local/sbin:/usr/local/bin:/usr/sbin:/usr/bin:/sbin:/bin:/usr/games:/usr/local/games:/snap/bin:/snap/bin', 'SESSION_MANAGER': 'local/csci20121:@/tmp/.ICE-unix/29356,unix/csci20121:/tmp/.ICE-unix/29356', 'GNOME_TERMINAL_SCREEN': '/org/gnome/Terminal/screen/1a920a0f_e173_45d5_84d1_08745e1c9bf0', 'XDG_MENU_PREFIX': 'gnome-', 'GNOME_SETUP_DISPLAY': ':1', 'XDG_RUNTIME_DIR': '/run/user/481853705', 'DISPLAY': ':0', 'XDG_CURRENT_DESKTOP': 'ubuntu:GNOME', 'LANG': 'en_US.UTF-8', 'RMW_IMPLEMENTATION': 'rmw_fastrtps_cpp', 'XDG_SESSION_DESKTOP': 'ubuntu', 'GNOME_TERMINAL_SERVICE': ':1.119', 'XMODIFIERS': '@im=ibus', 'XAUTHORITY': '/run/user/481853705/.mutter-Xwaylandauth.8MOAO3', 'SSH_AUTH_SOCK': '/run/user/481853705/keyring/ssh', 'AMENT_PREFIX_PATH': '/home/gbonham/turtlebot4_ws/install/lab_bringup:/home/gbonham/turtlebot4_ws/install/lab5_pkg:/home/gbonham/turtlebot4_ws/install/lab3_pkg:/home/gbonham/turtlebot4_ws/install/lab2_pkg:/home/gbonham/turtlebot4_ws/install/lab1_pkg:/home/gbonham/turtlebot4_ws/install/final:/home/gbonham/turtlebot4_ws/install/custom_interfaces:/opt/ros/jazzy', 'ROS_DOMAIN_ID': '0', 'KRB5CCNAME': 'FILE:/tmp/krb5cc_481853705_B2nlBa', 'SHELL': '/bin/zsh', 'ROS_DISCOVERY_SERVER': '10.5.113.101:11811', 'QT_ACCESSIBILITY': '1', 'GDMSESSION': 'ubuntu', 'QT_IM_MODULE': 'ibus', 'ROS_AUTOMATIC_DISCOVERY_RANGE': 'SUBNET', 'PWD': '/home/gbonham/turtlebot4_ws/build/lab3_pkg', 'XDG_DATA_DIRS': '/usr/local/share/:/usr/share/:/var/lib/snapd/desktop', 'VIRTUAL_ENV_DISABLE_PROMPT': '12', 'PYTHONPATH': '/home/gbonham/turtlebot4_ws/build/lab3_pkg/prefix_override:/usr/lib/python3/dist-packages/colcon_core/task/python/colcon_distutils_commands:/home/gbonham/turtlebot4_ws/install/lab3_pkg/lib/python3.12/site-packages:/home/gbonham/turtlebot4_ws/install/custom_interfaces/lib/python3.12/site-packages:/home/gbonham/turtlebot4_ws/install/lab5_pkg/lib/python3.12/site-packages:/home/gbonham/turtlebot4_ws/install/lab3_pkg/lib/python3.12/site-packages:/home/gbonham/turtlebot4_ws/install/lab2_pkg/lib/python3.12/site-packages:/home/gbonham/turtlebot4_ws/install/lab1_pkg/lib/python3.12/site-packages:/home/gbonham/turtlebot4_ws/install/final/lib/python3.12/site-packages:/opt/ros/jazzy/lib/python3.12/site-packages', 'COLCON': '1', 'VTE_VERSION': '7600', 'MEMORY_PRESSURE_WRITE': 'c29tZSAyMDAwMDAgMjAwMDAwMAA=', 'CMAKE_PREFIX_PATH': '/home/gbonham/turtlebot4_ws/install/custom_interfaces:/home/gbonham/turtlebot4_ws/install/lab_bringup:/opt/ros/jazzy/opt/gz_sim_vendor:/opt/ros/jazzy/opt/gz_sensors_vendor:/opt/ros/jazzy/opt/gz_physics_vendor:/opt/ros/jazzy/opt/sdformat_vendor:/opt/ros/jazzy/opt/gz_gui_vendor:/opt/ros/jazzy/opt/gz_transport_vendor:/opt/ros/jazzy/opt/gz_rendering_vendor:/opt/ros/jazzy/opt/gz_plugin_vendor:/opt/ros/jazzy/opt/gz_fuel_tools_vendor:/opt/ros/jazzy/opt/gz_msgs_vendor:/opt/ros/jazzy/opt/gz_common_vendor:/opt/ros/jazzy/opt/gz_math_vendor:/opt/ros/jazzy/opt/gz_utils_vendor:/opt/ros/jazzy/opt/gz_tools_vendor:/opt/ros/jazzy/opt/gz_ogre_next_vendor:/opt/ros/jazzy/opt/gz_dartsim_vendor:/opt/ros/jazzy/opt/gz_cmake_vendor'}, 'shell': False}
[2.054339] (lab5_pkg) Command: {'cmd': ['/usr/bin/python3', '-W', 'ignore:setup.py install is deprecated', '-W', 'ignore:easy_install command is deprecated', 'setup.py', 'egg_info', '--egg-base', '../../build/lab5_pkg', 'build', '--build-base', '/home/gbonham/turtlebot4_ws/build/lab5_pkg/build', 'install', '--record', '/home/gbonham/turtlebot4_ws/build/lab5_pkg/install.log', '--single-version-externally-managed', 'install_data'], 'cwd': '/home/gbonham/turtlebot4_ws/src/lab5_pkg', 'env': {'USER': 'gbonham', 'GZ_SIM_RESOURCE_PATH': '/opt/ros/jazzy/share', 'GZ_CONFIG_PATH': '/opt/ros/jazzy/opt/gz_sim_vendor/share/gz:/opt/ros/jazzy/opt/sdformat_vendor/share/gz:/opt/ros/jazzy/opt/gz_gui_vendor/share/gz:/opt/ros/jazzy/opt/gz_transport_vendor/share/gz:/opt/ros/jazzy/opt/gz_rendering_vendor/share/gz:/opt/ros/jazzy/opt/gz_plugin_vendor/share/gz:/opt/ros/jazzy/opt/gz_fuel_tools_vendor/share/gz:/opt/ros/jazzy/opt/gz_msgs_vendor/share/gz:/opt/ros/jazzy/opt/gz_common_vendor/share/gz', 'XDG_SESSION_TYPE': 'wayland', 'CLUTTER_DISABLE_MIPMAPPED_TEXT': '1', 'SHLVL': '1', 'LD_LIBRARY_PATH': '/home/gbonham/turtlebot4_ws/install/custom_interfaces/lib:/opt/ros/jazzy/opt/gz_sim_vendor/lib:/opt/ros/jazzy/opt/gz_sensors_vendor/lib:/opt/ros/jazzy/opt/gz_physics_vendor/lib:/opt/ros/jazzy/opt/sdformat_vendor/lib:/opt/ros/jazzy/opt/rviz_ogre_vendor/lib:/opt/ros/jazzy/lib/x86_64-linux-gnu:/opt/ros/jazzy/opt/gz_gui_vendor/lib:/opt/ros/jazzy/opt/gz_transport_vendor/lib:/opt/ros/jazzy/opt/gz_rendering_vendor/lib:/opt/ros/jazzy/opt/gz_plugin_vendor/lib:/opt/ros/jazzy/opt/gz_fuel_tools_vendor/lib:/opt/ros/jazzy/opt/gz_msgs_vendor/lib:/opt/ros/jazzy/opt/gz_common_vendor/lib:/opt/ros/jazzy/opt/gz_math_vendor/lib:/opt/ros/jazzy/opt/gz_utils_vendor/lib:/opt/ros/jazzy/opt/gz_tools_vendor/lib:/opt/ros/jazzy/opt/gz_ogre_next_vendor/lib:/opt/ros/jazzy/opt/gz_dartsim_vendor/lib:/opt/ros/jazzy/opt/gz_cmake_vendor/lib:/opt/ros/jazzy/lib', 'OLDPWD': '/home/gbonham', 'HOME': '/home/gbonham', 'DESKTOP_SESSION': 'ubuntu', 'GTK_MODULES': 'gail:atk-bridge', 'GNOME_SHELL_SESSION_MODE': 'ubuntu', 'ROS_PYTHON_VERSION': '3', 'SYSTEMD_EXEC_PID': '29388', 'DBUS_SESSION_BUS_ADDRESS': 'unix:path=/run/user/481853705/bus', 'GSM_SKIP_SSH_AGENT_WORKAROUND': 'true', 'COLORTERM': 'truecolor', 'CONDA_CHANGEPS1': 'no', 'WAYLAND_DISPLAY': 'wayland-0', 'ROS_DISTRO': 'jazzy', 'COLCON_PREFIX_PATH': '/home/gbonham/turtlebot4_ws/install', 'LOGNAME': 'gbonham', '_': '/usr/bin/colcon', 'MEMORY_PRESSURE_WATCH': '/sys/fs/cgroup/user.slice/user-481853705.slice/user@481853705.service/session.slice/org.gnome.Shell@wayland.service/memory.pressure', 'XDG_SESSION_CLASS': 'user', 'ROS_VERSION': '2', 'USERNAME': 'gbonham', 'TERM': 'xterm-256color', 'PROMPT_EOL_MARK': '', 'ROS_SUPER_CLIENT': 'True', 'GNOME_DESKTOP_SESSION_ID': 'this-is-deprecated', 'PATH': '/opt/ros/jazzy/opt/gz_msgs_vendor/bin:/opt/ros/jazzy/opt/gz_tools_vendor/bin:/opt/ros/jazzy/opt/gz_ogre_next_vendor/bin:/opt/ros/jazzy/bin:/usr/local/sbin:/usr/local/bin:/usr/sbin:/usr/bin:/sbin:/bin:/usr/games:/usr/local/games:/snap/bin:/snap/bin', 'SESSION_MANAGER': 'local/csci20121:@/tmp/.ICE-unix/29356,unix/csci20121:/tmp/.ICE-unix/29356', 'GNOME_TERMINAL_SCREEN': '/org/gnome/Terminal/screen/1a920a0f_e173_45d5_84d1_08745e1c9bf0', 'XDG_MENU_PREFIX': 'gnome-', 'GNOME_SETUP_DISPLAY': ':1', 'XDG_RUNTIME_DIR': '/run/user/481853705', 'DISPLAY': ':0', 'XDG_CURRENT_DESKTOP': 'ubuntu:GNOME', 'LANG': 'en_US.UTF-8', 'RMW_IMPLEMENTATION': 'rmw_fastrtps_cpp', 'XDG_SESSION_DESKTOP': 'ubuntu', 'GNOME_TERMINAL_SERVICE': ':1.119', 'XMODIFIERS': '@im=ibus', 'XAUTHORITY': '/run/user/481853705/.mutter-Xwaylandauth.8MOAO3', 'SSH_AUTH_SOCK': '/run/user/481853705/keyring/ssh', 'AMENT_PREFIX_PATH': '/home/gbonham/turtlebot4_ws/install/lab_bringup:/home/gbonham/turtlebot4_ws/install/lab5_pkg:/home/gbonham/turtlebot4_ws/install/lab3_pkg:/home/gbonham/turtlebot4_ws/install/lab2_pkg:/home/gbonham/turtlebot4_ws/install/lab1_pkg:/home/gbonham/turtlebot4_ws/install/final:/home/gbonham/turtlebot4_ws/install/custom_interfaces:/opt/ros/jazzy', 'ROS_DOMAIN_ID': '0', 'KRB5CCNAME': 'FILE:/tmp/krb5cc_481853705_B2nlBa', 'SHELL': '/bin/zsh', 'ROS_DISCOVERY_SERVER': '10.5.113.101:11811', 'QT_ACCESSIBILITY': '1', 'GDMSESSION': 'ubuntu', 'QT_IM_MODULE': 'ibus', 'ROS_AUTOMATIC_DISCOVERY_RANGE': 'SUBNET', 'PWD': '/home/gbonham/turtlebot4_ws/build/lab5_pkg', 'XDG_DATA_DIRS': '/usr/local/share/:/usr/share/:/var/lib/snapd/desktop', 'VIRTUAL_ENV_DISABLE_PROMPT': '12', 'PYTHONPATH': '/home/gbonham/turtlebot4_ws/build/lab5_pkg/prefix_override:/usr/lib/python3/dist-packages/colcon_core/task/python/colcon_distutils_commands:/home/gbonham/turtlebot4_ws/install/lab5_pkg/lib/python3.12/site-packages:/home/gbonham/turtlebot4_ws/install/custom_interfaces/lib/python3.12/site-packages:/home/gbonham/turtlebot4_ws/install/lab5_pkg/lib/python3.12/site-packages:/home/gbonham/turtlebot4_ws/install/lab3_pkg/lib/python3.12/site-packages:/home/gbonham/turtlebot4_ws/install/lab2_pkg/lib/python3.12/site-packages:/home/gbonham/turtlebot4_ws/install/lab1_pkg/lib/python3.12/site-packages:/home/gbonham/turtlebot4_ws/install/final/lib/python3.12/site-packages:/opt/ros/jazzy/lib/python3.12/site-packages', 'COLCON': '1', 'VTE_VERSION': '7600', 'MEMORY_PRESSURE_WRITE': 'c29tZSAyMDAwMDAgMjAwMDAwMAA=', 'CMAKE_PREFIX_PATH': '/home/gbonham/turtlebot4_ws/install/custom_interfaces:/home/gbonham/turtlebot4_ws/install/lab_bringup:/opt/ros/jazzy/opt/gz_sim_vendor:/opt/ros/jazzy/opt/gz_sensors_vendor:/opt/ros/jazzy/opt/gz_physics_vendor:/opt/ros/jazzy/opt/sdformat_vendor:/opt/ros/jazzy/opt/gz_gui_vendor:/opt/ros/jazzy/opt/gz_transport_vendor:/opt/ros/jazzy/opt/gz_rendering_vendor:/opt/ros/jazzy/opt/gz_plugin_vendor:/opt/ros/jazzy/opt/gz_fuel_tools_vendor:/opt/ros/jazzy/opt/gz_msgs_vendor:/opt/ros/jazzy/opt/gz_common_vendor:/opt/ros/jazzy/opt/gz_math_vendor:/opt/ros/jazzy/opt/gz_utils_vendor:/opt/ros/jazzy/opt/gz_tools_vendor:/opt/ros/jazzy/opt/gz_ogre_next_vendor:/opt/ros/jazzy/opt/gz_dartsim_vendor:/opt/ros/jazzy/opt/gz_cmake_vendor'}, 'shell': False}
[2.065663] (lab2_pkg) StdoutLine: {'line': b'Installing SCOD script to /home/gbonham/turtlebot4_ws/install/lab2_pkg/lib/lab2_pkg\n'}
[2.065892] (lab2_pkg) StdoutLine: {'line': b"writing list of installed files to '/home/gbonham/turtlebot4_ws/build/lab2_pkg/install.log'\n"}
[2.074338] (lab1_pkg) StdoutLine: {'line': b'Installing speed_behavior_node script to /home/gbonham/turtlebot4_ws/install/lab1_pkg/lib/lab1_pkg\n'}
[2.074720] (lab1_pkg) StdoutLine: {'line': b"writing list of installed files to '/home/gbonham/turtlebot4_ws/build/lab1_pkg/install.log'\n"}
[2.090899] (final) StdoutLine: {'line': b'Installing color_vision script to /home/gbonham/turtlebot4_ws/install/final/lib/final\n'}
[2.091217] (final) StdoutLine: {'line': b'Installing get_obs script to /home/gbonham/turtlebot4_ws/install/final/lib/final\n'}
[2.091375] (final) StdoutLine: {'line': b'Installing go_to_goal script to /home/gbonham/turtlebot4_ws/install/final/lib/final\n'}
[2.091509] (final) StdoutLine: {'line': b'Installing goal_client script to /home/gbonham/turtlebot4_ws/install/final/lib/final\n'}
[2.091944] (final) StdoutLine: {'line': b"writing list of installed files to '/home/gbonham/turtlebot4_ws/build/final/install.log'\n"}
[2.097002] (lab2_pkg) CommandEnded: {'returncode': 0}
[2.103124] (-) TimerEvent: {}
[2.105818] (lab2_pkg) JobEnded: {'identifier': 'lab2_pkg', 'rc': 0}
[2.116927] (lab1_pkg) CommandEnded: {'returncode': 0}
[2.125062] (lab1_pkg) JobEnded: {'identifier': 'lab1_pkg', 'rc': 0}
[2.131106] (final) CommandEnded: {'returncode': 0}
[2.137692] (final) JobEnded: {'identifier': 'final', 'rc': 0}
[2.203233] (-) TimerEvent: {}
[2.303440] (-) TimerEvent: {}
[2.353149] (lab3_pkg) StdoutLine: {'line': b'running egg_info\n'}
[2.372314] (lab5_pkg) StdoutLine: {'line': b'running egg_info\n'}
[2.376964] (lab3_pkg) StdoutLine: {'line': b'writing ../../build/lab3_pkg/lab3_pkg.egg-info/PKG-INFO\n'}
[2.377170] (lab3_pkg) StdoutLine: {'line': b'writing dependency_links to ../../build/lab3_pkg/lab3_pkg.egg-info/dependency_links.txt\n'}
[2.377364] (lab3_pkg) StdoutLine: {'line': b'writing entry points to ../../build/lab3_pkg/lab3_pkg.egg-info/entry_points.txt\n'}
[2.377540] (lab3_pkg) StdoutLine: {'line': b'writing requirements to ../../build/lab3_pkg/lab3_pkg.egg-info/requires.txt\n'}
[2.377714] (lab3_pkg) StdoutLine: {'line': b'writing top-level names to ../../build/lab3_pkg/lab3_pkg.egg-info/top_level.txt\n'}
[2.397121] (lab5_pkg) StdoutLine: {'line': b'writing ../../build/lab5_pkg/lab5_pkg.egg-info/PKG-INFO\n'}
[2.397253] (lab5_pkg) StdoutLine: {'line': b'writing dependency_links to ../../build/lab5_pkg/lab5_pkg.egg-info/dependency_links.txt\n'}
[2.397555] (lab5_pkg) StdoutLine: {'line': b'writing entry points to ../../build/lab5_pkg/lab5_pkg.egg-info/entry_points.txt\n'}
[2.397715] (lab5_pkg) StdoutLine: {'line': b'writing requirements to ../../build/lab5_pkg/lab5_pkg.egg-info/requires.txt\n'}
[2.397874] (lab5_pkg) StdoutLine: {'line': b'writing top-level names to ../../build/lab5_pkg/lab5_pkg.egg-info/top_level.txt\n'}
[2.403517] (-) TimerEvent: {}
[2.427006] (lab3_pkg) StdoutLine: {'line': b"reading manifest file '../../build/lab3_pkg/lab3_pkg.egg-info/SOURCES.txt'\n"}
[2.427593] (lab3_pkg) StdoutLine: {'line': b"writing manifest file '../../build/lab3_pkg/lab3_pkg.egg-info/SOURCES.txt'\n"}
[2.427775] (lab3_pkg) StdoutLine: {'line': b'running build\n'}
[2.427870] (lab3_pkg) StdoutLine: {'line': b'running build_py\n'}
[2.428045] (lab3_pkg) StdoutLine: {'line': b'running install\n'}
[2.433027] (lab3_pkg) StdoutLine: {'line': b'running install_lib\n'}
[2.446890] (lab5_pkg) StdoutLine: {'line': b"reading manifest file '../../build/lab5_pkg/lab5_pkg.egg-info/SOURCES.txt'\n"}
[2.447487] (lab5_pkg) StdoutLine: {'line': b"writing manifest file '../../build/lab5_pkg/lab5_pkg.egg-info/SOURCES.txt'\n"}
[2.447659] (lab5_pkg) StdoutLine: {'line': b'running build\n'}
[2.447759] (lab5_pkg) StdoutLine: {'line': b'running build_py\n'}
[2.447975] (lab5_pkg) StdoutLine: {'line': b'running install\n'}
[2.453570] (lab5_pkg) StdoutLine: {'line': b'running install_lib\n'}
[2.457584] (lab3_pkg) StdoutLine: {'line': b'running install_data\n'}
[2.457748] (lab3_pkg) StdoutLine: {'line': b'running install_egg_info\n'}
[2.478678] (lab5_pkg) StdoutLine: {'line': b'running install_data\n'}
[2.478852] (lab5_pkg) StdoutLine: {'line': b'running install_egg_info\n'}
[2.482570] (lab3_pkg) StdoutLine: {'line': b"removing '/home/gbonham/turtlebot4_ws/install/lab3_pkg/lib/python3.12/site-packages/lab3_pkg-0.0.0-py3.12.egg-info' (and everything under it)\n"}
[2.482832] (lab3_pkg) StdoutLine: {'line': b'Copying ../../build/lab3_pkg/lab3_pkg.egg-info to /home/gbonham/turtlebot4_ws/install/lab3_pkg/lib/python3.12/site-packages/lab3_pkg-0.0.0-py3.12.egg-info\n'}
[2.486574] (lab3_pkg) StdoutLine: {'line': b'running install_scripts\n'}
[2.503619] (-) TimerEvent: {}
[2.506470] (lab5_pkg) StdoutLine: {'line': b"removing '/home/gbonham/turtlebot4_ws/install/lab5_pkg/lib/python3.12/site-packages/lab5_pkg-0.0.0-py3.12.egg-info' (and everything under it)\n"}
[2.506679] (lab5_pkg) StdoutLine: {'line': b'Copying ../../build/lab5_pkg/lab5_pkg.egg-info to /home/gbonham/turtlebot4_ws/install/lab5_pkg/lib/python3.12/site-packages/lab5_pkg-0.0.0-py3.12.egg-info\n'}
[2.508058] (lab5_pkg) StdoutLine: {'line': b'running install_scripts\n'}
[2.603730] (-) TimerEvent: {}
[2.646908] (lab3_pkg) StdoutLine: {'line': b'Installing SCOD_server script to /home/gbonham/turtlebot4_ws/install/lab3_pkg/lib/lab3_pkg\n'}
[2.647075] (lab3_pkg) StdoutLine: {'line': b'Installing set_cap_client_node script to /home/gbonham/turtlebot4_ws/install/lab3_pkg/lib/lab3_pkg\n'}
[2.647375] (lab3_pkg) StdoutLine: {'line': b"writing list of installed files to '/home/gbonham/turtlebot4_ws/build/lab3_pkg/install.log'\n"}
[2.665901] (lab3_pkg) CommandEnded: {'returncode': 0}
[2.666332] (lab5_pkg) StdoutLine: {'line': b'Installing go_to_goal_client script to /home/gbonham/turtlebot4_ws/install/lab5_pkg/lib/lab5_pkg\n'}
[2.666479] (lab5_pkg) StdoutLine: {'line': b'Installing go_to_goal_server script to /home/gbonham/turtlebot4_ws/install/lab5_pkg/lib/lab5_pkg\n'}
[2.666630] (lab5_pkg) StdoutLine: {'line': b"writing list of installed files to '/home/gbonham/turtlebot4_ws/build/lab5_pkg/install.log'\n"}
[2.672768] (lab3_pkg) JobEnded: {'identifier': 'lab3_pkg', 'rc': 0}
[2.674252] (lab_bringup) JobStarted: {'identifier': 'lab_bringup'}
[2.685140] (lab_bringup) JobProgress: {'identifier': 'lab_bringup', 'progress': 'cmake'}
[2.685866] (lab_bringup) JobProgress: {'identifier': 'lab_bringup', 'progress': 'build'}
[2.686097] (lab_bringup) Command: {'cmd': ['/usr/bin/cmake', '--build', '/home/gbonham/turtlebot4_ws/build/lab_bringup', '--', '-j16', '-l16'], 'cwd': '/home/gbonham/turtlebot4_ws/build/lab_bringup', 'env': OrderedDict({'USER': 'gbonham', 'GZ_SIM_RESOURCE_PATH': '/opt/ros/jazzy/share', 'GZ_CONFIG_PATH': '/opt/ros/jazzy/opt/gz_sim_vendor/share/gz:/opt/ros/jazzy/opt/sdformat_vendor/share/gz:/opt/ros/jazzy/opt/gz_gui_vendor/share/gz:/opt/ros/jazzy/opt/gz_transport_vendor/share/gz:/opt/ros/jazzy/opt/gz_rendering_vendor/share/gz:/opt/ros/jazzy/opt/gz_plugin_vendor/share/gz:/opt/ros/jazzy/opt/gz_fuel_tools_vendor/share/gz:/opt/ros/jazzy/opt/gz_msgs_vendor/share/gz:/opt/ros/jazzy/opt/gz_common_vendor/share/gz', 'XDG_SESSION_TYPE': 'wayland', 'CLUTTER_DISABLE_MIPMAPPED_TEXT': '1', 'SHLVL': '1', 'LD_LIBRARY_PATH': '/home/gbonham/turtlebot4_ws/install/custom_interfaces/lib:/opt/ros/jazzy/opt/gz_sim_vendor/lib:/opt/ros/jazzy/opt/gz_sensors_vendor/lib:/opt/ros/jazzy/opt/gz_physics_vendor/lib:/opt/ros/jazzy/opt/sdformat_vendor/lib:/opt/ros/jazzy/opt/rviz_ogre_vendor/lib:/opt/ros/jazzy/lib/x86_64-linux-gnu:/opt/ros/jazzy/opt/gz_gui_vendor/lib:/opt/ros/jazzy/opt/gz_transport_vendor/lib:/opt/ros/jazzy/opt/gz_rendering_vendor/lib:/opt/ros/jazzy/opt/gz_plugin_vendor/lib:/opt/ros/jazzy/opt/gz_fuel_tools_vendor/lib:/opt/ros/jazzy/opt/gz_msgs_vendor/lib:/opt/ros/jazzy/opt/gz_common_vendor/lib:/opt/ros/jazzy/opt/gz_math_vendor/lib:/opt/ros/jazzy/opt/gz_utils_vendor/lib:/opt/ros/jazzy/opt/gz_tools_vendor/lib:/opt/ros/jazzy/opt/gz_ogre_next_vendor/lib:/opt/ros/jazzy/opt/gz_dartsim_vendor/lib:/opt/ros/jazzy/opt/gz_cmake_vendor/lib:/opt/ros/jazzy/lib', 'OLDPWD': '/home/gbonham', 'HOME': '/home/gbonham', 'DESKTOP_SESSION': 'ubuntu', 'GTK_MODULES': 'gail:atk-bridge', 'GNOME_SHELL_SESSION_MODE': 'ubuntu', 'ROS_PYTHON_VERSION': '3', 'SYSTEMD_EXEC_PID': '29388', 'DBUS_SESSION_BUS_ADDRESS': 'unix:path=/run/user/481853705/bus', 'GSM_SKIP_SSH_AGENT_WORKAROUND': 'true', 'COLORTERM': 'truecolor', 'CONDA_CHANGEPS1': 'no', 'WAYLAND_DISPLAY': 'wayland-0', 'ROS_DISTRO': 'jazzy', 'COLCON_PREFIX_PATH': '/home/gbonham/turtlebot4_ws/install', 'LOGNAME': 'gbonham', '_': '/usr/bin/colcon', 'MEMORY_PRESSURE_WATCH': '/sys/fs/cgroup/user.slice/user-481853705.slice/user@481853705.service/session.slice/org.gnome.Shell@wayland.service/memory.pressure', 'XDG_SESSION_CLASS': 'user', 'ROS_VERSION': '2', 'USERNAME': 'gbonham', 'TERM': 'xterm-256color', 'PROMPT_EOL_MARK': '', 'ROS_SUPER_CLIENT': 'True', 'GNOME_DESKTOP_SESSION_ID': 'this-is-deprecated', 'PATH': '/opt/ros/jazzy/opt/gz_msgs_vendor/bin:/opt/ros/jazzy/opt/gz_tools_vendor/bin:/opt/ros/jazzy/opt/gz_ogre_next_vendor/bin:/opt/ros/jazzy/bin:/usr/local/sbin:/usr/local/bin:/usr/sbin:/usr/bin:/sbin:/bin:/usr/games:/usr/local/games:/snap/bin:/snap/bin', 'SESSION_MANAGER': 'local/csci20121:@/tmp/.ICE-unix/29356,unix/csci20121:/tmp/.ICE-unix/29356', 'GNOME_TERMINAL_SCREEN': '/org/gnome/Terminal/screen/1a920a0f_e173_45d5_84d1_08745e1c9bf0', 'XDG_MENU_PREFIX': 'gnome-', 'GNOME_SETUP_DISPLAY': ':1', 'XDG_RUNTIME_DIR': '/run/user/481853705', 'DISPLAY': ':0', 'XDG_CURRENT_DESKTOP': 'ubuntu:GNOME', 'LANG': 'en_US.UTF-8', 'RMW_IMPLEMENTATION': 'rmw_fastrtps_cpp', 'XDG_SESSION_DESKTOP': 'ubuntu', 'GNOME_TERMINAL_SERVICE': ':1.119', 'XMODIFIERS': '@im=ibus', 'XAUTHORITY': '/run/user/481853705/.mutter-Xwaylandauth.8MOAO3', 'SSH_AUTH_SOCK': '/run/user/481853705/keyring/ssh', 'AMENT_PREFIX_PATH': '/home/gbonham/turtlebot4_ws/install/lab3_pkg:/home/gbonham/turtlebot4_ws/install/lab_bringup:/home/gbonham/turtlebot4_ws/install/lab5_pkg:/home/gbonham/turtlebot4_ws/install/lab2_pkg:/home/gbonham/turtlebot4_ws/install/lab1_pkg:/home/gbonham/turtlebot4_ws/install/final:/home/gbonham/turtlebot4_ws/install/custom_interfaces:/opt/ros/jazzy', 'ROS_DOMAIN_ID': '0', 'KRB5CCNAME': 'FILE:/tmp/krb5cc_481853705_B2nlBa', 'SHELL': '/bin/zsh', 'ROS_DISCOVERY_SERVER': '10.5.113.101:11811', 'QT_ACCESSIBILITY': '1', 'GDMSESSION': 'ubuntu', 'QT_IM_MODULE': 'ibus', 'ROS_AUTOMATIC_DISCOVERY_RANGE': 'SUBNET', 'PWD': '/home/gbonham/turtlebot4_ws/build/lab_bringup', 'XDG_DATA_DIRS': '/usr/local/share/:/usr/share/:/var/lib/snapd/desktop', 'VIRTUAL_ENV_DISABLE_PROMPT': '12', 'PYTHONPATH': '/home/gbonham/turtlebot4_ws/install/lab3_pkg/lib/python3.12/site-packages:/home/gbonham/turtlebot4_ws/install/custom_interfaces/lib/python3.12/site-packages:/home/gbonham/turtlebot4_ws/install/lab5_pkg/lib/python3.12/site-packages:/home/gbonham/turtlebot4_ws/install/lab2_pkg/lib/python3.12/site-packages:/home/gbonham/turtlebot4_ws/install/lab1_pkg/lib/python3.12/site-packages:/home/gbonham/turtlebot4_ws/install/final/lib/python3.12/site-packages:/opt/ros/jazzy/lib/python3.12/site-packages', 'COLCON': '1', 'VTE_VERSION': '7600', 'MEMORY_PRESSURE_WRITE': 'c29tZSAyMDAwMDAgMjAwMDAwMAA=', 'CMAKE_PREFIX_PATH': '/home/gbonham/turtlebot4_ws/install/custom_interfaces:/home/gbonham/turtlebot4_ws/install/lab_bringup:/opt/ros/jazzy/opt/gz_sim_vendor:/opt/ros/jazzy/opt/gz_sensors_vendor:/opt/ros/jazzy/opt/gz_physics_vendor:/opt/ros/jazzy/opt/sdformat_vendor:/opt/ros/jazzy/opt/gz_gui_vendor:/opt/ros/jazzy/opt/gz_transport_vendor:/opt/ros/jazzy/opt/gz_rendering_vendor:/opt/ros/jazzy/opt/gz_plugin_vendor:/opt/ros/jazzy/opt/gz_fuel_tools_vendor:/opt/ros/jazzy/opt/gz_msgs_vendor:/opt/ros/jazzy/opt/gz_common_vendor:/opt/ros/jazzy/opt/gz_math_vendor:/opt/ros/jazzy/opt/gz_utils_vendor:/opt/ros/jazzy/opt/gz_tools_vendor:/opt/ros/jazzy/opt/gz_ogre_next_vendor:/opt/ros/jazzy/opt/gz_dartsim_vendor:/opt/ros/jazzy/opt/gz_cmake_vendor:/home/gbonham/turtlebot4_ws/install/lab5_pkg:/home/gbonham/turtlebot4_ws/install/lab3_pkg:/home/gbonham/turtlebot4_ws/install/lab2_pkg:/home/gbonham/turtlebot4_ws/install/lab1_pkg:/home/gbonham/turtlebot4_ws/install/final:/opt/ros/jazzy'}), 'shell': False}
[2.703827] (-) TimerEvent: {}
[2.707537] (lab5_pkg) CommandEnded: {'returncode': 0}
[2.713526] (lab5_pkg) JobEnded: {'identifier': 'lab5_pkg', 'rc': 0}
[2.727040] (lab_bringup) CommandEnded: {'returncode': 0}
[2.727546] (lab_bringup) JobProgress: {'identifier': 'lab_bringup', 'progress': 'install'}
[2.727837] (lab_bringup) Command: {'cmd': ['/usr/bin/cmake', '--install', '/home/gbonham/turtlebot4_ws/build/lab_bringup'], 'cwd': '/home/gbonham/turtlebot4_ws/build/lab_bringup', 'env': OrderedDict({'USER': 'gbonham', 'GZ_SIM_RESOURCE_PATH': '/opt/ros/jazzy/share', 'GZ_CONFIG_PATH': '/opt/ros/jazzy/opt/gz_sim_vendor/share/gz:/opt/ros/jazzy/opt/sdformat_vendor/share/gz:/opt/ros/jazzy/opt/gz_gui_vendor/share/gz:/opt/ros/jazzy/opt/gz_transport_vendor/share/gz:/opt/ros/jazzy/opt/gz_rendering_vendor/share/gz:/opt/ros/jazzy/opt/gz_plugin_vendor/share/gz:/opt/ros/jazzy/opt/gz_fuel_tools_vendor/share/gz:/opt/ros/jazzy/opt/gz_msgs_vendor/share/gz:/opt/ros/jazzy/opt/gz_common_vendor/share/gz', 'XDG_SESSION_TYPE': 'wayland', 'CLUTTER_DISABLE_MIPMAPPED_TEXT': '1', 'SHLVL': '1', 'LD_LIBRARY_PATH': '/home/gbonham/turtlebot4_ws/install/custom_interfaces/lib:/opt/ros/jazzy/opt/gz_sim_vendor/lib:/opt/ros/jazzy/opt/gz_sensors_vendor/lib:/opt/ros/jazzy/opt/gz_physics_vendor/lib:/opt/ros/jazzy/opt/sdformat_vendor/lib:/opt/ros/jazzy/opt/rviz_ogre_vendor/lib:/opt/ros/jazzy/lib/x86_64-linux-gnu:/opt/ros/jazzy/opt/gz_gui_vendor/lib:/opt/ros/jazzy/opt/gz_transport_vendor/lib:/opt/ros/jazzy/opt/gz_rendering_vendor/lib:/opt/ros/jazzy/opt/gz_plugin_vendor/lib:/opt/ros/jazzy/opt/gz_fuel_tools_vendor/lib:/opt/ros/jazzy/opt/gz_msgs_vendor/lib:/opt/ros/jazzy/opt/gz_common_vendor/lib:/opt/ros/jazzy/opt/gz_math_vendor/lib:/opt/ros/jazzy/opt/gz_utils_vendor/lib:/opt/ros/jazzy/opt/gz_tools_vendor/lib:/opt/ros/jazzy/opt/gz_ogre_next_vendor/lib:/opt/ros/jazzy/opt/gz_dartsim_vendor/lib:/opt/ros/jazzy/opt/gz_cmake_vendor/lib:/opt/ros/jazzy/lib', 'OLDPWD': '/home/gbonham', 'HOME': '/home/gbonham', 'DESKTOP_SESSION': 'ubuntu', 'GTK_MODULES': 'gail:atk-bridge', 'GNOME_SHELL_SESSION_MODE': 'ubuntu', 'ROS_PYTHON_VERSION': '3', 'SYSTEMD_EXEC_PID': '29388', 'DBUS_SESSION_BUS_ADDRESS': 'unix:path=/run/user/481853705/bus', 'GSM_SKIP_SSH_AGENT_WORKAROUND': 'true', 'COLORTERM': 'truecolor', 'CONDA_CHANGEPS1': 'no', 'WAYLAND_DISPLAY': 'wayland-0', 'ROS_DISTRO': 'jazzy', 'COLCON_PREFIX_PATH': '/home/gbonham/turtlebot4_ws/install', 'LOGNAME': 'gbonham', '_': '/usr/bin/colcon', 'MEMORY_PRESSURE_WATCH': '/sys/fs/cgroup/user.slice/user-481853705.slice/user@481853705.service/session.slice/org.gnome.Shell@wayland.service/memory.pressure', 'XDG_SESSION_CLASS': 'user', 'ROS_VERSION': '2', 'USERNAME': 'gbonham', 'TERM': 'xterm-256color', 'PROMPT_EOL_MARK': '', 'ROS_SUPER_CLIENT': 'True', 'GNOME_DESKTOP_SESSION_ID': 'this-is-deprecated', 'PATH': '/opt/ros/jazzy/opt/gz_msgs_vendor/bin:/opt/ros/jazzy/opt/gz_tools_vendor/bin:/opt/ros/jazzy/opt/gz_ogre_next_vendor/bin:/opt/ros/jazzy/bin:/usr/local/sbin:/usr/local/bin:/usr/sbin:/usr/bin:/sbin:/bin:/usr/games:/usr/local/games:/snap/bin:/snap/bin', 'SESSION_MANAGER': 'local/csci20121:@/tmp/.ICE-unix/29356,unix/csci20121:/tmp/.ICE-unix/29356', 'GNOME_TERMINAL_SCREEN': '/org/gnome/Terminal/screen/1a920a0f_e173_45d5_84d1_08745e1c9bf0', 'XDG_MENU_PREFIX': 'gnome-', 'GNOME_SETUP_DISPLAY': ':1', 'XDG_RUNTIME_DIR': '/run/user/481853705', 'DISPLAY': ':0', 'XDG_CURRENT_DESKTOP': 'ubuntu:GNOME', 'LANG': 'en_US.UTF-8', 'RMW_IMPLEMENTATION': 'rmw_fastrtps_cpp', 'XDG_SESSION_DESKTOP': 'ubuntu', 'GNOME_TERMINAL_SERVICE': ':1.119', 'XMODIFIERS': '@im=ibus', 'XAUTHORITY': '/run/user/481853705/.mutter-Xwaylandauth.8MOAO3', 'SSH_AUTH_SOCK': '/run/user/481853705/keyring/ssh', 'AMENT_PREFIX_PATH': '/home/gbonham/turtlebot4_ws/install/lab3_pkg:/home/gbonham/turtlebot4_ws/install/lab_bringup:/home/gbonham/turtlebot4_ws/install/lab5_pkg:/home/gbonham/turtlebot4_ws/install/lab2_pkg:/home/gbonham/turtlebot4_ws/install/lab1_pkg:/home/gbonham/turtlebot4_ws/install/final:/home/gbonham/turtlebot4_ws/install/custom_interfaces:/opt/ros/jazzy', 'ROS_DOMAIN_ID': '0', 'KRB5CCNAME': 'FILE:/tmp/krb5cc_481853705_B2nlBa', 'SHELL': '/bin/zsh', 'ROS_DISCOVERY_SERVER': '10.5.113.101:11811', 'QT_ACCESSIBILITY': '1', 'GDMSESSION': 'ubuntu', 'QT_IM_MODULE': 'ibus', 'ROS_AUTOMATIC_DISCOVERY_RANGE': 'SUBNET', 'PWD': '/home/gbonham/turtlebot4_ws/build/lab_bringup', 'XDG_DATA_DIRS': '/usr/local/share/:/usr/share/:/var/lib/snapd/desktop', 'VIRTUAL_ENV_DISABLE_PROMPT': '12', 'PYTHONPATH': '/home/gbonham/turtlebot4_ws/install/lab3_pkg/lib/python3.12/site-packages:/home/gbonham/turtlebot4_ws/install/custom_interfaces/lib/python3.12/site-packages:/home/gbonham/turtlebot4_ws/install/lab5_pkg/lib/python3.12/site-packages:/home/gbonham/turtlebot4_ws/install/lab2_pkg/lib/python3.12/site-packages:/home/gbonham/turtlebot4_ws/install/lab1_pkg/lib/python3.12/site-packages:/home/gbonham/turtlebot4_ws/install/final/lib/python3.12/site-packages:/opt/ros/jazzy/lib/python3.12/site-packages', 'COLCON': '1', 'VTE_VERSION': '7600', 'MEMORY_PRESSURE_WRITE': 'c29tZSAyMDAwMDAgMjAwMDAwMAA=', 'CMAKE_PREFIX_PATH': '/home/gbonham/turtlebot4_ws/install/custom_interfaces:/home/gbonham/turtlebot4_ws/install/lab_bringup:/opt/ros/jazzy/opt/gz_sim_vendor:/opt/ros/jazzy/opt/gz_sensors_vendor:/opt/ros/jazzy/opt/gz_physics_vendor:/opt/ros/jazzy/opt/sdformat_vendor:/opt/ros/jazzy/opt/gz_gui_vendor:/opt/ros/jazzy/opt/gz_transport_vendor:/opt/ros/jazzy/opt/gz_rendering_vendor:/opt/ros/jazzy/opt/gz_plugin_vendor:/opt/ros/jazzy/opt/gz_fuel_tools_vendor:/opt/ros/jazzy/opt/gz_msgs_vendor:/opt/ros/jazzy/opt/gz_common_vendor:/opt/ros/jazzy/opt/gz_math_vendor:/opt/ros/jazzy/opt/gz_utils_vendor:/opt/ros/jazzy/opt/gz_tools_vendor:/opt/ros/jazzy/opt/gz_ogre_next_vendor:/opt/ros/jazzy/opt/gz_dartsim_vendor:/opt/ros/jazzy/opt/gz_cmake_vendor:/home/gbonham/turtlebot4_ws/install/lab5_pkg:/home/gbonham/turtlebot4_ws/install/lab3_pkg:/home/gbonham/turtlebot4_ws/install/lab2_pkg:/home/gbonham/turtlebot4_ws/install/lab1_pkg:/home/gbonham/turtlebot4_ws/install/final:/opt/ros/jazzy'}), 'shell': False}
[2.735294] (lab_bringup) StdoutLine: {'line': b'-- Install configuration: ""\n'}
[2.735515] (lab_bringup) StdoutLine: {'line': b'-- Up-to-date: /home/gbonham/turtlebot4_ws/install/lab_bringup/share/lab_bringup//launch\n'}
[2.735675] (lab_bringup) StdoutLine: {'line': b'-- Up-to-date: /home/gbonham/turtlebot4_ws/install/lab_bringup/share/lab_bringup//launch/lab4.launch.xml\n'}
[2.735780] (lab_bringup) StdoutLine: {'line': b'-- Up-to-date: /home/gbonham/turtlebot4_ws/install/lab_bringup/share/lab_bringup//launch/lab3.launch.xml\n'}
[2.735880] (lab_bringup) StdoutLine: {'line': b'-- Up-to-date: /home/gbonham/turtlebot4_ws/install/lab_bringup/share/ament_index/resource_index/package_run_dependencies/lab_bringup\n'}
[2.735958] (lab_bringup) StdoutLine: {'line': b'-- Up-to-date: /home/gbonham/turtlebot4_ws/install/lab_bringup/share/ament_index/resource_index/parent_prefix_path/lab_bringup\n'}
[2.736069] (lab_bringup) StdoutLine: {'line': b'-- Up-to-date: /home/gbonham/turtlebot4_ws/install/lab_bringup/share/lab_bringup/environment/ament_prefix_path.sh\n'}
[2.736189] (lab_bringup) StdoutLine: {'line': b'-- Up-to-date: /home/gbonham/turtlebot4_ws/install/lab_bringup/share/lab_bringup/environment/ament_prefix_path.dsv\n'}
[2.736282] (lab_bringup) StdoutLine: {'line': b'-- Up-to-date: /home/gbonham/turtlebot4_ws/install/lab_bringup/share/lab_bringup/environment/path.sh\n'}
[2.736354] (lab_bringup) StdoutLine: {'line': b'-- Up-to-date: /home/gbonham/turtlebot4_ws/install/lab_bringup/share/lab_bringup/environment/path.dsv\n'}
[2.736422] (lab_bringup) StdoutLine: {'line': b'-- Up-to-date: /home/gbonham/turtlebot4_ws/install/lab_bringup/share/lab_bringup/local_setup.bash\n'}
[2.736498] (lab_bringup) StdoutLine: {'line': b'-- Up-to-date: /home/gbonham/turtlebot4_ws/install/lab_bringup/share/lab_bringup/local_setup.sh\n'}
[2.736571] (lab_bringup) StdoutLine: {'line': b'-- Up-to-date: /home/gbonham/turtlebot4_ws/install/lab_bringup/share/lab_bringup/local_setup.zsh\n'}
[2.736644] (lab_bringup) StdoutLine: {'line': b'-- Up-to-date: /home/gbonham/turtlebot4_ws/install/lab_bringup/share/lab_bringup/local_setup.dsv\n'}
[2.736712] (lab_bringup) StdoutLine: {'line': b'-- Installing: /home/gbonham/turtlebot4_ws/install/lab_bringup/share/lab_bringup/package.dsv\n'}
[2.736784] (lab_bringup) StdoutLine: {'line': b'-- Up-to-date: /home/gbonham/turtlebot4_ws/install/lab_bringup/share/ament_index/resource_index/packages/lab_bringup\n'}
[2.736852] (lab_bringup) StdoutLine: {'line': b'-- Up-to-date: /home/gbonham/turtlebot4_ws/install/lab_bringup/share/lab_bringup/cmake/lab_bringupConfig.cmake\n'}
[2.736919] (lab_bringup) StdoutLine: {'line': b'-- Up-to-date: /home/gbonham/turtlebot4_ws/install/lab_bringup/share/lab_bringup/cmake/lab_bringupConfig-version.cmake\n'}
[2.736989] (lab_bringup) StdoutLine: {'line': b'-- Up-to-date: /home/gbonham/turtlebot4_ws/install/lab_bringup/share/lab_bringup/package.xml\n'}
[2.738978] (lab_bringup) CommandEnded: {'returncode': 0}
[2.793078] (lab_bringup) JobEnded: {'identifier': 'lab_bringup', 'rc': 0}
[2.793883] (-) EventReactorShutdown: {}
