[0.000000] (-) TimerEvent: {}
[0.000173] (custom_interfaces) JobQueued: {'identifier': 'custom_interfaces', 'dependencies': OrderedDict()}
[0.000363] (lab1_pkg) JobQueued: {'identifier': 'lab1_pkg', 'dependencies': OrderedDict()}
[0.000458] (lab2_pkg) JobQueued: {'identifier': 'lab2_pkg', 'dependencies': OrderedDict()}
[0.000563] (final) JobQueued: {'identifier': 'final', 'dependencies': OrderedDict({'custom_interfaces': '/home/cnutter/turtlebot4_ws/install/custom_interfaces'})}
[0.000598] (lab3_pkg) JobQueued: {'identifier': 'lab3_pkg', 'dependencies': OrderedDict({'custom_interfaces': '/home/cnutter/turtlebot4_ws/install/custom_interfaces'})}
[0.000628] (lab5_pkg) JobQueued: {'identifier': 'lab5_pkg', 'dependencies': OrderedDict({'custom_interfaces': '/home/cnutter/turtlebot4_ws/install/custom_interfaces'})}
[0.000666] (final_bringup) JobQueued: {'identifier': 'final_bringup', 'dependencies': OrderedDict({'custom_interfaces': '/home/cnutter/turtlebot4_ws/install/custom_interfaces', 'final': '/home/cnutter/turtlebot4_ws/install/final', 'lab3_pkg': '/home/cnutter/turtlebot4_ws/install/lab3_pkg'})}
[0.000698] (lab_bringup) JobQueued: {'identifier': 'lab_bringup', 'dependencies': OrderedDict({'custom_interfaces': '/home/cnutter/turtlebot4_ws/install/custom_interfaces', 'lab3_pkg': '/home/cnutter/turtlebot4_ws/install/lab3_pkg'})}
[0.000728] (custom_interfaces) JobStarted: {'identifier': 'custom_interfaces'}
[0.007014] (lab1_pkg) JobStarted: {'identifier': 'lab1_pkg'}
[0.012797] (lab2_pkg) JobStarted: {'identifier': 'lab2_pkg'}
[0.020899] (custom_interfaces) JobProgress: {'identifier': 'custom_interfaces', 'progress': 'cmake'}
[0.021716] (custom_interfaces) JobProgress: {'identifier': 'custom_interfaces', 'progress': 'build'}
[0.022324] (custom_interfaces) Command: {'cmd': ['/usr/bin/cmake', '--build', '/home/cnutter/turtlebot4_ws/build/custom_interfaces', '--', '-j16', '-l16'], 'cwd': '/home/cnutter/turtlebot4_ws/build/custom_interfaces', 'env': OrderedDict({'USER': 'cnutter@plu.edu', 'GZ_SIM_RESOURCE_PATH': '/opt/ros/jazzy/share', 'GZ_CONFIG_PATH': '/opt/ros/jazzy/opt/gz_sim_vendor/share/gz:/opt/ros/jazzy/opt/sdformat_vendor/share/gz:/opt/ros/jazzy/opt/gz_gui_vendor/share/gz:/opt/ros/jazzy/opt/gz_transport_vendor/share/gz:/opt/ros/jazzy/opt/gz_rendering_vendor/share/gz:/opt/ros/jazzy/opt/gz_plugin_vendor/share/gz:/opt/ros/jazzy/opt/gz_fuel_tools_vendor/share/gz:/opt/ros/jazzy/opt/gz_msgs_vendor/share/gz:/opt/ros/jazzy/opt/gz_common_vendor/share/gz', 'XDG_SESSION_TYPE': 'wayland', 'CLUTTER_DISABLE_MIPMAPPED_TEXT': '1', 'SHLVL': '1', 'LD_LIBRARY_PATH': '/home/cnutter/turtlebot4_ws/install/custom_interfaces/lib:/opt/ros/jazzy/opt/gz_sim_vendor/lib:/opt/ros/jazzy/opt/gz_sensors_vendor/lib:/opt/ros/jazzy/opt/gz_physics_vendor/lib:/opt/ros/jazzy/opt/sdformat_vendor/lib:/opt/ros/jazzy/opt/rviz_ogre_vendor/lib:/opt/ros/jazzy/lib/x86_64-linux-gnu:/opt/ros/jazzy/opt/gz_gui_vendor/lib:/opt/ros/jazzy/opt/gz_transport_vendor/lib:/opt/ros/jazzy/opt/gz_rendering_vendor/lib:/opt/ros/jazzy/opt/gz_plugin_vendor/lib:/opt/ros/jazzy/opt/gz_fuel_tools_vendor/lib:/opt/ros/jazzy/opt/gz_msgs_vendor/lib:/opt/ros/jazzy/opt/gz_common_vendor/lib:/opt/ros/jazzy/opt/gz_math_vendor/lib:/opt/ros/jazzy/opt/gz_utils_vendor/lib:/opt/ros/jazzy/opt/gz_tools_vendor/lib:/opt/ros/jazzy/opt/gz_ogre_next_vendor/lib:/opt/ros/jazzy/opt/gz_dartsim_vendor/lib:/opt/ros/jazzy/opt/gz_cmake_vendor/lib:/opt/ros/jazzy/lib', 'OLDPWD': '/home/cnutter', 'HOME': '/home/cnutter', 'DESKTOP_SESSION': 'ubuntu', 'GTK_MODULES': 'gail:atk-bridge', 'GNOME_SHELL_SESSION_MODE': 'ubuntu', 'ROS_PYTHON_VERSION': '3', 'SYSTEMD_EXEC_PID': '28407', 'DBUS_SESSION_BUS_ADDRESS': 'unix:path=/run/user/481847517/bus', 'GSM_SKIP_SSH_AGENT_WORKAROUND': 'true', 'COLORTERM': 'truecolor', 'CONDA_CHANGEPS1': 'no', 'WAYLAND_DISPLAY': 'wayland-0', 'ROS_DISTRO': 'jazzy', 'COLCON_PREFIX_PATH': '/home/cnutter/turtlebot4_ws/install', 'LOGNAME': 'cnutter@plu.edu', '_': '/usr/bin/colcon', 'MEMORY_PRESSURE_WATCH': '/sys/fs/cgroup/user.slice/user-481847517.slice/user@481847517.service/session.slice/org.gnome.Shell@wayland.service/memory.pressure', 'XDG_SESSION_CLASS': 'user', 'ROS_VERSION': '2', 'USERNAME': 'cnutter@plu.edu', 'TERM': 'xterm-256color', 'PROMPT_EOL_MARK': '', 'ROS_SUPER_CLIENT': 'True', 'GNOME_DESKTOP_SESSION_ID': 'this-is-deprecated', 'PATH': '/opt/ros/jazzy/opt/gz_msgs_vendor/bin:/opt/ros/jazzy/opt/gz_tools_vendor/bin:/opt/ros/jazzy/opt/gz_ogre_next_vendor/bin:/opt/ros/jazzy/bin:/usr/local/sbin:/usr/local/bin:/usr/sbin:/usr/bin:/sbin:/bin:/usr/games:/usr/local/games:/snap/bin:/snap/bin', 'SESSION_MANAGER': 'local/csci20122:@/tmp/.ICE-unix/28375,unix/csci20122:/tmp/.ICE-unix/28375', 'GNOME_TERMINAL_SCREEN': '/org/gnome/Terminal/screen/d1815c0c_3a98_4119_8e51_c4952ecb9ec0', 'XDG_MENU_PREFIX': 'gnome-', 'GNOME_SETUP_DISPLAY': ':1', 'XDG_RUNTIME_DIR': '/run/user/481847517', 'DISPLAY': ':0', 'XDG_CURRENT_DESKTOP': 'ubuntu:GNOME', 'LANG': 'en_US.UTF-8', 'RMW_IMPLEMENTATION': 'rmw_fastrtps_cpp', 'XDG_SESSION_DESKTOP': 'ubuntu', 'GNOME_TERMINAL_SERVICE': ':1.132', 'XMODIFIERS': '@im=ibus', 'XAUTHORITY': '/run/user/481847517/.mutter-Xwaylandauth.BBP1O3', 'SSH_AUTH_SOCK': '/run/user/481847517/keyring/ssh', 'AMENT_PREFIX_PATH': '/home/cnutter/turtlebot4_ws/install/lab_bringup:/home/cnutter/turtlebot4_ws/install/lab5_pkg:/home/cnutter/turtlebot4_ws/install/final_bringup:/home/cnutter/turtlebot4_ws/install/lab3_pkg:/home/cnutter/turtlebot4_ws/install/lab2_pkg:/home/cnutter/turtlebot4_ws/install/lab1_pkg:/home/cnutter/turtlebot4_ws/install/final:/home/cnutter/turtlebot4_ws/install/custom_interfaces:/opt/ros/jazzy', 'ROS_DOMAIN_ID': '0', 'KRB5CCNAME': 'FILE:/tmp/krb5cc_481847517_OSmN3a', 'SHELL': '/bin/zsh', 'ROS_DISCOVERY_SERVER': '10.5.113.101:11811', 'QT_ACCESSIBILITY': '1', 'GDMSESSION': 'ubuntu', 'QT_IM_MODULE': 'ibus', 'ROS_AUTOMATIC_DISCOVERY_RANGE': 'SUBNET', 'PWD': '/home/cnutter/turtlebot4_ws/build/custom_interfaces', 'XDG_DATA_DIRS': '/usr/local/share/:/usr/share/:/var/lib/snapd/desktop', 'VIRTUAL_ENV_DISABLE_PROMPT': '12', 'PYTHONPATH': '/home/cnutter/turtlebot4_ws/install/lab5_pkg/lib/python3.12/site-packages:/home/cnutter/turtlebot4_ws/install/lab3_pkg/lib/python3.12/site-packages:/home/cnutter/turtlebot4_ws/install/lab2_pkg/lib/python3.12/site-packages:/home/cnutter/turtlebot4_ws/install/lab1_pkg/lib/python3.12/site-packages:/home/cnutter/turtlebot4_ws/install/final/lib/python3.12/site-packages:/home/cnutter/turtlebot4_ws/install/custom_interfaces/lib/python3.12/site-packages:/opt/ros/jazzy/lib/python3.12/site-packages', 'COLCON': '1', 'VTE_VERSION': '7600', 'MEMORY_PRESSURE_WRITE': 'c29tZSAyMDAwMDAgMjAwMDAwMAA=', 'CMAKE_PREFIX_PATH': '/home/cnutter/turtlebot4_ws/install/lab_bringup:/home/cnutter/turtlebot4_ws/install/final_bringup:/home/cnutter/turtlebot4_ws/install/custom_interfaces:/opt/ros/jazzy/opt/gz_sim_vendor:/opt/ros/jazzy/opt/gz_sensors_vendor:/opt/ros/jazzy/opt/gz_physics_vendor:/opt/ros/jazzy/opt/sdformat_vendor:/opt/ros/jazzy/opt/gz_gui_vendor:/opt/ros/jazzy/opt/gz_transport_vendor:/opt/ros/jazzy/opt/gz_rendering_vendor:/opt/ros/jazzy/opt/gz_plugin_vendor:/opt/ros/jazzy/opt/gz_fuel_tools_vendor:/opt/ros/jazzy/opt/gz_msgs_vendor:/opt/ros/jazzy/opt/gz_common_vendor:/opt/ros/jazzy/opt/gz_math_vendor:/opt/ros/jazzy/opt/gz_utils_vendor:/opt/ros/jazzy/opt/gz_tools_vendor:/opt/ros/jazzy/opt/gz_ogre_next_vendor:/opt/ros/jazzy/opt/gz_dartsim_vendor:/opt/ros/jazzy/opt/gz_cmake_vendor:/home/cnutter/turtlebot4_ws/install/lab5_pkg:/home/cnutter/turtlebot4_ws/install/lab3_pkg:/home/cnutter/turtlebot4_ws/install/lab2_pkg:/home/cnutter/turtlebot4_ws/install/lab1_pkg:/home/cnutter/turtlebot4_ws/install/final:/opt/ros/jazzy'}), 'shell': False}
[0.099878] (-) TimerEvent: {}
[0.200142] (-) TimerEvent: {}
[0.268302] (custom_interfaces) StdoutLine: {'line': b'[  1%] Built target custom_interfaces__rosidl_generator_type_description\n'}
[0.268664] (custom_interfaces) StdoutLine: {'line': b'[  3%] Built target custom_interfaces__rs\n'}
[0.268757] (custom_interfaces) StdoutLine: {'line': b'[  3%] Built target ament_cmake_python_copy_custom_interfaces\n'}
[0.268841] (custom_interfaces) StdoutLine: {'line': b'[  5%] Built target custom_interfaces__cpp\n'}
[0.268929] (custom_interfaces) StdoutLine: {'line': b'[ 25%] Built target custom_interfaces__rosidl_generator_c\n'}
[0.269007] (custom_interfaces) StdoutLine: {'line': b'[ 43%] Built target custom_interfaces__rosidl_typesupport_introspection_c\n'}
[0.269085] (custom_interfaces) StdoutLine: {'line': b'[ 45%] Built target custom_interfaces__rosidl_typesupport_c\n'}
[0.269164] (custom_interfaces) StdoutLine: {'line': b'[ 52%] Built target custom_interfaces__rosidl_typesupport_fastrtps_cpp\n'}
[0.269239] (custom_interfaces) StdoutLine: {'line': b'[ 61%] Built target custom_interfaces__rosidl_typesupport_cpp\n'}
[0.269329] (custom_interfaces) StdoutLine: {'line': b'[ 70%] Built target custom_interfaces__rosidl_typesupport_fastrtps_c\n'}
[0.269417] (custom_interfaces) StdoutLine: {'line': b'[ 80%] Built target custom_interfaces__rosidl_typesupport_introspection_cpp\n'}
[0.269492] (custom_interfaces) StdoutLine: {'line': b'[ 80%] Built target custom_interfaces\n'}
[0.269571] (custom_interfaces) StdoutLine: {'line': b'[ 81%] Built target custom_interfaces__py\n'}
[0.269654] (custom_interfaces) StdoutLine: {'line': b'[ 89%] Built target custom_interfaces__rosidl_generator_py\n'}
[0.269730] (custom_interfaces) StdoutLine: {'line': b'[100%] Built target custom_interfaces_s__rosidl_typesupport_introspection_c\n'}
[0.269804] (custom_interfaces) StdoutLine: {'line': b'[100%] Built target custom_interfaces_s__rosidl_typesupport_c\n'}
[0.269881] (custom_interfaces) StdoutLine: {'line': b'[100%] Built target custom_interfaces_s__rosidl_typesupport_fastrtps_c\n'}
[0.300218] (-) TimerEvent: {}
[0.348584] (custom_interfaces) StdoutLine: {'line': b'running egg_info\n'}
[0.373618] (custom_interfaces) StdoutLine: {'line': b'writing custom_interfaces.egg-info/PKG-INFO\n'}
[0.373844] (custom_interfaces) StdoutLine: {'line': b'writing dependency_links to custom_interfaces.egg-info/dependency_links.txt\n'}
[0.374077] (custom_interfaces) StdoutLine: {'line': b'writing top-level names to custom_interfaces.egg-info/top_level.txt\n'}
[0.400314] (-) TimerEvent: {}
[0.447442] (custom_interfaces) StdoutLine: {'line': b"reading manifest file 'custom_interfaces.egg-info/SOURCES.txt'\n"}
[0.448005] (custom_interfaces) StdoutLine: {'line': b"writing manifest file 'custom_interfaces.egg-info/SOURCES.txt'\n"}
[0.468960] (custom_interfaces) StdoutLine: {'line': b'[100%] Built target ament_cmake_python_build_custom_interfaces_egg\n'}
[0.490112] (custom_interfaces) CommandEnded: {'returncode': 0}
[0.490753] (custom_interfaces) JobProgress: {'identifier': 'custom_interfaces', 'progress': 'install'}
[0.499036] (custom_interfaces) Command: {'cmd': ['/usr/bin/cmake', '--install', '/home/cnutter/turtlebot4_ws/build/custom_interfaces'], 'cwd': '/home/cnutter/turtlebot4_ws/build/custom_interfaces', 'env': OrderedDict({'USER': 'cnutter@plu.edu', 'GZ_SIM_RESOURCE_PATH': '/opt/ros/jazzy/share', 'GZ_CONFIG_PATH': '/opt/ros/jazzy/opt/gz_sim_vendor/share/gz:/opt/ros/jazzy/opt/sdformat_vendor/share/gz:/opt/ros/jazzy/opt/gz_gui_vendor/share/gz:/opt/ros/jazzy/opt/gz_transport_vendor/share/gz:/opt/ros/jazzy/opt/gz_rendering_vendor/share/gz:/opt/ros/jazzy/opt/gz_plugin_vendor/share/gz:/opt/ros/jazzy/opt/gz_fuel_tools_vendor/share/gz:/opt/ros/jazzy/opt/gz_msgs_vendor/share/gz:/opt/ros/jazzy/opt/gz_common_vendor/share/gz', 'XDG_SESSION_TYPE': 'wayland', 'CLUTTER_DISABLE_MIPMAPPED_TEXT': '1', 'SHLVL': '1', 'LD_LIBRARY_PATH': '/home/cnutter/turtlebot4_ws/install/custom_interfaces/lib:/opt/ros/jazzy/opt/gz_sim_vendor/lib:/opt/ros/jazzy/opt/gz_sensors_vendor/lib:/opt/ros/jazzy/opt/gz_physics_vendor/lib:/opt/ros/jazzy/opt/sdformat_vendor/lib:/opt/ros/jazzy/opt/rviz_ogre_vendor/lib:/opt/ros/jazzy/lib/x86_64-linux-gnu:/opt/ros/jazzy/opt/gz_gui_vendor/lib:/opt/ros/jazzy/opt/gz_transport_vendor/lib:/opt/ros/jazzy/opt/gz_rendering_vendor/lib:/opt/ros/jazzy/opt/gz_plugin_vendor/lib:/opt/ros/jazzy/opt/gz_fuel_tools_vendor/lib:/opt/ros/jazzy/opt/gz_msgs_vendor/lib:/opt/ros/jazzy/opt/gz_common_vendor/lib:/opt/ros/jazzy/opt/gz_math_vendor/lib:/opt/ros/jazzy/opt/gz_utils_vendor/lib:/opt/ros/jazzy/opt/gz_tools_vendor/lib:/opt/ros/jazzy/opt/gz_ogre_next_vendor/lib:/opt/ros/jazzy/opt/gz_dartsim_vendor/lib:/opt/ros/jazzy/opt/gz_cmake_vendor/lib:/opt/ros/jazzy/lib', 'OLDPWD': '/home/cnutter', 'HOME': '/home/cnutter', 'DESKTOP_SESSION': 'ubuntu', 'GTK_MODULES': 'gail:atk-bridge', 'GNOME_SHELL_SESSION_MODE': 'ubuntu', 'ROS_PYTHON_VERSION': '3', 'SYSTEMD_EXEC_PID': '28407', 'DBUS_SESSION_BUS_ADDRESS': 'unix:path=/run/user/481847517/bus', 'GSM_SKIP_SSH_AGENT_WORKAROUND': 'true', 'COLORTERM': 'truecolor', 'CONDA_CHANGEPS1': 'no', 'WAYLAND_DISPLAY': 'wayland-0', 'ROS_DISTRO': 'jazzy', 'COLCON_PREFIX_PATH': '/home/cnutter/turtlebot4_ws/install', 'LOGNAME': 'cnutter@plu.edu', '_': '/usr/bin/colcon', 'MEMORY_PRESSURE_WATCH': '/sys/fs/cgroup/user.slice/user-481847517.slice/user@481847517.service/session.slice/org.gnome.Shell@wayland.service/memory.pressure', 'XDG_SESSION_CLASS': 'user', 'ROS_VERSION': '2', 'USERNAME': 'cnutter@plu.edu', 'TERM': 'xterm-256color', 'PROMPT_EOL_MARK': '', 'ROS_SUPER_CLIENT': 'True', 'GNOME_DESKTOP_SESSION_ID': 'this-is-deprecated', 'PATH': '/opt/ros/jazzy/opt/gz_msgs_vendor/bin:/opt/ros/jazzy/opt/gz_tools_vendor/bin:/opt/ros/jazzy/opt/gz_ogre_next_vendor/bin:/opt/ros/jazzy/bin:/usr/local/sbin:/usr/local/bin:/usr/sbin:/usr/bin:/sbin:/bin:/usr/games:/usr/local/games:/snap/bin:/snap/bin', 'SESSION_MANAGER': 'local/csci20122:@/tmp/.ICE-unix/28375,unix/csci20122:/tmp/.ICE-unix/28375', 'GNOME_TERMINAL_SCREEN': '/org/gnome/Terminal/screen/d1815c0c_3a98_4119_8e51_c4952ecb9ec0', 'XDG_MENU_PREFIX': 'gnome-', 'GNOME_SETUP_DISPLAY': ':1', 'XDG_RUNTIME_DIR': '/run/user/481847517', 'DISPLAY': ':0', 'XDG_CURRENT_DESKTOP': 'ubuntu:GNOME', 'LANG': 'en_US.UTF-8', 'RMW_IMPLEMENTATION': 'rmw_fastrtps_cpp', 'XDG_SESSION_DESKTOP': 'ubuntu', 'GNOME_TERMINAL_SERVICE': ':1.132', 'XMODIFIERS': '@im=ibus', 'XAUTHORITY': '/run/user/481847517/.mutter-Xwaylandauth.BBP1O3', 'SSH_AUTH_SOCK': '/run/user/481847517/keyring/ssh', 'AMENT_PREFIX_PATH': '/home/cnutter/turtlebot4_ws/install/lab_bringup:/home/cnutter/turtlebot4_ws/install/lab5_pkg:/home/cnutter/turtlebot4_ws/install/final_bringup:/home/cnutter/turtlebot4_ws/install/lab3_pkg:/home/cnutter/turtlebot4_ws/install/lab2_pkg:/home/cnutter/turtlebot4_ws/install/lab1_pkg:/home/cnutter/turtlebot4_ws/install/final:/home/cnutter/turtlebot4_ws/install/custom_interfaces:/opt/ros/jazzy', 'ROS_DOMAIN_ID': '0', 'KRB5CCNAME': 'FILE:/tmp/krb5cc_481847517_OSmN3a', 'SHELL': '/bin/zsh', 'ROS_DISCOVERY_SERVER': '10.5.113.101:11811', 'QT_ACCESSIBILITY': '1', 'GDMSESSION': 'ubuntu', 'QT_IM_MODULE': 'ibus', 'ROS_AUTOMATIC_DISCOVERY_RANGE': 'SUBNET', 'PWD': '/home/cnutter/turtlebot4_ws/build/custom_interfaces', 'XDG_DATA_DIRS': '/usr/local/share/:/usr/share/:/var/lib/snapd/desktop', 'VIRTUAL_ENV_DISABLE_PROMPT': '12', 'PYTHONPATH': '/home/cnutter/turtlebot4_ws/install/lab5_pkg/lib/python3.12/site-packages:/home/cnutter/turtlebot4_ws/install/lab3_pkg/lib/python3.12/site-packages:/home/cnutter/turtlebot4_ws/install/lab2_pkg/lib/python3.12/site-packages:/home/cnutter/turtlebot4_ws/install/lab1_pkg/lib/python3.12/site-packages:/home/cnutter/turtlebot4_ws/install/final/lib/python3.12/site-packages:/home/cnutter/turtlebot4_ws/install/custom_interfaces/lib/python3.12/site-packages:/opt/ros/jazzy/lib/python3.12/site-packages', 'COLCON': '1', 'VTE_VERSION': '7600', 'MEMORY_PRESSURE_WRITE': 'c29tZSAyMDAwMDAgMjAwMDAwMAA=', 'CMAKE_PREFIX_PATH': '/home/cnutter/turtlebot4_ws/install/lab_bringup:/home/cnutter/turtlebot4_ws/install/final_bringup:/home/cnutter/turtlebot4_ws/install/custom_interfaces:/opt/ros/jazzy/opt/gz_sim_vendor:/opt/ros/jazzy/opt/gz_sensors_vendor:/opt/ros/jazzy/opt/gz_physics_vendor:/opt/ros/jazzy/opt/sdformat_vendor:/opt/ros/jazzy/opt/gz_gui_vendor:/opt/ros/jazzy/opt/gz_transport_vendor:/opt/ros/jazzy/opt/gz_rendering_vendor:/opt/ros/jazzy/opt/gz_plugin_vendor:/opt/ros/jazzy/opt/gz_fuel_tools_vendor:/opt/ros/jazzy/opt/gz_msgs_vendor:/opt/ros/jazzy/opt/gz_common_vendor:/opt/ros/jazzy/opt/gz_math_vendor:/opt/ros/jazzy/opt/gz_utils_vendor:/opt/ros/jazzy/opt/gz_tools_vendor:/opt/ros/jazzy/opt/gz_ogre_next_vendor:/opt/ros/jazzy/opt/gz_dartsim_vendor:/opt/ros/jazzy/opt/gz_cmake_vendor:/home/cnutter/turtlebot4_ws/install/lab5_pkg:/home/cnutter/turtlebot4_ws/install/lab3_pkg:/home/cnutter/turtlebot4_ws/install/lab2_pkg:/home/cnutter/turtlebot4_ws/install/lab1_pkg:/home/cnutter/turtlebot4_ws/install/final:/opt/ros/jazzy'}), 'shell': False}
[0.500402] (-) TimerEvent: {}
[0.509491] (custom_interfaces) StdoutLine: {'line': b'-- Install configuration: ""\n'}
[0.509743] (custom_interfaces) StdoutLine: {'line': b'-- Up-to-date: /home/cnutter/turtlebot4_ws/install/custom_interfaces/share/ament_index/resource_index/rosidl_interfaces/custom_interfaces\n'}
[0.509931] (custom_interfaces) StdoutLine: {'line': b'-- Up-to-date: /home/cnutter/turtlebot4_ws/install/custom_interfaces/share/custom_interfaces/msg/ObsList.json\n'}
[0.510125] (custom_interfaces) StdoutLine: {'line': b'-- Up-to-date: /home/cnutter/turtlebot4_ws/install/custom_interfaces/share/custom_interfaces/srv/SetCap.json\n'}
[0.510260] (custom_interfaces) StdoutLine: {'line': b'-- Up-to-date: /home/cnutter/turtlebot4_ws/install/custom_interfaces/share/custom_interfaces/action/RobotGoal.json\n'}
[0.510347] (custom_interfaces) StdoutLine: {'line': b'-- Up-to-date: /home/cnutter/turtlebot4_ws/install/custom_interfaces/include/custom_interfaces/custom_interfaces\n'}
[0.510426] (custom_interfaces) StdoutLine: {'line': b'-- Up-to-date: /home/cnutter/turtlebot4_ws/install/custom_interfaces/include/custom_interfaces/custom_interfaces/srv\n'}
[0.510523] (custom_interfaces) StdoutLine: {'line': b'-- Up-to-date: /home/cnutter/turtlebot4_ws/install/custom_interfaces/include/custom_interfaces/custom_interfaces/srv/detail\n'}
[0.510596] (custom_interfaces) StdoutLine: {'line': b'-- Up-to-date: /home/cnutter/turtlebot4_ws/install/custom_interfaces/include/custom_interfaces/custom_interfaces/srv/detail/set_cap__type_support.h\n'}
[0.510768] (custom_interfaces) StdoutLine: {'line': b'-- Up-to-date: /home/cnutter/turtlebot4_ws/install/custom_interfaces/include/custom_interfaces/custom_interfaces/srv/detail/set_cap__description.c\n'}
[0.510953] (custom_interfaces) StdoutLine: {'line': b'-- Up-to-date: /home/cnutter/turtlebot4_ws/install/custom_interfaces/include/custom_interfaces/custom_interfaces/srv/detail/set_cap__type_support.c\n'}
[0.511056] (custom_interfaces) StdoutLine: {'line': b'-- Up-to-date: /home/cnutter/turtlebot4_ws/install/custom_interfaces/include/custom_interfaces/custom_interfaces/srv/detail/set_cap__functions.c\n'}
[0.511159] (custom_interfaces) StdoutLine: {'line': b'-- Up-to-date: /home/cnutter/turtlebot4_ws/install/custom_interfaces/include/custom_interfaces/custom_interfaces/srv/detail/set_cap__functions.h\n'}
[0.511235] (custom_interfaces) StdoutLine: {'line': b'-- Up-to-date: /home/cnutter/turtlebot4_ws/install/custom_interfaces/include/custom_interfaces/custom_interfaces/srv/detail/set_cap__struct.h\n'}
[0.511374] (custom_interfaces) StdoutLine: {'line': b'-- Up-to-date: /home/cnutter/turtlebot4_ws/install/custom_interfaces/include/custom_interfaces/custom_interfaces/srv/set_cap.h\n'}
[0.511540] (custom_interfaces) StdoutLine: {'line': b'-- Up-to-date: /home/cnutter/turtlebot4_ws/install/custom_interfaces/include/custom_interfaces/custom_interfaces/action\n'}
[0.511622] (custom_interfaces) StdoutLine: {'line': b'-- Up-to-date: /home/cnutter/turtlebot4_ws/install/custom_interfaces/include/custom_interfaces/custom_interfaces/action/detail\n'}
[0.511738] (custom_interfaces) StdoutLine: {'line': b'-- Up-to-date: /home/cnutter/turtlebot4_ws/install/custom_interfaces/include/custom_interfaces/custom_interfaces/action/detail/robot_goal__struct.h\n'}
[0.511855] (custom_interfaces) StdoutLine: {'line': b'-- Up-to-date: /home/cnutter/turtlebot4_ws/install/custom_interfaces/include/custom_interfaces/custom_interfaces/action/detail/robot_goal__functions.c\n'}
[0.511965] (custom_interfaces) StdoutLine: {'line': b'-- Up-to-date: /home/cnutter/turtlebot4_ws/install/custom_interfaces/include/custom_interfaces/custom_interfaces/action/detail/robot_goal__description.c\n'}
[0.512073] (custom_interfaces) StdoutLine: {'line': b'-- Up-to-date: /home/cnutter/turtlebot4_ws/install/custom_interfaces/include/custom_interfaces/custom_interfaces/action/detail/robot_goal__functions.h\n'}
[0.512183] (custom_interfaces) StdoutLine: {'line': b'-- Up-to-date: /home/cnutter/turtlebot4_ws/install/custom_interfaces/include/custom_interfaces/custom_interfaces/action/detail/robot_goal__type_support.h\n'}
[0.512347] (custom_interfaces) StdoutLine: {'line': b'-- Up-to-date: /home/cnutter/turtlebot4_ws/install/custom_interfaces/include/custom_interfaces/custom_interfaces/action/detail/robot_goal__type_support.c\n'}
[0.512512] (custom_interfaces) StdoutLine: {'line': b'-- Up-to-date: /home/cnutter/turtlebot4_ws/install/custom_interfaces/include/custom_interfaces/custom_interfaces/action/robot_goal.h\n'}
[0.512667] (custom_interfaces) StdoutLine: {'line': b'-- Up-to-date: /home/cnutter/turtlebot4_ws/install/custom_interfaces/include/custom_interfaces/custom_interfaces/msg\n'}
[0.512786] (custom_interfaces) StdoutLine: {'line': b'-- Up-to-date: /home/cnutter/turtlebot4_ws/install/custom_interfaces/include/custom_interfaces/custom_interfaces/msg/obs_list.h\n'}
[0.512943] (custom_interfaces) StdoutLine: {'line': b'-- Up-to-date: /home/cnutter/turtlebot4_ws/install/custom_interfaces/include/custom_interfaces/custom_interfaces/msg/rosidl_generator_c__visibility_control.h\n'}
[0.513040] (custom_interfaces) StdoutLine: {'line': b'-- Up-to-date: /home/cnutter/turtlebot4_ws/install/custom_interfaces/include/custom_interfaces/custom_interfaces/msg/detail\n'}
[0.513117] (custom_interfaces) StdoutLine: {'line': b'-- Up-to-date: /home/cnutter/turtlebot4_ws/install/custom_interfaces/include/custom_interfaces/custom_interfaces/msg/detail/obs_list__functions.h\n'}
[0.513210] (custom_interfaces) StdoutLine: {'line': b'-- Up-to-date: /home/cnutter/turtlebot4_ws/install/custom_interfaces/include/custom_interfaces/custom_interfaces/msg/detail/obs_list__functions.c\n'}
[0.513284] (custom_interfaces) StdoutLine: {'line': b'-- Up-to-date: /home/cnutter/turtlebot4_ws/install/custom_interfaces/include/custom_interfaces/custom_interfaces/msg/detail/obs_list__type_support.c\n'}
[0.513370] (custom_interfaces) StdoutLine: {'line': b'-- Up-to-date: /home/cnutter/turtlebot4_ws/install/custom_interfaces/include/custom_interfaces/custom_interfaces/msg/detail/obs_list__type_support.h\n'}
[0.513529] (custom_interfaces) StdoutLine: {'line': b'-- Up-to-date: /home/cnutter/turtlebot4_ws/install/custom_interfaces/include/custom_interfaces/custom_interfaces/msg/detail/obs_list__struct.h\n'}
[0.513661] (custom_interfaces) StdoutLine: {'line': b'-- Up-to-date: /home/cnutter/turtlebot4_ws/install/custom_interfaces/include/custom_interfaces/custom_interfaces/msg/detail/obs_list__description.c\n'}
[0.513735] (custom_interfaces) StdoutLine: {'line': b'-- Up-to-date: /home/cnutter/turtlebot4_ws/install/custom_interfaces/share/custom_interfaces/environment/library_path.sh\n'}
[0.513833] (custom_interfaces) StdoutLine: {'line': b'-- Up-to-date: /home/cnutter/turtlebot4_ws/install/custom_interfaces/share/custom_interfaces/environment/library_path.dsv\n'}
[0.513917] (custom_interfaces) StdoutLine: {'line': b'-- Up-to-date: /home/cnutter/turtlebot4_ws/install/custom_interfaces/lib/libcustom_interfaces__rosidl_generator_c.so\n'}
[0.514037] (custom_interfaces) StdoutLine: {'line': b'-- Up-to-date: /home/cnutter/turtlebot4_ws/install/custom_interfaces/include/custom_interfaces/custom_interfaces\n'}
[0.514112] (custom_interfaces) StdoutLine: {'line': b'-- Up-to-date: /home/cnutter/turtlebot4_ws/install/custom_interfaces/include/custom_interfaces/custom_interfaces/srv\n'}
[0.514203] (custom_interfaces) StdoutLine: {'line': b'-- Up-to-date: /home/cnutter/turtlebot4_ws/install/custom_interfaces/include/custom_interfaces/custom_interfaces/srv/detail\n'}
[0.514280] (custom_interfaces) StdoutLine: {'line': b'-- Up-to-date: /home/cnutter/turtlebot4_ws/install/custom_interfaces/include/custom_interfaces/custom_interfaces/srv/detail/set_cap__rosidl_typesupport_fastrtps_c.h\n'}
[0.514373] (custom_interfaces) StdoutLine: {'line': b'-- Up-to-date: /home/cnutter/turtlebot4_ws/install/custom_interfaces/include/custom_interfaces/custom_interfaces/action\n'}
[0.514487] (custom_interfaces) StdoutLine: {'line': b'-- Up-to-date: /home/cnutter/turtlebot4_ws/install/custom_interfaces/include/custom_interfaces/custom_interfaces/action/detail\n'}
[0.514579] (custom_interfaces) StdoutLine: {'line': b'-- Up-to-date: /home/cnutter/turtlebot4_ws/install/custom_interfaces/include/custom_interfaces/custom_interfaces/action/detail/robot_goal__rosidl_typesupport_fastrtps_c.h\n'}
[0.514684] (custom_interfaces) StdoutLine: {'line': b'-- Up-to-date: /home/cnutter/turtlebot4_ws/install/custom_interfaces/include/custom_interfaces/custom_interfaces/msg\n'}
[0.514802] (custom_interfaces) StdoutLine: {'line': b'-- Up-to-date: /home/cnutter/turtlebot4_ws/install/custom_interfaces/include/custom_interfaces/custom_interfaces/msg/rosidl_typesupport_fastrtps_c__visibility_control.h\n'}
[0.514897] (custom_interfaces) StdoutLine: {'line': b'-- Up-to-date: /home/cnutter/turtlebot4_ws/install/custom_interfaces/include/custom_interfaces/custom_interfaces/msg/detail\n'}
[0.514995] (custom_interfaces) StdoutLine: {'line': b'-- Up-to-date: /home/cnutter/turtlebot4_ws/install/custom_interfaces/include/custom_interfaces/custom_interfaces/msg/detail/obs_list__rosidl_typesupport_fastrtps_c.h\n'}
[0.515098] (custom_interfaces) StdoutLine: {'line': b'-- Up-to-date: /home/cnutter/turtlebot4_ws/install/custom_interfaces/lib/libcustom_interfaces__rosidl_typesupport_fastrtps_c.so\n'}
[0.515209] (custom_interfaces) StdoutLine: {'line': b'-- Up-to-date: /home/cnutter/turtlebot4_ws/install/custom_interfaces/include/custom_interfaces/custom_interfaces\n'}
[0.515321] (custom_interfaces) StdoutLine: {'line': b'-- Up-to-date: /home/cnutter/turtlebot4_ws/install/custom_interfaces/include/custom_interfaces/custom_interfaces/srv\n'}
[0.515421] (custom_interfaces) StdoutLine: {'line': b'-- Up-to-date: /home/cnutter/turtlebot4_ws/install/custom_interfaces/include/custom_interfaces/custom_interfaces/srv/detail\n'}
[0.515517] (custom_interfaces) StdoutLine: {'line': b'-- Up-to-date: /home/cnutter/turtlebot4_ws/install/custom_interfaces/include/custom_interfaces/custom_interfaces/srv/detail/set_cap__type_support.c\n'}
[0.515634] (custom_interfaces) StdoutLine: {'line': b'-- Up-to-date: /home/cnutter/turtlebot4_ws/install/custom_interfaces/include/custom_interfaces/custom_interfaces/srv/detail/set_cap__rosidl_typesupport_introspection_c.h\n'}
[0.515753] (custom_interfaces) StdoutLine: {'line': b'-- Up-to-date: /home/cnutter/turtlebot4_ws/install/custom_interfaces/include/custom_interfaces/custom_interfaces/action\n'}
[0.515865] (custom_interfaces) StdoutLine: {'line': b'-- Up-to-date: /home/cnutter/turtlebot4_ws/install/custom_interfaces/include/custom_interfaces/custom_interfaces/action/detail\n'}
[0.515977] (custom_interfaces) StdoutLine: {'line': b'-- Up-to-date: /home/cnutter/turtlebot4_ws/install/custom_interfaces/include/custom_interfaces/custom_interfaces/action/detail/robot_goal__rosidl_typesupport_introspection_c.h\n'}
[0.516095] (custom_interfaces) StdoutLine: {'line': b'-- Up-to-date: /home/cnutter/turtlebot4_ws/install/custom_interfaces/include/custom_interfaces/custom_interfaces/action/detail/robot_goal__type_support.c\n'}
[0.516186] (custom_interfaces) StdoutLine: {'line': b'-- Up-to-date: /home/cnutter/turtlebot4_ws/install/custom_interfaces/include/custom_interfaces/custom_interfaces/msg\n'}
[0.516260] (custom_interfaces) StdoutLine: {'line': b'-- Up-to-date: /home/cnutter/turtlebot4_ws/install/custom_interfaces/include/custom_interfaces/custom_interfaces/msg/detail\n'}
[0.516335] (custom_interfaces) StdoutLine: {'line': b'-- Up-to-date: /home/cnutter/turtlebot4_ws/install/custom_interfaces/include/custom_interfaces/custom_interfaces/msg/detail/obs_list__rosidl_typesupport_introspection_c.h\n'}
[0.516448] (custom_interfaces) StdoutLine: {'line': b'-- Up-to-date: /home/cnutter/turtlebot4_ws/install/custom_interfaces/include/custom_interfaces/custom_interfaces/msg/detail/obs_list__type_support.c\n'}
[0.516542] (custom_interfaces) StdoutLine: {'line': b'-- Up-to-date: /home/cnutter/turtlebot4_ws/install/custom_interfaces/include/custom_interfaces/custom_interfaces/msg/rosidl_typesupport_introspection_c__visibility_control.h\n'}
[0.516630] (custom_interfaces) StdoutLine: {'line': b'-- Up-to-date: /home/cnutter/turtlebot4_ws/install/custom_interfaces/lib/libcustom_interfaces__rosidl_typesupport_introspection_c.so\n'}
[0.516730] (custom_interfaces) StdoutLine: {'line': b'-- Up-to-date: /home/cnutter/turtlebot4_ws/install/custom_interfaces/lib/libcustom_interfaces__rosidl_typesupport_c.so\n'}
[0.516836] (custom_interfaces) StdoutLine: {'line': b'-- Up-to-date: /home/cnutter/turtlebot4_ws/install/custom_interfaces/include/custom_interfaces/custom_interfaces\n'}
[0.516928] (custom_interfaces) StdoutLine: {'line': b'-- Up-to-date: /home/cnutter/turtlebot4_ws/install/custom_interfaces/include/custom_interfaces/custom_interfaces/srv\n'}
[0.517008] (custom_interfaces) StdoutLine: {'line': b'-- Up-to-date: /home/cnutter/turtlebot4_ws/install/custom_interfaces/include/custom_interfaces/custom_interfaces/srv/detail\n'}
[0.517090] (custom_interfaces) StdoutLine: {'line': b'-- Up-to-date: /home/cnutter/turtlebot4_ws/install/custom_interfaces/include/custom_interfaces/custom_interfaces/srv/detail/set_cap__traits.hpp\n'}
[0.517180] (custom_interfaces) StdoutLine: {'line': b'-- Up-to-date: /home/cnutter/turtlebot4_ws/install/custom_interfaces/include/custom_interfaces/custom_interfaces/srv/detail/set_cap__struct.hpp\n'}
[0.517264] (custom_interfaces) StdoutLine: {'line': b'-- Up-to-date: /home/cnutter/turtlebot4_ws/install/custom_interfaces/include/custom_interfaces/custom_interfaces/srv/detail/set_cap__builder.hpp\n'}
[0.517346] (custom_interfaces) StdoutLine: {'line': b'-- Up-to-date: /home/cnutter/turtlebot4_ws/install/custom_interfaces/include/custom_interfaces/custom_interfaces/srv/detail/set_cap__type_support.hpp\n'}
[0.517427] (custom_interfaces) StdoutLine: {'line': b'-- Up-to-date: /home/cnutter/turtlebot4_ws/install/custom_interfaces/include/custom_interfaces/custom_interfaces/srv/set_cap.hpp\n'}
[0.517511] (custom_interfaces) StdoutLine: {'line': b'-- Up-to-date: /home/cnutter/turtlebot4_ws/install/custom_interfaces/include/custom_interfaces/custom_interfaces/action\n'}
[0.517593] (custom_interfaces) StdoutLine: {'line': b'-- Up-to-date: /home/cnutter/turtlebot4_ws/install/custom_interfaces/include/custom_interfaces/custom_interfaces/action/detail\n'}
[0.517688] (custom_interfaces) StdoutLine: {'line': b'-- Up-to-date: /home/cnutter/turtlebot4_ws/install/custom_interfaces/include/custom_interfaces/custom_interfaces/action/detail/robot_goal__struct.hpp\n'}
[0.517770] (custom_interfaces) StdoutLine: {'line': b'-- Up-to-date: /home/cnutter/turtlebot4_ws/install/custom_interfaces/include/custom_interfaces/custom_interfaces/action/detail/robot_goal__type_support.hpp\n'}
[0.517844] (custom_interfaces) StdoutLine: {'line': b'-- Up-to-date: /home/cnutter/turtlebot4_ws/install/custom_interfaces/include/custom_interfaces/custom_interfaces/action/detail/robot_goal__traits.hpp\n'}
[0.517922] (custom_interfaces) StdoutLine: {'line': b'-- Up-to-date: /home/cnutter/turtlebot4_ws/install/custom_interfaces/include/custom_interfaces/custom_interfaces/action/detail/robot_goal__builder.hpp\n'}
[0.518035] (custom_interfaces) StdoutLine: {'line': b'-- Up-to-date: /home/cnutter/turtlebot4_ws/install/custom_interfaces/include/custom_interfaces/custom_interfaces/action/robot_goal.hpp\n'}
[0.518153] (custom_interfaces) StdoutLine: {'line': b'-- Up-to-date: /home/cnutter/turtlebot4_ws/install/custom_interfaces/include/custom_interfaces/custom_interfaces/msg\n'}
[0.518275] (custom_interfaces) StdoutLine: {'line': b'-- Up-to-date: /home/cnutter/turtlebot4_ws/install/custom_interfaces/include/custom_interfaces/custom_interfaces/msg/detail\n'}
[0.518381] (custom_interfaces) StdoutLine: {'line': b'-- Up-to-date: /home/cnutter/turtlebot4_ws/install/custom_interfaces/include/custom_interfaces/custom_interfaces/msg/detail/obs_list__builder.hpp\n'}
[0.518483] (custom_interfaces) StdoutLine: {'line': b'-- Up-to-date: /home/cnutter/turtlebot4_ws/install/custom_interfaces/include/custom_interfaces/custom_interfaces/msg/detail/obs_list__traits.hpp\n'}
[0.518558] (custom_interfaces) StdoutLine: {'line': b'-- Up-to-date: /home/cnutter/turtlebot4_ws/install/custom_interfaces/include/custom_interfaces/custom_interfaces/msg/detail/obs_list__struct.hpp\n'}
[0.518705] (custom_interfaces) StdoutLine: {'line': b'-- Up-to-date: /home/cnutter/turtlebot4_ws/install/custom_interfaces/include/custom_interfaces/custom_interfaces/msg/detail/obs_list__type_support.hpp\n'}
[0.518815] (custom_interfaces) StdoutLine: {'line': b'-- Up-to-date: /home/cnutter/turtlebot4_ws/install/custom_interfaces/include/custom_interfaces/custom_interfaces/msg/rosidl_generator_cpp__visibility_control.hpp\n'}
[0.518955] (custom_interfaces) StdoutLine: {'line': b'-- Up-to-date: /home/cnutter/turtlebot4_ws/install/custom_interfaces/include/custom_interfaces/custom_interfaces/msg/obs_list.hpp\n'}
[0.519151] (custom_interfaces) StdoutLine: {'line': b'-- Up-to-date: /home/cnutter/turtlebot4_ws/install/custom_interfaces/include/custom_interfaces/custom_interfaces\n'}
[0.519274] (custom_interfaces) StdoutLine: {'line': b'-- Up-to-date: /home/cnutter/turtlebot4_ws/install/custom_interfaces/include/custom_interfaces/custom_interfaces/srv\n'}
[0.519372] (custom_interfaces) StdoutLine: {'line': b'-- Up-to-date: /home/cnutter/turtlebot4_ws/install/custom_interfaces/include/custom_interfaces/custom_interfaces/srv/detail\n'}
[0.519471] (custom_interfaces) StdoutLine: {'line': b'-- Up-to-date: /home/cnutter/turtlebot4_ws/install/custom_interfaces/include/custom_interfaces/custom_interfaces/srv/detail/set_cap__rosidl_typesupport_fastrtps_cpp.hpp\n'}
[0.519562] (custom_interfaces) StdoutLine: {'line': b'-- Up-to-date: /home/cnutter/turtlebot4_ws/install/custom_interfaces/include/custom_interfaces/custom_interfaces/srv/detail/dds_fastrtps\n'}
[0.519675] (custom_interfaces) StdoutLine: {'line': b'-- Up-to-date: /home/cnutter/turtlebot4_ws/install/custom_interfaces/include/custom_interfaces/custom_interfaces/action\n'}
[0.519778] (custom_interfaces) StdoutLine: {'line': b'-- Up-to-date: /home/cnutter/turtlebot4_ws/install/custom_interfaces/include/custom_interfaces/custom_interfaces/action/detail\n'}
[0.519857] (custom_interfaces) StdoutLine: {'line': b'-- Up-to-date: /home/cnutter/turtlebot4_ws/install/custom_interfaces/include/custom_interfaces/custom_interfaces/action/detail/robot_goal__rosidl_typesupport_fastrtps_cpp.hpp\n'}
[0.519949] (custom_interfaces) StdoutLine: {'line': b'-- Up-to-date: /home/cnutter/turtlebot4_ws/install/custom_interfaces/include/custom_interfaces/custom_interfaces/action/detail/dds_fastrtps\n'}
[0.520060] (custom_interfaces) StdoutLine: {'line': b'-- Up-to-date: /home/cnutter/turtlebot4_ws/install/custom_interfaces/include/custom_interfaces/custom_interfaces/msg\n'}
[0.520171] (custom_interfaces) StdoutLine: {'line': b'-- Up-to-date: /home/cnutter/turtlebot4_ws/install/custom_interfaces/include/custom_interfaces/custom_interfaces/msg/rosidl_typesupport_fastrtps_cpp__visibility_control.h\n'}
[0.520253] (custom_interfaces) StdoutLine: {'line': b'-- Up-to-date: /home/cnutter/turtlebot4_ws/install/custom_interfaces/include/custom_interfaces/custom_interfaces/msg/detail\n'}
[0.520367] (custom_interfaces) StdoutLine: {'line': b'-- Up-to-date: /home/cnutter/turtlebot4_ws/install/custom_interfaces/include/custom_interfaces/custom_interfaces/msg/detail/obs_list__rosidl_typesupport_fastrtps_cpp.hpp\n'}
[0.520479] (custom_interfaces) StdoutLine: {'line': b'-- Up-to-date: /home/cnutter/turtlebot4_ws/install/custom_interfaces/include/custom_interfaces/custom_interfaces/msg/detail/dds_fastrtps\n'}
[0.520586] (custom_interfaces) StdoutLine: {'line': b'-- Up-to-date: /home/cnutter/turtlebot4_ws/install/custom_interfaces/lib/libcustom_interfaces__rosidl_typesupport_fastrtps_cpp.so\n'}
[0.520678] (custom_interfaces) StdoutLine: {'line': b'-- Up-to-date: /home/cnutter/turtlebot4_ws/install/custom_interfaces/include/custom_interfaces/custom_interfaces\n'}
[0.520782] (custom_interfaces) StdoutLine: {'line': b'-- Up-to-date: /home/cnutter/turtlebot4_ws/install/custom_interfaces/include/custom_interfaces/custom_interfaces/srv\n'}
[0.520873] (custom_interfaces) StdoutLine: {'line': b'-- Up-to-date: /home/cnutter/turtlebot4_ws/install/custom_interfaces/include/custom_interfaces/custom_interfaces/srv/detail\n'}
[0.520983] (custom_interfaces) StdoutLine: {'line': b'-- Up-to-date: /home/cnutter/turtlebot4_ws/install/custom_interfaces/include/custom_interfaces/custom_interfaces/srv/detail/set_cap__rosidl_typesupport_introspection_cpp.hpp\n'}
[0.521079] (custom_interfaces) StdoutLine: {'line': b'-- Up-to-date: /home/cnutter/turtlebot4_ws/install/custom_interfaces/include/custom_interfaces/custom_interfaces/srv/detail/set_cap__type_support.cpp\n'}
[0.521172] (custom_interfaces) StdoutLine: {'line': b'-- Up-to-date: /home/cnutter/turtlebot4_ws/install/custom_interfaces/include/custom_interfaces/custom_interfaces/action\n'}
[0.521249] (custom_interfaces) StdoutLine: {'line': b'-- Up-to-date: /home/cnutter/turtlebot4_ws/install/custom_interfaces/include/custom_interfaces/custom_interfaces/action/detail\n'}
[0.521330] (custom_interfaces) StdoutLine: {'line': b'-- Up-to-date: /home/cnutter/turtlebot4_ws/install/custom_interfaces/include/custom_interfaces/custom_interfaces/action/detail/robot_goal__rosidl_typesupport_introspection_cpp.hpp\n'}
[0.521407] (custom_interfaces) StdoutLine: {'line': b'-- Up-to-date: /home/cnutter/turtlebot4_ws/install/custom_interfaces/include/custom_interfaces/custom_interfaces/action/detail/robot_goal__type_support.cpp\n'}
[0.521512] (custom_interfaces) StdoutLine: {'line': b'-- Up-to-date: /home/cnutter/turtlebot4_ws/install/custom_interfaces/include/custom_interfaces/custom_interfaces/msg\n'}
[0.521597] (custom_interfaces) StdoutLine: {'line': b'-- Up-to-date: /home/cnutter/turtlebot4_ws/install/custom_interfaces/include/custom_interfaces/custom_interfaces/msg/detail\n'}
[0.521695] (custom_interfaces) StdoutLine: {'line': b'-- Up-to-date: /home/cnutter/turtlebot4_ws/install/custom_interfaces/include/custom_interfaces/custom_interfaces/msg/detail/obs_list__rosidl_typesupport_introspection_cpp.hpp\n'}
[0.521799] (custom_interfaces) StdoutLine: {'line': b'-- Up-to-date: /home/cnutter/turtlebot4_ws/install/custom_interfaces/include/custom_interfaces/custom_interfaces/msg/detail/obs_list__type_support.cpp\n'}
[0.521917] (custom_interfaces) StdoutLine: {'line': b'-- Up-to-date: /home/cnutter/turtlebot4_ws/install/custom_interfaces/lib/libcustom_interfaces__rosidl_typesupport_introspection_cpp.so\n'}
[0.522012] (custom_interfaces) StdoutLine: {'line': b'-- Up-to-date: /home/cnutter/turtlebot4_ws/install/custom_interfaces/lib/libcustom_interfaces__rosidl_typesupport_cpp.so\n'}
[0.522115] (custom_interfaces) StdoutLine: {'line': b'-- Up-to-date: /home/cnutter/turtlebot4_ws/install/custom_interfaces/share/custom_interfaces/environment/pythonpath.sh\n'}
[0.522213] (custom_interfaces) StdoutLine: {'line': b'-- Up-to-date: /home/cnutter/turtlebot4_ws/install/custom_interfaces/share/custom_interfaces/environment/pythonpath.dsv\n'}
[0.522291] (custom_interfaces) StdoutLine: {'line': b'-- Up-to-date: /home/cnutter/turtlebot4_ws/install/custom_interfaces/lib/python3.12/site-packages/custom_interfaces-0.0.0-py3.12.egg-info\n'}
[0.522403] (custom_interfaces) StdoutLine: {'line': b'-- Installing: /home/cnutter/turtlebot4_ws/install/custom_interfaces/lib/python3.12/site-packages/custom_interfaces-0.0.0-py3.12.egg-info/SOURCES.txt\n'}
[0.522498] (custom_interfaces) StdoutLine: {'line': b'-- Installing: /home/cnutter/turtlebot4_ws/install/custom_interfaces/lib/python3.12/site-packages/custom_interfaces-0.0.0-py3.12.egg-info/dependency_links.txt\n'}
[0.522592] (custom_interfaces) StdoutLine: {'line': b'-- Installing: /home/cnutter/turtlebot4_ws/install/custom_interfaces/lib/python3.12/site-packages/custom_interfaces-0.0.0-py3.12.egg-info/PKG-INFO\n'}
[0.522700] (custom_interfaces) StdoutLine: {'line': b'-- Installing: /home/cnutter/turtlebot4_ws/install/custom_interfaces/lib/python3.12/site-packages/custom_interfaces-0.0.0-py3.12.egg-info/top_level.txt\n'}
[0.522820] (custom_interfaces) StdoutLine: {'line': b'-- Up-to-date: /home/cnutter/turtlebot4_ws/install/custom_interfaces/lib/python3.12/site-packages/custom_interfaces\n'}
[0.522932] (custom_interfaces) StdoutLine: {'line': b'-- Up-to-date: /home/cnutter/turtlebot4_ws/install/custom_interfaces/lib/python3.12/site-packages/custom_interfaces/custom_interfaces_s__rosidl_typesupport_c.so\n'}
[0.523027] (custom_interfaces) StdoutLine: {'line': b'-- Up-to-date: /home/cnutter/turtlebot4_ws/install/custom_interfaces/lib/python3.12/site-packages/custom_interfaces/custom_interfaces_s__rosidl_typesupport_fastrtps_c.so\n'}
[0.523133] (custom_interfaces) StdoutLine: {'line': b'-- Up-to-date: /home/cnutter/turtlebot4_ws/install/custom_interfaces/lib/python3.12/site-packages/custom_interfaces/__init__.py\n'}
[0.523221] (custom_interfaces) StdoutLine: {'line': b'-- Up-to-date: /home/cnutter/turtlebot4_ws/install/custom_interfaces/lib/python3.12/site-packages/custom_interfaces/custom_interfaces_s__rosidl_typesupport_introspection_c.so\n'}
[0.523336] (custom_interfaces) StdoutLine: {'line': b'-- Up-to-date: /home/cnutter/turtlebot4_ws/install/custom_interfaces/lib/python3.12/site-packages/custom_interfaces/srv\n'}
[0.523437] (custom_interfaces) StdoutLine: {'line': b'-- Up-to-date: /home/cnutter/turtlebot4_ws/install/custom_interfaces/lib/python3.12/site-packages/custom_interfaces/srv/_set_cap.py\n'}
[0.523547] (custom_interfaces) StdoutLine: {'line': b'-- Up-to-date: /home/cnutter/turtlebot4_ws/install/custom_interfaces/lib/python3.12/site-packages/custom_interfaces/srv/__init__.py\n'}
[0.523634] (custom_interfaces) StdoutLine: {'line': b'-- Up-to-date: /home/cnutter/turtlebot4_ws/install/custom_interfaces/lib/python3.12/site-packages/custom_interfaces/srv/_set_cap_s.c\n'}
[0.523748] (custom_interfaces) StdoutLine: {'line': b'-- Up-to-date: /home/cnutter/turtlebot4_ws/install/custom_interfaces/lib/python3.12/site-packages/custom_interfaces/_custom_interfaces_s.ep.rosidl_typesupport_introspection_c.c\n'}
[0.523841] (custom_interfaces) StdoutLine: {'line': b'-- Up-to-date: /home/cnutter/turtlebot4_ws/install/custom_interfaces/lib/python3.12/site-packages/custom_interfaces/action\n'}
[0.523934] (custom_interfaces) StdoutLine: {'line': b'-- Up-to-date: /home/cnutter/turtlebot4_ws/install/custom_interfaces/lib/python3.12/site-packages/custom_interfaces/action/_robot_goal.py\n'}
[0.524047] (custom_interfaces) StdoutLine: {'line': b'-- Up-to-date: /home/cnutter/turtlebot4_ws/install/custom_interfaces/lib/python3.12/site-packages/custom_interfaces/action/__init__.py\n'}
[0.524120] (custom_interfaces) StdoutLine: {'line': b'-- Up-to-date: /home/cnutter/turtlebot4_ws/install/custom_interfaces/lib/python3.12/site-packages/custom_interfaces/action/_robot_goal_s.c\n'}
[0.524201] (custom_interfaces) StdoutLine: {'line': b'-- Up-to-date: /home/cnutter/turtlebot4_ws/install/custom_interfaces/lib/python3.12/site-packages/custom_interfaces/msg\n'}
[0.524279] (custom_interfaces) StdoutLine: {'line': b'-- Up-to-date: /home/cnutter/turtlebot4_ws/install/custom_interfaces/lib/python3.12/site-packages/custom_interfaces/msg/_obs_list.py\n'}
[0.524349] (custom_interfaces) StdoutLine: {'line': b'-- Up-to-date: /home/cnutter/turtlebot4_ws/install/custom_interfaces/lib/python3.12/site-packages/custom_interfaces/msg/__init__.py\n'}
[0.524421] (custom_interfaces) StdoutLine: {'line': b'-- Up-to-date: /home/cnutter/turtlebot4_ws/install/custom_interfaces/lib/python3.12/site-packages/custom_interfaces/msg/_obs_list_s.c\n'}
[0.524493] (custom_interfaces) StdoutLine: {'line': b'-- Up-to-date: /home/cnutter/turtlebot4_ws/install/custom_interfaces/lib/python3.12/site-packages/custom_interfaces/_custom_interfaces_s.ep.rosidl_typesupport_fastrtps_c.c\n'}
[0.524572] (custom_interfaces) StdoutLine: {'line': b'-- Up-to-date: /home/cnutter/turtlebot4_ws/install/custom_interfaces/lib/python3.12/site-packages/custom_interfaces/_custom_interfaces_s.ep.rosidl_typesupport_c.c\n'}
[0.549917] (custom_interfaces) StdoutLine: {'line': b"Listing '/home/cnutter/turtlebot4_ws/install/custom_interfaces/lib/python3.12/site-packages/custom_interfaces'...\n"}
[0.550128] (custom_interfaces) StdoutLine: {'line': b"Listing '/home/cnutter/turtlebot4_ws/install/custom_interfaces/lib/python3.12/site-packages/custom_interfaces/action'...\n"}
[0.550246] (custom_interfaces) StdoutLine: {'line': b"Listing '/home/cnutter/turtlebot4_ws/install/custom_interfaces/lib/python3.12/site-packages/custom_interfaces/msg'...\n"}
[0.550348] (custom_interfaces) StdoutLine: {'line': b"Listing '/home/cnutter/turtlebot4_ws/install/custom_interfaces/lib/python3.12/site-packages/custom_interfaces/srv'...\n"}
[0.554110] (custom_interfaces) StdoutLine: {'line': b'-- Up-to-date: /home/cnutter/turtlebot4_ws/install/custom_interfaces/lib/python3.12/site-packages/custom_interfaces/custom_interfaces_s__rosidl_typesupport_fastrtps_c.so\n'}
[0.554557] (custom_interfaces) StdoutLine: {'line': b'-- Up-to-date: /home/cnutter/turtlebot4_ws/install/custom_interfaces/lib/python3.12/site-packages/custom_interfaces/custom_interfaces_s__rosidl_typesupport_introspection_c.so\n'}
[0.554981] (custom_interfaces) StdoutLine: {'line': b'-- Up-to-date: /home/cnutter/turtlebot4_ws/install/custom_interfaces/lib/python3.12/site-packages/custom_interfaces/custom_interfaces_s__rosidl_typesupport_c.so\n'}
[0.555433] (custom_interfaces) StdoutLine: {'line': b'-- Up-to-date: /home/cnutter/turtlebot4_ws/install/custom_interfaces/lib/libcustom_interfaces__rosidl_generator_py.so\n'}
[0.555716] (custom_interfaces) StdoutLine: {'line': b'-- Up-to-date: /home/cnutter/turtlebot4_ws/install/custom_interfaces/share/ament_index/resource_index/rust_packages/custom_interfaces\n'}
[0.555833] (custom_interfaces) StdoutLine: {'line': b'-- Up-to-date: /home/cnutter/turtlebot4_ws/install/custom_interfaces/share/custom_interfaces/rust\n'}
[0.555997] (custom_interfaces) StdoutLine: {'line': b'-- Up-to-date: /home/cnutter/turtlebot4_ws/install/custom_interfaces/share/custom_interfaces/rust/src\n'}
[0.556144] (custom_interfaces) StdoutLine: {'line': b'-- Up-to-date: /home/cnutter/turtlebot4_ws/install/custom_interfaces/share/custom_interfaces/rust/src/srv.rs\n'}
[0.556292] (custom_interfaces) StdoutLine: {'line': b'-- Up-to-date: /home/cnutter/turtlebot4_ws/install/custom_interfaces/share/custom_interfaces/rust/src/srv\n'}
[0.556422] (custom_interfaces) StdoutLine: {'line': b'-- Up-to-date: /home/cnutter/turtlebot4_ws/install/custom_interfaces/share/custom_interfaces/rust/src/srv/rmw.rs\n'}
[0.556565] (custom_interfaces) StdoutLine: {'line': b'-- Up-to-date: /home/cnutter/turtlebot4_ws/install/custom_interfaces/share/custom_interfaces/rust/src/action.rs\n'}
[0.556680] (custom_interfaces) StdoutLine: {'line': b'-- Up-to-date: /home/cnutter/turtlebot4_ws/install/custom_interfaces/share/custom_interfaces/rust/src/action\n'}
[0.556800] (custom_interfaces) StdoutLine: {'line': b'-- Up-to-date: /home/cnutter/turtlebot4_ws/install/custom_interfaces/share/custom_interfaces/rust/src/action/rmw.rs\n'}
[0.556919] (custom_interfaces) StdoutLine: {'line': b'-- Up-to-date: /home/cnutter/turtlebot4_ws/install/custom_interfaces/share/custom_interfaces/rust/src/msg\n'}
[0.557071] (custom_interfaces) StdoutLine: {'line': b'-- Up-to-date: /home/cnutter/turtlebot4_ws/install/custom_interfaces/share/custom_interfaces/rust/src/msg/rmw.rs\n'}
[0.557188] (custom_interfaces) StdoutLine: {'line': b'-- Up-to-date: /home/cnutter/turtlebot4_ws/install/custom_interfaces/share/custom_interfaces/rust/src/lib.rs\n'}
[0.557291] (custom_interfaces) StdoutLine: {'line': b'-- Up-to-date: /home/cnutter/turtlebot4_ws/install/custom_interfaces/share/custom_interfaces/rust/src/msg.rs\n'}
[0.557394] (custom_interfaces) StdoutLine: {'line': b'-- Up-to-date: /home/cnutter/turtlebot4_ws/install/custom_interfaces/share/custom_interfaces/rust/build.rs\n'}
[0.557504] (custom_interfaces) StdoutLine: {'line': b'-- Up-to-date: /home/cnutter/turtlebot4_ws/install/custom_interfaces/share/custom_interfaces/rust/Cargo.toml\n'}
[0.557598] (custom_interfaces) StdoutLine: {'line': b'-- Up-to-date: /home/cnutter/turtlebot4_ws/install/custom_interfaces/share/custom_interfaces/msg/ObsList.idl\n'}
[0.557726] (custom_interfaces) StdoutLine: {'line': b'-- Up-to-date: /home/cnutter/turtlebot4_ws/install/custom_interfaces/share/custom_interfaces/srv/SetCap.idl\n'}
[0.557812] (custom_interfaces) StdoutLine: {'line': b'-- Up-to-date: /home/cnutter/turtlebot4_ws/install/custom_interfaces/share/custom_interfaces/action/RobotGoal.idl\n'}
[0.557932] (custom_interfaces) StdoutLine: {'line': b'-- Up-to-date: /home/cnutter/turtlebot4_ws/install/custom_interfaces/share/custom_interfaces/msg/ObsList.msg\n'}
[0.558033] (custom_interfaces) StdoutLine: {'line': b'-- Up-to-date: /home/cnutter/turtlebot4_ws/install/custom_interfaces/share/custom_interfaces/srv/SetCap.srv\n'}
[0.558143] (custom_interfaces) StdoutLine: {'line': b'-- Up-to-date: /home/cnutter/turtlebot4_ws/install/custom_interfaces/share/custom_interfaces/action/RobotGoal.action\n'}
[0.558235] (custom_interfaces) StdoutLine: {'line': b'-- Up-to-date: /home/cnutter/turtlebot4_ws/install/custom_interfaces/share/ament_index/resource_index/package_run_dependencies/custom_interfaces\n'}
[0.558322] (custom_interfaces) StdoutLine: {'line': b'-- Up-to-date: /home/cnutter/turtlebot4_ws/install/custom_interfaces/share/ament_index/resource_index/parent_prefix_path/custom_interfaces\n'}
[0.558412] (custom_interfaces) StdoutLine: {'line': b'-- Up-to-date: /home/cnutter/turtlebot4_ws/install/custom_interfaces/share/custom_interfaces/environment/ament_prefix_path.sh\n'}
[0.558527] (custom_interfaces) StdoutLine: {'line': b'-- Up-to-date: /home/cnutter/turtlebot4_ws/install/custom_interfaces/share/custom_interfaces/environment/ament_prefix_path.dsv\n'}
[0.558637] (custom_interfaces) StdoutLine: {'line': b'-- Up-to-date: /home/cnutter/turtlebot4_ws/install/custom_interfaces/share/custom_interfaces/environment/path.sh\n'}
[0.558740] (custom_interfaces) StdoutLine: {'line': b'-- Up-to-date: /home/cnutter/turtlebot4_ws/install/custom_interfaces/share/custom_interfaces/environment/path.dsv\n'}
[0.558839] (custom_interfaces) StdoutLine: {'line': b'-- Up-to-date: /home/cnutter/turtlebot4_ws/install/custom_interfaces/share/custom_interfaces/local_setup.bash\n'}
[0.558957] (custom_interfaces) StdoutLine: {'line': b'-- Up-to-date: /home/cnutter/turtlebot4_ws/install/custom_interfaces/share/custom_interfaces/local_setup.sh\n'}
[0.559071] (custom_interfaces) StdoutLine: {'line': b'-- Up-to-date: /home/cnutter/turtlebot4_ws/install/custom_interfaces/share/custom_interfaces/local_setup.zsh\n'}
[0.559200] (custom_interfaces) StdoutLine: {'line': b'-- Up-to-date: /home/cnutter/turtlebot4_ws/install/custom_interfaces/share/custom_interfaces/local_setup.dsv\n'}
[0.559299] (custom_interfaces) StdoutLine: {'line': b'-- Installing: /home/cnutter/turtlebot4_ws/install/custom_interfaces/share/custom_interfaces/package.dsv\n'}
[0.559384] (custom_interfaces) StdoutLine: {'line': b'-- Up-to-date: /home/cnutter/turtlebot4_ws/install/custom_interfaces/share/ament_index/resource_index/packages/custom_interfaces\n'}
[0.559471] (custom_interfaces) StdoutLine: {'line': b'-- Up-to-date: /home/cnutter/turtlebot4_ws/install/custom_interfaces/share/custom_interfaces/cmake/export_custom_interfaces__rosidl_generator_cExport.cmake\n'}
[0.559579] (custom_interfaces) StdoutLine: {'line': b'-- Up-to-date: /home/cnutter/turtlebot4_ws/install/custom_interfaces/share/custom_interfaces/cmake/export_custom_interfaces__rosidl_generator_cExport-noconfig.cmake\n'}
[0.559707] (custom_interfaces) StdoutLine: {'line': b'-- Up-to-date: /home/cnutter/turtlebot4_ws/install/custom_interfaces/share/custom_interfaces/cmake/export_custom_interfaces__rosidl_typesupport_fastrtps_cExport.cmake\n'}
[0.559817] (custom_interfaces) StdoutLine: {'line': b'-- Up-to-date: /home/cnutter/turtlebot4_ws/install/custom_interfaces/share/custom_interfaces/cmake/export_custom_interfaces__rosidl_typesupport_fastrtps_cExport-noconfig.cmake\n'}
[0.559923] (custom_interfaces) StdoutLine: {'line': b'-- Up-to-date: /home/cnutter/turtlebot4_ws/install/custom_interfaces/share/custom_interfaces/cmake/custom_interfaces__rosidl_typesupport_introspection_cExport.cmake\n'}
[0.560049] (custom_interfaces) StdoutLine: {'line': b'-- Up-to-date: /home/cnutter/turtlebot4_ws/install/custom_interfaces/share/custom_interfaces/cmake/custom_interfaces__rosidl_typesupport_introspection_cExport-noconfig.cmake\n'}
[0.560167] (custom_interfaces) StdoutLine: {'line': b'-- Up-to-date: /home/cnutter/turtlebot4_ws/install/custom_interfaces/share/custom_interfaces/cmake/custom_interfaces__rosidl_typesupport_cExport.cmake\n'}
[0.560283] (custom_interfaces) StdoutLine: {'line': b'-- Up-to-date: /home/cnutter/turtlebot4_ws/install/custom_interfaces/share/custom_interfaces/cmake/custom_interfaces__rosidl_typesupport_cExport-noconfig.cmake\n'}
[0.560395] (custom_interfaces) StdoutLine: {'line': b'-- Up-to-date: /home/cnutter/turtlebot4_ws/install/custom_interfaces/share/custom_interfaces/cmake/export_custom_interfaces__rosidl_generator_cppExport.cmake\n'}
[0.560490] (custom_interfaces) StdoutLine: {'line': b'-- Up-to-date: /home/cnutter/turtlebot4_ws/install/custom_interfaces/share/custom_interfaces/cmake/export_custom_interfaces__rosidl_typesupport_fastrtps_cppExport.cmake\n'}
[0.560591] (custom_interfaces) StdoutLine: {'line': b'-- Up-to-date: /home/cnutter/turtlebot4_ws/install/custom_interfaces/share/custom_interfaces/cmake/export_custom_interfaces__rosidl_typesupport_fastrtps_cppExport-noconfig.cmake\n'}
[0.560708] (custom_interfaces) StdoutLine: {'line': b'-- Up-to-date: /home/cnutter/turtlebot4_ws/install/custom_interfaces/share/custom_interfaces/cmake/custom_interfaces__rosidl_typesupport_introspection_cppExport.cmake\n'}
[0.560798] (custom_interfaces) StdoutLine: {'line': b'-- Up-to-date: /home/cnutter/turtlebot4_ws/install/custom_interfaces/share/custom_interfaces/cmake/custom_interfaces__rosidl_typesupport_introspection_cppExport-noconfig.cmake\n'}
[0.560903] (custom_interfaces) StdoutLine: {'line': b'-- Up-to-date: /home/cnutter/turtlebot4_ws/install/custom_interfaces/share/custom_interfaces/cmake/custom_interfaces__rosidl_typesupport_cppExport.cmake\n'}
[0.561017] (custom_interfaces) StdoutLine: {'line': b'-- Up-to-date: /home/cnutter/turtlebot4_ws/install/custom_interfaces/share/custom_interfaces/cmake/custom_interfaces__rosidl_typesupport_cppExport-noconfig.cmake\n'}
[0.561118] (custom_interfaces) StdoutLine: {'line': b'-- Up-to-date: /home/cnutter/turtlebot4_ws/install/custom_interfaces/share/custom_interfaces/cmake/export_custom_interfaces__rosidl_generator_pyExport.cmake\n'}
[0.561220] (custom_interfaces) StdoutLine: {'line': b'-- Up-to-date: /home/cnutter/turtlebot4_ws/install/custom_interfaces/share/custom_interfaces/cmake/export_custom_interfaces__rosidl_generator_pyExport-noconfig.cmake\n'}
[0.561313] (custom_interfaces) StdoutLine: {'line': b'-- Up-to-date: /home/cnutter/turtlebot4_ws/install/custom_interfaces/share/custom_interfaces/cmake/rosidl_cmake-extras.cmake\n'}
[0.561425] (custom_interfaces) StdoutLine: {'line': b'-- Up-to-date: /home/cnutter/turtlebot4_ws/install/custom_interfaces/share/custom_interfaces/cmake/ament_cmake_export_dependencies-extras.cmake\n'}
[0.561517] (custom_interfaces) StdoutLine: {'line': b'-- Up-to-date: /home/cnutter/turtlebot4_ws/install/custom_interfaces/share/custom_interfaces/cmake/ament_cmake_export_include_directories-extras.cmake\n'}
[0.561604] (custom_interfaces) StdoutLine: {'line': b'-- Up-to-date: /home/cnutter/turtlebot4_ws/install/custom_interfaces/share/custom_interfaces/cmake/ament_cmake_export_libraries-extras.cmake\n'}
[0.561712] (custom_interfaces) StdoutLine: {'line': b'-- Up-to-date: /home/cnutter/turtlebot4_ws/install/custom_interfaces/share/custom_interfaces/cmake/ament_cmake_export_targets-extras.cmake\n'}
[0.561802] (custom_interfaces) StdoutLine: {'line': b'-- Up-to-date: /home/cnutter/turtlebot4_ws/install/custom_interfaces/share/custom_interfaces/cmake/rosidl_cmake_export_typesupport_targets-extras.cmake\n'}
[0.561898] (custom_interfaces) StdoutLine: {'line': b'-- Up-to-date: /home/cnutter/turtlebot4_ws/install/custom_interfaces/share/custom_interfaces/cmake/rosidl_cmake_export_typesupport_libraries-extras.cmake\n'}
[0.561990] (custom_interfaces) StdoutLine: {'line': b'-- Up-to-date: /home/cnutter/turtlebot4_ws/install/custom_interfaces/share/custom_interfaces/cmake/custom_interfacesConfig.cmake\n'}
[0.562084] (custom_interfaces) StdoutLine: {'line': b'-- Up-to-date: /home/cnutter/turtlebot4_ws/install/custom_interfaces/share/custom_interfaces/cmake/custom_interfacesConfig-version.cmake\n'}
[0.562244] (custom_interfaces) StdoutLine: {'line': b'-- Up-to-date: /home/cnutter/turtlebot4_ws/install/custom_interfaces/share/custom_interfaces/package.xml\n'}
[0.562731] (custom_interfaces) CommandEnded: {'returncode': 0}
[0.600520] (-) TimerEvent: {}
[0.630451] (custom_interfaces) JobEnded: {'identifier': 'custom_interfaces', 'rc': 0}
[0.631549] (lab3_pkg) JobStarted: {'identifier': 'lab3_pkg'}
[0.639271] (final) JobStarted: {'identifier': 'final'}
[0.648067] (lab5_pkg) JobStarted: {'identifier': 'lab5_pkg'}
[0.700634] (-) TimerEvent: {}
[0.800877] (-) TimerEvent: {}
[0.901086] (-) TimerEvent: {}
[1.001282] (-) TimerEvent: {}
[1.101498] (-) TimerEvent: {}
[1.201752] (-) TimerEvent: {}
[1.301982] (-) TimerEvent: {}
[1.315153] (lab1_pkg) Command: {'cmd': ['/usr/bin/python3', '-W', 'ignore:setup.py install is deprecated', '-W', 'ignore:easy_install command is deprecated', 'setup.py', 'egg_info', '--egg-base', '../../build/lab1_pkg', 'build', '--build-base', '/home/cnutter/turtlebot4_ws/build/lab1_pkg/build', 'install', '--record', '/home/cnutter/turtlebot4_ws/build/lab1_pkg/install.log', '--single-version-externally-managed', 'install_data'], 'cwd': '/home/cnutter/turtlebot4_ws/src/lab1_pkg', 'env': {'USER': 'cnutter@plu.edu', 'GZ_SIM_RESOURCE_PATH': '/opt/ros/jazzy/share', 'GZ_CONFIG_PATH': '/opt/ros/jazzy/opt/gz_sim_vendor/share/gz:/opt/ros/jazzy/opt/sdformat_vendor/share/gz:/opt/ros/jazzy/opt/gz_gui_vendor/share/gz:/opt/ros/jazzy/opt/gz_transport_vendor/share/gz:/opt/ros/jazzy/opt/gz_rendering_vendor/share/gz:/opt/ros/jazzy/opt/gz_plugin_vendor/share/gz:/opt/ros/jazzy/opt/gz_fuel_tools_vendor/share/gz:/opt/ros/jazzy/opt/gz_msgs_vendor/share/gz:/opt/ros/jazzy/opt/gz_common_vendor/share/gz', 'XDG_SESSION_TYPE': 'wayland', 'CLUTTER_DISABLE_MIPMAPPED_TEXT': '1', 'SHLVL': '1', 'LD_LIBRARY_PATH': '/home/cnutter/turtlebot4_ws/install/custom_interfaces/lib:/opt/ros/jazzy/opt/gz_sim_vendor/lib:/opt/ros/jazzy/opt/gz_sensors_vendor/lib:/opt/ros/jazzy/opt/gz_physics_vendor/lib:/opt/ros/jazzy/opt/sdformat_vendor/lib:/opt/ros/jazzy/opt/rviz_ogre_vendor/lib:/opt/ros/jazzy/lib/x86_64-linux-gnu:/opt/ros/jazzy/opt/gz_gui_vendor/lib:/opt/ros/jazzy/opt/gz_transport_vendor/lib:/opt/ros/jazzy/opt/gz_rendering_vendor/lib:/opt/ros/jazzy/opt/gz_plugin_vendor/lib:/opt/ros/jazzy/opt/gz_fuel_tools_vendor/lib:/opt/ros/jazzy/opt/gz_msgs_vendor/lib:/opt/ros/jazzy/opt/gz_common_vendor/lib:/opt/ros/jazzy/opt/gz_math_vendor/lib:/opt/ros/jazzy/opt/gz_utils_vendor/lib:/opt/ros/jazzy/opt/gz_tools_vendor/lib:/opt/ros/jazzy/opt/gz_ogre_next_vendor/lib:/opt/ros/jazzy/opt/gz_dartsim_vendor/lib:/opt/ros/jazzy/opt/gz_cmake_vendor/lib:/opt/ros/jazzy/lib', 'OLDPWD': '/home/cnutter', 'HOME': '/home/cnutter', 'DESKTOP_SESSION': 'ubuntu', 'GTK_MODULES': 'gail:atk-bridge', 'GNOME_SHELL_SESSION_MODE': 'ubuntu', 'ROS_PYTHON_VERSION': '3', 'SYSTEMD_EXEC_PID': '28407', 'DBUS_SESSION_BUS_ADDRESS': 'unix:path=/run/user/481847517/bus', 'GSM_SKIP_SSH_AGENT_WORKAROUND': 'true', 'COLORTERM': 'truecolor', 'CONDA_CHANGEPS1': 'no', 'WAYLAND_DISPLAY': 'wayland-0', 'ROS_DISTRO': 'jazzy', 'COLCON_PREFIX_PATH': '/home/cnutter/turtlebot4_ws/install', 'LOGNAME': 'cnutter@plu.edu', '_': '/usr/bin/colcon', 'MEMORY_PRESSURE_WATCH': '/sys/fs/cgroup/user.slice/user-481847517.slice/user@481847517.service/session.slice/org.gnome.Shell@wayland.service/memory.pressure', 'XDG_SESSION_CLASS': 'user', 'ROS_VERSION': '2', 'USERNAME': 'cnutter@plu.edu', 'TERM': 'xterm-256color', 'PROMPT_EOL_MARK': '', 'ROS_SUPER_CLIENT': 'True', 'GNOME_DESKTOP_SESSION_ID': 'this-is-deprecated', 'PATH': '/opt/ros/jazzy/opt/gz_msgs_vendor/bin:/opt/ros/jazzy/opt/gz_tools_vendor/bin:/opt/ros/jazzy/opt/gz_ogre_next_vendor/bin:/opt/ros/jazzy/bin:/usr/local/sbin:/usr/local/bin:/usr/sbin:/usr/bin:/sbin:/bin:/usr/games:/usr/local/games:/snap/bin:/snap/bin', 'SESSION_MANAGER': 'local/csci20122:@/tmp/.ICE-unix/28375,unix/csci20122:/tmp/.ICE-unix/28375', 'GNOME_TERMINAL_SCREEN': '/org/gnome/Terminal/screen/d1815c0c_3a98_4119_8e51_c4952ecb9ec0', 'XDG_MENU_PREFIX': 'gnome-', 'GNOME_SETUP_DISPLAY': ':1', 'XDG_RUNTIME_DIR': '/run/user/481847517', 'DISPLAY': ':0', 'XDG_CURRENT_DESKTOP': 'ubuntu:GNOME', 'LANG': 'en_US.UTF-8', 'RMW_IMPLEMENTATION': 'rmw_fastrtps_cpp', 'XDG_SESSION_DESKTOP': 'ubuntu', 'GNOME_TERMINAL_SERVICE': ':1.132', 'XMODIFIERS': '@im=ibus', 'XAUTHORITY': '/run/user/481847517/.mutter-Xwaylandauth.BBP1O3', 'SSH_AUTH_SOCK': '/run/user/481847517/keyring/ssh', 'AMENT_PREFIX_PATH': '/home/cnutter/turtlebot4_ws/install/lab_bringup:/home/cnutter/turtlebot4_ws/install/lab5_pkg:/home/cnutter/turtlebot4_ws/install/final_bringup:/home/cnutter/turtlebot4_ws/install/lab3_pkg:/home/cnutter/turtlebot4_ws/install/lab2_pkg:/home/cnutter/turtlebot4_ws/install/lab1_pkg:/home/cnutter/turtlebot4_ws/install/final:/home/cnutter/turtlebot4_ws/install/custom_interfaces:/opt/ros/jazzy', 'ROS_DOMAIN_ID': '0', 'KRB5CCNAME': 'FILE:/tmp/krb5cc_481847517_OSmN3a', 'SHELL': '/bin/zsh', 'ROS_DISCOVERY_SERVER': '10.5.113.101:11811', 'QT_ACCESSIBILITY': '1', 'GDMSESSION': 'ubuntu', 'QT_IM_MODULE': 'ibus', 'ROS_AUTOMATIC_DISCOVERY_RANGE': 'SUBNET', 'PWD': '/home/cnutter/turtlebot4_ws/build/lab1_pkg', 'XDG_DATA_DIRS': '/usr/local/share/:/usr/share/:/var/lib/snapd/desktop', 'VIRTUAL_ENV_DISABLE_PROMPT': '12', 'PYTHONPATH': '/home/cnutter/turtlebot4_ws/build/lab1_pkg/prefix_override:/usr/lib/python3/dist-packages/colcon_core/task/python/colcon_distutils_commands:/home/cnutter/turtlebot4_ws/install/lab1_pkg/lib/python3.12/site-packages:/home/cnutter/turtlebot4_ws/install/lab5_pkg/lib/python3.12/site-packages:/home/cnutter/turtlebot4_ws/install/lab3_pkg/lib/python3.12/site-packages:/home/cnutter/turtlebot4_ws/install/lab2_pkg/lib/python3.12/site-packages:/home/cnutter/turtlebot4_ws/install/lab1_pkg/lib/python3.12/site-packages:/home/cnutter/turtlebot4_ws/install/final/lib/python3.12/site-packages:/home/cnutter/turtlebot4_ws/install/custom_interfaces/lib/python3.12/site-packages:/opt/ros/jazzy/lib/python3.12/site-packages', 'COLCON': '1', 'VTE_VERSION': '7600', 'MEMORY_PRESSURE_WRITE': 'c29tZSAyMDAwMDAgMjAwMDAwMAA=', 'CMAKE_PREFIX_PATH': '/home/cnutter/turtlebot4_ws/install/lab_bringup:/home/cnutter/turtlebot4_ws/install/final_bringup:/home/cnutter/turtlebot4_ws/install/custom_interfaces:/opt/ros/jazzy/opt/gz_sim_vendor:/opt/ros/jazzy/opt/gz_sensors_vendor:/opt/ros/jazzy/opt/gz_physics_vendor:/opt/ros/jazzy/opt/sdformat_vendor:/opt/ros/jazzy/opt/gz_gui_vendor:/opt/ros/jazzy/opt/gz_transport_vendor:/opt/ros/jazzy/opt/gz_rendering_vendor:/opt/ros/jazzy/opt/gz_plugin_vendor:/opt/ros/jazzy/opt/gz_fuel_tools_vendor:/opt/ros/jazzy/opt/gz_msgs_vendor:/opt/ros/jazzy/opt/gz_common_vendor:/opt/ros/jazzy/opt/gz_math_vendor:/opt/ros/jazzy/opt/gz_utils_vendor:/opt/ros/jazzy/opt/gz_tools_vendor:/opt/ros/jazzy/opt/gz_ogre_next_vendor:/opt/ros/jazzy/opt/gz_dartsim_vendor:/opt/ros/jazzy/opt/gz_cmake_vendor'}, 'shell': False}
[1.317072] (lab2_pkg) Command: {'cmd': ['/usr/bin/python3', '-W', 'ignore:setup.py install is deprecated', '-W', 'ignore:easy_install command is deprecated', 'setup.py', 'egg_info', '--egg-base', '../../build/lab2_pkg', 'build', '--build-base', '/home/cnutter/turtlebot4_ws/build/lab2_pkg/build', 'install', '--record', '/home/cnutter/turtlebot4_ws/build/lab2_pkg/install.log', '--single-version-externally-managed', 'install_data'], 'cwd': '/home/cnutter/turtlebot4_ws/src/lab2_pkg', 'env': {'USER': 'cnutter@plu.edu', 'GZ_SIM_RESOURCE_PATH': '/opt/ros/jazzy/share', 'GZ_CONFIG_PATH': '/opt/ros/jazzy/opt/gz_sim_vendor/share/gz:/opt/ros/jazzy/opt/sdformat_vendor/share/gz:/opt/ros/jazzy/opt/gz_gui_vendor/share/gz:/opt/ros/jazzy/opt/gz_transport_vendor/share/gz:/opt/ros/jazzy/opt/gz_rendering_vendor/share/gz:/opt/ros/jazzy/opt/gz_plugin_vendor/share/gz:/opt/ros/jazzy/opt/gz_fuel_tools_vendor/share/gz:/opt/ros/jazzy/opt/gz_msgs_vendor/share/gz:/opt/ros/jazzy/opt/gz_common_vendor/share/gz', 'XDG_SESSION_TYPE': 'wayland', 'CLUTTER_DISABLE_MIPMAPPED_TEXT': '1', 'SHLVL': '1', 'LD_LIBRARY_PATH': '/home/cnutter/turtlebot4_ws/install/custom_interfaces/lib:/opt/ros/jazzy/opt/gz_sim_vendor/lib:/opt/ros/jazzy/opt/gz_sensors_vendor/lib:/opt/ros/jazzy/opt/gz_physics_vendor/lib:/opt/ros/jazzy/opt/sdformat_vendor/lib:/opt/ros/jazzy/opt/rviz_ogre_vendor/lib:/opt/ros/jazzy/lib/x86_64-linux-gnu:/opt/ros/jazzy/opt/gz_gui_vendor/lib:/opt/ros/jazzy/opt/gz_transport_vendor/lib:/opt/ros/jazzy/opt/gz_rendering_vendor/lib:/opt/ros/jazzy/opt/gz_plugin_vendor/lib:/opt/ros/jazzy/opt/gz_fuel_tools_vendor/lib:/opt/ros/jazzy/opt/gz_msgs_vendor/lib:/opt/ros/jazzy/opt/gz_common_vendor/lib:/opt/ros/jazzy/opt/gz_math_vendor/lib:/opt/ros/jazzy/opt/gz_utils_vendor/lib:/opt/ros/jazzy/opt/gz_tools_vendor/lib:/opt/ros/jazzy/opt/gz_ogre_next_vendor/lib:/opt/ros/jazzy/opt/gz_dartsim_vendor/lib:/opt/ros/jazzy/opt/gz_cmake_vendor/lib:/opt/ros/jazzy/lib', 'OLDPWD': '/home/cnutter', 'HOME': '/home/cnutter', 'DESKTOP_SESSION': 'ubuntu', 'GTK_MODULES': 'gail:atk-bridge', 'GNOME_SHELL_SESSION_MODE': 'ubuntu', 'ROS_PYTHON_VERSION': '3', 'SYSTEMD_EXEC_PID': '28407', 'DBUS_SESSION_BUS_ADDRESS': 'unix:path=/run/user/481847517/bus', 'GSM_SKIP_SSH_AGENT_WORKAROUND': 'true', 'COLORTERM': 'truecolor', 'CONDA_CHANGEPS1': 'no', 'WAYLAND_DISPLAY': 'wayland-0', 'ROS_DISTRO': 'jazzy', 'COLCON_PREFIX_PATH': '/home/cnutter/turtlebot4_ws/install', 'LOGNAME': 'cnutter@plu.edu', '_': '/usr/bin/colcon', 'MEMORY_PRESSURE_WATCH': '/sys/fs/cgroup/user.slice/user-481847517.slice/user@481847517.service/session.slice/org.gnome.Shell@wayland.service/memory.pressure', 'XDG_SESSION_CLASS': 'user', 'ROS_VERSION': '2', 'USERNAME': 'cnutter@plu.edu', 'TERM': 'xterm-256color', 'PROMPT_EOL_MARK': '', 'ROS_SUPER_CLIENT': 'True', 'GNOME_DESKTOP_SESSION_ID': 'this-is-deprecated', 'PATH': '/opt/ros/jazzy/opt/gz_msgs_vendor/bin:/opt/ros/jazzy/opt/gz_tools_vendor/bin:/opt/ros/jazzy/opt/gz_ogre_next_vendor/bin:/opt/ros/jazzy/bin:/usr/local/sbin:/usr/local/bin:/usr/sbin:/usr/bin:/sbin:/bin:/usr/games:/usr/local/games:/snap/bin:/snap/bin', 'SESSION_MANAGER': 'local/csci20122:@/tmp/.ICE-unix/28375,unix/csci20122:/tmp/.ICE-unix/28375', 'GNOME_TERMINAL_SCREEN': '/org/gnome/Terminal/screen/d1815c0c_3a98_4119_8e51_c4952ecb9ec0', 'XDG_MENU_PREFIX': 'gnome-', 'GNOME_SETUP_DISPLAY': ':1', 'XDG_RUNTIME_DIR': '/run/user/481847517', 'DISPLAY': ':0', 'XDG_CURRENT_DESKTOP': 'ubuntu:GNOME', 'LANG': 'en_US.UTF-8', 'RMW_IMPLEMENTATION': 'rmw_fastrtps_cpp', 'XDG_SESSION_DESKTOP': 'ubuntu', 'GNOME_TERMINAL_SERVICE': ':1.132', 'XMODIFIERS': '@im=ibus', 'XAUTHORITY': '/run/user/481847517/.mutter-Xwaylandauth.BBP1O3', 'SSH_AUTH_SOCK': '/run/user/481847517/keyring/ssh', 'AMENT_PREFIX_PATH': '/home/cnutter/turtlebot4_ws/install/lab_bringup:/home/cnutter/turtlebot4_ws/install/lab5_pkg:/home/cnutter/turtlebot4_ws/install/final_bringup:/home/cnutter/turtlebot4_ws/install/lab3_pkg:/home/cnutter/turtlebot4_ws/install/lab2_pkg:/home/cnutter/turtlebot4_ws/install/lab1_pkg:/home/cnutter/turtlebot4_ws/install/final:/home/cnutter/turtlebot4_ws/install/custom_interfaces:/opt/ros/jazzy', 'ROS_DOMAIN_ID': '0', 'KRB5CCNAME': 'FILE:/tmp/krb5cc_481847517_OSmN3a', 'SHELL': '/bin/zsh', 'ROS_DISCOVERY_SERVER': '10.5.113.101:11811', 'QT_ACCESSIBILITY': '1', 'GDMSESSION': 'ubuntu', 'QT_IM_MODULE': 'ibus', 'ROS_AUTOMATIC_DISCOVERY_RANGE': 'SUBNET', 'PWD': '/home/cnutter/turtlebot4_ws/build/lab2_pkg', 'XDG_DATA_DIRS': '/usr/local/share/:/usr/share/:/var/lib/snapd/desktop', 'VIRTUAL_ENV_DISABLE_PROMPT': '12', 'PYTHONPATH': '/home/cnutter/turtlebot4_ws/build/lab2_pkg/prefix_override:/usr/lib/python3/dist-packages/colcon_core/task/python/colcon_distutils_commands:/home/cnutter/turtlebot4_ws/install/lab2_pkg/lib/python3.12/site-packages:/home/cnutter/turtlebot4_ws/install/lab5_pkg/lib/python3.12/site-packages:/home/cnutter/turtlebot4_ws/install/lab3_pkg/lib/python3.12/site-packages:/home/cnutter/turtlebot4_ws/install/lab2_pkg/lib/python3.12/site-packages:/home/cnutter/turtlebot4_ws/install/lab1_pkg/lib/python3.12/site-packages:/home/cnutter/turtlebot4_ws/install/final/lib/python3.12/site-packages:/home/cnutter/turtlebot4_ws/install/custom_interfaces/lib/python3.12/site-packages:/opt/ros/jazzy/lib/python3.12/site-packages', 'COLCON': '1', 'VTE_VERSION': '7600', 'MEMORY_PRESSURE_WRITE': 'c29tZSAyMDAwMDAgMjAwMDAwMAA=', 'CMAKE_PREFIX_PATH': '/home/cnutter/turtlebot4_ws/install/lab_bringup:/home/cnutter/turtlebot4_ws/install/final_bringup:/home/cnutter/turtlebot4_ws/install/custom_interfaces:/opt/ros/jazzy/opt/gz_sim_vendor:/opt/ros/jazzy/opt/gz_sensors_vendor:/opt/ros/jazzy/opt/gz_physics_vendor:/opt/ros/jazzy/opt/sdformat_vendor:/opt/ros/jazzy/opt/gz_gui_vendor:/opt/ros/jazzy/opt/gz_transport_vendor:/opt/ros/jazzy/opt/gz_rendering_vendor:/opt/ros/jazzy/opt/gz_plugin_vendor:/opt/ros/jazzy/opt/gz_fuel_tools_vendor:/opt/ros/jazzy/opt/gz_msgs_vendor:/opt/ros/jazzy/opt/gz_common_vendor:/opt/ros/jazzy/opt/gz_math_vendor:/opt/ros/jazzy/opt/gz_utils_vendor:/opt/ros/jazzy/opt/gz_tools_vendor:/opt/ros/jazzy/opt/gz_ogre_next_vendor:/opt/ros/jazzy/opt/gz_dartsim_vendor:/opt/ros/jazzy/opt/gz_cmake_vendor'}, 'shell': False}
[1.402066] (-) TimerEvent: {}
[1.502300] (-) TimerEvent: {}
[1.602508] (-) TimerEvent: {}
[1.631517] (lab2_pkg) StdoutLine: {'line': b'running egg_info\n'}
[1.634057] (lab1_pkg) StdoutLine: {'line': b'running egg_info\n'}
[1.657021] (lab2_pkg) StdoutLine: {'line': b'writing ../../build/lab2_pkg/lab2_pkg.egg-info/PKG-INFO\n'}
[1.657287] (lab2_pkg) StdoutLine: {'line': b'writing dependency_links to ../../build/lab2_pkg/lab2_pkg.egg-info/dependency_links.txt\n'}
[1.657492] (lab2_pkg) StdoutLine: {'line': b'writing entry points to ../../build/lab2_pkg/lab2_pkg.egg-info/entry_points.txt\n'}
[1.657678] (lab2_pkg) StdoutLine: {'line': b'writing requirements to ../../build/lab2_pkg/lab2_pkg.egg-info/requires.txt\n'}
[1.657832] (lab2_pkg) StdoutLine: {'line': b'writing top-level names to ../../build/lab2_pkg/lab2_pkg.egg-info/top_level.txt\n'}
[1.664629] (lab1_pkg) StdoutLine: {'line': b'writing ../../build/lab1_pkg/lab1_pkg.egg-info/PKG-INFO\n'}
[1.664908] (lab1_pkg) StdoutLine: {'line': b'writing dependency_links to ../../build/lab1_pkg/lab1_pkg.egg-info/dependency_links.txt\n'}
[1.665151] (lab1_pkg) StdoutLine: {'line': b'writing entry points to ../../build/lab1_pkg/lab1_pkg.egg-info/entry_points.txt\n'}
[1.665340] (lab1_pkg) StdoutLine: {'line': b'writing requirements to ../../build/lab1_pkg/lab1_pkg.egg-info/requires.txt\n'}
[1.665503] (lab1_pkg) StdoutLine: {'line': b'writing top-level names to ../../build/lab1_pkg/lab1_pkg.egg-info/top_level.txt\n'}
[1.685198] (lab2_pkg) StdoutLine: {'line': b"reading manifest file '../../build/lab2_pkg/lab2_pkg.egg-info/SOURCES.txt'\n"}
[1.685770] (lab2_pkg) StdoutLine: {'line': b"writing manifest file '../../build/lab2_pkg/lab2_pkg.egg-info/SOURCES.txt'\n"}
[1.685966] (lab2_pkg) StdoutLine: {'line': b'running build\n'}
[1.686102] (lab2_pkg) StdoutLine: {'line': b'running install\n'}
[1.691640] (lab2_pkg) StdoutLine: {'line': b'running install_data\n'}
[1.691794] (lab2_pkg) StdoutLine: {'line': b'running install_egg_info\n'}
[1.702562] (-) TimerEvent: {}
[1.717899] (lab1_pkg) StdoutLine: {'line': b"reading manifest file '../../build/lab1_pkg/lab1_pkg.egg-info/SOURCES.txt'\n"}
[1.718535] (lab1_pkg) StdoutLine: {'line': b"writing manifest file '../../build/lab1_pkg/lab1_pkg.egg-info/SOURCES.txt'\n"}
[1.718731] (lab1_pkg) StdoutLine: {'line': b'running build\n'}
[1.718867] (lab1_pkg) StdoutLine: {'line': b'running build_py\n'}
[1.719053] (lab1_pkg) StdoutLine: {'line': b'running install\n'}
[1.724384] (lab1_pkg) StdoutLine: {'line': b'running install_lib\n'}
[1.745982] (lab2_pkg) StdoutLine: {'line': b"removing '/home/cnutter/turtlebot4_ws/install/lab2_pkg/lib/python3.12/site-packages/lab2_pkg-0.0.0-py3.12.egg-info' (and everything under it)\n"}
[1.746223] (lab2_pkg) StdoutLine: {'line': b'Copying ../../build/lab2_pkg/lab2_pkg.egg-info to /home/cnutter/turtlebot4_ws/install/lab2_pkg/lib/python3.12/site-packages/lab2_pkg-0.0.0-py3.12.egg-info\n'}
[1.749524] (lab2_pkg) StdoutLine: {'line': b'running install_scripts\n'}
[1.750377] (lab1_pkg) StdoutLine: {'line': b'running install_data\n'}
[1.750538] (lab1_pkg) StdoutLine: {'line': b'running install_egg_info\n'}
[1.777818] (lab1_pkg) StdoutLine: {'line': b"removing '/home/cnutter/turtlebot4_ws/install/lab1_pkg/lib/python3.12/site-packages/lab1_pkg-0.0.0-py3.12.egg-info' (and everything under it)\n"}
[1.778067] (lab1_pkg) StdoutLine: {'line': b'Copying ../../build/lab1_pkg/lab1_pkg.egg-info to /home/cnutter/turtlebot4_ws/install/lab1_pkg/lib/python3.12/site-packages/lab1_pkg-0.0.0-py3.12.egg-info\n'}
[1.779592] (lab1_pkg) StdoutLine: {'line': b'running install_scripts\n'}
[1.802652] (-) TimerEvent: {}
[1.902884] (-) TimerEvent: {}
[1.933719] (lab2_pkg) StdoutLine: {'line': b'Installing SCOD script to /home/cnutter/turtlebot4_ws/install/lab2_pkg/lib/lab2_pkg\n'}
[1.933981] (lab2_pkg) StdoutLine: {'line': b"writing list of installed files to '/home/cnutter/turtlebot4_ws/build/lab2_pkg/install.log'\n"}
[1.957799] (lab2_pkg) CommandEnded: {'returncode': 0}
[1.963422] (lab2_pkg) JobEnded: {'identifier': 'lab2_pkg', 'rc': 0}
[1.971726] (lab1_pkg) StdoutLine: {'line': b'Installing speed_behavior_node script to /home/cnutter/turtlebot4_ws/install/lab1_pkg/lib/lab1_pkg\n'}
[1.972172] (lab1_pkg) StdoutLine: {'line': b"writing list of installed files to '/home/cnutter/turtlebot4_ws/build/lab1_pkg/install.log'\n"}
[2.000417] (lab1_pkg) CommandEnded: {'returncode': 0}
[2.002954] (-) TimerEvent: {}
[2.007831] (lab1_pkg) JobEnded: {'identifier': 'lab1_pkg', 'rc': 0}
[2.040148] (final) Command: {'cmd': ['/usr/bin/python3', '-W', 'ignore:setup.py install is deprecated', '-W', 'ignore:easy_install command is deprecated', 'setup.py', 'egg_info', '--egg-base', '../../build/final', 'build', '--build-base', '/home/cnutter/turtlebot4_ws/build/final/build', 'install', '--record', '/home/cnutter/turtlebot4_ws/build/final/install.log', '--single-version-externally-managed', 'install_data'], 'cwd': '/home/cnutter/turtlebot4_ws/src/final', 'env': {'USER': 'cnutter@plu.edu', 'GZ_SIM_RESOURCE_PATH': '/opt/ros/jazzy/share', 'GZ_CONFIG_PATH': '/opt/ros/jazzy/opt/gz_sim_vendor/share/gz:/opt/ros/jazzy/opt/sdformat_vendor/share/gz:/opt/ros/jazzy/opt/gz_gui_vendor/share/gz:/opt/ros/jazzy/opt/gz_transport_vendor/share/gz:/opt/ros/jazzy/opt/gz_rendering_vendor/share/gz:/opt/ros/jazzy/opt/gz_plugin_vendor/share/gz:/opt/ros/jazzy/opt/gz_fuel_tools_vendor/share/gz:/opt/ros/jazzy/opt/gz_msgs_vendor/share/gz:/opt/ros/jazzy/opt/gz_common_vendor/share/gz', 'XDG_SESSION_TYPE': 'wayland', 'CLUTTER_DISABLE_MIPMAPPED_TEXT': '1', 'SHLVL': '1', 'LD_LIBRARY_PATH': '/home/cnutter/turtlebot4_ws/install/custom_interfaces/lib:/opt/ros/jazzy/opt/gz_sim_vendor/lib:/opt/ros/jazzy/opt/gz_sensors_vendor/lib:/opt/ros/jazzy/opt/gz_physics_vendor/lib:/opt/ros/jazzy/opt/sdformat_vendor/lib:/opt/ros/jazzy/opt/rviz_ogre_vendor/lib:/opt/ros/jazzy/lib/x86_64-linux-gnu:/opt/ros/jazzy/opt/gz_gui_vendor/lib:/opt/ros/jazzy/opt/gz_transport_vendor/lib:/opt/ros/jazzy/opt/gz_rendering_vendor/lib:/opt/ros/jazzy/opt/gz_plugin_vendor/lib:/opt/ros/jazzy/opt/gz_fuel_tools_vendor/lib:/opt/ros/jazzy/opt/gz_msgs_vendor/lib:/opt/ros/jazzy/opt/gz_common_vendor/lib:/opt/ros/jazzy/opt/gz_math_vendor/lib:/opt/ros/jazzy/opt/gz_utils_vendor/lib:/opt/ros/jazzy/opt/gz_tools_vendor/lib:/opt/ros/jazzy/opt/gz_ogre_next_vendor/lib:/opt/ros/jazzy/opt/gz_dartsim_vendor/lib:/opt/ros/jazzy/opt/gz_cmake_vendor/lib:/opt/ros/jazzy/lib', 'OLDPWD': '/home/cnutter', 'HOME': '/home/cnutter', 'DESKTOP_SESSION': 'ubuntu', 'GTK_MODULES': 'gail:atk-bridge', 'GNOME_SHELL_SESSION_MODE': 'ubuntu', 'ROS_PYTHON_VERSION': '3', 'SYSTEMD_EXEC_PID': '28407', 'DBUS_SESSION_BUS_ADDRESS': 'unix:path=/run/user/481847517/bus', 'GSM_SKIP_SSH_AGENT_WORKAROUND': 'true', 'COLORTERM': 'truecolor', 'CONDA_CHANGEPS1': 'no', 'WAYLAND_DISPLAY': 'wayland-0', 'ROS_DISTRO': 'jazzy', 'COLCON_PREFIX_PATH': '/home/cnutter/turtlebot4_ws/install', 'LOGNAME': 'cnutter@plu.edu', '_': '/usr/bin/colcon', 'MEMORY_PRESSURE_WATCH': '/sys/fs/cgroup/user.slice/user-481847517.slice/user@481847517.service/session.slice/org.gnome.Shell@wayland.service/memory.pressure', 'XDG_SESSION_CLASS': 'user', 'ROS_VERSION': '2', 'USERNAME': 'cnutter@plu.edu', 'TERM': 'xterm-256color', 'PROMPT_EOL_MARK': '', 'ROS_SUPER_CLIENT': 'True', 'GNOME_DESKTOP_SESSION_ID': 'this-is-deprecated', 'PATH': '/opt/ros/jazzy/opt/gz_msgs_vendor/bin:/opt/ros/jazzy/opt/gz_tools_vendor/bin:/opt/ros/jazzy/opt/gz_ogre_next_vendor/bin:/opt/ros/jazzy/bin:/usr/local/sbin:/usr/local/bin:/usr/sbin:/usr/bin:/sbin:/bin:/usr/games:/usr/local/games:/snap/bin:/snap/bin', 'SESSION_MANAGER': 'local/csci20122:@/tmp/.ICE-unix/28375,unix/csci20122:/tmp/.ICE-unix/28375', 'GNOME_TERMINAL_SCREEN': '/org/gnome/Terminal/screen/d1815c0c_3a98_4119_8e51_c4952ecb9ec0', 'XDG_MENU_PREFIX': 'gnome-', 'GNOME_SETUP_DISPLAY': ':1', 'XDG_RUNTIME_DIR': '/run/user/481847517', 'DISPLAY': ':0', 'XDG_CURRENT_DESKTOP': 'ubuntu:GNOME', 'LANG': 'en_US.UTF-8', 'RMW_IMPLEMENTATION': 'rmw_fastrtps_cpp', 'XDG_SESSION_DESKTOP': 'ubuntu', 'GNOME_TERMINAL_SERVICE': ':1.132', 'XMODIFIERS': '@im=ibus', 'XAUTHORITY': '/run/user/481847517/.mutter-Xwaylandauth.BBP1O3', 'SSH_AUTH_SOCK': '/run/user/481847517/keyring/ssh', 'AMENT_PREFIX_PATH': '/home/cnutter/turtlebot4_ws/install/lab_bringup:/home/cnutter/turtlebot4_ws/install/lab5_pkg:/home/cnutter/turtlebot4_ws/install/final_bringup:/home/cnutter/turtlebot4_ws/install/lab3_pkg:/home/cnutter/turtlebot4_ws/install/lab2_pkg:/home/cnutter/turtlebot4_ws/install/lab1_pkg:/home/cnutter/turtlebot4_ws/install/final:/home/cnutter/turtlebot4_ws/install/custom_interfaces:/opt/ros/jazzy', 'ROS_DOMAIN_ID': '0', 'KRB5CCNAME': 'FILE:/tmp/krb5cc_481847517_OSmN3a', 'SHELL': '/bin/zsh', 'ROS_DISCOVERY_SERVER': '10.5.113.101:11811', 'QT_ACCESSIBILITY': '1', 'GDMSESSION': 'ubuntu', 'QT_IM_MODULE': 'ibus', 'ROS_AUTOMATIC_DISCOVERY_RANGE': 'SUBNET', 'PWD': '/home/cnutter/turtlebot4_ws/build/final', 'XDG_DATA_DIRS': '/usr/local/share/:/usr/share/:/var/lib/snapd/desktop', 'VIRTUAL_ENV_DISABLE_PROMPT': '12', 'PYTHONPATH': '/home/cnutter/turtlebot4_ws/build/final/prefix_override:/usr/lib/python3/dist-packages/colcon_core/task/python/colcon_distutils_commands:/home/cnutter/turtlebot4_ws/install/final/lib/python3.12/site-packages:/home/cnutter/turtlebot4_ws/install/custom_interfaces/lib/python3.12/site-packages:/home/cnutter/turtlebot4_ws/install/lab5_pkg/lib/python3.12/site-packages:/home/cnutter/turtlebot4_ws/install/lab3_pkg/lib/python3.12/site-packages:/home/cnutter/turtlebot4_ws/install/lab2_pkg/lib/python3.12/site-packages:/home/cnutter/turtlebot4_ws/install/lab1_pkg/lib/python3.12/site-packages:/home/cnutter/turtlebot4_ws/install/final/lib/python3.12/site-packages:/opt/ros/jazzy/lib/python3.12/site-packages', 'COLCON': '1', 'VTE_VERSION': '7600', 'MEMORY_PRESSURE_WRITE': 'c29tZSAyMDAwMDAgMjAwMDAwMAA=', 'CMAKE_PREFIX_PATH': '/home/cnutter/turtlebot4_ws/install/custom_interfaces:/home/cnutter/turtlebot4_ws/install/lab_bringup:/home/cnutter/turtlebot4_ws/install/final_bringup:/opt/ros/jazzy/opt/gz_sim_vendor:/opt/ros/jazzy/opt/gz_sensors_vendor:/opt/ros/jazzy/opt/gz_physics_vendor:/opt/ros/jazzy/opt/sdformat_vendor:/opt/ros/jazzy/opt/gz_gui_vendor:/opt/ros/jazzy/opt/gz_transport_vendor:/opt/ros/jazzy/opt/gz_rendering_vendor:/opt/ros/jazzy/opt/gz_plugin_vendor:/opt/ros/jazzy/opt/gz_fuel_tools_vendor:/opt/ros/jazzy/opt/gz_msgs_vendor:/opt/ros/jazzy/opt/gz_common_vendor:/opt/ros/jazzy/opt/gz_math_vendor:/opt/ros/jazzy/opt/gz_utils_vendor:/opt/ros/jazzy/opt/gz_tools_vendor:/opt/ros/jazzy/opt/gz_ogre_next_vendor:/opt/ros/jazzy/opt/gz_dartsim_vendor:/opt/ros/jazzy/opt/gz_cmake_vendor'}, 'shell': False}
[2.043369] (lab5_pkg) Command: {'cmd': ['/usr/bin/python3', '-W', 'ignore:setup.py install is deprecated', '-W', 'ignore:easy_install command is deprecated', 'setup.py', 'egg_info', '--egg-base', '../../build/lab5_pkg', 'build', '--build-base', '/home/cnutter/turtlebot4_ws/build/lab5_pkg/build', 'install', '--record', '/home/cnutter/turtlebot4_ws/build/lab5_pkg/install.log', '--single-version-externally-managed', 'install_data'], 'cwd': '/home/cnutter/turtlebot4_ws/src/lab5_pkg', 'env': {'USER': 'cnutter@plu.edu', 'GZ_SIM_RESOURCE_PATH': '/opt/ros/jazzy/share', 'GZ_CONFIG_PATH': '/opt/ros/jazzy/opt/gz_sim_vendor/share/gz:/opt/ros/jazzy/opt/sdformat_vendor/share/gz:/opt/ros/jazzy/opt/gz_gui_vendor/share/gz:/opt/ros/jazzy/opt/gz_transport_vendor/share/gz:/opt/ros/jazzy/opt/gz_rendering_vendor/share/gz:/opt/ros/jazzy/opt/gz_plugin_vendor/share/gz:/opt/ros/jazzy/opt/gz_fuel_tools_vendor/share/gz:/opt/ros/jazzy/opt/gz_msgs_vendor/share/gz:/opt/ros/jazzy/opt/gz_common_vendor/share/gz', 'XDG_SESSION_TYPE': 'wayland', 'CLUTTER_DISABLE_MIPMAPPED_TEXT': '1', 'SHLVL': '1', 'LD_LIBRARY_PATH': '/home/cnutter/turtlebot4_ws/install/custom_interfaces/lib:/opt/ros/jazzy/opt/gz_sim_vendor/lib:/opt/ros/jazzy/opt/gz_sensors_vendor/lib:/opt/ros/jazzy/opt/gz_physics_vendor/lib:/opt/ros/jazzy/opt/sdformat_vendor/lib:/opt/ros/jazzy/opt/rviz_ogre_vendor/lib:/opt/ros/jazzy/lib/x86_64-linux-gnu:/opt/ros/jazzy/opt/gz_gui_vendor/lib:/opt/ros/jazzy/opt/gz_transport_vendor/lib:/opt/ros/jazzy/opt/gz_rendering_vendor/lib:/opt/ros/jazzy/opt/gz_plugin_vendor/lib:/opt/ros/jazzy/opt/gz_fuel_tools_vendor/lib:/opt/ros/jazzy/opt/gz_msgs_vendor/lib:/opt/ros/jazzy/opt/gz_common_vendor/lib:/opt/ros/jazzy/opt/gz_math_vendor/lib:/opt/ros/jazzy/opt/gz_utils_vendor/lib:/opt/ros/jazzy/opt/gz_tools_vendor/lib:/opt/ros/jazzy/opt/gz_ogre_next_vendor/lib:/opt/ros/jazzy/opt/gz_dartsim_vendor/lib:/opt/ros/jazzy/opt/gz_cmake_vendor/lib:/opt/ros/jazzy/lib', 'OLDPWD': '/home/cnutter', 'HOME': '/home/cnutter', 'DESKTOP_SESSION': 'ubuntu', 'GTK_MODULES': 'gail:atk-bridge', 'GNOME_SHELL_SESSION_MODE': 'ubuntu', 'ROS_PYTHON_VERSION': '3', 'SYSTEMD_EXEC_PID': '28407', 'DBUS_SESSION_BUS_ADDRESS': 'unix:path=/run/user/481847517/bus', 'GSM_SKIP_SSH_AGENT_WORKAROUND': 'true', 'COLORTERM': 'truecolor', 'CONDA_CHANGEPS1': 'no', 'WAYLAND_DISPLAY': 'wayland-0', 'ROS_DISTRO': 'jazzy', 'COLCON_PREFIX_PATH': '/home/cnutter/turtlebot4_ws/install', 'LOGNAME': 'cnutter@plu.edu', '_': '/usr/bin/colcon', 'MEMORY_PRESSURE_WATCH': '/sys/fs/cgroup/user.slice/user-481847517.slice/user@481847517.service/session.slice/org.gnome.Shell@wayland.service/memory.pressure', 'XDG_SESSION_CLASS': 'user', 'ROS_VERSION': '2', 'USERNAME': 'cnutter@plu.edu', 'TERM': 'xterm-256color', 'PROMPT_EOL_MARK': '', 'ROS_SUPER_CLIENT': 'True', 'GNOME_DESKTOP_SESSION_ID': 'this-is-deprecated', 'PATH': '/opt/ros/jazzy/opt/gz_msgs_vendor/bin:/opt/ros/jazzy/opt/gz_tools_vendor/bin:/opt/ros/jazzy/opt/gz_ogre_next_vendor/bin:/opt/ros/jazzy/bin:/usr/local/sbin:/usr/local/bin:/usr/sbin:/usr/bin:/sbin:/bin:/usr/games:/usr/local/games:/snap/bin:/snap/bin', 'SESSION_MANAGER': 'local/csci20122:@/tmp/.ICE-unix/28375,unix/csci20122:/tmp/.ICE-unix/28375', 'GNOME_TERMINAL_SCREEN': '/org/gnome/Terminal/screen/d1815c0c_3a98_4119_8e51_c4952ecb9ec0', 'XDG_MENU_PREFIX': 'gnome-', 'GNOME_SETUP_DISPLAY': ':1', 'XDG_RUNTIME_DIR': '/run/user/481847517', 'DISPLAY': ':0', 'XDG_CURRENT_DESKTOP': 'ubuntu:GNOME', 'LANG': 'en_US.UTF-8', 'RMW_IMPLEMENTATION': 'rmw_fastrtps_cpp', 'XDG_SESSION_DESKTOP': 'ubuntu', 'GNOME_TERMINAL_SERVICE': ':1.132', 'XMODIFIERS': '@im=ibus', 'XAUTHORITY': '/run/user/481847517/.mutter-Xwaylandauth.BBP1O3', 'SSH_AUTH_SOCK': '/run/user/481847517/keyring/ssh', 'AMENT_PREFIX_PATH': '/home/cnutter/turtlebot4_ws/install/lab_bringup:/home/cnutter/turtlebot4_ws/install/lab5_pkg:/home/cnutter/turtlebot4_ws/install/final_bringup:/home/cnutter/turtlebot4_ws/install/lab3_pkg:/home/cnutter/turtlebot4_ws/install/lab2_pkg:/home/cnutter/turtlebot4_ws/install/lab1_pkg:/home/cnutter/turtlebot4_ws/install/final:/home/cnutter/turtlebot4_ws/install/custom_interfaces:/opt/ros/jazzy', 'ROS_DOMAIN_ID': '0', 'KRB5CCNAME': 'FILE:/tmp/krb5cc_481847517_OSmN3a', 'SHELL': '/bin/zsh', 'ROS_DISCOVERY_SERVER': '10.5.113.101:11811', 'QT_ACCESSIBILITY': '1', 'GDMSESSION': 'ubuntu', 'QT_IM_MODULE': 'ibus', 'ROS_AUTOMATIC_DISCOVERY_RANGE': 'SUBNET', 'PWD': '/home/cnutter/turtlebot4_ws/build/lab5_pkg', 'XDG_DATA_DIRS': '/usr/local/share/:/usr/share/:/var/lib/snapd/desktop', 'VIRTUAL_ENV_DISABLE_PROMPT': '12', 'PYTHONPATH': '/home/cnutter/turtlebot4_ws/build/lab5_pkg/prefix_override:/usr/lib/python3/dist-packages/colcon_core/task/python/colcon_distutils_commands:/home/cnutter/turtlebot4_ws/install/lab5_pkg/lib/python3.12/site-packages:/home/cnutter/turtlebot4_ws/install/custom_interfaces/lib/python3.12/site-packages:/home/cnutter/turtlebot4_ws/install/lab5_pkg/lib/python3.12/site-packages:/home/cnutter/turtlebot4_ws/install/lab3_pkg/lib/python3.12/site-packages:/home/cnutter/turtlebot4_ws/install/lab2_pkg/lib/python3.12/site-packages:/home/cnutter/turtlebot4_ws/install/lab1_pkg/lib/python3.12/site-packages:/home/cnutter/turtlebot4_ws/install/final/lib/python3.12/site-packages:/opt/ros/jazzy/lib/python3.12/site-packages', 'COLCON': '1', 'VTE_VERSION': '7600', 'MEMORY_PRESSURE_WRITE': 'c29tZSAyMDAwMDAgMjAwMDAwMAA=', 'CMAKE_PREFIX_PATH': '/home/cnutter/turtlebot4_ws/install/custom_interfaces:/home/cnutter/turtlebot4_ws/install/lab_bringup:/home/cnutter/turtlebot4_ws/install/final_bringup:/opt/ros/jazzy/opt/gz_sim_vendor:/opt/ros/jazzy/opt/gz_sensors_vendor:/opt/ros/jazzy/opt/gz_physics_vendor:/opt/ros/jazzy/opt/sdformat_vendor:/opt/ros/jazzy/opt/gz_gui_vendor:/opt/ros/jazzy/opt/gz_transport_vendor:/opt/ros/jazzy/opt/gz_rendering_vendor:/opt/ros/jazzy/opt/gz_plugin_vendor:/opt/ros/jazzy/opt/gz_fuel_tools_vendor:/opt/ros/jazzy/opt/gz_msgs_vendor:/opt/ros/jazzy/opt/gz_common_vendor:/opt/ros/jazzy/opt/gz_math_vendor:/opt/ros/jazzy/opt/gz_utils_vendor:/opt/ros/jazzy/opt/gz_tools_vendor:/opt/ros/jazzy/opt/gz_ogre_next_vendor:/opt/ros/jazzy/opt/gz_dartsim_vendor:/opt/ros/jazzy/opt/gz_cmake_vendor'}, 'shell': False}
[2.057356] (lab3_pkg) Command: {'cmd': ['/usr/bin/python3', '-W', 'ignore:setup.py install is deprecated', '-W', 'ignore:easy_install command is deprecated', 'setup.py', 'egg_info', '--egg-base', '../../build/lab3_pkg', 'build', '--build-base', '/home/cnutter/turtlebot4_ws/build/lab3_pkg/build', 'install', '--record', '/home/cnutter/turtlebot4_ws/build/lab3_pkg/install.log', '--single-version-externally-managed', 'install_data'], 'cwd': '/home/cnutter/turtlebot4_ws/src/lab3_pkg', 'env': {'USER': 'cnutter@plu.edu', 'GZ_SIM_RESOURCE_PATH': '/opt/ros/jazzy/share', 'GZ_CONFIG_PATH': '/opt/ros/jazzy/opt/gz_sim_vendor/share/gz:/opt/ros/jazzy/opt/sdformat_vendor/share/gz:/opt/ros/jazzy/opt/gz_gui_vendor/share/gz:/opt/ros/jazzy/opt/gz_transport_vendor/share/gz:/opt/ros/jazzy/opt/gz_rendering_vendor/share/gz:/opt/ros/jazzy/opt/gz_plugin_vendor/share/gz:/opt/ros/jazzy/opt/gz_fuel_tools_vendor/share/gz:/opt/ros/jazzy/opt/gz_msgs_vendor/share/gz:/opt/ros/jazzy/opt/gz_common_vendor/share/gz', 'XDG_SESSION_TYPE': 'wayland', 'CLUTTER_DISABLE_MIPMAPPED_TEXT': '1', 'SHLVL': '1', 'LD_LIBRARY_PATH': '/home/cnutter/turtlebot4_ws/install/custom_interfaces/lib:/opt/ros/jazzy/opt/gz_sim_vendor/lib:/opt/ros/jazzy/opt/gz_sensors_vendor/lib:/opt/ros/jazzy/opt/gz_physics_vendor/lib:/opt/ros/jazzy/opt/sdformat_vendor/lib:/opt/ros/jazzy/opt/rviz_ogre_vendor/lib:/opt/ros/jazzy/lib/x86_64-linux-gnu:/opt/ros/jazzy/opt/gz_gui_vendor/lib:/opt/ros/jazzy/opt/gz_transport_vendor/lib:/opt/ros/jazzy/opt/gz_rendering_vendor/lib:/opt/ros/jazzy/opt/gz_plugin_vendor/lib:/opt/ros/jazzy/opt/gz_fuel_tools_vendor/lib:/opt/ros/jazzy/opt/gz_msgs_vendor/lib:/opt/ros/jazzy/opt/gz_common_vendor/lib:/opt/ros/jazzy/opt/gz_math_vendor/lib:/opt/ros/jazzy/opt/gz_utils_vendor/lib:/opt/ros/jazzy/opt/gz_tools_vendor/lib:/opt/ros/jazzy/opt/gz_ogre_next_vendor/lib:/opt/ros/jazzy/opt/gz_dartsim_vendor/lib:/opt/ros/jazzy/opt/gz_cmake_vendor/lib:/opt/ros/jazzy/lib', 'OLDPWD': '/home/cnutter', 'HOME': '/home/cnutter', 'DESKTOP_SESSION': 'ubuntu', 'GTK_MODULES': 'gail:atk-bridge', 'GNOME_SHELL_SESSION_MODE': 'ubuntu', 'ROS_PYTHON_VERSION': '3', 'SYSTEMD_EXEC_PID': '28407', 'DBUS_SESSION_BUS_ADDRESS': 'unix:path=/run/user/481847517/bus', 'GSM_SKIP_SSH_AGENT_WORKAROUND': 'true', 'COLORTERM': 'truecolor', 'CONDA_CHANGEPS1': 'no', 'WAYLAND_DISPLAY': 'wayland-0', 'ROS_DISTRO': 'jazzy', 'COLCON_PREFIX_PATH': '/home/cnutter/turtlebot4_ws/install', 'LOGNAME': 'cnutter@plu.edu', '_': '/usr/bin/colcon', 'MEMORY_PRESSURE_WATCH': '/sys/fs/cgroup/user.slice/user-481847517.slice/user@481847517.service/session.slice/org.gnome.Shell@wayland.service/memory.pressure', 'XDG_SESSION_CLASS': 'user', 'ROS_VERSION': '2', 'USERNAME': 'cnutter@plu.edu', 'TERM': 'xterm-256color', 'PROMPT_EOL_MARK': '', 'ROS_SUPER_CLIENT': 'True', 'GNOME_DESKTOP_SESSION_ID': 'this-is-deprecated', 'PATH': '/opt/ros/jazzy/opt/gz_msgs_vendor/bin:/opt/ros/jazzy/opt/gz_tools_vendor/bin:/opt/ros/jazzy/opt/gz_ogre_next_vendor/bin:/opt/ros/jazzy/bin:/usr/local/sbin:/usr/local/bin:/usr/sbin:/usr/bin:/sbin:/bin:/usr/games:/usr/local/games:/snap/bin:/snap/bin', 'SESSION_MANAGER': 'local/csci20122:@/tmp/.ICE-unix/28375,unix/csci20122:/tmp/.ICE-unix/28375', 'GNOME_TERMINAL_SCREEN': '/org/gnome/Terminal/screen/d1815c0c_3a98_4119_8e51_c4952ecb9ec0', 'XDG_MENU_PREFIX': 'gnome-', 'GNOME_SETUP_DISPLAY': ':1', 'XDG_RUNTIME_DIR': '/run/user/481847517', 'DISPLAY': ':0', 'XDG_CURRENT_DESKTOP': 'ubuntu:GNOME', 'LANG': 'en_US.UTF-8', 'RMW_IMPLEMENTATION': 'rmw_fastrtps_cpp', 'XDG_SESSION_DESKTOP': 'ubuntu', 'GNOME_TERMINAL_SERVICE': ':1.132', 'XMODIFIERS': '@im=ibus', 'XAUTHORITY': '/run/user/481847517/.mutter-Xwaylandauth.BBP1O3', 'SSH_AUTH_SOCK': '/run/user/481847517/keyring/ssh', 'AMENT_PREFIX_PATH': '/home/cnutter/turtlebot4_ws/install/lab_bringup:/home/cnutter/turtlebot4_ws/install/lab5_pkg:/home/cnutter/turtlebot4_ws/install/final_bringup:/home/cnutter/turtlebot4_ws/install/lab3_pkg:/home/cnutter/turtlebot4_ws/install/lab2_pkg:/home/cnutter/turtlebot4_ws/install/lab1_pkg:/home/cnutter/turtlebot4_ws/install/final:/home/cnutter/turtlebot4_ws/install/custom_interfaces:/opt/ros/jazzy', 'ROS_DOMAIN_ID': '0', 'KRB5CCNAME': 'FILE:/tmp/krb5cc_481847517_OSmN3a', 'SHELL': '/bin/zsh', 'ROS_DISCOVERY_SERVER': '10.5.113.101:11811', 'QT_ACCESSIBILITY': '1', 'GDMSESSION': 'ubuntu', 'QT_IM_MODULE': 'ibus', 'ROS_AUTOMATIC_DISCOVERY_RANGE': 'SUBNET', 'PWD': '/home/cnutter/turtlebot4_ws/build/lab3_pkg', 'XDG_DATA_DIRS': '/usr/local/share/:/usr/share/:/var/lib/snapd/desktop', 'VIRTUAL_ENV_DISABLE_PROMPT': '12', 'PYTHONPATH': '/home/cnutter/turtlebot4_ws/build/lab3_pkg/prefix_override:/usr/lib/python3/dist-packages/colcon_core/task/python/colcon_distutils_commands:/home/cnutter/turtlebot4_ws/install/lab3_pkg/lib/python3.12/site-packages:/home/cnutter/turtlebot4_ws/install/custom_interfaces/lib/python3.12/site-packages:/home/cnutter/turtlebot4_ws/install/lab5_pkg/lib/python3.12/site-packages:/home/cnutter/turtlebot4_ws/install/lab3_pkg/lib/python3.12/site-packages:/home/cnutter/turtlebot4_ws/install/lab2_pkg/lib/python3.12/site-packages:/home/cnutter/turtlebot4_ws/install/lab1_pkg/lib/python3.12/site-packages:/home/cnutter/turtlebot4_ws/install/final/lib/python3.12/site-packages:/opt/ros/jazzy/lib/python3.12/site-packages', 'COLCON': '1', 'VTE_VERSION': '7600', 'MEMORY_PRESSURE_WRITE': 'c29tZSAyMDAwMDAgMjAwMDAwMAA=', 'CMAKE_PREFIX_PATH': '/home/cnutter/turtlebot4_ws/install/custom_interfaces:/home/cnutter/turtlebot4_ws/install/lab_bringup:/home/cnutter/turtlebot4_ws/install/final_bringup:/opt/ros/jazzy/opt/gz_sim_vendor:/opt/ros/jazzy/opt/gz_sensors_vendor:/opt/ros/jazzy/opt/gz_physics_vendor:/opt/ros/jazzy/opt/sdformat_vendor:/opt/ros/jazzy/opt/gz_gui_vendor:/opt/ros/jazzy/opt/gz_transport_vendor:/opt/ros/jazzy/opt/gz_rendering_vendor:/opt/ros/jazzy/opt/gz_plugin_vendor:/opt/ros/jazzy/opt/gz_fuel_tools_vendor:/opt/ros/jazzy/opt/gz_msgs_vendor:/opt/ros/jazzy/opt/gz_common_vendor:/opt/ros/jazzy/opt/gz_math_vendor:/opt/ros/jazzy/opt/gz_utils_vendor:/opt/ros/jazzy/opt/gz_tools_vendor:/opt/ros/jazzy/opt/gz_ogre_next_vendor:/opt/ros/jazzy/opt/gz_dartsim_vendor:/opt/ros/jazzy/opt/gz_cmake_vendor'}, 'shell': False}
[2.103034] (-) TimerEvent: {}
[2.203278] (-) TimerEvent: {}
[2.303494] (-) TimerEvent: {}
[2.348131] (lab3_pkg) StdoutLine: {'line': b'running egg_info\n'}
[2.348358] (lab5_pkg) StdoutLine: {'line': b'running egg_info\n'}
[2.353844] (final) StdoutLine: {'line': b'running egg_info\n'}
[2.372101] (lab3_pkg) StdoutLine: {'line': b'writing ../../build/lab3_pkg/lab3_pkg.egg-info/PKG-INFO\n'}
[2.372346] (lab3_pkg) StdoutLine: {'line': b'writing dependency_links to ../../build/lab3_pkg/lab3_pkg.egg-info/dependency_links.txt\n'}
[2.372514] (lab3_pkg) StdoutLine: {'line': b'writing entry points to ../../build/lab3_pkg/lab3_pkg.egg-info/entry_points.txt\n'}
[2.372682] (lab5_pkg) StdoutLine: {'line': b'writing ../../build/lab5_pkg/lab5_pkg.egg-info/PKG-INFO\n'}
[2.372831] (lab3_pkg) StdoutLine: {'line': b'writing requirements to ../../build/lab3_pkg/lab3_pkg.egg-info/requires.txt\n'}
[2.372929] (lab5_pkg) StdoutLine: {'line': b'writing dependency_links to ../../build/lab5_pkg/lab5_pkg.egg-info/dependency_links.txt\n'}
[2.373047] (lab3_pkg) StdoutLine: {'line': b'writing top-level names to ../../build/lab3_pkg/lab3_pkg.egg-info/top_level.txt\n'}
[2.373151] (lab5_pkg) StdoutLine: {'line': b'writing entry points to ../../build/lab5_pkg/lab5_pkg.egg-info/entry_points.txt\n'}
[2.373281] (lab5_pkg) StdoutLine: {'line': b'writing requirements to ../../build/lab5_pkg/lab5_pkg.egg-info/requires.txt\n'}
[2.373429] (lab5_pkg) StdoutLine: {'line': b'writing top-level names to ../../build/lab5_pkg/lab5_pkg.egg-info/top_level.txt\n'}
[2.379059] (final) StdoutLine: {'line': b'writing ../../build/final/final.egg-info/PKG-INFO\n'}
[2.379238] (final) StdoutLine: {'line': b'writing dependency_links to ../../build/final/final.egg-info/dependency_links.txt\n'}
[2.379437] (final) StdoutLine: {'line': b'writing entry points to ../../build/final/final.egg-info/entry_points.txt\n'}
[2.379607] (final) StdoutLine: {'line': b'writing requirements to ../../build/final/final.egg-info/requires.txt\n'}
[2.379734] (final) StdoutLine: {'line': b'writing top-level names to ../../build/final/final.egg-info/top_level.txt\n'}
[2.403592] (-) TimerEvent: {}
[2.422916] (lab3_pkg) StdoutLine: {'line': b"reading manifest file '../../build/lab3_pkg/lab3_pkg.egg-info/SOURCES.txt'\n"}
[2.423536] (lab3_pkg) StdoutLine: {'line': b"writing manifest file '../../build/lab3_pkg/lab3_pkg.egg-info/SOURCES.txt'\n"}
[2.423742] (lab3_pkg) StdoutLine: {'line': b'running build\n'}
[2.423845] (lab3_pkg) StdoutLine: {'line': b'running build_py\n'}
[2.423959] (lab3_pkg) StdoutLine: {'line': b'running install\n'}
[2.424848] (lab5_pkg) StdoutLine: {'line': b"reading manifest file '../../build/lab5_pkg/lab5_pkg.egg-info/SOURCES.txt'\n"}
[2.425535] (lab5_pkg) StdoutLine: {'line': b"writing manifest file '../../build/lab5_pkg/lab5_pkg.egg-info/SOURCES.txt'\n"}
[2.425688] (lab5_pkg) StdoutLine: {'line': b'running build\n'}
[2.425766] (lab5_pkg) StdoutLine: {'line': b'running build_py\n'}
[2.425982] (lab5_pkg) StdoutLine: {'line': b'running install\n'}
[2.429096] (lab3_pkg) StdoutLine: {'line': b'running install_lib\n'}
[2.430578] (final) StdoutLine: {'line': b"reading manifest file '../../build/final/final.egg-info/SOURCES.txt'\n"}
[2.431234] (final) StdoutLine: {'line': b"writing manifest file '../../build/final/final.egg-info/SOURCES.txt'\n"}
[2.431372] (final) StdoutLine: {'line': b'running build\n'}
[2.431481] (final) StdoutLine: {'line': b'running build_py\n'}
[2.431617] (final) StdoutLine: {'line': b'copying final/color_vision.py -> /home/cnutter/turtlebot4_ws/build/final/build/lib/final\n'}
[2.431728] (lab5_pkg) StdoutLine: {'line': b'running install_lib\n'}
[2.432054] (final) StdoutLine: {'line': b'running install\n'}
[2.437181] (final) StdoutLine: {'line': b'running install_lib\n'}
[2.453649] (lab3_pkg) StdoutLine: {'line': b'running install_data\n'}
[2.453861] (lab3_pkg) StdoutLine: {'line': b'running install_egg_info\n'}
[2.457254] (lab5_pkg) StdoutLine: {'line': b'running install_data\n'}
[2.457462] (lab5_pkg) StdoutLine: {'line': b'running install_egg_info\n'}
[2.461289] (final) StdoutLine: {'line': b'copying /home/cnutter/turtlebot4_ws/build/final/build/lib/final/color_vision.py -> /home/cnutter/turtlebot4_ws/install/final/lib/python3.12/site-packages/final\n'}
[2.461900] (final) StdoutLine: {'line': b'byte-compiling /home/cnutter/turtlebot4_ws/install/final/lib/python3.12/site-packages/final/color_vision.py to color_vision.cpython-312.pyc\n'}
[2.466411] (final) StdoutLine: {'line': b'running install_data\n'}
[2.466573] (final) StdoutLine: {'line': b'running install_egg_info\n'}
[2.479070] (lab3_pkg) StdoutLine: {'line': b"removing '/home/cnutter/turtlebot4_ws/install/lab3_pkg/lib/python3.12/site-packages/lab3_pkg-0.0.0-py3.12.egg-info' (and everything under it)\n"}
[2.479363] (lab3_pkg) StdoutLine: {'line': b'Copying ../../build/lab3_pkg/lab3_pkg.egg-info to /home/cnutter/turtlebot4_ws/install/lab3_pkg/lib/python3.12/site-packages/lab3_pkg-0.0.0-py3.12.egg-info\n'}
[2.483281] (lab3_pkg) StdoutLine: {'line': b'running install_scripts\n'}
[2.487038] (lab5_pkg) StdoutLine: {'line': b"removing '/home/cnutter/turtlebot4_ws/install/lab5_pkg/lib/python3.12/site-packages/lab5_pkg-0.0.0-py3.12.egg-info' (and everything under it)\n"}
[2.487269] (lab5_pkg) StdoutLine: {'line': b'Copying ../../build/lab5_pkg/lab5_pkg.egg-info to /home/cnutter/turtlebot4_ws/install/lab5_pkg/lib/python3.12/site-packages/lab5_pkg-0.0.0-py3.12.egg-info\n'}
[2.489950] (lab5_pkg) StdoutLine: {'line': b'running install_scripts\n'}
[2.493250] (final) StdoutLine: {'line': b"removing '/home/cnutter/turtlebot4_ws/install/final/lib/python3.12/site-packages/final-0.0.0-py3.12.egg-info' (and everything under it)\n"}
[2.493470] (final) StdoutLine: {'line': b'Copying ../../build/final/final.egg-info to /home/cnutter/turtlebot4_ws/install/final/lib/python3.12/site-packages/final-0.0.0-py3.12.egg-info\n'}
[2.495961] (final) StdoutLine: {'line': b'running install_scripts\n'}
[2.503666] (-) TimerEvent: {}
[2.603865] (-) TimerEvent: {}
[2.642063] (lab3_pkg) StdoutLine: {'line': b'Installing SCOD_server script to /home/cnutter/turtlebot4_ws/install/lab3_pkg/lib/lab3_pkg\n'}
[2.642275] (lab3_pkg) StdoutLine: {'line': b'Installing set_cap_client_node script to /home/cnutter/turtlebot4_ws/install/lab3_pkg/lib/lab3_pkg\n'}
[2.642472] (lab3_pkg) StdoutLine: {'line': b"writing list of installed files to '/home/cnutter/turtlebot4_ws/build/lab3_pkg/install.log'\n"}
[2.653299] (lab5_pkg) StdoutLine: {'line': b'Installing go_to_goal_client script to /home/cnutter/turtlebot4_ws/install/lab5_pkg/lib/lab5_pkg\n'}
[2.653554] (lab5_pkg) StdoutLine: {'line': b'Installing go_to_goal_server script to /home/cnutter/turtlebot4_ws/install/lab5_pkg/lib/lab5_pkg\n'}
[2.653840] (lab5_pkg) StdoutLine: {'line': b"writing list of installed files to '/home/cnutter/turtlebot4_ws/build/lab5_pkg/install.log'\n"}
[2.656563] (final) StdoutLine: {'line': b'Installing color_vision script to /home/cnutter/turtlebot4_ws/install/final/lib/final\n'}
[2.656840] (final) StdoutLine: {'line': b'Installing get_obs script to /home/cnutter/turtlebot4_ws/install/final/lib/final\n'}
[2.657025] (final) StdoutLine: {'line': b'Installing go_to_goal script to /home/cnutter/turtlebot4_ws/install/final/lib/final\n'}
[2.657169] (final) StdoutLine: {'line': b'Installing goal_client script to /home/cnutter/turtlebot4_ws/install/final/lib/final\n'}
[2.657520] (final) StdoutLine: {'line': b"writing list of installed files to '/home/cnutter/turtlebot4_ws/build/final/install.log'\n"}
[2.668955] (lab3_pkg) CommandEnded: {'returncode': 0}
[2.675834] (lab3_pkg) JobEnded: {'identifier': 'lab3_pkg', 'rc': 0}
[2.677812] (lab_bringup) JobStarted: {'identifier': 'lab_bringup'}
[2.694954] (lab_bringup) JobProgress: {'identifier': 'lab_bringup', 'progress': 'cmake'}
[2.695567] (lab_bringup) JobProgress: {'identifier': 'lab_bringup', 'progress': 'build'}
[2.695942] (lab_bringup) Command: {'cmd': ['/usr/bin/cmake', '--build', '/home/cnutter/turtlebot4_ws/build/lab_bringup', '--', '-j16', '-l16'], 'cwd': '/home/cnutter/turtlebot4_ws/build/lab_bringup', 'env': OrderedDict({'USER': 'cnutter@plu.edu', 'GZ_SIM_RESOURCE_PATH': '/opt/ros/jazzy/share', 'GZ_CONFIG_PATH': '/opt/ros/jazzy/opt/gz_sim_vendor/share/gz:/opt/ros/jazzy/opt/sdformat_vendor/share/gz:/opt/ros/jazzy/opt/gz_gui_vendor/share/gz:/opt/ros/jazzy/opt/gz_transport_vendor/share/gz:/opt/ros/jazzy/opt/gz_rendering_vendor/share/gz:/opt/ros/jazzy/opt/gz_plugin_vendor/share/gz:/opt/ros/jazzy/opt/gz_fuel_tools_vendor/share/gz:/opt/ros/jazzy/opt/gz_msgs_vendor/share/gz:/opt/ros/jazzy/opt/gz_common_vendor/share/gz', 'XDG_SESSION_TYPE': 'wayland', 'CLUTTER_DISABLE_MIPMAPPED_TEXT': '1', 'SHLVL': '1', 'LD_LIBRARY_PATH': '/home/cnutter/turtlebot4_ws/install/custom_interfaces/lib:/opt/ros/jazzy/opt/gz_sim_vendor/lib:/opt/ros/jazzy/opt/gz_sensors_vendor/lib:/opt/ros/jazzy/opt/gz_physics_vendor/lib:/opt/ros/jazzy/opt/sdformat_vendor/lib:/opt/ros/jazzy/opt/rviz_ogre_vendor/lib:/opt/ros/jazzy/lib/x86_64-linux-gnu:/opt/ros/jazzy/opt/gz_gui_vendor/lib:/opt/ros/jazzy/opt/gz_transport_vendor/lib:/opt/ros/jazzy/opt/gz_rendering_vendor/lib:/opt/ros/jazzy/opt/gz_plugin_vendor/lib:/opt/ros/jazzy/opt/gz_fuel_tools_vendor/lib:/opt/ros/jazzy/opt/gz_msgs_vendor/lib:/opt/ros/jazzy/opt/gz_common_vendor/lib:/opt/ros/jazzy/opt/gz_math_vendor/lib:/opt/ros/jazzy/opt/gz_utils_vendor/lib:/opt/ros/jazzy/opt/gz_tools_vendor/lib:/opt/ros/jazzy/opt/gz_ogre_next_vendor/lib:/opt/ros/jazzy/opt/gz_dartsim_vendor/lib:/opt/ros/jazzy/opt/gz_cmake_vendor/lib:/opt/ros/jazzy/lib', 'OLDPWD': '/home/cnutter', 'HOME': '/home/cnutter', 'DESKTOP_SESSION': 'ubuntu', 'GTK_MODULES': 'gail:atk-bridge', 'GNOME_SHELL_SESSION_MODE': 'ubuntu', 'ROS_PYTHON_VERSION': '3', 'SYSTEMD_EXEC_PID': '28407', 'DBUS_SESSION_BUS_ADDRESS': 'unix:path=/run/user/481847517/bus', 'GSM_SKIP_SSH_AGENT_WORKAROUND': 'true', 'COLORTERM': 'truecolor', 'CONDA_CHANGEPS1': 'no', 'WAYLAND_DISPLAY': 'wayland-0', 'ROS_DISTRO': 'jazzy', 'COLCON_PREFIX_PATH': '/home/cnutter/turtlebot4_ws/install', 'LOGNAME': 'cnutter@plu.edu', '_': '/usr/bin/colcon', 'MEMORY_PRESSURE_WATCH': '/sys/fs/cgroup/user.slice/user-481847517.slice/user@481847517.service/session.slice/org.gnome.Shell@wayland.service/memory.pressure', 'XDG_SESSION_CLASS': 'user', 'ROS_VERSION': '2', 'USERNAME': 'cnutter@plu.edu', 'TERM': 'xterm-256color', 'PROMPT_EOL_MARK': '', 'ROS_SUPER_CLIENT': 'True', 'GNOME_DESKTOP_SESSION_ID': 'this-is-deprecated', 'PATH': '/opt/ros/jazzy/opt/gz_msgs_vendor/bin:/opt/ros/jazzy/opt/gz_tools_vendor/bin:/opt/ros/jazzy/opt/gz_ogre_next_vendor/bin:/opt/ros/jazzy/bin:/usr/local/sbin:/usr/local/bin:/usr/sbin:/usr/bin:/sbin:/bin:/usr/games:/usr/local/games:/snap/bin:/snap/bin', 'SESSION_MANAGER': 'local/csci20122:@/tmp/.ICE-unix/28375,unix/csci20122:/tmp/.ICE-unix/28375', 'GNOME_TERMINAL_SCREEN': '/org/gnome/Terminal/screen/d1815c0c_3a98_4119_8e51_c4952ecb9ec0', 'XDG_MENU_PREFIX': 'gnome-', 'GNOME_SETUP_DISPLAY': ':1', 'XDG_RUNTIME_DIR': '/run/user/481847517', 'DISPLAY': ':0', 'XDG_CURRENT_DESKTOP': 'ubuntu:GNOME', 'LANG': 'en_US.UTF-8', 'RMW_IMPLEMENTATION': 'rmw_fastrtps_cpp', 'XDG_SESSION_DESKTOP': 'ubuntu', 'GNOME_TERMINAL_SERVICE': ':1.132', 'XMODIFIERS': '@im=ibus', 'XAUTHORITY': '/run/user/481847517/.mutter-Xwaylandauth.BBP1O3', 'SSH_AUTH_SOCK': '/run/user/481847517/keyring/ssh', 'AMENT_PREFIX_PATH': '/home/cnutter/turtlebot4_ws/install/lab3_pkg:/home/cnutter/turtlebot4_ws/install/lab_bringup:/home/cnutter/turtlebot4_ws/install/lab5_pkg:/home/cnutter/turtlebot4_ws/install/final_bringup:/home/cnutter/turtlebot4_ws/install/lab2_pkg:/home/cnutter/turtlebot4_ws/install/lab1_pkg:/home/cnutter/turtlebot4_ws/install/final:/home/cnutter/turtlebot4_ws/install/custom_interfaces:/opt/ros/jazzy', 'ROS_DOMAIN_ID': '0', 'KRB5CCNAME': 'FILE:/tmp/krb5cc_481847517_OSmN3a', 'SHELL': '/bin/zsh', 'ROS_DISCOVERY_SERVER': '10.5.113.101:11811', 'QT_ACCESSIBILITY': '1', 'GDMSESSION': 'ubuntu', 'QT_IM_MODULE': 'ibus', 'ROS_AUTOMATIC_DISCOVERY_RANGE': 'SUBNET', 'PWD': '/home/cnutter/turtlebot4_ws/build/lab_bringup', 'XDG_DATA_DIRS': '/usr/local/share/:/usr/share/:/var/lib/snapd/desktop', 'VIRTUAL_ENV_DISABLE_PROMPT': '12', 'PYTHONPATH': '/home/cnutter/turtlebot4_ws/install/lab3_pkg/lib/python3.12/site-packages:/home/cnutter/turtlebot4_ws/install/custom_interfaces/lib/python3.12/site-packages:/home/cnutter/turtlebot4_ws/install/lab5_pkg/lib/python3.12/site-packages:/home/cnutter/turtlebot4_ws/install/lab2_pkg/lib/python3.12/site-packages:/home/cnutter/turtlebot4_ws/install/lab1_pkg/lib/python3.12/site-packages:/home/cnutter/turtlebot4_ws/install/final/lib/python3.12/site-packages:/opt/ros/jazzy/lib/python3.12/site-packages', 'COLCON': '1', 'VTE_VERSION': '7600', 'MEMORY_PRESSURE_WRITE': 'c29tZSAyMDAwMDAgMjAwMDAwMAA=', 'CMAKE_PREFIX_PATH': '/home/cnutter/turtlebot4_ws/install/custom_interfaces:/home/cnutter/turtlebot4_ws/install/lab_bringup:/home/cnutter/turtlebot4_ws/install/final_bringup:/opt/ros/jazzy/opt/gz_sim_vendor:/opt/ros/jazzy/opt/gz_sensors_vendor:/opt/ros/jazzy/opt/gz_physics_vendor:/opt/ros/jazzy/opt/sdformat_vendor:/opt/ros/jazzy/opt/gz_gui_vendor:/opt/ros/jazzy/opt/gz_transport_vendor:/opt/ros/jazzy/opt/gz_rendering_vendor:/opt/ros/jazzy/opt/gz_plugin_vendor:/opt/ros/jazzy/opt/gz_fuel_tools_vendor:/opt/ros/jazzy/opt/gz_msgs_vendor:/opt/ros/jazzy/opt/gz_common_vendor:/opt/ros/jazzy/opt/gz_math_vendor:/opt/ros/jazzy/opt/gz_utils_vendor:/opt/ros/jazzy/opt/gz_tools_vendor:/opt/ros/jazzy/opt/gz_ogre_next_vendor:/opt/ros/jazzy/opt/gz_dartsim_vendor:/opt/ros/jazzy/opt/gz_cmake_vendor:/home/cnutter/turtlebot4_ws/install/lab5_pkg:/home/cnutter/turtlebot4_ws/install/lab3_pkg:/home/cnutter/turtlebot4_ws/install/lab2_pkg:/home/cnutter/turtlebot4_ws/install/lab1_pkg:/home/cnutter/turtlebot4_ws/install/final:/opt/ros/jazzy'}), 'shell': False}
[2.697352] (lab5_pkg) CommandEnded: {'returncode': 0}
[2.703510] (lab5_pkg) JobEnded: {'identifier': 'lab5_pkg', 'rc': 0}
[2.704977] (-) TimerEvent: {}
[2.705242] (final) CommandEnded: {'returncode': 0}
[2.711717] (final) JobEnded: {'identifier': 'final', 'rc': 0}
[2.713022] (final_bringup) JobStarted: {'identifier': 'final_bringup'}
[2.728966] (final_bringup) JobProgress: {'identifier': 'final_bringup', 'progress': 'cmake'}
[2.729678] (final_bringup) JobProgress: {'identifier': 'final_bringup', 'progress': 'build'}
[2.729893] (final_bringup) Command: {'cmd': ['/usr/bin/cmake', '--build', '/home/cnutter/turtlebot4_ws/build/final_bringup', '--', '-j16', '-l16'], 'cwd': '/home/cnutter/turtlebot4_ws/build/final_bringup', 'env': OrderedDict({'USER': 'cnutter@plu.edu', 'GZ_SIM_RESOURCE_PATH': '/opt/ros/jazzy/share', 'GZ_CONFIG_PATH': '/opt/ros/jazzy/opt/gz_sim_vendor/share/gz:/opt/ros/jazzy/opt/sdformat_vendor/share/gz:/opt/ros/jazzy/opt/gz_gui_vendor/share/gz:/opt/ros/jazzy/opt/gz_transport_vendor/share/gz:/opt/ros/jazzy/opt/gz_rendering_vendor/share/gz:/opt/ros/jazzy/opt/gz_plugin_vendor/share/gz:/opt/ros/jazzy/opt/gz_fuel_tools_vendor/share/gz:/opt/ros/jazzy/opt/gz_msgs_vendor/share/gz:/opt/ros/jazzy/opt/gz_common_vendor/share/gz', 'XDG_SESSION_TYPE': 'wayland', 'CLUTTER_DISABLE_MIPMAPPED_TEXT': '1', 'SHLVL': '1', 'LD_LIBRARY_PATH': '/home/cnutter/turtlebot4_ws/install/custom_interfaces/lib:/opt/ros/jazzy/opt/gz_sim_vendor/lib:/opt/ros/jazzy/opt/gz_sensors_vendor/lib:/opt/ros/jazzy/opt/gz_physics_vendor/lib:/opt/ros/jazzy/opt/sdformat_vendor/lib:/opt/ros/jazzy/opt/rviz_ogre_vendor/lib:/opt/ros/jazzy/lib/x86_64-linux-gnu:/opt/ros/jazzy/opt/gz_gui_vendor/lib:/opt/ros/jazzy/opt/gz_transport_vendor/lib:/opt/ros/jazzy/opt/gz_rendering_vendor/lib:/opt/ros/jazzy/opt/gz_plugin_vendor/lib:/opt/ros/jazzy/opt/gz_fuel_tools_vendor/lib:/opt/ros/jazzy/opt/gz_msgs_vendor/lib:/opt/ros/jazzy/opt/gz_common_vendor/lib:/opt/ros/jazzy/opt/gz_math_vendor/lib:/opt/ros/jazzy/opt/gz_utils_vendor/lib:/opt/ros/jazzy/opt/gz_tools_vendor/lib:/opt/ros/jazzy/opt/gz_ogre_next_vendor/lib:/opt/ros/jazzy/opt/gz_dartsim_vendor/lib:/opt/ros/jazzy/opt/gz_cmake_vendor/lib:/opt/ros/jazzy/lib', 'OLDPWD': '/home/cnutter', 'HOME': '/home/cnutter', 'DESKTOP_SESSION': 'ubuntu', 'GTK_MODULES': 'gail:atk-bridge', 'GNOME_SHELL_SESSION_MODE': 'ubuntu', 'ROS_PYTHON_VERSION': '3', 'SYSTEMD_EXEC_PID': '28407', 'DBUS_SESSION_BUS_ADDRESS': 'unix:path=/run/user/481847517/bus', 'GSM_SKIP_SSH_AGENT_WORKAROUND': 'true', 'COLORTERM': 'truecolor', 'CONDA_CHANGEPS1': 'no', 'WAYLAND_DISPLAY': 'wayland-0', 'ROS_DISTRO': 'jazzy', 'COLCON_PREFIX_PATH': '/home/cnutter/turtlebot4_ws/install', 'LOGNAME': 'cnutter@plu.edu', '_': '/usr/bin/colcon', 'MEMORY_PRESSURE_WATCH': '/sys/fs/cgroup/user.slice/user-481847517.slice/user@481847517.service/session.slice/org.gnome.Shell@wayland.service/memory.pressure', 'XDG_SESSION_CLASS': 'user', 'ROS_VERSION': '2', 'USERNAME': 'cnutter@plu.edu', 'TERM': 'xterm-256color', 'PROMPT_EOL_MARK': '', 'ROS_SUPER_CLIENT': 'True', 'GNOME_DESKTOP_SESSION_ID': 'this-is-deprecated', 'PATH': '/opt/ros/jazzy/opt/gz_msgs_vendor/bin:/opt/ros/jazzy/opt/gz_tools_vendor/bin:/opt/ros/jazzy/opt/gz_ogre_next_vendor/bin:/opt/ros/jazzy/bin:/usr/local/sbin:/usr/local/bin:/usr/sbin:/usr/bin:/sbin:/bin:/usr/games:/usr/local/games:/snap/bin:/snap/bin', 'SESSION_MANAGER': 'local/csci20122:@/tmp/.ICE-unix/28375,unix/csci20122:/tmp/.ICE-unix/28375', 'GNOME_TERMINAL_SCREEN': '/org/gnome/Terminal/screen/d1815c0c_3a98_4119_8e51_c4952ecb9ec0', 'XDG_MENU_PREFIX': 'gnome-', 'GNOME_SETUP_DISPLAY': ':1', 'XDG_RUNTIME_DIR': '/run/user/481847517', 'DISPLAY': ':0', 'XDG_CURRENT_DESKTOP': 'ubuntu:GNOME', 'LANG': 'en_US.UTF-8', 'RMW_IMPLEMENTATION': 'rmw_fastrtps_cpp', 'XDG_SESSION_DESKTOP': 'ubuntu', 'GNOME_TERMINAL_SERVICE': ':1.132', 'XMODIFIERS': '@im=ibus', 'XAUTHORITY': '/run/user/481847517/.mutter-Xwaylandauth.BBP1O3', 'SSH_AUTH_SOCK': '/run/user/481847517/keyring/ssh', 'AMENT_PREFIX_PATH': '/home/cnutter/turtlebot4_ws/install/lab3_pkg:/home/cnutter/turtlebot4_ws/install/final:/home/cnutter/turtlebot4_ws/install/lab_bringup:/home/cnutter/turtlebot4_ws/install/lab5_pkg:/home/cnutter/turtlebot4_ws/install/final_bringup:/home/cnutter/turtlebot4_ws/install/lab2_pkg:/home/cnutter/turtlebot4_ws/install/lab1_pkg:/home/cnutter/turtlebot4_ws/install/custom_interfaces:/opt/ros/jazzy', 'ROS_DOMAIN_ID': '0', 'KRB5CCNAME': 'FILE:/tmp/krb5cc_481847517_OSmN3a', 'SHELL': '/bin/zsh', 'ROS_DISCOVERY_SERVER': '10.5.113.101:11811', 'QT_ACCESSIBILITY': '1', 'GDMSESSION': 'ubuntu', 'QT_IM_MODULE': 'ibus', 'ROS_AUTOMATIC_DISCOVERY_RANGE': 'SUBNET', 'PWD': '/home/cnutter/turtlebot4_ws/build/final_bringup', 'XDG_DATA_DIRS': '/usr/local/share/:/usr/share/:/var/lib/snapd/desktop', 'VIRTUAL_ENV_DISABLE_PROMPT': '12', 'PYTHONPATH': '/home/cnutter/turtlebot4_ws/install/lab3_pkg/lib/python3.12/site-packages:/home/cnutter/turtlebot4_ws/install/final/lib/python3.12/site-packages:/home/cnutter/turtlebot4_ws/install/custom_interfaces/lib/python3.12/site-packages:/home/cnutter/turtlebot4_ws/install/lab5_pkg/lib/python3.12/site-packages:/home/cnutter/turtlebot4_ws/install/lab2_pkg/lib/python3.12/site-packages:/home/cnutter/turtlebot4_ws/install/lab1_pkg/lib/python3.12/site-packages:/opt/ros/jazzy/lib/python3.12/site-packages', 'COLCON': '1', 'VTE_VERSION': '7600', 'MEMORY_PRESSURE_WRITE': 'c29tZSAyMDAwMDAgMjAwMDAwMAA=', 'CMAKE_PREFIX_PATH': '/home/cnutter/turtlebot4_ws/install/custom_interfaces:/home/cnutter/turtlebot4_ws/install/lab_bringup:/home/cnutter/turtlebot4_ws/install/final_bringup:/opt/ros/jazzy/opt/gz_sim_vendor:/opt/ros/jazzy/opt/gz_sensors_vendor:/opt/ros/jazzy/opt/gz_physics_vendor:/opt/ros/jazzy/opt/sdformat_vendor:/opt/ros/jazzy/opt/gz_gui_vendor:/opt/ros/jazzy/opt/gz_transport_vendor:/opt/ros/jazzy/opt/gz_rendering_vendor:/opt/ros/jazzy/opt/gz_plugin_vendor:/opt/ros/jazzy/opt/gz_fuel_tools_vendor:/opt/ros/jazzy/opt/gz_msgs_vendor:/opt/ros/jazzy/opt/gz_common_vendor:/opt/ros/jazzy/opt/gz_math_vendor:/opt/ros/jazzy/opt/gz_utils_vendor:/opt/ros/jazzy/opt/gz_tools_vendor:/opt/ros/jazzy/opt/gz_ogre_next_vendor:/opt/ros/jazzy/opt/gz_dartsim_vendor:/opt/ros/jazzy/opt/gz_cmake_vendor:/home/cnutter/turtlebot4_ws/install/lab5_pkg:/home/cnutter/turtlebot4_ws/install/lab3_pkg:/home/cnutter/turtlebot4_ws/install/lab2_pkg:/home/cnutter/turtlebot4_ws/install/lab1_pkg:/home/cnutter/turtlebot4_ws/install/final:/opt/ros/jazzy'}), 'shell': False}
[2.739128] (lab_bringup) CommandEnded: {'returncode': 0}
[2.739686] (lab_bringup) JobProgress: {'identifier': 'lab_bringup', 'progress': 'install'}
[2.739980] (lab_bringup) Command: {'cmd': ['/usr/bin/cmake', '--install', '/home/cnutter/turtlebot4_ws/build/lab_bringup'], 'cwd': '/home/cnutter/turtlebot4_ws/build/lab_bringup', 'env': OrderedDict({'USER': 'cnutter@plu.edu', 'GZ_SIM_RESOURCE_PATH': '/opt/ros/jazzy/share', 'GZ_CONFIG_PATH': '/opt/ros/jazzy/opt/gz_sim_vendor/share/gz:/opt/ros/jazzy/opt/sdformat_vendor/share/gz:/opt/ros/jazzy/opt/gz_gui_vendor/share/gz:/opt/ros/jazzy/opt/gz_transport_vendor/share/gz:/opt/ros/jazzy/opt/gz_rendering_vendor/share/gz:/opt/ros/jazzy/opt/gz_plugin_vendor/share/gz:/opt/ros/jazzy/opt/gz_fuel_tools_vendor/share/gz:/opt/ros/jazzy/opt/gz_msgs_vendor/share/gz:/opt/ros/jazzy/opt/gz_common_vendor/share/gz', 'XDG_SESSION_TYPE': 'wayland', 'CLUTTER_DISABLE_MIPMAPPED_TEXT': '1', 'SHLVL': '1', 'LD_LIBRARY_PATH': '/home/cnutter/turtlebot4_ws/install/custom_interfaces/lib:/opt/ros/jazzy/opt/gz_sim_vendor/lib:/opt/ros/jazzy/opt/gz_sensors_vendor/lib:/opt/ros/jazzy/opt/gz_physics_vendor/lib:/opt/ros/jazzy/opt/sdformat_vendor/lib:/opt/ros/jazzy/opt/rviz_ogre_vendor/lib:/opt/ros/jazzy/lib/x86_64-linux-gnu:/opt/ros/jazzy/opt/gz_gui_vendor/lib:/opt/ros/jazzy/opt/gz_transport_vendor/lib:/opt/ros/jazzy/opt/gz_rendering_vendor/lib:/opt/ros/jazzy/opt/gz_plugin_vendor/lib:/opt/ros/jazzy/opt/gz_fuel_tools_vendor/lib:/opt/ros/jazzy/opt/gz_msgs_vendor/lib:/opt/ros/jazzy/opt/gz_common_vendor/lib:/opt/ros/jazzy/opt/gz_math_vendor/lib:/opt/ros/jazzy/opt/gz_utils_vendor/lib:/opt/ros/jazzy/opt/gz_tools_vendor/lib:/opt/ros/jazzy/opt/gz_ogre_next_vendor/lib:/opt/ros/jazzy/opt/gz_dartsim_vendor/lib:/opt/ros/jazzy/opt/gz_cmake_vendor/lib:/opt/ros/jazzy/lib', 'OLDPWD': '/home/cnutter', 'HOME': '/home/cnutter', 'DESKTOP_SESSION': 'ubuntu', 'GTK_MODULES': 'gail:atk-bridge', 'GNOME_SHELL_SESSION_MODE': 'ubuntu', 'ROS_PYTHON_VERSION': '3', 'SYSTEMD_EXEC_PID': '28407', 'DBUS_SESSION_BUS_ADDRESS': 'unix:path=/run/user/481847517/bus', 'GSM_SKIP_SSH_AGENT_WORKAROUND': 'true', 'COLORTERM': 'truecolor', 'CONDA_CHANGEPS1': 'no', 'WAYLAND_DISPLAY': 'wayland-0', 'ROS_DISTRO': 'jazzy', 'COLCON_PREFIX_PATH': '/home/cnutter/turtlebot4_ws/install', 'LOGNAME': 'cnutter@plu.edu', '_': '/usr/bin/colcon', 'MEMORY_PRESSURE_WATCH': '/sys/fs/cgroup/user.slice/user-481847517.slice/user@481847517.service/session.slice/org.gnome.Shell@wayland.service/memory.pressure', 'XDG_SESSION_CLASS': 'user', 'ROS_VERSION': '2', 'USERNAME': 'cnutter@plu.edu', 'TERM': 'xterm-256color', 'PROMPT_EOL_MARK': '', 'ROS_SUPER_CLIENT': 'True', 'GNOME_DESKTOP_SESSION_ID': 'this-is-deprecated', 'PATH': '/opt/ros/jazzy/opt/gz_msgs_vendor/bin:/opt/ros/jazzy/opt/gz_tools_vendor/bin:/opt/ros/jazzy/opt/gz_ogre_next_vendor/bin:/opt/ros/jazzy/bin:/usr/local/sbin:/usr/local/bin:/usr/sbin:/usr/bin:/sbin:/bin:/usr/games:/usr/local/games:/snap/bin:/snap/bin', 'SESSION_MANAGER': 'local/csci20122:@/tmp/.ICE-unix/28375,unix/csci20122:/tmp/.ICE-unix/28375', 'GNOME_TERMINAL_SCREEN': '/org/gnome/Terminal/screen/d1815c0c_3a98_4119_8e51_c4952ecb9ec0', 'XDG_MENU_PREFIX': 'gnome-', 'GNOME_SETUP_DISPLAY': ':1', 'XDG_RUNTIME_DIR': '/run/user/481847517', 'DISPLAY': ':0', 'XDG_CURRENT_DESKTOP': 'ubuntu:GNOME', 'LANG': 'en_US.UTF-8', 'RMW_IMPLEMENTATION': 'rmw_fastrtps_cpp', 'XDG_SESSION_DESKTOP': 'ubuntu', 'GNOME_TERMINAL_SERVICE': ':1.132', 'XMODIFIERS': '@im=ibus', 'XAUTHORITY': '/run/user/481847517/.mutter-Xwaylandauth.BBP1O3', 'SSH_AUTH_SOCK': '/run/user/481847517/keyring/ssh', 'AMENT_PREFIX_PATH': '/home/cnutter/turtlebot4_ws/install/lab3_pkg:/home/cnutter/turtlebot4_ws/install/lab_bringup:/home/cnutter/turtlebot4_ws/install/lab5_pkg:/home/cnutter/turtlebot4_ws/install/final_bringup:/home/cnutter/turtlebot4_ws/install/lab2_pkg:/home/cnutter/turtlebot4_ws/install/lab1_pkg:/home/cnutter/turtlebot4_ws/install/final:/home/cnutter/turtlebot4_ws/install/custom_interfaces:/opt/ros/jazzy', 'ROS_DOMAIN_ID': '0', 'KRB5CCNAME': 'FILE:/tmp/krb5cc_481847517_OSmN3a', 'SHELL': '/bin/zsh', 'ROS_DISCOVERY_SERVER': '10.5.113.101:11811', 'QT_ACCESSIBILITY': '1', 'GDMSESSION': 'ubuntu', 'QT_IM_MODULE': 'ibus', 'ROS_AUTOMATIC_DISCOVERY_RANGE': 'SUBNET', 'PWD': '/home/cnutter/turtlebot4_ws/build/lab_bringup', 'XDG_DATA_DIRS': '/usr/local/share/:/usr/share/:/var/lib/snapd/desktop', 'VIRTUAL_ENV_DISABLE_PROMPT': '12', 'PYTHONPATH': '/home/cnutter/turtlebot4_ws/install/lab3_pkg/lib/python3.12/site-packages:/home/cnutter/turtlebot4_ws/install/custom_interfaces/lib/python3.12/site-packages:/home/cnutter/turtlebot4_ws/install/lab5_pkg/lib/python3.12/site-packages:/home/cnutter/turtlebot4_ws/install/lab2_pkg/lib/python3.12/site-packages:/home/cnutter/turtlebot4_ws/install/lab1_pkg/lib/python3.12/site-packages:/home/cnutter/turtlebot4_ws/install/final/lib/python3.12/site-packages:/opt/ros/jazzy/lib/python3.12/site-packages', 'COLCON': '1', 'VTE_VERSION': '7600', 'MEMORY_PRESSURE_WRITE': 'c29tZSAyMDAwMDAgMjAwMDAwMAA=', 'CMAKE_PREFIX_PATH': '/home/cnutter/turtlebot4_ws/install/custom_interfaces:/home/cnutter/turtlebot4_ws/install/lab_bringup:/home/cnutter/turtlebot4_ws/install/final_bringup:/opt/ros/jazzy/opt/gz_sim_vendor:/opt/ros/jazzy/opt/gz_sensors_vendor:/opt/ros/jazzy/opt/gz_physics_vendor:/opt/ros/jazzy/opt/sdformat_vendor:/opt/ros/jazzy/opt/gz_gui_vendor:/opt/ros/jazzy/opt/gz_transport_vendor:/opt/ros/jazzy/opt/gz_rendering_vendor:/opt/ros/jazzy/opt/gz_plugin_vendor:/opt/ros/jazzy/opt/gz_fuel_tools_vendor:/opt/ros/jazzy/opt/gz_msgs_vendor:/opt/ros/jazzy/opt/gz_common_vendor:/opt/ros/jazzy/opt/gz_math_vendor:/opt/ros/jazzy/opt/gz_utils_vendor:/opt/ros/jazzy/opt/gz_tools_vendor:/opt/ros/jazzy/opt/gz_ogre_next_vendor:/opt/ros/jazzy/opt/gz_dartsim_vendor:/opt/ros/jazzy/opt/gz_cmake_vendor:/home/cnutter/turtlebot4_ws/install/lab5_pkg:/home/cnutter/turtlebot4_ws/install/lab3_pkg:/home/cnutter/turtlebot4_ws/install/lab2_pkg:/home/cnutter/turtlebot4_ws/install/lab1_pkg:/home/cnutter/turtlebot4_ws/install/final:/opt/ros/jazzy'}), 'shell': False}
[2.747473] (lab_bringup) StdoutLine: {'line': b'-- Install configuration: ""\n'}
[2.747762] (lab_bringup) StdoutLine: {'line': b'-- Up-to-date: /home/cnutter/turtlebot4_ws/install/lab_bringup/share/lab_bringup//launch\n'}
[2.747927] (lab_bringup) StdoutLine: {'line': b'-- Up-to-date: /home/cnutter/turtlebot4_ws/install/lab_bringup/share/lab_bringup//launch/lab4.launch.xml\n'}
[2.748045] (lab_bringup) StdoutLine: {'line': b'-- Up-to-date: /home/cnutter/turtlebot4_ws/install/lab_bringup/share/lab_bringup//launch/lab3.launch.xml\n'}
[2.748157] (lab_bringup) StdoutLine: {'line': b'-- Up-to-date: /home/cnutter/turtlebot4_ws/install/lab_bringup/share/lab_bringup//launch/lab5.launch.xml\n'}
[2.748266] (lab_bringup) StdoutLine: {'line': b'-- Up-to-date: /home/cnutter/turtlebot4_ws/install/lab_bringup/share/ament_index/resource_index/package_run_dependencies/lab_bringup\n'}
[2.748439] (lab_bringup) StdoutLine: {'line': b'-- Up-to-date: /home/cnutter/turtlebot4_ws/install/lab_bringup/share/ament_index/resource_index/parent_prefix_path/lab_bringup\n'}
[2.748549] (lab_bringup) StdoutLine: {'line': b'-- Up-to-date: /home/cnutter/turtlebot4_ws/install/lab_bringup/share/lab_bringup/environment/ament_prefix_path.sh\n'}
[2.748660] (lab_bringup) StdoutLine: {'line': b'-- Up-to-date: /home/cnutter/turtlebot4_ws/install/lab_bringup/share/lab_bringup/environment/ament_prefix_path.dsv\n'}
[2.748774] (lab_bringup) StdoutLine: {'line': b'-- Up-to-date: /home/cnutter/turtlebot4_ws/install/lab_bringup/share/lab_bringup/environment/path.sh\n'}
[2.748892] (lab_bringup) StdoutLine: {'line': b'-- Up-to-date: /home/cnutter/turtlebot4_ws/install/lab_bringup/share/lab_bringup/environment/path.dsv\n'}
[2.749011] (lab_bringup) StdoutLine: {'line': b'-- Up-to-date: /home/cnutter/turtlebot4_ws/install/lab_bringup/share/lab_bringup/local_setup.bash\n'}
[2.749126] (lab_bringup) StdoutLine: {'line': b'-- Up-to-date: /home/cnutter/turtlebot4_ws/install/lab_bringup/share/lab_bringup/local_setup.sh\n'}
[2.749291] (lab_bringup) StdoutLine: {'line': b'-- Up-to-date: /home/cnutter/turtlebot4_ws/install/lab_bringup/share/lab_bringup/local_setup.zsh\n'}
[2.749789] (lab_bringup) StdoutLine: {'line': b'-- Up-to-date: /home/cnutter/turtlebot4_ws/install/lab_bringup/share/lab_bringup/local_setup.dsv\n'}
[2.750281] (lab_bringup) StdoutLine: {'line': b'-- Installing: /home/cnutter/turtlebot4_ws/install/lab_bringup/share/lab_bringup/package.dsv\n'}
[2.750407] (lab_bringup) StdoutLine: {'line': b'-- Up-to-date: /home/cnutter/turtlebot4_ws/install/lab_bringup/share/ament_index/resource_index/packages/lab_bringup\n'}
[2.750649] (lab_bringup) StdoutLine: {'line': b'-- Up-to-date: /home/cnutter/turtlebot4_ws/install/lab_bringup/share/lab_bringup/cmake/lab_bringupConfig.cmake\n'}
[2.750763] (lab_bringup) StdoutLine: {'line': b'-- Up-to-date: /home/cnutter/turtlebot4_ws/install/lab_bringup/share/lab_bringup/cmake/lab_bringupConfig-version.cmake\n'}
[2.750944] (lab_bringup) StdoutLine: {'line': b'-- Up-to-date: /home/cnutter/turtlebot4_ws/install/lab_bringup/share/lab_bringup/package.xml\n'}
[2.751053] (lab_bringup) CommandEnded: {'returncode': 0}
[2.788293] (lab_bringup) JobEnded: {'identifier': 'lab_bringup', 'rc': 0}
[2.789202] (final_bringup) CommandEnded: {'returncode': 0}
[2.789864] (final_bringup) JobProgress: {'identifier': 'final_bringup', 'progress': 'install'}
[2.790142] (final_bringup) Command: {'cmd': ['/usr/bin/cmake', '--install', '/home/cnutter/turtlebot4_ws/build/final_bringup'], 'cwd': '/home/cnutter/turtlebot4_ws/build/final_bringup', 'env': OrderedDict({'USER': 'cnutter@plu.edu', 'GZ_SIM_RESOURCE_PATH': '/opt/ros/jazzy/share', 'GZ_CONFIG_PATH': '/opt/ros/jazzy/opt/gz_sim_vendor/share/gz:/opt/ros/jazzy/opt/sdformat_vendor/share/gz:/opt/ros/jazzy/opt/gz_gui_vendor/share/gz:/opt/ros/jazzy/opt/gz_transport_vendor/share/gz:/opt/ros/jazzy/opt/gz_rendering_vendor/share/gz:/opt/ros/jazzy/opt/gz_plugin_vendor/share/gz:/opt/ros/jazzy/opt/gz_fuel_tools_vendor/share/gz:/opt/ros/jazzy/opt/gz_msgs_vendor/share/gz:/opt/ros/jazzy/opt/gz_common_vendor/share/gz', 'XDG_SESSION_TYPE': 'wayland', 'CLUTTER_DISABLE_MIPMAPPED_TEXT': '1', 'SHLVL': '1', 'LD_LIBRARY_PATH': '/home/cnutter/turtlebot4_ws/install/custom_interfaces/lib:/opt/ros/jazzy/opt/gz_sim_vendor/lib:/opt/ros/jazzy/opt/gz_sensors_vendor/lib:/opt/ros/jazzy/opt/gz_physics_vendor/lib:/opt/ros/jazzy/opt/sdformat_vendor/lib:/opt/ros/jazzy/opt/rviz_ogre_vendor/lib:/opt/ros/jazzy/lib/x86_64-linux-gnu:/opt/ros/jazzy/opt/gz_gui_vendor/lib:/opt/ros/jazzy/opt/gz_transport_vendor/lib:/opt/ros/jazzy/opt/gz_rendering_vendor/lib:/opt/ros/jazzy/opt/gz_plugin_vendor/lib:/opt/ros/jazzy/opt/gz_fuel_tools_vendor/lib:/opt/ros/jazzy/opt/gz_msgs_vendor/lib:/opt/ros/jazzy/opt/gz_common_vendor/lib:/opt/ros/jazzy/opt/gz_math_vendor/lib:/opt/ros/jazzy/opt/gz_utils_vendor/lib:/opt/ros/jazzy/opt/gz_tools_vendor/lib:/opt/ros/jazzy/opt/gz_ogre_next_vendor/lib:/opt/ros/jazzy/opt/gz_dartsim_vendor/lib:/opt/ros/jazzy/opt/gz_cmake_vendor/lib:/opt/ros/jazzy/lib', 'OLDPWD': '/home/cnutter', 'HOME': '/home/cnutter', 'DESKTOP_SESSION': 'ubuntu', 'GTK_MODULES': 'gail:atk-bridge', 'GNOME_SHELL_SESSION_MODE': 'ubuntu', 'ROS_PYTHON_VERSION': '3', 'SYSTEMD_EXEC_PID': '28407', 'DBUS_SESSION_BUS_ADDRESS': 'unix:path=/run/user/481847517/bus', 'GSM_SKIP_SSH_AGENT_WORKAROUND': 'true', 'COLORTERM': 'truecolor', 'CONDA_CHANGEPS1': 'no', 'WAYLAND_DISPLAY': 'wayland-0', 'ROS_DISTRO': 'jazzy', 'COLCON_PREFIX_PATH': '/home/cnutter/turtlebot4_ws/install', 'LOGNAME': 'cnutter@plu.edu', '_': '/usr/bin/colcon', 'MEMORY_PRESSURE_WATCH': '/sys/fs/cgroup/user.slice/user-481847517.slice/user@481847517.service/session.slice/org.gnome.Shell@wayland.service/memory.pressure', 'XDG_SESSION_CLASS': 'user', 'ROS_VERSION': '2', 'USERNAME': 'cnutter@plu.edu', 'TERM': 'xterm-256color', 'PROMPT_EOL_MARK': '', 'ROS_SUPER_CLIENT': 'True', 'GNOME_DESKTOP_SESSION_ID': 'this-is-deprecated', 'PATH': '/opt/ros/jazzy/opt/gz_msgs_vendor/bin:/opt/ros/jazzy/opt/gz_tools_vendor/bin:/opt/ros/jazzy/opt/gz_ogre_next_vendor/bin:/opt/ros/jazzy/bin:/usr/local/sbin:/usr/local/bin:/usr/sbin:/usr/bin:/sbin:/bin:/usr/games:/usr/local/games:/snap/bin:/snap/bin', 'SESSION_MANAGER': 'local/csci20122:@/tmp/.ICE-unix/28375,unix/csci20122:/tmp/.ICE-unix/28375', 'GNOME_TERMINAL_SCREEN': '/org/gnome/Terminal/screen/d1815c0c_3a98_4119_8e51_c4952ecb9ec0', 'XDG_MENU_PREFIX': 'gnome-', 'GNOME_SETUP_DISPLAY': ':1', 'XDG_RUNTIME_DIR': '/run/user/481847517', 'DISPLAY': ':0', 'XDG_CURRENT_DESKTOP': 'ubuntu:GNOME', 'LANG': 'en_US.UTF-8', 'RMW_IMPLEMENTATION': 'rmw_fastrtps_cpp', 'XDG_SESSION_DESKTOP': 'ubuntu', 'GNOME_TERMINAL_SERVICE': ':1.132', 'XMODIFIERS': '@im=ibus', 'XAUTHORITY': '/run/user/481847517/.mutter-Xwaylandauth.BBP1O3', 'SSH_AUTH_SOCK': '/run/user/481847517/keyring/ssh', 'AMENT_PREFIX_PATH': '/home/cnutter/turtlebot4_ws/install/lab3_pkg:/home/cnutter/turtlebot4_ws/install/final:/home/cnutter/turtlebot4_ws/install/lab_bringup:/home/cnutter/turtlebot4_ws/install/lab5_pkg:/home/cnutter/turtlebot4_ws/install/final_bringup:/home/cnutter/turtlebot4_ws/install/lab2_pkg:/home/cnutter/turtlebot4_ws/install/lab1_pkg:/home/cnutter/turtlebot4_ws/install/custom_interfaces:/opt/ros/jazzy', 'ROS_DOMAIN_ID': '0', 'KRB5CCNAME': 'FILE:/tmp/krb5cc_481847517_OSmN3a', 'SHELL': '/bin/zsh', 'ROS_DISCOVERY_SERVER': '10.5.113.101:11811', 'QT_ACCESSIBILITY': '1', 'GDMSESSION': 'ubuntu', 'QT_IM_MODULE': 'ibus', 'ROS_AUTOMATIC_DISCOVERY_RANGE': 'SUBNET', 'PWD': '/home/cnutter/turtlebot4_ws/build/final_bringup', 'XDG_DATA_DIRS': '/usr/local/share/:/usr/share/:/var/lib/snapd/desktop', 'VIRTUAL_ENV_DISABLE_PROMPT': '12', 'PYTHONPATH': '/home/cnutter/turtlebot4_ws/install/lab3_pkg/lib/python3.12/site-packages:/home/cnutter/turtlebot4_ws/install/final/lib/python3.12/site-packages:/home/cnutter/turtlebot4_ws/install/custom_interfaces/lib/python3.12/site-packages:/home/cnutter/turtlebot4_ws/install/lab5_pkg/lib/python3.12/site-packages:/home/cnutter/turtlebot4_ws/install/lab2_pkg/lib/python3.12/site-packages:/home/cnutter/turtlebot4_ws/install/lab1_pkg/lib/python3.12/site-packages:/opt/ros/jazzy/lib/python3.12/site-packages', 'COLCON': '1', 'VTE_VERSION': '7600', 'MEMORY_PRESSURE_WRITE': 'c29tZSAyMDAwMDAgMjAwMDAwMAA=', 'CMAKE_PREFIX_PATH': '/home/cnutter/turtlebot4_ws/install/custom_interfaces:/home/cnutter/turtlebot4_ws/install/lab_bringup:/home/cnutter/turtlebot4_ws/install/final_bringup:/opt/ros/jazzy/opt/gz_sim_vendor:/opt/ros/jazzy/opt/gz_sensors_vendor:/opt/ros/jazzy/opt/gz_physics_vendor:/opt/ros/jazzy/opt/sdformat_vendor:/opt/ros/jazzy/opt/gz_gui_vendor:/opt/ros/jazzy/opt/gz_transport_vendor:/opt/ros/jazzy/opt/gz_rendering_vendor:/opt/ros/jazzy/opt/gz_plugin_vendor:/opt/ros/jazzy/opt/gz_fuel_tools_vendor:/opt/ros/jazzy/opt/gz_msgs_vendor:/opt/ros/jazzy/opt/gz_common_vendor:/opt/ros/jazzy/opt/gz_math_vendor:/opt/ros/jazzy/opt/gz_utils_vendor:/opt/ros/jazzy/opt/gz_tools_vendor:/opt/ros/jazzy/opt/gz_ogre_next_vendor:/opt/ros/jazzy/opt/gz_dartsim_vendor:/opt/ros/jazzy/opt/gz_cmake_vendor:/home/cnutter/turtlebot4_ws/install/lab5_pkg:/home/cnutter/turtlebot4_ws/install/lab3_pkg:/home/cnutter/turtlebot4_ws/install/lab2_pkg:/home/cnutter/turtlebot4_ws/install/lab1_pkg:/home/cnutter/turtlebot4_ws/install/final:/opt/ros/jazzy'}), 'shell': False}
[2.798998] (final_bringup) StdoutLine: {'line': b'-- Install configuration: ""\n'}
[2.799234] (final_bringup) StdoutLine: {'line': b'-- Up-to-date: /home/cnutter/turtlebot4_ws/install/final_bringup/share/final_bringup//launch\n'}
[2.799392] (final_bringup) StdoutLine: {'line': b'-- Up-to-date: /home/cnutter/turtlebot4_ws/install/final_bringup/share/final_bringup//launch/final.launch.xml\n'}
[2.799476] (final_bringup) StdoutLine: {'line': b'-- Up-to-date: /home/cnutter/turtlebot4_ws/install/final_bringup/share/ament_index/resource_index/package_run_dependencies/final_bringup\n'}
[2.799573] (final_bringup) StdoutLine: {'line': b'-- Up-to-date: /home/cnutter/turtlebot4_ws/install/final_bringup/share/ament_index/resource_index/parent_prefix_path/final_bringup\n'}
[2.799705] (final_bringup) StdoutLine: {'line': b'-- Up-to-date: /home/cnutter/turtlebot4_ws/install/final_bringup/share/final_bringup/environment/ament_prefix_path.sh\n'}
[2.799870] (final_bringup) StdoutLine: {'line': b'-- Up-to-date: /home/cnutter/turtlebot4_ws/install/final_bringup/share/final_bringup/environment/ament_prefix_path.dsv\n'}
[2.799994] (final_bringup) StdoutLine: {'line': b'-- Up-to-date: /home/cnutter/turtlebot4_ws/install/final_bringup/share/final_bringup/environment/path.sh\n'}
[2.800101] (final_bringup) StdoutLine: {'line': b'-- Up-to-date: /home/cnutter/turtlebot4_ws/install/final_bringup/share/final_bringup/environment/path.dsv\n'}
[2.800202] (final_bringup) StdoutLine: {'line': b'-- Up-to-date: /home/cnutter/turtlebot4_ws/install/final_bringup/share/final_bringup/local_setup.bash\n'}
[2.800297] (final_bringup) StdoutLine: {'line': b'-- Up-to-date: /home/cnutter/turtlebot4_ws/install/final_bringup/share/final_bringup/local_setup.sh\n'}
[2.800391] (final_bringup) StdoutLine: {'line': b'-- Up-to-date: /home/cnutter/turtlebot4_ws/install/final_bringup/share/final_bringup/local_setup.zsh\n'}
[2.800487] (final_bringup) StdoutLine: {'line': b'-- Up-to-date: /home/cnutter/turtlebot4_ws/install/final_bringup/share/final_bringup/local_setup.dsv\n'}
[2.800581] (final_bringup) StdoutLine: {'line': b'-- Installing: /home/cnutter/turtlebot4_ws/install/final_bringup/share/final_bringup/package.dsv\n'}
[2.800717] (final_bringup) StdoutLine: {'line': b'-- Up-to-date: /home/cnutter/turtlebot4_ws/install/final_bringup/share/ament_index/resource_index/packages/final_bringup\n'}
[2.800934] (final_bringup) StdoutLine: {'line': b'-- Up-to-date: /home/cnutter/turtlebot4_ws/install/final_bringup/share/final_bringup/cmake/final_bringupConfig.cmake\n'}
[2.801212] (final_bringup) StdoutLine: {'line': b'-- Up-to-date: /home/cnutter/turtlebot4_ws/install/final_bringup/share/final_bringup/cmake/final_bringupConfig-version.cmake\n'}
[2.801937] (final_bringup) StdoutLine: {'line': b'-- Up-to-date: /home/cnutter/turtlebot4_ws/install/final_bringup/share/final_bringup/package.xml\n'}
[2.802180] (final_bringup) CommandEnded: {'returncode': 0}
[2.805085] (-) TimerEvent: {}
[2.853115] (final_bringup) JobEnded: {'identifier': 'final_bringup', 'rc': 0}
[2.853901] (-) EventReactorShutdown: {}
