[0.000000] (-) TimerEvent: {}
[0.000282] (custom_interfaces) JobQueued: {'identifier': 'custom_interfaces', 'dependencies': OrderedDict()}
[0.000328] (final) JobQueued: {'identifier': 'final', 'dependencies': OrderedDict()}
[0.000367] (lab1_pkg) JobQueued: {'identifier': 'lab1_pkg', 'dependencies': OrderedDict()}
[0.000399] (lab2_pkg) JobQueued: {'identifier': 'lab2_pkg', 'dependencies': OrderedDict()}
[0.000429] (lab3_pkg) JobQueued: {'identifier': 'lab3_pkg', 'dependencies': OrderedDict({'custom_interfaces': '/home/cnutter/turtlebot4_ws/install/custom_interfaces'})}
[0.000447] (lab5_pkg) JobQueued: {'identifier': 'lab5_pkg', 'dependencies': OrderedDict({'custom_interfaces': '/home/cnutter/turtlebot4_ws/install/custom_interfaces'})}
[0.000483] (final_bringup) JobQueued: {'identifier': 'final_bringup', 'dependencies': OrderedDict({'custom_interfaces': '/home/cnutter/turtlebot4_ws/install/custom_interfaces', 'final': '/home/cnutter/turtlebot4_ws/install/final', 'lab3_pkg': '/home/cnutter/turtlebot4_ws/install/lab3_pkg'})}
[0.000501] (lab_bringup) JobQueued: {'identifier': 'lab_bringup', 'dependencies': OrderedDict({'custom_interfaces': '/home/cnutter/turtlebot4_ws/install/custom_interfaces', 'lab3_pkg': '/home/cnutter/turtlebot4_ws/install/lab3_pkg'})}
[0.000517] (custom_interfaces) JobStarted: {'identifier': 'custom_interfaces'}
[0.008229] (final) JobStarted: {'identifier': 'final'}
[0.012605] (lab1_pkg) JobStarted: {'identifier': 'lab1_pkg'}
[0.018432] (lab2_pkg) JobStarted: {'identifier': 'lab2_pkg'}
[0.025320] (custom_interfaces) JobProgress: {'identifier': 'custom_interfaces', 'progress': 'cmake'}
[0.025918] (custom_interfaces) JobProgress: {'identifier': 'custom_interfaces', 'progress': 'build'}
[0.026413] (custom_interfaces) Command: {'cmd': ['/usr/bin/cmake', '--build', '/home/cnutter/turtlebot4_ws/build/custom_interfaces', '--', '-j16', '-l16'], 'cwd': '/home/cnutter/turtlebot4_ws/build/custom_interfaces', 'env': OrderedDict({'USER': 'cnutter@plu.edu', 'GZ_SIM_RESOURCE_PATH': '/opt/ros/jazzy/share', 'GZ_CONFIG_PATH': '/opt/ros/jazzy/opt/gz_sim_vendor/share/gz:/opt/ros/jazzy/opt/sdformat_vendor/share/gz:/opt/ros/jazzy/opt/gz_gui_vendor/share/gz:/opt/ros/jazzy/opt/gz_transport_vendor/share/gz:/opt/ros/jazzy/opt/gz_rendering_vendor/share/gz:/opt/ros/jazzy/opt/gz_plugin_vendor/share/gz:/opt/ros/jazzy/opt/gz_fuel_tools_vendor/share/gz:/opt/ros/jazzy/opt/gz_msgs_vendor/share/gz:/opt/ros/jazzy/opt/gz_common_vendor/share/gz', 'XDG_SESSION_TYPE': 'wayland', 'CLUTTER_DISABLE_MIPMAPPED_TEXT': '1', 'SHLVL': '1', 'LD_LIBRARY_PATH': '/home/cnutter/turtlebot4_ws/install/custom_interfaces/lib:/opt/ros/jazzy/opt/gz_sim_vendor/lib:/opt/ros/jazzy/opt/gz_sensors_vendor/lib:/opt/ros/jazzy/opt/gz_physics_vendor/lib:/opt/ros/jazzy/opt/sdformat_vendor/lib:/opt/ros/jazzy/opt/rviz_ogre_vendor/lib:/opt/ros/jazzy/lib/x86_64-linux-gnu:/opt/ros/jazzy/opt/gz_gui_vendor/lib:/opt/ros/jazzy/opt/gz_transport_vendor/lib:/opt/ros/jazzy/opt/gz_rendering_vendor/lib:/opt/ros/jazzy/opt/gz_plugin_vendor/lib:/opt/ros/jazzy/opt/gz_fuel_tools_vendor/lib:/opt/ros/jazzy/opt/gz_msgs_vendor/lib:/opt/ros/jazzy/opt/gz_common_vendor/lib:/opt/ros/jazzy/opt/gz_math_vendor/lib:/opt/ros/jazzy/opt/gz_utils_vendor/lib:/opt/ros/jazzy/opt/gz_tools_vendor/lib:/opt/ros/jazzy/opt/gz_ogre_next_vendor/lib:/opt/ros/jazzy/opt/gz_dartsim_vendor/lib:/opt/ros/jazzy/opt/gz_cmake_vendor/lib:/opt/ros/jazzy/lib', 'OLDPWD': '/home/cnutter', 'HOME': '/home/cnutter', 'DESKTOP_SESSION': 'ubuntu', 'GTK_MODULES': 'gail:atk-bridge', 'GNOME_SHELL_SESSION_MODE': 'ubuntu', 'ROS_PYTHON_VERSION': '3', 'SYSTEMD_EXEC_PID': '28407', 'DBUS_SESSION_BUS_ADDRESS': 'unix:path=/run/user/481847517/bus', 'GSM_SKIP_SSH_AGENT_WORKAROUND': 'true', 'COLORTERM': 'truecolor', 'CONDA_CHANGEPS1': 'no', 'WAYLAND_DISPLAY': 'wayland-0', 'ROS_DISTRO': 'jazzy', 'COLCON_PREFIX_PATH': '/home/cnutter/turtlebot4_ws/install', 'LOGNAME': 'cnutter@plu.edu', '_': '/usr/bin/colcon', 'MEMORY_PRESSURE_WATCH': '/sys/fs/cgroup/user.slice/user-481847517.slice/user@481847517.service/session.slice/org.gnome.Shell@wayland.service/memory.pressure', 'XDG_SESSION_CLASS': 'user', 'ROS_VERSION': '2', 'USERNAME': 'cnutter@plu.edu', 'TERM': 'xterm-256color', 'PROMPT_EOL_MARK': '', 'ROS_SUPER_CLIENT': 'True', 'GNOME_DESKTOP_SESSION_ID': 'this-is-deprecated', 'PATH': '/opt/ros/jazzy/opt/gz_msgs_vendor/bin:/opt/ros/jazzy/opt/gz_tools_vendor/bin:/opt/ros/jazzy/opt/gz_ogre_next_vendor/bin:/opt/ros/jazzy/bin:/usr/local/sbin:/usr/local/bin:/usr/sbin:/usr/bin:/sbin:/bin:/usr/games:/usr/local/games:/snap/bin:/snap/bin', 'SESSION_MANAGER': 'local/csci20122:@/tmp/.ICE-unix/28375,unix/csci20122:/tmp/.ICE-unix/28375', 'GNOME_TERMINAL_SCREEN': '/org/gnome/Terminal/screen/d1815c0c_3a98_4119_8e51_c4952ecb9ec0', 'XDG_MENU_PREFIX': 'gnome-', 'GNOME_SETUP_DISPLAY': ':1', 'XDG_RUNTIME_DIR': '/run/user/481847517', 'DISPLAY': ':0', 'XDG_CURRENT_DESKTOP': 'ubuntu:GNOME', 'LANG': 'en_US.UTF-8', 'RMW_IMPLEMENTATION': 'rmw_fastrtps_cpp', 'XDG_SESSION_DESKTOP': 'ubuntu', 'GNOME_TERMINAL_SERVICE': ':1.132', 'XMODIFIERS': '@im=ibus', 'XAUTHORITY': '/run/user/481847517/.mutter-Xwaylandauth.BBP1O3', 'SSH_AUTH_SOCK': '/run/user/481847517/keyring/ssh', 'AMENT_PREFIX_PATH': '/home/cnutter/turtlebot4_ws/install/lab_bringup:/home/cnutter/turtlebot4_ws/install/lab5_pkg:/home/cnutter/turtlebot4_ws/install/final_bringup:/home/cnutter/turtlebot4_ws/install/lab3_pkg:/home/cnutter/turtlebot4_ws/install/lab2_pkg:/home/cnutter/turtlebot4_ws/install/lab1_pkg:/home/cnutter/turtlebot4_ws/install/final:/home/cnutter/turtlebot4_ws/install/custom_interfaces:/opt/ros/jazzy', 'ROS_DOMAIN_ID': '0', 'KRB5CCNAME': 'FILE:/tmp/krb5cc_481847517_OSmN3a', 'SHELL': '/bin/zsh', 'ROS_DISCOVERY_SERVER': '10.5.113.101:11811', 'QT_ACCESSIBILITY': '1', 'GDMSESSION': 'ubuntu', 'QT_IM_MODULE': 'ibus', 'ROS_AUTOMATIC_DISCOVERY_RANGE': 'SUBNET', 'PWD': '/home/cnutter/turtlebot4_ws/build/custom_interfaces', 'XDG_DATA_DIRS': '/usr/local/share/:/usr/share/:/var/lib/snapd/desktop', 'VIRTUAL_ENV_DISABLE_PROMPT': '12', 'PYTHONPATH': '/home/cnutter/turtlebot4_ws/install/lab5_pkg/lib/python3.12/site-packages:/home/cnutter/turtlebot4_ws/install/lab3_pkg/lib/python3.12/site-packages:/home/cnutter/turtlebot4_ws/install/lab2_pkg/lib/python3.12/site-packages:/home/cnutter/turtlebot4_ws/install/lab1_pkg/lib/python3.12/site-packages:/home/cnutter/turtlebot4_ws/install/final/lib/python3.12/site-packages:/home/cnutter/turtlebot4_ws/install/custom_interfaces/lib/python3.12/site-packages:/opt/ros/jazzy/lib/python3.12/site-packages', 'COLCON': '1', 'VTE_VERSION': '7600', 'MEMORY_PRESSURE_WRITE': 'c29tZSAyMDAwMDAgMjAwMDAwMAA=', 'CMAKE_PREFIX_PATH': '/home/cnutter/turtlebot4_ws/install/lab_bringup:/home/cnutter/turtlebot4_ws/install/final_bringup:/home/cnutter/turtlebot4_ws/install/custom_interfaces:/opt/ros/jazzy/opt/gz_sim_vendor:/opt/ros/jazzy/opt/gz_sensors_vendor:/opt/ros/jazzy/opt/gz_physics_vendor:/opt/ros/jazzy/opt/sdformat_vendor:/opt/ros/jazzy/opt/gz_gui_vendor:/opt/ros/jazzy/opt/gz_transport_vendor:/opt/ros/jazzy/opt/gz_rendering_vendor:/opt/ros/jazzy/opt/gz_plugin_vendor:/opt/ros/jazzy/opt/gz_fuel_tools_vendor:/opt/ros/jazzy/opt/gz_msgs_vendor:/opt/ros/jazzy/opt/gz_common_vendor:/opt/ros/jazzy/opt/gz_math_vendor:/opt/ros/jazzy/opt/gz_utils_vendor:/opt/ros/jazzy/opt/gz_tools_vendor:/opt/ros/jazzy/opt/gz_ogre_next_vendor:/opt/ros/jazzy/opt/gz_dartsim_vendor:/opt/ros/jazzy/opt/gz_cmake_vendor:/home/cnutter/turtlebot4_ws/install/lab5_pkg:/home/cnutter/turtlebot4_ws/install/lab3_pkg:/home/cnutter/turtlebot4_ws/install/lab2_pkg:/home/cnutter/turtlebot4_ws/install/lab1_pkg:/home/cnutter/turtlebot4_ws/install/final:/opt/ros/jazzy'}), 'shell': False}
[0.099530] (-) TimerEvent: {}
[0.199793] (-) TimerEvent: {}
[0.300030] (-) TimerEvent: {}
[0.400223] (-) TimerEvent: {}
[0.500445] (-) TimerEvent: {}
[0.523594] (custom_interfaces) StdoutLine: {'line': b'[  3%] Built target custom_interfaces__rosidl_generator_type_description\n'}
[0.524386] (custom_interfaces) StdoutLine: {'line': b'[  3%] Built target custom_interfaces__rs\n'}
[0.524476] (custom_interfaces) StdoutLine: {'line': b'[  3%] Built target ament_cmake_python_copy_custom_interfaces\n'}
[0.524556] (custom_interfaces) StdoutLine: {'line': b'[  5%] Built target custom_interfaces__cpp\n'}
[0.524642] (custom_interfaces) StdoutLine: {'line': b'[ 25%] Built target custom_interfaces__rosidl_generator_c\n'}
[0.524759] (custom_interfaces) StdoutLine: {'line': b'[ 34%] Built target custom_interfaces__rosidl_typesupport_c\n'}
[0.524871] (custom_interfaces) StdoutLine: {'line': b'[ 47%] Built target custom_interfaces__rosidl_typesupport_fastrtps_c\n'}
[0.524988] (custom_interfaces) StdoutLine: {'line': b'[ 52%] Built target custom_interfaces__rosidl_typesupport_introspection_c\n'}
[0.525072] (custom_interfaces) StdoutLine: {'line': b'[ 61%] Built target custom_interfaces__rosidl_typesupport_fastrtps_cpp\n'}
[0.525145] (custom_interfaces) StdoutLine: {'line': b'[ 70%] Built target custom_interfaces__rosidl_typesupport_cpp\n'}
[0.525247] (custom_interfaces) StdoutLine: {'line': b'[ 80%] Built target custom_interfaces__rosidl_typesupport_introspection_cpp\n'}
[0.525361] (custom_interfaces) StdoutLine: {'line': b'[ 80%] Built target custom_interfaces\n'}
[0.525455] (custom_interfaces) StdoutLine: {'line': b'[ 81%] Built target custom_interfaces__py\n'}
[0.525533] (custom_interfaces) StdoutLine: {'line': b'[ 89%] Built target custom_interfaces__rosidl_generator_py\n'}
[0.525602] (custom_interfaces) StdoutLine: {'line': b'[100%] Built target custom_interfaces_s__rosidl_typesupport_introspection_c\n'}
[0.525688] (custom_interfaces) StdoutLine: {'line': b'[100%] Built target custom_interfaces_s__rosidl_typesupport_c\n'}
[0.525798] (custom_interfaces) StdoutLine: {'line': b'[100%] Built target custom_interfaces_s__rosidl_typesupport_fastrtps_c\n'}
[0.525905] (custom_interfaces) StdoutLine: {'line': b'running egg_info\n'}
[0.525983] (custom_interfaces) StdoutLine: {'line': b'writing custom_interfaces.egg-info/PKG-INFO\n'}
[0.526049] (custom_interfaces) StdoutLine: {'line': b'writing dependency_links to custom_interfaces.egg-info/dependency_links.txt\n'}
[0.526123] (custom_interfaces) StdoutLine: {'line': b'writing top-level names to custom_interfaces.egg-info/top_level.txt\n'}
[0.526193] (custom_interfaces) StdoutLine: {'line': b"reading manifest file 'custom_interfaces.egg-info/SOURCES.txt'\n"}
[0.526261] (custom_interfaces) StdoutLine: {'line': b"writing manifest file 'custom_interfaces.egg-info/SOURCES.txt'\n"}
[0.526397] (custom_interfaces) StdoutLine: {'line': b'[100%] Built target ament_cmake_python_build_custom_interfaces_egg\n'}
[0.600522] (-) TimerEvent: {}
[0.700707] (-) TimerEvent: {}
[0.735124] (custom_interfaces) CommandEnded: {'returncode': 0}
[0.735658] (custom_interfaces) JobProgress: {'identifier': 'custom_interfaces', 'progress': 'install'}
[0.743849] (custom_interfaces) Command: {'cmd': ['/usr/bin/cmake', '--install', '/home/cnutter/turtlebot4_ws/build/custom_interfaces'], 'cwd': '/home/cnutter/turtlebot4_ws/build/custom_interfaces', 'env': OrderedDict({'USER': 'cnutter@plu.edu', 'GZ_SIM_RESOURCE_PATH': '/opt/ros/jazzy/share', 'GZ_CONFIG_PATH': '/opt/ros/jazzy/opt/gz_sim_vendor/share/gz:/opt/ros/jazzy/opt/sdformat_vendor/share/gz:/opt/ros/jazzy/opt/gz_gui_vendor/share/gz:/opt/ros/jazzy/opt/gz_transport_vendor/share/gz:/opt/ros/jazzy/opt/gz_rendering_vendor/share/gz:/opt/ros/jazzy/opt/gz_plugin_vendor/share/gz:/opt/ros/jazzy/opt/gz_fuel_tools_vendor/share/gz:/opt/ros/jazzy/opt/gz_msgs_vendor/share/gz:/opt/ros/jazzy/opt/gz_common_vendor/share/gz', 'XDG_SESSION_TYPE': 'wayland', 'CLUTTER_DISABLE_MIPMAPPED_TEXT': '1', 'SHLVL': '1', 'LD_LIBRARY_PATH': '/home/cnutter/turtlebot4_ws/install/custom_interfaces/lib:/opt/ros/jazzy/opt/gz_sim_vendor/lib:/opt/ros/jazzy/opt/gz_sensors_vendor/lib:/opt/ros/jazzy/opt/gz_physics_vendor/lib:/opt/ros/jazzy/opt/sdformat_vendor/lib:/opt/ros/jazzy/opt/rviz_ogre_vendor/lib:/opt/ros/jazzy/lib/x86_64-linux-gnu:/opt/ros/jazzy/opt/gz_gui_vendor/lib:/opt/ros/jazzy/opt/gz_transport_vendor/lib:/opt/ros/jazzy/opt/gz_rendering_vendor/lib:/opt/ros/jazzy/opt/gz_plugin_vendor/lib:/opt/ros/jazzy/opt/gz_fuel_tools_vendor/lib:/opt/ros/jazzy/opt/gz_msgs_vendor/lib:/opt/ros/jazzy/opt/gz_common_vendor/lib:/opt/ros/jazzy/opt/gz_math_vendor/lib:/opt/ros/jazzy/opt/gz_utils_vendor/lib:/opt/ros/jazzy/opt/gz_tools_vendor/lib:/opt/ros/jazzy/opt/gz_ogre_next_vendor/lib:/opt/ros/jazzy/opt/gz_dartsim_vendor/lib:/opt/ros/jazzy/opt/gz_cmake_vendor/lib:/opt/ros/jazzy/lib', 'OLDPWD': '/home/cnutter', 'HOME': '/home/cnutter', 'DESKTOP_SESSION': 'ubuntu', 'GTK_MODULES': 'gail:atk-bridge', 'GNOME_SHELL_SESSION_MODE': 'ubuntu', 'ROS_PYTHON_VERSION': '3', 'SYSTEMD_EXEC_PID': '28407', 'DBUS_SESSION_BUS_ADDRESS': 'unix:path=/run/user/481847517/bus', 'GSM_SKIP_SSH_AGENT_WORKAROUND': 'true', 'COLORTERM': 'truecolor', 'CONDA_CHANGEPS1': 'no', 'WAYLAND_DISPLAY': 'wayland-0', 'ROS_DISTRO': 'jazzy', 'COLCON_PREFIX_PATH': '/home/cnutter/turtlebot4_ws/install', 'LOGNAME': 'cnutter@plu.edu', '_': '/usr/bin/colcon', 'MEMORY_PRESSURE_WATCH': '/sys/fs/cgroup/user.slice/user-481847517.slice/user@481847517.service/session.slice/org.gnome.Shell@wayland.service/memory.pressure', 'XDG_SESSION_CLASS': 'user', 'ROS_VERSION': '2', 'USERNAME': 'cnutter@plu.edu', 'TERM': 'xterm-256color', 'PROMPT_EOL_MARK': '', 'ROS_SUPER_CLIENT': 'True', 'GNOME_DESKTOP_SESSION_ID': 'this-is-deprecated', 'PATH': '/opt/ros/jazzy/opt/gz_msgs_vendor/bin:/opt/ros/jazzy/opt/gz_tools_vendor/bin:/opt/ros/jazzy/opt/gz_ogre_next_vendor/bin:/opt/ros/jazzy/bin:/usr/local/sbin:/usr/local/bin:/usr/sbin:/usr/bin:/sbin:/bin:/usr/games:/usr/local/games:/snap/bin:/snap/bin', 'SESSION_MANAGER': 'local/csci20122:@/tmp/.ICE-unix/28375,unix/csci20122:/tmp/.ICE-unix/28375', 'GNOME_TERMINAL_SCREEN': '/org/gnome/Terminal/screen/d1815c0c_3a98_4119_8e51_c4952ecb9ec0', 'XDG_MENU_PREFIX': 'gnome-', 'GNOME_SETUP_DISPLAY': ':1', 'XDG_RUNTIME_DIR': '/run/user/481847517', 'DISPLAY': ':0', 'XDG_CURRENT_DESKTOP': 'ubuntu:GNOME', 'LANG': 'en_US.UTF-8', 'RMW_IMPLEMENTATION': 'rmw_fastrtps_cpp', 'XDG_SESSION_DESKTOP': 'ubuntu', 'GNOME_TERMINAL_SERVICE': ':1.132', 'XMODIFIERS': '@im=ibus', 'XAUTHORITY': '/run/user/481847517/.mutter-Xwaylandauth.BBP1O3', 'SSH_AUTH_SOCK': '/run/user/481847517/keyring/ssh', 'AMENT_PREFIX_PATH': '/home/cnutter/turtlebot4_ws/install/lab_bringup:/home/cnutter/turtlebot4_ws/install/lab5_pkg:/home/cnutter/turtlebot4_ws/install/final_bringup:/home/cnutter/turtlebot4_ws/install/lab3_pkg:/home/cnutter/turtlebot4_ws/install/lab2_pkg:/home/cnutter/turtlebot4_ws/install/lab1_pkg:/home/cnutter/turtlebot4_ws/install/final:/home/cnutter/turtlebot4_ws/install/custom_interfaces:/opt/ros/jazzy', 'ROS_DOMAIN_ID': '0', 'KRB5CCNAME': 'FILE:/tmp/krb5cc_481847517_OSmN3a', 'SHELL': '/bin/zsh', 'ROS_DISCOVERY_SERVER': '10.5.113.101:11811', 'QT_ACCESSIBILITY': '1', 'GDMSESSION': 'ubuntu', 'QT_IM_MODULE': 'ibus', 'ROS_AUTOMATIC_DISCOVERY_RANGE': 'SUBNET', 'PWD': '/home/cnutter/turtlebot4_ws/build/custom_interfaces', 'XDG_DATA_DIRS': '/usr/local/share/:/usr/share/:/var/lib/snapd/desktop', 'VIRTUAL_ENV_DISABLE_PROMPT': '12', 'PYTHONPATH': '/home/cnutter/turtlebot4_ws/install/lab5_pkg/lib/python3.12/site-packages:/home/cnutter/turtlebot4_ws/install/lab3_pkg/lib/python3.12/site-packages:/home/cnutter/turtlebot4_ws/install/lab2_pkg/lib/python3.12/site-packages:/home/cnutter/turtlebot4_ws/install/lab1_pkg/lib/python3.12/site-packages:/home/cnutter/turtlebot4_ws/install/final/lib/python3.12/site-packages:/home/cnutter/turtlebot4_ws/install/custom_interfaces/lib/python3.12/site-packages:/opt/ros/jazzy/lib/python3.12/site-packages', 'COLCON': '1', 'VTE_VERSION': '7600', 'MEMORY_PRESSURE_WRITE': 'c29tZSAyMDAwMDAgMjAwMDAwMAA=', 'CMAKE_PREFIX_PATH': '/home/cnutter/turtlebot4_ws/install/lab_bringup:/home/cnutter/turtlebot4_ws/install/final_bringup:/home/cnutter/turtlebot4_ws/install/custom_interfaces:/opt/ros/jazzy/opt/gz_sim_vendor:/opt/ros/jazzy/opt/gz_sensors_vendor:/opt/ros/jazzy/opt/gz_physics_vendor:/opt/ros/jazzy/opt/sdformat_vendor:/opt/ros/jazzy/opt/gz_gui_vendor:/opt/ros/jazzy/opt/gz_transport_vendor:/opt/ros/jazzy/opt/gz_rendering_vendor:/opt/ros/jazzy/opt/gz_plugin_vendor:/opt/ros/jazzy/opt/gz_fuel_tools_vendor:/opt/ros/jazzy/opt/gz_msgs_vendor:/opt/ros/jazzy/opt/gz_common_vendor:/opt/ros/jazzy/opt/gz_math_vendor:/opt/ros/jazzy/opt/gz_utils_vendor:/opt/ros/jazzy/opt/gz_tools_vendor:/opt/ros/jazzy/opt/gz_ogre_next_vendor:/opt/ros/jazzy/opt/gz_dartsim_vendor:/opt/ros/jazzy/opt/gz_cmake_vendor:/home/cnutter/turtlebot4_ws/install/lab5_pkg:/home/cnutter/turtlebot4_ws/install/lab3_pkg:/home/cnutter/turtlebot4_ws/install/lab2_pkg:/home/cnutter/turtlebot4_ws/install/lab1_pkg:/home/cnutter/turtlebot4_ws/install/final:/opt/ros/jazzy'}), 'shell': False}
[0.752007] (custom_interfaces) StdoutLine: {'line': b'-- Install configuration: ""\n'}
[0.752208] (custom_interfaces) StdoutLine: {'line': b'-- Up-to-date: /home/cnutter/turtlebot4_ws/install/custom_interfaces/share/ament_index/resource_index/rosidl_interfaces/custom_interfaces\n'}
[0.752393] (custom_interfaces) StdoutLine: {'line': b'-- Up-to-date: /home/cnutter/turtlebot4_ws/install/custom_interfaces/share/custom_interfaces/msg/ObsList.json\n'}
[0.752532] (custom_interfaces) StdoutLine: {'line': b'-- Up-to-date: /home/cnutter/turtlebot4_ws/install/custom_interfaces/share/custom_interfaces/srv/SetCap.json\n'}
[0.752698] (custom_interfaces) StdoutLine: {'line': b'-- Up-to-date: /home/cnutter/turtlebot4_ws/install/custom_interfaces/share/custom_interfaces/action/RobotGoal.json\n'}
[0.752794] (custom_interfaces) StdoutLine: {'line': b'-- Up-to-date: /home/cnutter/turtlebot4_ws/install/custom_interfaces/include/custom_interfaces/custom_interfaces\n'}
[0.752900] (custom_interfaces) StdoutLine: {'line': b'-- Up-to-date: /home/cnutter/turtlebot4_ws/install/custom_interfaces/include/custom_interfaces/custom_interfaces/srv\n'}
[0.752971] (custom_interfaces) StdoutLine: {'line': b'-- Up-to-date: /home/cnutter/turtlebot4_ws/install/custom_interfaces/include/custom_interfaces/custom_interfaces/srv/detail\n'}
[0.753047] (custom_interfaces) StdoutLine: {'line': b'-- Up-to-date: /home/cnutter/turtlebot4_ws/install/custom_interfaces/include/custom_interfaces/custom_interfaces/srv/detail/set_cap__type_support.h\n'}
[0.753116] (custom_interfaces) StdoutLine: {'line': b'-- Up-to-date: /home/cnutter/turtlebot4_ws/install/custom_interfaces/include/custom_interfaces/custom_interfaces/srv/detail/set_cap__description.c\n'}
[0.753201] (custom_interfaces) StdoutLine: {'line': b'-- Up-to-date: /home/cnutter/turtlebot4_ws/install/custom_interfaces/include/custom_interfaces/custom_interfaces/srv/detail/set_cap__type_support.c\n'}
[0.753407] (custom_interfaces) StdoutLine: {'line': b'-- Up-to-date: /home/cnutter/turtlebot4_ws/install/custom_interfaces/include/custom_interfaces/custom_interfaces/srv/detail/set_cap__functions.c\n'}
[0.753501] (custom_interfaces) StdoutLine: {'line': b'-- Up-to-date: /home/cnutter/turtlebot4_ws/install/custom_interfaces/include/custom_interfaces/custom_interfaces/srv/detail/set_cap__functions.h\n'}
[0.753593] (custom_interfaces) StdoutLine: {'line': b'-- Up-to-date: /home/cnutter/turtlebot4_ws/install/custom_interfaces/include/custom_interfaces/custom_interfaces/srv/detail/set_cap__struct.h\n'}
[0.753679] (custom_interfaces) StdoutLine: {'line': b'-- Up-to-date: /home/cnutter/turtlebot4_ws/install/custom_interfaces/include/custom_interfaces/custom_interfaces/srv/set_cap.h\n'}
[0.753820] (custom_interfaces) StdoutLine: {'line': b'-- Up-to-date: /home/cnutter/turtlebot4_ws/install/custom_interfaces/include/custom_interfaces/custom_interfaces/action\n'}
[0.753999] (custom_interfaces) StdoutLine: {'line': b'-- Up-to-date: /home/cnutter/turtlebot4_ws/install/custom_interfaces/include/custom_interfaces/custom_interfaces/action/detail\n'}
[0.754074] (custom_interfaces) StdoutLine: {'line': b'-- Up-to-date: /home/cnutter/turtlebot4_ws/install/custom_interfaces/include/custom_interfaces/custom_interfaces/action/detail/robot_goal__struct.h\n'}
[0.754169] (custom_interfaces) StdoutLine: {'line': b'-- Up-to-date: /home/cnutter/turtlebot4_ws/install/custom_interfaces/include/custom_interfaces/custom_interfaces/action/detail/robot_goal__functions.c\n'}
[0.754250] (custom_interfaces) StdoutLine: {'line': b'-- Up-to-date: /home/cnutter/turtlebot4_ws/install/custom_interfaces/include/custom_interfaces/custom_interfaces/action/detail/robot_goal__description.c\n'}
[0.754395] (custom_interfaces) StdoutLine: {'line': b'-- Up-to-date: /home/cnutter/turtlebot4_ws/install/custom_interfaces/include/custom_interfaces/custom_interfaces/action/detail/robot_goal__functions.h\n'}
[0.754543] (custom_interfaces) StdoutLine: {'line': b'-- Up-to-date: /home/cnutter/turtlebot4_ws/install/custom_interfaces/include/custom_interfaces/custom_interfaces/action/detail/robot_goal__type_support.h\n'}
[0.754951] (custom_interfaces) StdoutLine: {'line': b'-- Up-to-date: /home/cnutter/turtlebot4_ws/install/custom_interfaces/include/custom_interfaces/custom_interfaces/action/detail/robot_goal__type_support.c\n'}
[0.755136] (custom_interfaces) StdoutLine: {'line': b'-- Up-to-date: /home/cnutter/turtlebot4_ws/install/custom_interfaces/include/custom_interfaces/custom_interfaces/action/robot_goal.h\n'}
[0.755270] (custom_interfaces) StdoutLine: {'line': b'-- Up-to-date: /home/cnutter/turtlebot4_ws/install/custom_interfaces/include/custom_interfaces/custom_interfaces/msg\n'}
[0.755387] (custom_interfaces) StdoutLine: {'line': b'-- Up-to-date: /home/cnutter/turtlebot4_ws/install/custom_interfaces/include/custom_interfaces/custom_interfaces/msg/obs_list.h\n'}
[0.755493] (custom_interfaces) StdoutLine: {'line': b'-- Up-to-date: /home/cnutter/turtlebot4_ws/install/custom_interfaces/include/custom_interfaces/custom_interfaces/msg/rosidl_generator_c__visibility_control.h\n'}
[0.755656] (custom_interfaces) StdoutLine: {'line': b'-- Up-to-date: /home/cnutter/turtlebot4_ws/install/custom_interfaces/include/custom_interfaces/custom_interfaces/msg/detail\n'}
[0.755808] (custom_interfaces) StdoutLine: {'line': b'-- Up-to-date: /home/cnutter/turtlebot4_ws/install/custom_interfaces/include/custom_interfaces/custom_interfaces/msg/detail/obs_list__functions.h\n'}
[0.755931] (custom_interfaces) StdoutLine: {'line': b'-- Up-to-date: /home/cnutter/turtlebot4_ws/install/custom_interfaces/include/custom_interfaces/custom_interfaces/msg/detail/obs_list__functions.c\n'}
[0.756030] (custom_interfaces) StdoutLine: {'line': b'-- Up-to-date: /home/cnutter/turtlebot4_ws/install/custom_interfaces/include/custom_interfaces/custom_interfaces/msg/detail/obs_list__type_support.c\n'}
[0.756125] (custom_interfaces) StdoutLine: {'line': b'-- Up-to-date: /home/cnutter/turtlebot4_ws/install/custom_interfaces/include/custom_interfaces/custom_interfaces/msg/detail/obs_list__type_support.h\n'}
[0.756248] (custom_interfaces) StdoutLine: {'line': b'-- Up-to-date: /home/cnutter/turtlebot4_ws/install/custom_interfaces/include/custom_interfaces/custom_interfaces/msg/detail/obs_list__struct.h\n'}
[0.756400] (custom_interfaces) StdoutLine: {'line': b'-- Up-to-date: /home/cnutter/turtlebot4_ws/install/custom_interfaces/include/custom_interfaces/custom_interfaces/msg/detail/obs_list__description.c\n'}
[0.756519] (custom_interfaces) StdoutLine: {'line': b'-- Up-to-date: /home/cnutter/turtlebot4_ws/install/custom_interfaces/share/custom_interfaces/environment/library_path.sh\n'}
[0.756638] (custom_interfaces) StdoutLine: {'line': b'-- Up-to-date: /home/cnutter/turtlebot4_ws/install/custom_interfaces/share/custom_interfaces/environment/library_path.dsv\n'}
[0.756772] (custom_interfaces) StdoutLine: {'line': b'-- Up-to-date: /home/cnutter/turtlebot4_ws/install/custom_interfaces/lib/libcustom_interfaces__rosidl_generator_c.so\n'}
[0.756897] (custom_interfaces) StdoutLine: {'line': b'-- Up-to-date: /home/cnutter/turtlebot4_ws/install/custom_interfaces/include/custom_interfaces/custom_interfaces\n'}
[0.757009] (custom_interfaces) StdoutLine: {'line': b'-- Up-to-date: /home/cnutter/turtlebot4_ws/install/custom_interfaces/include/custom_interfaces/custom_interfaces/srv\n'}
[0.757124] (custom_interfaces) StdoutLine: {'line': b'-- Up-to-date: /home/cnutter/turtlebot4_ws/install/custom_interfaces/include/custom_interfaces/custom_interfaces/srv/detail\n'}
[0.757259] (custom_interfaces) StdoutLine: {'line': b'-- Up-to-date: /home/cnutter/turtlebot4_ws/install/custom_interfaces/include/custom_interfaces/custom_interfaces/srv/detail/set_cap__rosidl_typesupport_fastrtps_c.h\n'}
[0.757384] (custom_interfaces) StdoutLine: {'line': b'-- Up-to-date: /home/cnutter/turtlebot4_ws/install/custom_interfaces/include/custom_interfaces/custom_interfaces/action\n'}
[0.757526] (custom_interfaces) StdoutLine: {'line': b'-- Up-to-date: /home/cnutter/turtlebot4_ws/install/custom_interfaces/include/custom_interfaces/custom_interfaces/action/detail\n'}
[0.757760] (custom_interfaces) StdoutLine: {'line': b'-- Up-to-date: /home/cnutter/turtlebot4_ws/install/custom_interfaces/include/custom_interfaces/custom_interfaces/action/detail/robot_goal__rosidl_typesupport_fastrtps_c.h\n'}
[0.757938] (custom_interfaces) StdoutLine: {'line': b'-- Up-to-date: /home/cnutter/turtlebot4_ws/install/custom_interfaces/include/custom_interfaces/custom_interfaces/msg\n'}
[0.758054] (custom_interfaces) StdoutLine: {'line': b'-- Up-to-date: /home/cnutter/turtlebot4_ws/install/custom_interfaces/include/custom_interfaces/custom_interfaces/msg/rosidl_typesupport_fastrtps_c__visibility_control.h\n'}
[0.758175] (custom_interfaces) StdoutLine: {'line': b'-- Up-to-date: /home/cnutter/turtlebot4_ws/install/custom_interfaces/include/custom_interfaces/custom_interfaces/msg/detail\n'}
[0.758292] (custom_interfaces) StdoutLine: {'line': b'-- Up-to-date: /home/cnutter/turtlebot4_ws/install/custom_interfaces/include/custom_interfaces/custom_interfaces/msg/detail/obs_list__rosidl_typesupport_fastrtps_c.h\n'}
[0.758412] (custom_interfaces) StdoutLine: {'line': b'-- Up-to-date: /home/cnutter/turtlebot4_ws/install/custom_interfaces/lib/libcustom_interfaces__rosidl_typesupport_fastrtps_c.so\n'}
[0.758531] (custom_interfaces) StdoutLine: {'line': b'-- Up-to-date: /home/cnutter/turtlebot4_ws/install/custom_interfaces/include/custom_interfaces/custom_interfaces\n'}
[0.758659] (custom_interfaces) StdoutLine: {'line': b'-- Up-to-date: /home/cnutter/turtlebot4_ws/install/custom_interfaces/include/custom_interfaces/custom_interfaces/srv\n'}
[0.758793] (custom_interfaces) StdoutLine: {'line': b'-- Up-to-date: /home/cnutter/turtlebot4_ws/install/custom_interfaces/include/custom_interfaces/custom_interfaces/srv/detail\n'}
[0.758908] (custom_interfaces) StdoutLine: {'line': b'-- Up-to-date: /home/cnutter/turtlebot4_ws/install/custom_interfaces/include/custom_interfaces/custom_interfaces/srv/detail/set_cap__type_support.c\n'}
[0.759025] (custom_interfaces) StdoutLine: {'line': b'-- Up-to-date: /home/cnutter/turtlebot4_ws/install/custom_interfaces/include/custom_interfaces/custom_interfaces/srv/detail/set_cap__rosidl_typesupport_introspection_c.h\n'}
[0.759146] (custom_interfaces) StdoutLine: {'line': b'-- Up-to-date: /home/cnutter/turtlebot4_ws/install/custom_interfaces/include/custom_interfaces/custom_interfaces/action\n'}
[0.759263] (custom_interfaces) StdoutLine: {'line': b'-- Up-to-date: /home/cnutter/turtlebot4_ws/install/custom_interfaces/include/custom_interfaces/custom_interfaces/action/detail\n'}
[0.759376] (custom_interfaces) StdoutLine: {'line': b'-- Up-to-date: /home/cnutter/turtlebot4_ws/install/custom_interfaces/include/custom_interfaces/custom_interfaces/action/detail/robot_goal__rosidl_typesupport_introspection_c.h\n'}
[0.759494] (custom_interfaces) StdoutLine: {'line': b'-- Up-to-date: /home/cnutter/turtlebot4_ws/install/custom_interfaces/include/custom_interfaces/custom_interfaces/action/detail/robot_goal__type_support.c\n'}
[0.759614] (custom_interfaces) StdoutLine: {'line': b'-- Up-to-date: /home/cnutter/turtlebot4_ws/install/custom_interfaces/include/custom_interfaces/custom_interfaces/msg\n'}
[0.759737] (custom_interfaces) StdoutLine: {'line': b'-- Up-to-date: /home/cnutter/turtlebot4_ws/install/custom_interfaces/include/custom_interfaces/custom_interfaces/msg/detail\n'}
[0.759857] (custom_interfaces) StdoutLine: {'line': b'-- Up-to-date: /home/cnutter/turtlebot4_ws/install/custom_interfaces/include/custom_interfaces/custom_interfaces/msg/detail/obs_list__rosidl_typesupport_introspection_c.h\n'}
[0.759978] (custom_interfaces) StdoutLine: {'line': b'-- Up-to-date: /home/cnutter/turtlebot4_ws/install/custom_interfaces/include/custom_interfaces/custom_interfaces/msg/detail/obs_list__type_support.c\n'}
[0.760096] (custom_interfaces) StdoutLine: {'line': b'-- Up-to-date: /home/cnutter/turtlebot4_ws/install/custom_interfaces/include/custom_interfaces/custom_interfaces/msg/rosidl_typesupport_introspection_c__visibility_control.h\n'}
[0.760216] (custom_interfaces) StdoutLine: {'line': b'-- Up-to-date: /home/cnutter/turtlebot4_ws/install/custom_interfaces/lib/libcustom_interfaces__rosidl_typesupport_introspection_c.so\n'}
[0.760330] (custom_interfaces) StdoutLine: {'line': b'-- Up-to-date: /home/cnutter/turtlebot4_ws/install/custom_interfaces/lib/libcustom_interfaces__rosidl_typesupport_c.so\n'}
[0.760443] (custom_interfaces) StdoutLine: {'line': b'-- Up-to-date: /home/cnutter/turtlebot4_ws/install/custom_interfaces/include/custom_interfaces/custom_interfaces\n'}
[0.760553] (custom_interfaces) StdoutLine: {'line': b'-- Up-to-date: /home/cnutter/turtlebot4_ws/install/custom_interfaces/include/custom_interfaces/custom_interfaces/srv\n'}
[0.760678] (custom_interfaces) StdoutLine: {'line': b'-- Up-to-date: /home/cnutter/turtlebot4_ws/install/custom_interfaces/include/custom_interfaces/custom_interfaces/srv/detail\n'}
[0.760798] (custom_interfaces) StdoutLine: {'line': b'-- Up-to-date: /home/cnutter/turtlebot4_ws/install/custom_interfaces/include/custom_interfaces/custom_interfaces/srv/detail/set_cap__traits.hpp\n'}
[0.760920] (custom_interfaces) StdoutLine: {'line': b'-- Up-to-date: /home/cnutter/turtlebot4_ws/install/custom_interfaces/include/custom_interfaces/custom_interfaces/srv/detail/set_cap__struct.hpp\n'}
[0.761040] (custom_interfaces) StdoutLine: {'line': b'-- Up-to-date: /home/cnutter/turtlebot4_ws/install/custom_interfaces/include/custom_interfaces/custom_interfaces/srv/detail/set_cap__builder.hpp\n'}
[0.761156] (custom_interfaces) StdoutLine: {'line': b'-- Up-to-date: /home/cnutter/turtlebot4_ws/install/custom_interfaces/include/custom_interfaces/custom_interfaces/srv/detail/set_cap__type_support.hpp\n'}
[0.761273] (custom_interfaces) StdoutLine: {'line': b'-- Up-to-date: /home/cnutter/turtlebot4_ws/install/custom_interfaces/include/custom_interfaces/custom_interfaces/srv/set_cap.hpp\n'}
[0.761389] (custom_interfaces) StdoutLine: {'line': b'-- Up-to-date: /home/cnutter/turtlebot4_ws/install/custom_interfaces/include/custom_interfaces/custom_interfaces/action\n'}
[0.761507] (custom_interfaces) StdoutLine: {'line': b'-- Up-to-date: /home/cnutter/turtlebot4_ws/install/custom_interfaces/include/custom_interfaces/custom_interfaces/action/detail\n'}
[0.761625] (custom_interfaces) StdoutLine: {'line': b'-- Up-to-date: /home/cnutter/turtlebot4_ws/install/custom_interfaces/include/custom_interfaces/custom_interfaces/action/detail/robot_goal__struct.hpp\n'}
[0.761750] (custom_interfaces) StdoutLine: {'line': b'-- Up-to-date: /home/cnutter/turtlebot4_ws/install/custom_interfaces/include/custom_interfaces/custom_interfaces/action/detail/robot_goal__type_support.hpp\n'}
[0.761872] (custom_interfaces) StdoutLine: {'line': b'-- Up-to-date: /home/cnutter/turtlebot4_ws/install/custom_interfaces/include/custom_interfaces/custom_interfaces/action/detail/robot_goal__traits.hpp\n'}
[0.761992] (custom_interfaces) StdoutLine: {'line': b'-- Up-to-date: /home/cnutter/turtlebot4_ws/install/custom_interfaces/include/custom_interfaces/custom_interfaces/action/detail/robot_goal__builder.hpp\n'}
[0.762113] (custom_interfaces) StdoutLine: {'line': b'-- Up-to-date: /home/cnutter/turtlebot4_ws/install/custom_interfaces/include/custom_interfaces/custom_interfaces/action/robot_goal.hpp\n'}
[0.762232] (custom_interfaces) StdoutLine: {'line': b'-- Up-to-date: /home/cnutter/turtlebot4_ws/install/custom_interfaces/include/custom_interfaces/custom_interfaces/msg\n'}
[0.762363] (custom_interfaces) StdoutLine: {'line': b'-- Up-to-date: /home/cnutter/turtlebot4_ws/install/custom_interfaces/include/custom_interfaces/custom_interfaces/msg/detail\n'}
[0.762469] (custom_interfaces) StdoutLine: {'line': b'-- Up-to-date: /home/cnutter/turtlebot4_ws/install/custom_interfaces/include/custom_interfaces/custom_interfaces/msg/detail/obs_list__builder.hpp\n'}
[0.762594] (custom_interfaces) StdoutLine: {'line': b'-- Up-to-date: /home/cnutter/turtlebot4_ws/install/custom_interfaces/include/custom_interfaces/custom_interfaces/msg/detail/obs_list__traits.hpp\n'}
[0.762729] (custom_interfaces) StdoutLine: {'line': b'-- Up-to-date: /home/cnutter/turtlebot4_ws/install/custom_interfaces/include/custom_interfaces/custom_interfaces/msg/detail/obs_list__struct.hpp\n'}
[0.762848] (custom_interfaces) StdoutLine: {'line': b'-- Up-to-date: /home/cnutter/turtlebot4_ws/install/custom_interfaces/include/custom_interfaces/custom_interfaces/msg/detail/obs_list__type_support.hpp\n'}
[0.762967] (custom_interfaces) StdoutLine: {'line': b'-- Up-to-date: /home/cnutter/turtlebot4_ws/install/custom_interfaces/include/custom_interfaces/custom_interfaces/msg/rosidl_generator_cpp__visibility_control.hpp\n'}
[0.763089] (custom_interfaces) StdoutLine: {'line': b'-- Up-to-date: /home/cnutter/turtlebot4_ws/install/custom_interfaces/include/custom_interfaces/custom_interfaces/msg/obs_list.hpp\n'}
[0.763209] (custom_interfaces) StdoutLine: {'line': b'-- Up-to-date: /home/cnutter/turtlebot4_ws/install/custom_interfaces/include/custom_interfaces/custom_interfaces\n'}
[0.763330] (custom_interfaces) StdoutLine: {'line': b'-- Up-to-date: /home/cnutter/turtlebot4_ws/install/custom_interfaces/include/custom_interfaces/custom_interfaces/srv\n'}
[0.763441] (custom_interfaces) StdoutLine: {'line': b'-- Up-to-date: /home/cnutter/turtlebot4_ws/install/custom_interfaces/include/custom_interfaces/custom_interfaces/srv/detail\n'}
[0.763553] (custom_interfaces) StdoutLine: {'line': b'-- Up-to-date: /home/cnutter/turtlebot4_ws/install/custom_interfaces/include/custom_interfaces/custom_interfaces/srv/detail/set_cap__rosidl_typesupport_fastrtps_cpp.hpp\n'}
[0.763676] (custom_interfaces) StdoutLine: {'line': b'-- Up-to-date: /home/cnutter/turtlebot4_ws/install/custom_interfaces/include/custom_interfaces/custom_interfaces/srv/detail/dds_fastrtps\n'}
[0.763800] (custom_interfaces) StdoutLine: {'line': b'-- Up-to-date: /home/cnutter/turtlebot4_ws/install/custom_interfaces/include/custom_interfaces/custom_interfaces/action\n'}
[0.763919] (custom_interfaces) StdoutLine: {'line': b'-- Up-to-date: /home/cnutter/turtlebot4_ws/install/custom_interfaces/include/custom_interfaces/custom_interfaces/action/detail\n'}
[0.764036] (custom_interfaces) StdoutLine: {'line': b'-- Up-to-date: /home/cnutter/turtlebot4_ws/install/custom_interfaces/include/custom_interfaces/custom_interfaces/action/detail/robot_goal__rosidl_typesupport_fastrtps_cpp.hpp\n'}
[0.764148] (custom_interfaces) StdoutLine: {'line': b'-- Up-to-date: /home/cnutter/turtlebot4_ws/install/custom_interfaces/include/custom_interfaces/custom_interfaces/action/detail/dds_fastrtps\n'}
[0.764266] (custom_interfaces) StdoutLine: {'line': b'-- Up-to-date: /home/cnutter/turtlebot4_ws/install/custom_interfaces/include/custom_interfaces/custom_interfaces/msg\n'}
[0.764384] (custom_interfaces) StdoutLine: {'line': b'-- Up-to-date: /home/cnutter/turtlebot4_ws/install/custom_interfaces/include/custom_interfaces/custom_interfaces/msg/rosidl_typesupport_fastrtps_cpp__visibility_control.h\n'}
[0.764504] (custom_interfaces) StdoutLine: {'line': b'-- Up-to-date: /home/cnutter/turtlebot4_ws/install/custom_interfaces/include/custom_interfaces/custom_interfaces/msg/detail\n'}
[0.764606] (custom_interfaces) StdoutLine: {'line': b'-- Up-to-date: /home/cnutter/turtlebot4_ws/install/custom_interfaces/include/custom_interfaces/custom_interfaces/msg/detail/obs_list__rosidl_typesupport_fastrtps_cpp.hpp\n'}
[0.764730] (custom_interfaces) StdoutLine: {'line': b'-- Up-to-date: /home/cnutter/turtlebot4_ws/install/custom_interfaces/include/custom_interfaces/custom_interfaces/msg/detail/dds_fastrtps\n'}
[0.764850] (custom_interfaces) StdoutLine: {'line': b'-- Up-to-date: /home/cnutter/turtlebot4_ws/install/custom_interfaces/lib/libcustom_interfaces__rosidl_typesupport_fastrtps_cpp.so\n'}
[0.764970] (custom_interfaces) StdoutLine: {'line': b'-- Up-to-date: /home/cnutter/turtlebot4_ws/install/custom_interfaces/include/custom_interfaces/custom_interfaces\n'}
[0.765092] (custom_interfaces) StdoutLine: {'line': b'-- Up-to-date: /home/cnutter/turtlebot4_ws/install/custom_interfaces/include/custom_interfaces/custom_interfaces/srv\n'}
[0.765211] (custom_interfaces) StdoutLine: {'line': b'-- Up-to-date: /home/cnutter/turtlebot4_ws/install/custom_interfaces/include/custom_interfaces/custom_interfaces/srv/detail\n'}
[0.765324] (custom_interfaces) StdoutLine: {'line': b'-- Up-to-date: /home/cnutter/turtlebot4_ws/install/custom_interfaces/include/custom_interfaces/custom_interfaces/srv/detail/set_cap__rosidl_typesupport_introspection_cpp.hpp\n'}
[0.765444] (custom_interfaces) StdoutLine: {'line': b'-- Up-to-date: /home/cnutter/turtlebot4_ws/install/custom_interfaces/include/custom_interfaces/custom_interfaces/srv/detail/set_cap__type_support.cpp\n'}
[0.765554] (custom_interfaces) StdoutLine: {'line': b'-- Up-to-date: /home/cnutter/turtlebot4_ws/install/custom_interfaces/include/custom_interfaces/custom_interfaces/action\n'}
[0.765674] (custom_interfaces) StdoutLine: {'line': b'-- Up-to-date: /home/cnutter/turtlebot4_ws/install/custom_interfaces/include/custom_interfaces/custom_interfaces/action/detail\n'}
[0.765812] (custom_interfaces) StdoutLine: {'line': b'-- Up-to-date: /home/cnutter/turtlebot4_ws/install/custom_interfaces/include/custom_interfaces/custom_interfaces/action/detail/robot_goal__rosidl_typesupport_introspection_cpp.hpp\n'}
[0.765936] (custom_interfaces) StdoutLine: {'line': b'-- Up-to-date: /home/cnutter/turtlebot4_ws/install/custom_interfaces/include/custom_interfaces/custom_interfaces/action/detail/robot_goal__type_support.cpp\n'}
[0.766057] (custom_interfaces) StdoutLine: {'line': b'-- Up-to-date: /home/cnutter/turtlebot4_ws/install/custom_interfaces/include/custom_interfaces/custom_interfaces/msg\n'}
[0.766159] (custom_interfaces) StdoutLine: {'line': b'-- Up-to-date: /home/cnutter/turtlebot4_ws/install/custom_interfaces/include/custom_interfaces/custom_interfaces/msg/detail\n'}
[0.766274] (custom_interfaces) StdoutLine: {'line': b'-- Up-to-date: /home/cnutter/turtlebot4_ws/install/custom_interfaces/include/custom_interfaces/custom_interfaces/msg/detail/obs_list__rosidl_typesupport_introspection_cpp.hpp\n'}
[0.766379] (custom_interfaces) StdoutLine: {'line': b'-- Up-to-date: /home/cnutter/turtlebot4_ws/install/custom_interfaces/include/custom_interfaces/custom_interfaces/msg/detail/obs_list__type_support.cpp\n'}
[0.766495] (custom_interfaces) StdoutLine: {'line': b'-- Up-to-date: /home/cnutter/turtlebot4_ws/install/custom_interfaces/lib/libcustom_interfaces__rosidl_typesupport_introspection_cpp.so\n'}
[0.766610] (custom_interfaces) StdoutLine: {'line': b'-- Up-to-date: /home/cnutter/turtlebot4_ws/install/custom_interfaces/lib/libcustom_interfaces__rosidl_typesupport_cpp.so\n'}
[0.766736] (custom_interfaces) StdoutLine: {'line': b'-- Up-to-date: /home/cnutter/turtlebot4_ws/install/custom_interfaces/share/custom_interfaces/environment/pythonpath.sh\n'}
[0.766854] (custom_interfaces) StdoutLine: {'line': b'-- Up-to-date: /home/cnutter/turtlebot4_ws/install/custom_interfaces/share/custom_interfaces/environment/pythonpath.dsv\n'}
[0.766958] (custom_interfaces) StdoutLine: {'line': b'-- Up-to-date: /home/cnutter/turtlebot4_ws/install/custom_interfaces/lib/python3.12/site-packages/custom_interfaces-0.0.0-py3.12.egg-info\n'}
[0.767079] (custom_interfaces) StdoutLine: {'line': b'-- Installing: /home/cnutter/turtlebot4_ws/install/custom_interfaces/lib/python3.12/site-packages/custom_interfaces-0.0.0-py3.12.egg-info/SOURCES.txt\n'}
[0.767201] (custom_interfaces) StdoutLine: {'line': b'-- Installing: /home/cnutter/turtlebot4_ws/install/custom_interfaces/lib/python3.12/site-packages/custom_interfaces-0.0.0-py3.12.egg-info/dependency_links.txt\n'}
[0.767320] (custom_interfaces) StdoutLine: {'line': b'-- Installing: /home/cnutter/turtlebot4_ws/install/custom_interfaces/lib/python3.12/site-packages/custom_interfaces-0.0.0-py3.12.egg-info/PKG-INFO\n'}
[0.767443] (custom_interfaces) StdoutLine: {'line': b'-- Installing: /home/cnutter/turtlebot4_ws/install/custom_interfaces/lib/python3.12/site-packages/custom_interfaces-0.0.0-py3.12.egg-info/top_level.txt\n'}
[0.767550] (custom_interfaces) StdoutLine: {'line': b'-- Up-to-date: /home/cnutter/turtlebot4_ws/install/custom_interfaces/lib/python3.12/site-packages/custom_interfaces\n'}
[0.767671] (custom_interfaces) StdoutLine: {'line': b'-- Up-to-date: /home/cnutter/turtlebot4_ws/install/custom_interfaces/lib/python3.12/site-packages/custom_interfaces/custom_interfaces_s__rosidl_typesupport_c.so\n'}
[0.767788] (custom_interfaces) StdoutLine: {'line': b'-- Up-to-date: /home/cnutter/turtlebot4_ws/install/custom_interfaces/lib/python3.12/site-packages/custom_interfaces/custom_interfaces_s__rosidl_typesupport_fastrtps_c.so\n'}
[0.767907] (custom_interfaces) StdoutLine: {'line': b'-- Up-to-date: /home/cnutter/turtlebot4_ws/install/custom_interfaces/lib/python3.12/site-packages/custom_interfaces/__init__.py\n'}
[0.768024] (custom_interfaces) StdoutLine: {'line': b'-- Up-to-date: /home/cnutter/turtlebot4_ws/install/custom_interfaces/lib/python3.12/site-packages/custom_interfaces/custom_interfaces_s__rosidl_typesupport_introspection_c.so\n'}
[0.768118] (custom_interfaces) StdoutLine: {'line': b'-- Up-to-date: /home/cnutter/turtlebot4_ws/install/custom_interfaces/lib/python3.12/site-packages/custom_interfaces/srv\n'}
[0.768237] (custom_interfaces) StdoutLine: {'line': b'-- Up-to-date: /home/cnutter/turtlebot4_ws/install/custom_interfaces/lib/python3.12/site-packages/custom_interfaces/srv/_set_cap.py\n'}
[0.768352] (custom_interfaces) StdoutLine: {'line': b'-- Up-to-date: /home/cnutter/turtlebot4_ws/install/custom_interfaces/lib/python3.12/site-packages/custom_interfaces/srv/__init__.py\n'}
[0.768471] (custom_interfaces) StdoutLine: {'line': b'-- Up-to-date: /home/cnutter/turtlebot4_ws/install/custom_interfaces/lib/python3.12/site-packages/custom_interfaces/srv/_set_cap_s.c\n'}
[0.768590] (custom_interfaces) StdoutLine: {'line': b'-- Up-to-date: /home/cnutter/turtlebot4_ws/install/custom_interfaces/lib/python3.12/site-packages/custom_interfaces/_custom_interfaces_s.ep.rosidl_typesupport_introspection_c.c\n'}
[0.768712] (custom_interfaces) StdoutLine: {'line': b'-- Up-to-date: /home/cnutter/turtlebot4_ws/install/custom_interfaces/lib/python3.12/site-packages/custom_interfaces/action\n'}
[0.768833] (custom_interfaces) StdoutLine: {'line': b'-- Up-to-date: /home/cnutter/turtlebot4_ws/install/custom_interfaces/lib/python3.12/site-packages/custom_interfaces/action/_robot_goal.py\n'}
[0.768953] (custom_interfaces) StdoutLine: {'line': b'-- Up-to-date: /home/cnutter/turtlebot4_ws/install/custom_interfaces/lib/python3.12/site-packages/custom_interfaces/action/__init__.py\n'}
[0.769076] (custom_interfaces) StdoutLine: {'line': b'-- Up-to-date: /home/cnutter/turtlebot4_ws/install/custom_interfaces/lib/python3.12/site-packages/custom_interfaces/action/_robot_goal_s.c\n'}
[0.769205] (custom_interfaces) StdoutLine: {'line': b'-- Up-to-date: /home/cnutter/turtlebot4_ws/install/custom_interfaces/lib/python3.12/site-packages/custom_interfaces/msg\n'}
[0.769321] (custom_interfaces) StdoutLine: {'line': b'-- Up-to-date: /home/cnutter/turtlebot4_ws/install/custom_interfaces/lib/python3.12/site-packages/custom_interfaces/msg/_obs_list.py\n'}
[0.769436] (custom_interfaces) StdoutLine: {'line': b'-- Up-to-date: /home/cnutter/turtlebot4_ws/install/custom_interfaces/lib/python3.12/site-packages/custom_interfaces/msg/__init__.py\n'}
[0.769556] (custom_interfaces) StdoutLine: {'line': b'-- Up-to-date: /home/cnutter/turtlebot4_ws/install/custom_interfaces/lib/python3.12/site-packages/custom_interfaces/msg/_obs_list_s.c\n'}
[0.769684] (custom_interfaces) StdoutLine: {'line': b'-- Up-to-date: /home/cnutter/turtlebot4_ws/install/custom_interfaces/lib/python3.12/site-packages/custom_interfaces/_custom_interfaces_s.ep.rosidl_typesupport_fastrtps_c.c\n'}
[0.769803] (custom_interfaces) StdoutLine: {'line': b'-- Up-to-date: /home/cnutter/turtlebot4_ws/install/custom_interfaces/lib/python3.12/site-packages/custom_interfaces/_custom_interfaces_s.ep.rosidl_typesupport_c.c\n'}
[0.790705] (custom_interfaces) StdoutLine: {'line': b"Listing '/home/cnutter/turtlebot4_ws/install/custom_interfaces/lib/python3.12/site-packages/custom_interfaces'...\n"}
[0.790910] (custom_interfaces) StdoutLine: {'line': b"Listing '/home/cnutter/turtlebot4_ws/install/custom_interfaces/lib/python3.12/site-packages/custom_interfaces/action'...\n"}
[0.791045] (custom_interfaces) StdoutLine: {'line': b"Listing '/home/cnutter/turtlebot4_ws/install/custom_interfaces/lib/python3.12/site-packages/custom_interfaces/msg'...\n"}
[0.791181] (custom_interfaces) StdoutLine: {'line': b"Listing '/home/cnutter/turtlebot4_ws/install/custom_interfaces/lib/python3.12/site-packages/custom_interfaces/srv'...\n"}
[0.794849] (custom_interfaces) StdoutLine: {'line': b'-- Up-to-date: /home/cnutter/turtlebot4_ws/install/custom_interfaces/lib/python3.12/site-packages/custom_interfaces/custom_interfaces_s__rosidl_typesupport_fastrtps_c.so\n'}
[0.795229] (custom_interfaces) StdoutLine: {'line': b'-- Up-to-date: /home/cnutter/turtlebot4_ws/install/custom_interfaces/lib/python3.12/site-packages/custom_interfaces/custom_interfaces_s__rosidl_typesupport_introspection_c.so\n'}
[0.795488] (custom_interfaces) StdoutLine: {'line': b'-- Up-to-date: /home/cnutter/turtlebot4_ws/install/custom_interfaces/lib/python3.12/site-packages/custom_interfaces/custom_interfaces_s__rosidl_typesupport_c.so\n'}
[0.795763] (custom_interfaces) StdoutLine: {'line': b'-- Up-to-date: /home/cnutter/turtlebot4_ws/install/custom_interfaces/lib/libcustom_interfaces__rosidl_generator_py.so\n'}
[0.795919] (custom_interfaces) StdoutLine: {'line': b'-- Up-to-date: /home/cnutter/turtlebot4_ws/install/custom_interfaces/share/ament_index/resource_index/rust_packages/custom_interfaces\n'}
[0.796044] (custom_interfaces) StdoutLine: {'line': b'-- Up-to-date: /home/cnutter/turtlebot4_ws/install/custom_interfaces/share/custom_interfaces/rust\n'}
[0.796203] (custom_interfaces) StdoutLine: {'line': b'-- Up-to-date: /home/cnutter/turtlebot4_ws/install/custom_interfaces/share/custom_interfaces/rust/src\n'}
[0.796367] (custom_interfaces) StdoutLine: {'line': b'-- Up-to-date: /home/cnutter/turtlebot4_ws/install/custom_interfaces/share/custom_interfaces/rust/src/srv.rs\n'}
[0.796517] (custom_interfaces) StdoutLine: {'line': b'-- Up-to-date: /home/cnutter/turtlebot4_ws/install/custom_interfaces/share/custom_interfaces/rust/src/srv\n'}
[0.796686] (custom_interfaces) StdoutLine: {'line': b'-- Up-to-date: /home/cnutter/turtlebot4_ws/install/custom_interfaces/share/custom_interfaces/rust/src/srv/rmw.rs\n'}
[0.796810] (custom_interfaces) StdoutLine: {'line': b'-- Up-to-date: /home/cnutter/turtlebot4_ws/install/custom_interfaces/share/custom_interfaces/rust/src/action.rs\n'}
[0.796929] (custom_interfaces) StdoutLine: {'line': b'-- Up-to-date: /home/cnutter/turtlebot4_ws/install/custom_interfaces/share/custom_interfaces/rust/src/action\n'}
[0.797058] (custom_interfaces) StdoutLine: {'line': b'-- Up-to-date: /home/cnutter/turtlebot4_ws/install/custom_interfaces/share/custom_interfaces/rust/src/action/rmw.rs\n'}
[0.797176] (custom_interfaces) StdoutLine: {'line': b'-- Up-to-date: /home/cnutter/turtlebot4_ws/install/custom_interfaces/share/custom_interfaces/rust/src/msg\n'}
[0.797335] (custom_interfaces) StdoutLine: {'line': b'-- Up-to-date: /home/cnutter/turtlebot4_ws/install/custom_interfaces/share/custom_interfaces/rust/src/msg/rmw.rs\n'}
[0.797481] (custom_interfaces) StdoutLine: {'line': b'-- Up-to-date: /home/cnutter/turtlebot4_ws/install/custom_interfaces/share/custom_interfaces/rust/src/lib.rs\n'}
[0.797614] (custom_interfaces) StdoutLine: {'line': b'-- Up-to-date: /home/cnutter/turtlebot4_ws/install/custom_interfaces/share/custom_interfaces/rust/src/msg.rs\n'}
[0.797752] (custom_interfaces) StdoutLine: {'line': b'-- Up-to-date: /home/cnutter/turtlebot4_ws/install/custom_interfaces/share/custom_interfaces/rust/build.rs\n'}
[0.797897] (custom_interfaces) StdoutLine: {'line': b'-- Up-to-date: /home/cnutter/turtlebot4_ws/install/custom_interfaces/share/custom_interfaces/rust/Cargo.toml\n'}
[0.798038] (custom_interfaces) StdoutLine: {'line': b'-- Up-to-date: /home/cnutter/turtlebot4_ws/install/custom_interfaces/share/custom_interfaces/msg/ObsList.idl\n'}
[0.798170] (custom_interfaces) StdoutLine: {'line': b'-- Up-to-date: /home/cnutter/turtlebot4_ws/install/custom_interfaces/share/custom_interfaces/srv/SetCap.idl\n'}
[0.798300] (custom_interfaces) StdoutLine: {'line': b'-- Up-to-date: /home/cnutter/turtlebot4_ws/install/custom_interfaces/share/custom_interfaces/action/RobotGoal.idl\n'}
[0.798444] (custom_interfaces) StdoutLine: {'line': b'-- Up-to-date: /home/cnutter/turtlebot4_ws/install/custom_interfaces/share/custom_interfaces/msg/ObsList.msg\n'}
[0.798594] (custom_interfaces) StdoutLine: {'line': b'-- Up-to-date: /home/cnutter/turtlebot4_ws/install/custom_interfaces/share/custom_interfaces/srv/SetCap.srv\n'}
[0.798733] (custom_interfaces) StdoutLine: {'line': b'-- Up-to-date: /home/cnutter/turtlebot4_ws/install/custom_interfaces/share/custom_interfaces/action/RobotGoal.action\n'}
[0.798901] (custom_interfaces) StdoutLine: {'line': b'-- Up-to-date: /home/cnutter/turtlebot4_ws/install/custom_interfaces/share/ament_index/resource_index/package_run_dependencies/custom_interfaces\n'}
[0.799049] (custom_interfaces) StdoutLine: {'line': b'-- Up-to-date: /home/cnutter/turtlebot4_ws/install/custom_interfaces/share/ament_index/resource_index/parent_prefix_path/custom_interfaces\n'}
[0.799191] (custom_interfaces) StdoutLine: {'line': b'-- Up-to-date: /home/cnutter/turtlebot4_ws/install/custom_interfaces/share/custom_interfaces/environment/ament_prefix_path.sh\n'}
[0.799309] (custom_interfaces) StdoutLine: {'line': b'-- Up-to-date: /home/cnutter/turtlebot4_ws/install/custom_interfaces/share/custom_interfaces/environment/ament_prefix_path.dsv\n'}
[0.799429] (custom_interfaces) StdoutLine: {'line': b'-- Up-to-date: /home/cnutter/turtlebot4_ws/install/custom_interfaces/share/custom_interfaces/environment/path.sh\n'}
[0.799547] (custom_interfaces) StdoutLine: {'line': b'-- Up-to-date: /home/cnutter/turtlebot4_ws/install/custom_interfaces/share/custom_interfaces/environment/path.dsv\n'}
[0.799679] (custom_interfaces) StdoutLine: {'line': b'-- Up-to-date: /home/cnutter/turtlebot4_ws/install/custom_interfaces/share/custom_interfaces/local_setup.bash\n'}
[0.799793] (custom_interfaces) StdoutLine: {'line': b'-- Up-to-date: /home/cnutter/turtlebot4_ws/install/custom_interfaces/share/custom_interfaces/local_setup.sh\n'}
[0.799911] (custom_interfaces) StdoutLine: {'line': b'-- Up-to-date: /home/cnutter/turtlebot4_ws/install/custom_interfaces/share/custom_interfaces/local_setup.zsh\n'}
[0.800030] (custom_interfaces) StdoutLine: {'line': b'-- Up-to-date: /home/cnutter/turtlebot4_ws/install/custom_interfaces/share/custom_interfaces/local_setup.dsv\n'}
[0.800148] (custom_interfaces) StdoutLine: {'line': b'-- Installing: /home/cnutter/turtlebot4_ws/install/custom_interfaces/share/custom_interfaces/package.dsv\n'}
[0.800268] (custom_interfaces) StdoutLine: {'line': b'-- Up-to-date: /home/cnutter/turtlebot4_ws/install/custom_interfaces/share/ament_index/resource_index/packages/custom_interfaces\n'}
[0.800456] (custom_interfaces) StdoutLine: {'line': b'-- Up-to-date: /home/cnutter/turtlebot4_ws/install/custom_interfaces/share/custom_interfaces/cmake/export_custom_interfaces__rosidl_generator_cExport.cmake\n'}
[0.800881] (-) TimerEvent: {}
[0.801257] (custom_interfaces) StdoutLine: {'line': b'-- Up-to-date: /home/cnutter/turtlebot4_ws/install/custom_interfaces/share/custom_interfaces/cmake/export_custom_interfaces__rosidl_generator_cExport-noconfig.cmake\n'}
[0.801455] (custom_interfaces) StdoutLine: {'line': b'-- Up-to-date: /home/cnutter/turtlebot4_ws/install/custom_interfaces/share/custom_interfaces/cmake/export_custom_interfaces__rosidl_typesupport_fastrtps_cExport.cmake\n'}
[0.801731] (custom_interfaces) StdoutLine: {'line': b'-- Up-to-date: /home/cnutter/turtlebot4_ws/install/custom_interfaces/share/custom_interfaces/cmake/export_custom_interfaces__rosidl_typesupport_fastrtps_cExport-noconfig.cmake\n'}
[0.802162] (custom_interfaces) StdoutLine: {'line': b'-- Up-to-date: /home/cnutter/turtlebot4_ws/install/custom_interfaces/share/custom_interfaces/cmake/custom_interfaces__rosidl_typesupport_introspection_cExport.cmake\n'}
[0.802387] (custom_interfaces) StdoutLine: {'line': b'-- Up-to-date: /home/cnutter/turtlebot4_ws/install/custom_interfaces/share/custom_interfaces/cmake/custom_interfaces__rosidl_typesupport_introspection_cExport-noconfig.cmake\n'}
[0.802538] (custom_interfaces) StdoutLine: {'line': b'-- Up-to-date: /home/cnutter/turtlebot4_ws/install/custom_interfaces/share/custom_interfaces/cmake/custom_interfaces__rosidl_typesupport_cExport.cmake\n'}
[0.802759] (custom_interfaces) StdoutLine: {'line': b'-- Up-to-date: /home/cnutter/turtlebot4_ws/install/custom_interfaces/share/custom_interfaces/cmake/custom_interfaces__rosidl_typesupport_cExport-noconfig.cmake\n'}
[0.803067] (custom_interfaces) StdoutLine: {'line': b'-- Up-to-date: /home/cnutter/turtlebot4_ws/install/custom_interfaces/share/custom_interfaces/cmake/export_custom_interfaces__rosidl_generator_cppExport.cmake\n'}
[0.803245] (custom_interfaces) StdoutLine: {'line': b'-- Up-to-date: /home/cnutter/turtlebot4_ws/install/custom_interfaces/share/custom_interfaces/cmake/export_custom_interfaces__rosidl_typesupport_fastrtps_cppExport.cmake\n'}
[0.803432] (custom_interfaces) StdoutLine: {'line': b'-- Up-to-date: /home/cnutter/turtlebot4_ws/install/custom_interfaces/share/custom_interfaces/cmake/export_custom_interfaces__rosidl_typesupport_fastrtps_cppExport-noconfig.cmake\n'}
[0.803604] (custom_interfaces) StdoutLine: {'line': b'-- Up-to-date: /home/cnutter/turtlebot4_ws/install/custom_interfaces/share/custom_interfaces/cmake/custom_interfaces__rosidl_typesupport_introspection_cppExport.cmake\n'}
[0.803874] (custom_interfaces) StdoutLine: {'line': b'-- Up-to-date: /home/cnutter/turtlebot4_ws/install/custom_interfaces/share/custom_interfaces/cmake/custom_interfaces__rosidl_typesupport_introspection_cppExport-noconfig.cmake\n'}
[0.804086] (custom_interfaces) StdoutLine: {'line': b'-- Up-to-date: /home/cnutter/turtlebot4_ws/install/custom_interfaces/share/custom_interfaces/cmake/custom_interfaces__rosidl_typesupport_cppExport.cmake\n'}
[0.804263] (custom_interfaces) StdoutLine: {'line': b'-- Up-to-date: /home/cnutter/turtlebot4_ws/install/custom_interfaces/share/custom_interfaces/cmake/custom_interfaces__rosidl_typesupport_cppExport-noconfig.cmake\n'}
[0.804622] (custom_interfaces) StdoutLine: {'line': b'-- Up-to-date: /home/cnutter/turtlebot4_ws/install/custom_interfaces/share/custom_interfaces/cmake/export_custom_interfaces__rosidl_generator_pyExport.cmake\n'}
[0.804777] (custom_interfaces) StdoutLine: {'line': b'-- Up-to-date: /home/cnutter/turtlebot4_ws/install/custom_interfaces/share/custom_interfaces/cmake/export_custom_interfaces__rosidl_generator_pyExport-noconfig.cmake\n'}
[0.805715] (custom_interfaces) StdoutLine: {'line': b'-- Up-to-date: /home/cnutter/turtlebot4_ws/install/custom_interfaces/share/custom_interfaces/cmake/rosidl_cmake-extras.cmake\n'}
[0.805850] (custom_interfaces) StdoutLine: {'line': b'-- Up-to-date: /home/cnutter/turtlebot4_ws/install/custom_interfaces/share/custom_interfaces/cmake/ament_cmake_export_dependencies-extras.cmake\n'}
[0.805997] (custom_interfaces) StdoutLine: {'line': b'-- Up-to-date: /home/cnutter/turtlebot4_ws/install/custom_interfaces/share/custom_interfaces/cmake/ament_cmake_export_include_directories-extras.cmake\n'}
[0.806240] (custom_interfaces) StdoutLine: {'line': b'-- Up-to-date: /home/cnutter/turtlebot4_ws/install/custom_interfaces/share/custom_interfaces/cmake/ament_cmake_export_libraries-extras.cmake\n'}
[0.806566] (custom_interfaces) StdoutLine: {'line': b'-- Up-to-date: /home/cnutter/turtlebot4_ws/install/custom_interfaces/share/custom_interfaces/cmake/ament_cmake_export_targets-extras.cmake\n'}
[0.806867] (custom_interfaces) StdoutLine: {'line': b'-- Up-to-date: /home/cnutter/turtlebot4_ws/install/custom_interfaces/share/custom_interfaces/cmake/rosidl_cmake_export_typesupport_targets-extras.cmake\n'}
[0.807129] (custom_interfaces) StdoutLine: {'line': b'-- Up-to-date: /home/cnutter/turtlebot4_ws/install/custom_interfaces/share/custom_interfaces/cmake/rosidl_cmake_export_typesupport_libraries-extras.cmake\n'}
[0.807302] (custom_interfaces) StdoutLine: {'line': b'-- Up-to-date: /home/cnutter/turtlebot4_ws/install/custom_interfaces/share/custom_interfaces/cmake/custom_interfacesConfig.cmake\n'}
[0.807457] (custom_interfaces) StdoutLine: {'line': b'-- Up-to-date: /home/cnutter/turtlebot4_ws/install/custom_interfaces/share/custom_interfaces/cmake/custom_interfacesConfig-version.cmake\n'}
[0.807615] (custom_interfaces) StdoutLine: {'line': b'-- Up-to-date: /home/cnutter/turtlebot4_ws/install/custom_interfaces/share/custom_interfaces/package.xml\n'}
[0.807767] (custom_interfaces) CommandEnded: {'returncode': 0}
[0.869579] (custom_interfaces) JobEnded: {'identifier': 'custom_interfaces', 'rc': 0}
[0.870744] (lab3_pkg) JobStarted: {'identifier': 'lab3_pkg'}
[0.877870] (lab5_pkg) JobStarted: {'identifier': 'lab5_pkg'}
[0.901009] (-) TimerEvent: {}
[1.001245] (-) TimerEvent: {}
[1.101522] (-) TimerEvent: {}
[1.201732] (-) TimerEvent: {}
[1.301951] (-) TimerEvent: {}
[1.321068] (final) Command: {'cmd': ['/usr/bin/python3', '-W', 'ignore:setup.py install is deprecated', '-W', 'ignore:easy_install command is deprecated', 'setup.py', 'egg_info', '--egg-base', '../../build/final', 'build', '--build-base', '/home/cnutter/turtlebot4_ws/build/final/build', 'install', '--record', '/home/cnutter/turtlebot4_ws/build/final/install.log', '--single-version-externally-managed', 'install_data'], 'cwd': '/home/cnutter/turtlebot4_ws/src/final', 'env': {'USER': 'cnutter@plu.edu', 'GZ_SIM_RESOURCE_PATH': '/opt/ros/jazzy/share', 'GZ_CONFIG_PATH': '/opt/ros/jazzy/opt/gz_sim_vendor/share/gz:/opt/ros/jazzy/opt/sdformat_vendor/share/gz:/opt/ros/jazzy/opt/gz_gui_vendor/share/gz:/opt/ros/jazzy/opt/gz_transport_vendor/share/gz:/opt/ros/jazzy/opt/gz_rendering_vendor/share/gz:/opt/ros/jazzy/opt/gz_plugin_vendor/share/gz:/opt/ros/jazzy/opt/gz_fuel_tools_vendor/share/gz:/opt/ros/jazzy/opt/gz_msgs_vendor/share/gz:/opt/ros/jazzy/opt/gz_common_vendor/share/gz', 'XDG_SESSION_TYPE': 'wayland', 'CLUTTER_DISABLE_MIPMAPPED_TEXT': '1', 'SHLVL': '1', 'LD_LIBRARY_PATH': '/home/cnutter/turtlebot4_ws/install/custom_interfaces/lib:/opt/ros/jazzy/opt/gz_sim_vendor/lib:/opt/ros/jazzy/opt/gz_sensors_vendor/lib:/opt/ros/jazzy/opt/gz_physics_vendor/lib:/opt/ros/jazzy/opt/sdformat_vendor/lib:/opt/ros/jazzy/opt/rviz_ogre_vendor/lib:/opt/ros/jazzy/lib/x86_64-linux-gnu:/opt/ros/jazzy/opt/gz_gui_vendor/lib:/opt/ros/jazzy/opt/gz_transport_vendor/lib:/opt/ros/jazzy/opt/gz_rendering_vendor/lib:/opt/ros/jazzy/opt/gz_plugin_vendor/lib:/opt/ros/jazzy/opt/gz_fuel_tools_vendor/lib:/opt/ros/jazzy/opt/gz_msgs_vendor/lib:/opt/ros/jazzy/opt/gz_common_vendor/lib:/opt/ros/jazzy/opt/gz_math_vendor/lib:/opt/ros/jazzy/opt/gz_utils_vendor/lib:/opt/ros/jazzy/opt/gz_tools_vendor/lib:/opt/ros/jazzy/opt/gz_ogre_next_vendor/lib:/opt/ros/jazzy/opt/gz_dartsim_vendor/lib:/opt/ros/jazzy/opt/gz_cmake_vendor/lib:/opt/ros/jazzy/lib', 'OLDPWD': '/home/cnutter', 'HOME': '/home/cnutter', 'DESKTOP_SESSION': 'ubuntu', 'GTK_MODULES': 'gail:atk-bridge', 'GNOME_SHELL_SESSION_MODE': 'ubuntu', 'ROS_PYTHON_VERSION': '3', 'SYSTEMD_EXEC_PID': '28407', 'DBUS_SESSION_BUS_ADDRESS': 'unix:path=/run/user/481847517/bus', 'GSM_SKIP_SSH_AGENT_WORKAROUND': 'true', 'COLORTERM': 'truecolor', 'CONDA_CHANGEPS1': 'no', 'WAYLAND_DISPLAY': 'wayland-0', 'ROS_DISTRO': 'jazzy', 'COLCON_PREFIX_PATH': '/home/cnutter/turtlebot4_ws/install', 'LOGNAME': 'cnutter@plu.edu', '_': '/usr/bin/colcon', 'MEMORY_PRESSURE_WATCH': '/sys/fs/cgroup/user.slice/user-481847517.slice/user@481847517.service/session.slice/org.gnome.Shell@wayland.service/memory.pressure', 'XDG_SESSION_CLASS': 'user', 'ROS_VERSION': '2', 'USERNAME': 'cnutter@plu.edu', 'TERM': 'xterm-256color', 'PROMPT_EOL_MARK': '', 'ROS_SUPER_CLIENT': 'True', 'GNOME_DESKTOP_SESSION_ID': 'this-is-deprecated', 'PATH': '/opt/ros/jazzy/opt/gz_msgs_vendor/bin:/opt/ros/jazzy/opt/gz_tools_vendor/bin:/opt/ros/jazzy/opt/gz_ogre_next_vendor/bin:/opt/ros/jazzy/bin:/usr/local/sbin:/usr/local/bin:/usr/sbin:/usr/bin:/sbin:/bin:/usr/games:/usr/local/games:/snap/bin:/snap/bin', 'SESSION_MANAGER': 'local/csci20122:@/tmp/.ICE-unix/28375,unix/csci20122:/tmp/.ICE-unix/28375', 'GNOME_TERMINAL_SCREEN': '/org/gnome/Terminal/screen/d1815c0c_3a98_4119_8e51_c4952ecb9ec0', 'XDG_MENU_PREFIX': 'gnome-', 'GNOME_SETUP_DISPLAY': ':1', 'XDG_RUNTIME_DIR': '/run/user/481847517', 'DISPLAY': ':0', 'XDG_CURRENT_DESKTOP': 'ubuntu:GNOME', 'LANG': 'en_US.UTF-8', 'RMW_IMPLEMENTATION': 'rmw_fastrtps_cpp', 'XDG_SESSION_DESKTOP': 'ubuntu', 'GNOME_TERMINAL_SERVICE': ':1.132', 'XMODIFIERS': '@im=ibus', 'XAUTHORITY': '/run/user/481847517/.mutter-Xwaylandauth.BBP1O3', 'SSH_AUTH_SOCK': '/run/user/481847517/keyring/ssh', 'AMENT_PREFIX_PATH': '/home/cnutter/turtlebot4_ws/install/lab_bringup:/home/cnutter/turtlebot4_ws/install/lab5_pkg:/home/cnutter/turtlebot4_ws/install/final_bringup:/home/cnutter/turtlebot4_ws/install/lab3_pkg:/home/cnutter/turtlebot4_ws/install/lab2_pkg:/home/cnutter/turtlebot4_ws/install/lab1_pkg:/home/cnutter/turtlebot4_ws/install/final:/home/cnutter/turtlebot4_ws/install/custom_interfaces:/opt/ros/jazzy', 'ROS_DOMAIN_ID': '0', 'KRB5CCNAME': 'FILE:/tmp/krb5cc_481847517_OSmN3a', 'SHELL': '/bin/zsh', 'ROS_DISCOVERY_SERVER': '10.5.113.101:11811', 'QT_ACCESSIBILITY': '1', 'GDMSESSION': 'ubuntu', 'QT_IM_MODULE': 'ibus', 'ROS_AUTOMATIC_DISCOVERY_RANGE': 'SUBNET', 'PWD': '/home/cnutter/turtlebot4_ws/build/final', 'XDG_DATA_DIRS': '/usr/local/share/:/usr/share/:/var/lib/snapd/desktop', 'VIRTUAL_ENV_DISABLE_PROMPT': '12', 'PYTHONPATH': '/home/cnutter/turtlebot4_ws/build/final/prefix_override:/usr/lib/python3/dist-packages/colcon_core/task/python/colcon_distutils_commands:/home/cnutter/turtlebot4_ws/install/final/lib/python3.12/site-packages:/home/cnutter/turtlebot4_ws/install/lab5_pkg/lib/python3.12/site-packages:/home/cnutter/turtlebot4_ws/install/lab3_pkg/lib/python3.12/site-packages:/home/cnutter/turtlebot4_ws/install/lab2_pkg/lib/python3.12/site-packages:/home/cnutter/turtlebot4_ws/install/lab1_pkg/lib/python3.12/site-packages:/home/cnutter/turtlebot4_ws/install/final/lib/python3.12/site-packages:/home/cnutter/turtlebot4_ws/install/custom_interfaces/lib/python3.12/site-packages:/opt/ros/jazzy/lib/python3.12/site-packages', 'COLCON': '1', 'VTE_VERSION': '7600', 'MEMORY_PRESSURE_WRITE': 'c29tZSAyMDAwMDAgMjAwMDAwMAA=', 'CMAKE_PREFIX_PATH': '/home/cnutter/turtlebot4_ws/install/lab_bringup:/home/cnutter/turtlebot4_ws/install/final_bringup:/home/cnutter/turtlebot4_ws/install/custom_interfaces:/opt/ros/jazzy/opt/gz_sim_vendor:/opt/ros/jazzy/opt/gz_sensors_vendor:/opt/ros/jazzy/opt/gz_physics_vendor:/opt/ros/jazzy/opt/sdformat_vendor:/opt/ros/jazzy/opt/gz_gui_vendor:/opt/ros/jazzy/opt/gz_transport_vendor:/opt/ros/jazzy/opt/gz_rendering_vendor:/opt/ros/jazzy/opt/gz_plugin_vendor:/opt/ros/jazzy/opt/gz_fuel_tools_vendor:/opt/ros/jazzy/opt/gz_msgs_vendor:/opt/ros/jazzy/opt/gz_common_vendor:/opt/ros/jazzy/opt/gz_math_vendor:/opt/ros/jazzy/opt/gz_utils_vendor:/opt/ros/jazzy/opt/gz_tools_vendor:/opt/ros/jazzy/opt/gz_ogre_next_vendor:/opt/ros/jazzy/opt/gz_dartsim_vendor:/opt/ros/jazzy/opt/gz_cmake_vendor'}, 'shell': False}
[1.402033] (-) TimerEvent: {}
[1.448848] (lab1_pkg) Command: {'cmd': ['/usr/bin/python3', '-W', 'ignore:setup.py install is deprecated', '-W', 'ignore:easy_install command is deprecated', 'setup.py', 'egg_info', '--egg-base', '../../build/lab1_pkg', 'build', '--build-base', '/home/cnutter/turtlebot4_ws/build/lab1_pkg/build', 'install', '--record', '/home/cnutter/turtlebot4_ws/build/lab1_pkg/install.log', '--single-version-externally-managed', 'install_data'], 'cwd': '/home/cnutter/turtlebot4_ws/src/lab1_pkg', 'env': {'USER': 'cnutter@plu.edu', 'GZ_SIM_RESOURCE_PATH': '/opt/ros/jazzy/share', 'GZ_CONFIG_PATH': '/opt/ros/jazzy/opt/gz_sim_vendor/share/gz:/opt/ros/jazzy/opt/sdformat_vendor/share/gz:/opt/ros/jazzy/opt/gz_gui_vendor/share/gz:/opt/ros/jazzy/opt/gz_transport_vendor/share/gz:/opt/ros/jazzy/opt/gz_rendering_vendor/share/gz:/opt/ros/jazzy/opt/gz_plugin_vendor/share/gz:/opt/ros/jazzy/opt/gz_fuel_tools_vendor/share/gz:/opt/ros/jazzy/opt/gz_msgs_vendor/share/gz:/opt/ros/jazzy/opt/gz_common_vendor/share/gz', 'XDG_SESSION_TYPE': 'wayland', 'CLUTTER_DISABLE_MIPMAPPED_TEXT': '1', 'SHLVL': '1', 'LD_LIBRARY_PATH': '/home/cnutter/turtlebot4_ws/install/custom_interfaces/lib:/opt/ros/jazzy/opt/gz_sim_vendor/lib:/opt/ros/jazzy/opt/gz_sensors_vendor/lib:/opt/ros/jazzy/opt/gz_physics_vendor/lib:/opt/ros/jazzy/opt/sdformat_vendor/lib:/opt/ros/jazzy/opt/rviz_ogre_vendor/lib:/opt/ros/jazzy/lib/x86_64-linux-gnu:/opt/ros/jazzy/opt/gz_gui_vendor/lib:/opt/ros/jazzy/opt/gz_transport_vendor/lib:/opt/ros/jazzy/opt/gz_rendering_vendor/lib:/opt/ros/jazzy/opt/gz_plugin_vendor/lib:/opt/ros/jazzy/opt/gz_fuel_tools_vendor/lib:/opt/ros/jazzy/opt/gz_msgs_vendor/lib:/opt/ros/jazzy/opt/gz_common_vendor/lib:/opt/ros/jazzy/opt/gz_math_vendor/lib:/opt/ros/jazzy/opt/gz_utils_vendor/lib:/opt/ros/jazzy/opt/gz_tools_vendor/lib:/opt/ros/jazzy/opt/gz_ogre_next_vendor/lib:/opt/ros/jazzy/opt/gz_dartsim_vendor/lib:/opt/ros/jazzy/opt/gz_cmake_vendor/lib:/opt/ros/jazzy/lib', 'OLDPWD': '/home/cnutter', 'HOME': '/home/cnutter', 'DESKTOP_SESSION': 'ubuntu', 'GTK_MODULES': 'gail:atk-bridge', 'GNOME_SHELL_SESSION_MODE': 'ubuntu', 'ROS_PYTHON_VERSION': '3', 'SYSTEMD_EXEC_PID': '28407', 'DBUS_SESSION_BUS_ADDRESS': 'unix:path=/run/user/481847517/bus', 'GSM_SKIP_SSH_AGENT_WORKAROUND': 'true', 'COLORTERM': 'truecolor', 'CONDA_CHANGEPS1': 'no', 'WAYLAND_DISPLAY': 'wayland-0', 'ROS_DISTRO': 'jazzy', 'COLCON_PREFIX_PATH': '/home/cnutter/turtlebot4_ws/install', 'LOGNAME': 'cnutter@plu.edu', '_': '/usr/bin/colcon', 'MEMORY_PRESSURE_WATCH': '/sys/fs/cgroup/user.slice/user-481847517.slice/user@481847517.service/session.slice/org.gnome.Shell@wayland.service/memory.pressure', 'XDG_SESSION_CLASS': 'user', 'ROS_VERSION': '2', 'USERNAME': 'cnutter@plu.edu', 'TERM': 'xterm-256color', 'PROMPT_EOL_MARK': '', 'ROS_SUPER_CLIENT': 'True', 'GNOME_DESKTOP_SESSION_ID': 'this-is-deprecated', 'PATH': '/opt/ros/jazzy/opt/gz_msgs_vendor/bin:/opt/ros/jazzy/opt/gz_tools_vendor/bin:/opt/ros/jazzy/opt/gz_ogre_next_vendor/bin:/opt/ros/jazzy/bin:/usr/local/sbin:/usr/local/bin:/usr/sbin:/usr/bin:/sbin:/bin:/usr/games:/usr/local/games:/snap/bin:/snap/bin', 'SESSION_MANAGER': 'local/csci20122:@/tmp/.ICE-unix/28375,unix/csci20122:/tmp/.ICE-unix/28375', 'GNOME_TERMINAL_SCREEN': '/org/gnome/Terminal/screen/d1815c0c_3a98_4119_8e51_c4952ecb9ec0', 'XDG_MENU_PREFIX': 'gnome-', 'GNOME_SETUP_DISPLAY': ':1', 'XDG_RUNTIME_DIR': '/run/user/481847517', 'DISPLAY': ':0', 'XDG_CURRENT_DESKTOP': 'ubuntu:GNOME', 'LANG': 'en_US.UTF-8', 'RMW_IMPLEMENTATION': 'rmw_fastrtps_cpp', 'XDG_SESSION_DESKTOP': 'ubuntu', 'GNOME_TERMINAL_SERVICE': ':1.132', 'XMODIFIERS': '@im=ibus', 'XAUTHORITY': '/run/user/481847517/.mutter-Xwaylandauth.BBP1O3', 'SSH_AUTH_SOCK': '/run/user/481847517/keyring/ssh', 'AMENT_PREFIX_PATH': '/home/cnutter/turtlebot4_ws/install/lab_bringup:/home/cnutter/turtlebot4_ws/install/lab5_pkg:/home/cnutter/turtlebot4_ws/install/final_bringup:/home/cnutter/turtlebot4_ws/install/lab3_pkg:/home/cnutter/turtlebot4_ws/install/lab2_pkg:/home/cnutter/turtlebot4_ws/install/lab1_pkg:/home/cnutter/turtlebot4_ws/install/final:/home/cnutter/turtlebot4_ws/install/custom_interfaces:/opt/ros/jazzy', 'ROS_DOMAIN_ID': '0', 'KRB5CCNAME': 'FILE:/tmp/krb5cc_481847517_OSmN3a', 'SHELL': '/bin/zsh', 'ROS_DISCOVERY_SERVER': '10.5.113.101:11811', 'QT_ACCESSIBILITY': '1', 'GDMSESSION': 'ubuntu', 'QT_IM_MODULE': 'ibus', 'ROS_AUTOMATIC_DISCOVERY_RANGE': 'SUBNET', 'PWD': '/home/cnutter/turtlebot4_ws/build/lab1_pkg', 'XDG_DATA_DIRS': '/usr/local/share/:/usr/share/:/var/lib/snapd/desktop', 'VIRTUAL_ENV_DISABLE_PROMPT': '12', 'PYTHONPATH': '/home/cnutter/turtlebot4_ws/build/lab1_pkg/prefix_override:/usr/lib/python3/dist-packages/colcon_core/task/python/colcon_distutils_commands:/home/cnutter/turtlebot4_ws/install/lab1_pkg/lib/python3.12/site-packages:/home/cnutter/turtlebot4_ws/install/lab5_pkg/lib/python3.12/site-packages:/home/cnutter/turtlebot4_ws/install/lab3_pkg/lib/python3.12/site-packages:/home/cnutter/turtlebot4_ws/install/lab2_pkg/lib/python3.12/site-packages:/home/cnutter/turtlebot4_ws/install/lab1_pkg/lib/python3.12/site-packages:/home/cnutter/turtlebot4_ws/install/final/lib/python3.12/site-packages:/home/cnutter/turtlebot4_ws/install/custom_interfaces/lib/python3.12/site-packages:/opt/ros/jazzy/lib/python3.12/site-packages', 'COLCON': '1', 'VTE_VERSION': '7600', 'MEMORY_PRESSURE_WRITE': 'c29tZSAyMDAwMDAgMjAwMDAwMAA=', 'CMAKE_PREFIX_PATH': '/home/cnutter/turtlebot4_ws/install/lab_bringup:/home/cnutter/turtlebot4_ws/install/final_bringup:/home/cnutter/turtlebot4_ws/install/custom_interfaces:/opt/ros/jazzy/opt/gz_sim_vendor:/opt/ros/jazzy/opt/gz_sensors_vendor:/opt/ros/jazzy/opt/gz_physics_vendor:/opt/ros/jazzy/opt/sdformat_vendor:/opt/ros/jazzy/opt/gz_gui_vendor:/opt/ros/jazzy/opt/gz_transport_vendor:/opt/ros/jazzy/opt/gz_rendering_vendor:/opt/ros/jazzy/opt/gz_plugin_vendor:/opt/ros/jazzy/opt/gz_fuel_tools_vendor:/opt/ros/jazzy/opt/gz_msgs_vendor:/opt/ros/jazzy/opt/gz_common_vendor:/opt/ros/jazzy/opt/gz_math_vendor:/opt/ros/jazzy/opt/gz_utils_vendor:/opt/ros/jazzy/opt/gz_tools_vendor:/opt/ros/jazzy/opt/gz_ogre_next_vendor:/opt/ros/jazzy/opt/gz_dartsim_vendor:/opt/ros/jazzy/opt/gz_cmake_vendor'}, 'shell': False}
[1.471023] (lab2_pkg) Command: {'cmd': ['/usr/bin/python3', '-W', 'ignore:setup.py install is deprecated', '-W', 'ignore:easy_install command is deprecated', 'setup.py', 'egg_info', '--egg-base', '../../build/lab2_pkg', 'build', '--build-base', '/home/cnutter/turtlebot4_ws/build/lab2_pkg/build', 'install', '--record', '/home/cnutter/turtlebot4_ws/build/lab2_pkg/install.log', '--single-version-externally-managed', 'install_data'], 'cwd': '/home/cnutter/turtlebot4_ws/src/lab2_pkg', 'env': {'USER': 'cnutter@plu.edu', 'GZ_SIM_RESOURCE_PATH': '/opt/ros/jazzy/share', 'GZ_CONFIG_PATH': '/opt/ros/jazzy/opt/gz_sim_vendor/share/gz:/opt/ros/jazzy/opt/sdformat_vendor/share/gz:/opt/ros/jazzy/opt/gz_gui_vendor/share/gz:/opt/ros/jazzy/opt/gz_transport_vendor/share/gz:/opt/ros/jazzy/opt/gz_rendering_vendor/share/gz:/opt/ros/jazzy/opt/gz_plugin_vendor/share/gz:/opt/ros/jazzy/opt/gz_fuel_tools_vendor/share/gz:/opt/ros/jazzy/opt/gz_msgs_vendor/share/gz:/opt/ros/jazzy/opt/gz_common_vendor/share/gz', 'XDG_SESSION_TYPE': 'wayland', 'CLUTTER_DISABLE_MIPMAPPED_TEXT': '1', 'SHLVL': '1', 'LD_LIBRARY_PATH': '/home/cnutter/turtlebot4_ws/install/custom_interfaces/lib:/opt/ros/jazzy/opt/gz_sim_vendor/lib:/opt/ros/jazzy/opt/gz_sensors_vendor/lib:/opt/ros/jazzy/opt/gz_physics_vendor/lib:/opt/ros/jazzy/opt/sdformat_vendor/lib:/opt/ros/jazzy/opt/rviz_ogre_vendor/lib:/opt/ros/jazzy/lib/x86_64-linux-gnu:/opt/ros/jazzy/opt/gz_gui_vendor/lib:/opt/ros/jazzy/opt/gz_transport_vendor/lib:/opt/ros/jazzy/opt/gz_rendering_vendor/lib:/opt/ros/jazzy/opt/gz_plugin_vendor/lib:/opt/ros/jazzy/opt/gz_fuel_tools_vendor/lib:/opt/ros/jazzy/opt/gz_msgs_vendor/lib:/opt/ros/jazzy/opt/gz_common_vendor/lib:/opt/ros/jazzy/opt/gz_math_vendor/lib:/opt/ros/jazzy/opt/gz_utils_vendor/lib:/opt/ros/jazzy/opt/gz_tools_vendor/lib:/opt/ros/jazzy/opt/gz_ogre_next_vendor/lib:/opt/ros/jazzy/opt/gz_dartsim_vendor/lib:/opt/ros/jazzy/opt/gz_cmake_vendor/lib:/opt/ros/jazzy/lib', 'OLDPWD': '/home/cnutter', 'HOME': '/home/cnutter', 'DESKTOP_SESSION': 'ubuntu', 'GTK_MODULES': 'gail:atk-bridge', 'GNOME_SHELL_SESSION_MODE': 'ubuntu', 'ROS_PYTHON_VERSION': '3', 'SYSTEMD_EXEC_PID': '28407', 'DBUS_SESSION_BUS_ADDRESS': 'unix:path=/run/user/481847517/bus', 'GSM_SKIP_SSH_AGENT_WORKAROUND': 'true', 'COLORTERM': 'truecolor', 'CONDA_CHANGEPS1': 'no', 'WAYLAND_DISPLAY': 'wayland-0', 'ROS_DISTRO': 'jazzy', 'COLCON_PREFIX_PATH': '/home/cnutter/turtlebot4_ws/install', 'LOGNAME': 'cnutter@plu.edu', '_': '/usr/bin/colcon', 'MEMORY_PRESSURE_WATCH': '/sys/fs/cgroup/user.slice/user-481847517.slice/user@481847517.service/session.slice/org.gnome.Shell@wayland.service/memory.pressure', 'XDG_SESSION_CLASS': 'user', 'ROS_VERSION': '2', 'USERNAME': 'cnutter@plu.edu', 'TERM': 'xterm-256color', 'PROMPT_EOL_MARK': '', 'ROS_SUPER_CLIENT': 'True', 'GNOME_DESKTOP_SESSION_ID': 'this-is-deprecated', 'PATH': '/opt/ros/jazzy/opt/gz_msgs_vendor/bin:/opt/ros/jazzy/opt/gz_tools_vendor/bin:/opt/ros/jazzy/opt/gz_ogre_next_vendor/bin:/opt/ros/jazzy/bin:/usr/local/sbin:/usr/local/bin:/usr/sbin:/usr/bin:/sbin:/bin:/usr/games:/usr/local/games:/snap/bin:/snap/bin', 'SESSION_MANAGER': 'local/csci20122:@/tmp/.ICE-unix/28375,unix/csci20122:/tmp/.ICE-unix/28375', 'GNOME_TERMINAL_SCREEN': '/org/gnome/Terminal/screen/d1815c0c_3a98_4119_8e51_c4952ecb9ec0', 'XDG_MENU_PREFIX': 'gnome-', 'GNOME_SETUP_DISPLAY': ':1', 'XDG_RUNTIME_DIR': '/run/user/481847517', 'DISPLAY': ':0', 'XDG_CURRENT_DESKTOP': 'ubuntu:GNOME', 'LANG': 'en_US.UTF-8', 'RMW_IMPLEMENTATION': 'rmw_fastrtps_cpp', 'XDG_SESSION_DESKTOP': 'ubuntu', 'GNOME_TERMINAL_SERVICE': ':1.132', 'XMODIFIERS': '@im=ibus', 'XAUTHORITY': '/run/user/481847517/.mutter-Xwaylandauth.BBP1O3', 'SSH_AUTH_SOCK': '/run/user/481847517/keyring/ssh', 'AMENT_PREFIX_PATH': '/home/cnutter/turtlebot4_ws/install/lab_bringup:/home/cnutter/turtlebot4_ws/install/lab5_pkg:/home/cnutter/turtlebot4_ws/install/final_bringup:/home/cnutter/turtlebot4_ws/install/lab3_pkg:/home/cnutter/turtlebot4_ws/install/lab2_pkg:/home/cnutter/turtlebot4_ws/install/lab1_pkg:/home/cnutter/turtlebot4_ws/install/final:/home/cnutter/turtlebot4_ws/install/custom_interfaces:/opt/ros/jazzy', 'ROS_DOMAIN_ID': '0', 'KRB5CCNAME': 'FILE:/tmp/krb5cc_481847517_OSmN3a', 'SHELL': '/bin/zsh', 'ROS_DISCOVERY_SERVER': '10.5.113.101:11811', 'QT_ACCESSIBILITY': '1', 'GDMSESSION': 'ubuntu', 'QT_IM_MODULE': 'ibus', 'ROS_AUTOMATIC_DISCOVERY_RANGE': 'SUBNET', 'PWD': '/home/cnutter/turtlebot4_ws/build/lab2_pkg', 'XDG_DATA_DIRS': '/usr/local/share/:/usr/share/:/var/lib/snapd/desktop', 'VIRTUAL_ENV_DISABLE_PROMPT': '12', 'PYTHONPATH': '/home/cnutter/turtlebot4_ws/build/lab2_pkg/prefix_override:/usr/lib/python3/dist-packages/colcon_core/task/python/colcon_distutils_commands:/home/cnutter/turtlebot4_ws/install/lab2_pkg/lib/python3.12/site-packages:/home/cnutter/turtlebot4_ws/install/lab5_pkg/lib/python3.12/site-packages:/home/cnutter/turtlebot4_ws/install/lab3_pkg/lib/python3.12/site-packages:/home/cnutter/turtlebot4_ws/install/lab2_pkg/lib/python3.12/site-packages:/home/cnutter/turtlebot4_ws/install/lab1_pkg/lib/python3.12/site-packages:/home/cnutter/turtlebot4_ws/install/final/lib/python3.12/site-packages:/home/cnutter/turtlebot4_ws/install/custom_interfaces/lib/python3.12/site-packages:/opt/ros/jazzy/lib/python3.12/site-packages', 'COLCON': '1', 'VTE_VERSION': '7600', 'MEMORY_PRESSURE_WRITE': 'c29tZSAyMDAwMDAgMjAwMDAwMAA=', 'CMAKE_PREFIX_PATH': '/home/cnutter/turtlebot4_ws/install/lab_bringup:/home/cnutter/turtlebot4_ws/install/final_bringup:/home/cnutter/turtlebot4_ws/install/custom_interfaces:/opt/ros/jazzy/opt/gz_sim_vendor:/opt/ros/jazzy/opt/gz_sensors_vendor:/opt/ros/jazzy/opt/gz_physics_vendor:/opt/ros/jazzy/opt/sdformat_vendor:/opt/ros/jazzy/opt/gz_gui_vendor:/opt/ros/jazzy/opt/gz_transport_vendor:/opt/ros/jazzy/opt/gz_rendering_vendor:/opt/ros/jazzy/opt/gz_plugin_vendor:/opt/ros/jazzy/opt/gz_fuel_tools_vendor:/opt/ros/jazzy/opt/gz_msgs_vendor:/opt/ros/jazzy/opt/gz_common_vendor:/opt/ros/jazzy/opt/gz_math_vendor:/opt/ros/jazzy/opt/gz_utils_vendor:/opt/ros/jazzy/opt/gz_tools_vendor:/opt/ros/jazzy/opt/gz_ogre_next_vendor:/opt/ros/jazzy/opt/gz_dartsim_vendor:/opt/ros/jazzy/opt/gz_cmake_vendor'}, 'shell': False}
[1.502126] (-) TimerEvent: {}
[1.602359] (-) TimerEvent: {}
[1.625320] (final) StdoutLine: {'line': b'running egg_info\n'}
[1.661626] (final) StdoutLine: {'line': b'writing ../../build/final/final.egg-info/PKG-INFO\n'}
[1.661883] (final) StdoutLine: {'line': b'writing dependency_links to ../../build/final/final.egg-info/dependency_links.txt\n'}
[1.662168] (final) StdoutLine: {'line': b'writing entry points to ../../build/final/final.egg-info/entry_points.txt\n'}
[1.662382] (final) StdoutLine: {'line': b'writing requirements to ../../build/final/final.egg-info/requires.txt\n'}
[1.662541] (final) StdoutLine: {'line': b'writing top-level names to ../../build/final/final.egg-info/top_level.txt\n'}
[1.702443] (-) TimerEvent: {}
[1.717575] (final) StdoutLine: {'line': b"reading manifest file '../../build/final/final.egg-info/SOURCES.txt'\n"}
[1.718179] (final) StdoutLine: {'line': b"writing manifest file '../../build/final/final.egg-info/SOURCES.txt'\n"}
[1.718341] (final) StdoutLine: {'line': b'running build\n'}
[1.718488] (final) StdoutLine: {'line': b'running build_py\n'}
[1.718719] (final) StdoutLine: {'line': b'running install\n'}
[1.723784] (final) StdoutLine: {'line': b'running install_lib\n'}
[1.745064] (lab1_pkg) StdoutLine: {'line': b'running egg_info\n'}
[1.750596] (final) StdoutLine: {'line': b'running install_data\n'}
[1.750760] (final) StdoutLine: {'line': b'copying package.xml -> /home/cnutter/turtlebot4_ws/install/final/share/final\n'}
[1.750935] (final) StdoutLine: {'line': b'running install_egg_info\n'}
[1.770912] (lab1_pkg) StdoutLine: {'line': b'writing ../../build/lab1_pkg/lab1_pkg.egg-info/PKG-INFO\n'}
[1.771076] (lab1_pkg) StdoutLine: {'line': b'writing dependency_links to ../../build/lab1_pkg/lab1_pkg.egg-info/dependency_links.txt\n'}
[1.771288] (lab1_pkg) StdoutLine: {'line': b'writing entry points to ../../build/lab1_pkg/lab1_pkg.egg-info/entry_points.txt\n'}
[1.771521] (lab1_pkg) StdoutLine: {'line': b'writing requirements to ../../build/lab1_pkg/lab1_pkg.egg-info/requires.txt\n'}
[1.771697] (lab1_pkg) StdoutLine: {'line': b'writing top-level names to ../../build/lab1_pkg/lab1_pkg.egg-info/top_level.txt\n'}
[1.777080] (final) StdoutLine: {'line': b"removing '/home/cnutter/turtlebot4_ws/install/final/lib/python3.12/site-packages/final-0.0.0-py3.12.egg-info' (and everything under it)\n"}
[1.777355] (final) StdoutLine: {'line': b'Copying ../../build/final/final.egg-info to /home/cnutter/turtlebot4_ws/install/final/lib/python3.12/site-packages/final-0.0.0-py3.12.egg-info\n'}
[1.781277] (final) StdoutLine: {'line': b'running install_scripts\n'}
[1.799004] (lab2_pkg) StdoutLine: {'line': b'running egg_info\n'}
[1.802507] (-) TimerEvent: {}
[1.825378] (lab2_pkg) StdoutLine: {'line': b'writing ../../build/lab2_pkg/lab2_pkg.egg-info/PKG-INFO\n'}
[1.825600] (lab2_pkg) StdoutLine: {'line': b'writing dependency_links to ../../build/lab2_pkg/lab2_pkg.egg-info/dependency_links.txt\n'}
[1.825799] (lab2_pkg) StdoutLine: {'line': b'writing entry points to ../../build/lab2_pkg/lab2_pkg.egg-info/entry_points.txt\n'}
[1.826072] (lab2_pkg) StdoutLine: {'line': b'writing requirements to ../../build/lab2_pkg/lab2_pkg.egg-info/requires.txt\n'}
[1.826242] (lab2_pkg) StdoutLine: {'line': b'writing top-level names to ../../build/lab2_pkg/lab2_pkg.egg-info/top_level.txt\n'}
[1.833999] (lab1_pkg) StdoutLine: {'line': b"reading manifest file '../../build/lab1_pkg/lab1_pkg.egg-info/SOURCES.txt'\n"}
[1.834727] (lab1_pkg) StdoutLine: {'line': b"writing manifest file '../../build/lab1_pkg/lab1_pkg.egg-info/SOURCES.txt'\n"}
[1.834883] (lab1_pkg) StdoutLine: {'line': b'running build\n'}
[1.834982] (lab1_pkg) StdoutLine: {'line': b'running build_py\n'}
[1.835164] (lab1_pkg) StdoutLine: {'line': b'running install\n'}
[1.840531] (lab1_pkg) StdoutLine: {'line': b'running install_lib\n'}
[1.864872] (lab2_pkg) StdoutLine: {'line': b"reading manifest file '../../build/lab2_pkg/lab2_pkg.egg-info/SOURCES.txt'\n"}
[1.865809] (lab2_pkg) StdoutLine: {'line': b"writing manifest file '../../build/lab2_pkg/lab2_pkg.egg-info/SOURCES.txt'\n"}
[1.865952] (lab2_pkg) StdoutLine: {'line': b'running build\n'}
[1.866078] (lab2_pkg) StdoutLine: {'line': b'running install\n'}
[1.866359] (lab1_pkg) StdoutLine: {'line': b'running install_data\n'}
[1.866494] (lab1_pkg) StdoutLine: {'line': b'running install_egg_info\n'}
[1.873995] (lab2_pkg) StdoutLine: {'line': b'running install_data\n'}
[1.874135] (lab2_pkg) StdoutLine: {'line': b'running install_egg_info\n'}
[1.895398] (lab1_pkg) StdoutLine: {'line': b"removing '/home/cnutter/turtlebot4_ws/install/lab1_pkg/lib/python3.12/site-packages/lab1_pkg-0.0.0-py3.12.egg-info' (and everything under it)\n"}
[1.895606] (lab1_pkg) StdoutLine: {'line': b'Copying ../../build/lab1_pkg/lab1_pkg.egg-info to /home/cnutter/turtlebot4_ws/install/lab1_pkg/lib/python3.12/site-packages/lab1_pkg-0.0.0-py3.12.egg-info\n'}
[1.897054] (lab1_pkg) StdoutLine: {'line': b'running install_scripts\n'}
[1.902586] (-) TimerEvent: {}
[1.933020] (lab2_pkg) StdoutLine: {'line': b"removing '/home/cnutter/turtlebot4_ws/install/lab2_pkg/lib/python3.12/site-packages/lab2_pkg-0.0.0-py3.12.egg-info' (and everything under it)\n"}
[1.933274] (lab2_pkg) StdoutLine: {'line': b'Copying ../../build/lab2_pkg/lab2_pkg.egg-info to /home/cnutter/turtlebot4_ws/install/lab2_pkg/lib/python3.12/site-packages/lab2_pkg-0.0.0-py3.12.egg-info\n'}
[1.936229] (lab2_pkg) StdoutLine: {'line': b'running install_scripts\n'}
[1.964650] (final) StdoutLine: {'line': b'Installing color_vision script to /home/cnutter/turtlebot4_ws/install/final/lib/final\n'}
[1.964867] (final) StdoutLine: {'line': b'Installing get_obs script to /home/cnutter/turtlebot4_ws/install/final/lib/final\n'}
[1.965011] (final) StdoutLine: {'line': b'Installing go_to_goal script to /home/cnutter/turtlebot4_ws/install/final/lib/final\n'}
[1.965135] (final) StdoutLine: {'line': b'Installing goal_client script to /home/cnutter/turtlebot4_ws/install/final/lib/final\n'}
[1.965429] (final) StdoutLine: {'line': b"writing list of installed files to '/home/cnutter/turtlebot4_ws/build/final/install.log'\n"}
[1.997253] (final) CommandEnded: {'returncode': 0}
[2.002680] (-) TimerEvent: {}
[2.004652] (final) JobEnded: {'identifier': 'final', 'rc': 0}
[2.019674] (lab5_pkg) Command: {'cmd': ['/usr/bin/python3', '-W', 'ignore:setup.py install is deprecated', '-W', 'ignore:easy_install command is deprecated', 'setup.py', 'egg_info', '--egg-base', '../../build/lab5_pkg', 'build', '--build-base', '/home/cnutter/turtlebot4_ws/build/lab5_pkg/build', 'install', '--record', '/home/cnutter/turtlebot4_ws/build/lab5_pkg/install.log', '--single-version-externally-managed', 'install_data'], 'cwd': '/home/cnutter/turtlebot4_ws/src/lab5_pkg', 'env': {'USER': 'cnutter@plu.edu', 'GZ_SIM_RESOURCE_PATH': '/opt/ros/jazzy/share', 'GZ_CONFIG_PATH': '/opt/ros/jazzy/opt/gz_sim_vendor/share/gz:/opt/ros/jazzy/opt/sdformat_vendor/share/gz:/opt/ros/jazzy/opt/gz_gui_vendor/share/gz:/opt/ros/jazzy/opt/gz_transport_vendor/share/gz:/opt/ros/jazzy/opt/gz_rendering_vendor/share/gz:/opt/ros/jazzy/opt/gz_plugin_vendor/share/gz:/opt/ros/jazzy/opt/gz_fuel_tools_vendor/share/gz:/opt/ros/jazzy/opt/gz_msgs_vendor/share/gz:/opt/ros/jazzy/opt/gz_common_vendor/share/gz', 'XDG_SESSION_TYPE': 'wayland', 'CLUTTER_DISABLE_MIPMAPPED_TEXT': '1', 'SHLVL': '1', 'LD_LIBRARY_PATH': '/home/cnutter/turtlebot4_ws/install/custom_interfaces/lib:/opt/ros/jazzy/opt/gz_sim_vendor/lib:/opt/ros/jazzy/opt/gz_sensors_vendor/lib:/opt/ros/jazzy/opt/gz_physics_vendor/lib:/opt/ros/jazzy/opt/sdformat_vendor/lib:/opt/ros/jazzy/opt/rviz_ogre_vendor/lib:/opt/ros/jazzy/lib/x86_64-linux-gnu:/opt/ros/jazzy/opt/gz_gui_vendor/lib:/opt/ros/jazzy/opt/gz_transport_vendor/lib:/opt/ros/jazzy/opt/gz_rendering_vendor/lib:/opt/ros/jazzy/opt/gz_plugin_vendor/lib:/opt/ros/jazzy/opt/gz_fuel_tools_vendor/lib:/opt/ros/jazzy/opt/gz_msgs_vendor/lib:/opt/ros/jazzy/opt/gz_common_vendor/lib:/opt/ros/jazzy/opt/gz_math_vendor/lib:/opt/ros/jazzy/opt/gz_utils_vendor/lib:/opt/ros/jazzy/opt/gz_tools_vendor/lib:/opt/ros/jazzy/opt/gz_ogre_next_vendor/lib:/opt/ros/jazzy/opt/gz_dartsim_vendor/lib:/opt/ros/jazzy/opt/gz_cmake_vendor/lib:/opt/ros/jazzy/lib', 'OLDPWD': '/home/cnutter', 'HOME': '/home/cnutter', 'DESKTOP_SESSION': 'ubuntu', 'GTK_MODULES': 'gail:atk-bridge', 'GNOME_SHELL_SESSION_MODE': 'ubuntu', 'ROS_PYTHON_VERSION': '3', 'SYSTEMD_EXEC_PID': '28407', 'DBUS_SESSION_BUS_ADDRESS': 'unix:path=/run/user/481847517/bus', 'GSM_SKIP_SSH_AGENT_WORKAROUND': 'true', 'COLORTERM': 'truecolor', 'CONDA_CHANGEPS1': 'no', 'WAYLAND_DISPLAY': 'wayland-0', 'ROS_DISTRO': 'jazzy', 'COLCON_PREFIX_PATH': '/home/cnutter/turtlebot4_ws/install', 'LOGNAME': 'cnutter@plu.edu', '_': '/usr/bin/colcon', 'MEMORY_PRESSURE_WATCH': '/sys/fs/cgroup/user.slice/user-481847517.slice/user@481847517.service/session.slice/org.gnome.Shell@wayland.service/memory.pressure', 'XDG_SESSION_CLASS': 'user', 'ROS_VERSION': '2', 'USERNAME': 'cnutter@plu.edu', 'TERM': 'xterm-256color', 'PROMPT_EOL_MARK': '', 'ROS_SUPER_CLIENT': 'True', 'GNOME_DESKTOP_SESSION_ID': 'this-is-deprecated', 'PATH': '/opt/ros/jazzy/opt/gz_msgs_vendor/bin:/opt/ros/jazzy/opt/gz_tools_vendor/bin:/opt/ros/jazzy/opt/gz_ogre_next_vendor/bin:/opt/ros/jazzy/bin:/usr/local/sbin:/usr/local/bin:/usr/sbin:/usr/bin:/sbin:/bin:/usr/games:/usr/local/games:/snap/bin:/snap/bin', 'SESSION_MANAGER': 'local/csci20122:@/tmp/.ICE-unix/28375,unix/csci20122:/tmp/.ICE-unix/28375', 'GNOME_TERMINAL_SCREEN': '/org/gnome/Terminal/screen/d1815c0c_3a98_4119_8e51_c4952ecb9ec0', 'XDG_MENU_PREFIX': 'gnome-', 'GNOME_SETUP_DISPLAY': ':1', 'XDG_RUNTIME_DIR': '/run/user/481847517', 'DISPLAY': ':0', 'XDG_CURRENT_DESKTOP': 'ubuntu:GNOME', 'LANG': 'en_US.UTF-8', 'RMW_IMPLEMENTATION': 'rmw_fastrtps_cpp', 'XDG_SESSION_DESKTOP': 'ubuntu', 'GNOME_TERMINAL_SERVICE': ':1.132', 'XMODIFIERS': '@im=ibus', 'XAUTHORITY': '/run/user/481847517/.mutter-Xwaylandauth.BBP1O3', 'SSH_AUTH_SOCK': '/run/user/481847517/keyring/ssh', 'AMENT_PREFIX_PATH': '/home/cnutter/turtlebot4_ws/install/lab_bringup:/home/cnutter/turtlebot4_ws/install/lab5_pkg:/home/cnutter/turtlebot4_ws/install/final_bringup:/home/cnutter/turtlebot4_ws/install/lab3_pkg:/home/cnutter/turtlebot4_ws/install/lab2_pkg:/home/cnutter/turtlebot4_ws/install/lab1_pkg:/home/cnutter/turtlebot4_ws/install/final:/home/cnutter/turtlebot4_ws/install/custom_interfaces:/opt/ros/jazzy', 'ROS_DOMAIN_ID': '0', 'KRB5CCNAME': 'FILE:/tmp/krb5cc_481847517_OSmN3a', 'SHELL': '/bin/zsh', 'ROS_DISCOVERY_SERVER': '10.5.113.101:11811', 'QT_ACCESSIBILITY': '1', 'GDMSESSION': 'ubuntu', 'QT_IM_MODULE': 'ibus', 'ROS_AUTOMATIC_DISCOVERY_RANGE': 'SUBNET', 'PWD': '/home/cnutter/turtlebot4_ws/build/lab5_pkg', 'XDG_DATA_DIRS': '/usr/local/share/:/usr/share/:/var/lib/snapd/desktop', 'VIRTUAL_ENV_DISABLE_PROMPT': '12', 'PYTHONPATH': '/home/cnutter/turtlebot4_ws/build/lab5_pkg/prefix_override:/usr/lib/python3/dist-packages/colcon_core/task/python/colcon_distutils_commands:/home/cnutter/turtlebot4_ws/install/lab5_pkg/lib/python3.12/site-packages:/home/cnutter/turtlebot4_ws/install/custom_interfaces/lib/python3.12/site-packages:/home/cnutter/turtlebot4_ws/install/lab5_pkg/lib/python3.12/site-packages:/home/cnutter/turtlebot4_ws/install/lab3_pkg/lib/python3.12/site-packages:/home/cnutter/turtlebot4_ws/install/lab2_pkg/lib/python3.12/site-packages:/home/cnutter/turtlebot4_ws/install/lab1_pkg/lib/python3.12/site-packages:/home/cnutter/turtlebot4_ws/install/final/lib/python3.12/site-packages:/opt/ros/jazzy/lib/python3.12/site-packages', 'COLCON': '1', 'VTE_VERSION': '7600', 'MEMORY_PRESSURE_WRITE': 'c29tZSAyMDAwMDAgMjAwMDAwMAA=', 'CMAKE_PREFIX_PATH': '/home/cnutter/turtlebot4_ws/install/custom_interfaces:/home/cnutter/turtlebot4_ws/install/lab_bringup:/home/cnutter/turtlebot4_ws/install/final_bringup:/opt/ros/jazzy/opt/gz_sim_vendor:/opt/ros/jazzy/opt/gz_sensors_vendor:/opt/ros/jazzy/opt/gz_physics_vendor:/opt/ros/jazzy/opt/sdformat_vendor:/opt/ros/jazzy/opt/gz_gui_vendor:/opt/ros/jazzy/opt/gz_transport_vendor:/opt/ros/jazzy/opt/gz_rendering_vendor:/opt/ros/jazzy/opt/gz_plugin_vendor:/opt/ros/jazzy/opt/gz_fuel_tools_vendor:/opt/ros/jazzy/opt/gz_msgs_vendor:/opt/ros/jazzy/opt/gz_common_vendor:/opt/ros/jazzy/opt/gz_math_vendor:/opt/ros/jazzy/opt/gz_utils_vendor:/opt/ros/jazzy/opt/gz_tools_vendor:/opt/ros/jazzy/opt/gz_ogre_next_vendor:/opt/ros/jazzy/opt/gz_dartsim_vendor:/opt/ros/jazzy/opt/gz_cmake_vendor'}, 'shell': False}
[2.037589] (lab3_pkg) Command: {'cmd': ['/usr/bin/python3', '-W', 'ignore:setup.py install is deprecated', '-W', 'ignore:easy_install command is deprecated', 'setup.py', 'egg_info', '--egg-base', '../../build/lab3_pkg', 'build', '--build-base', '/home/cnutter/turtlebot4_ws/build/lab3_pkg/build', 'install', '--record', '/home/cnutter/turtlebot4_ws/build/lab3_pkg/install.log', '--single-version-externally-managed', 'install_data'], 'cwd': '/home/cnutter/turtlebot4_ws/src/lab3_pkg', 'env': {'USER': 'cnutter@plu.edu', 'GZ_SIM_RESOURCE_PATH': '/opt/ros/jazzy/share', 'GZ_CONFIG_PATH': '/opt/ros/jazzy/opt/gz_sim_vendor/share/gz:/opt/ros/jazzy/opt/sdformat_vendor/share/gz:/opt/ros/jazzy/opt/gz_gui_vendor/share/gz:/opt/ros/jazzy/opt/gz_transport_vendor/share/gz:/opt/ros/jazzy/opt/gz_rendering_vendor/share/gz:/opt/ros/jazzy/opt/gz_plugin_vendor/share/gz:/opt/ros/jazzy/opt/gz_fuel_tools_vendor/share/gz:/opt/ros/jazzy/opt/gz_msgs_vendor/share/gz:/opt/ros/jazzy/opt/gz_common_vendor/share/gz', 'XDG_SESSION_TYPE': 'wayland', 'CLUTTER_DISABLE_MIPMAPPED_TEXT': '1', 'SHLVL': '1', 'LD_LIBRARY_PATH': '/home/cnutter/turtlebot4_ws/install/custom_interfaces/lib:/opt/ros/jazzy/opt/gz_sim_vendor/lib:/opt/ros/jazzy/opt/gz_sensors_vendor/lib:/opt/ros/jazzy/opt/gz_physics_vendor/lib:/opt/ros/jazzy/opt/sdformat_vendor/lib:/opt/ros/jazzy/opt/rviz_ogre_vendor/lib:/opt/ros/jazzy/lib/x86_64-linux-gnu:/opt/ros/jazzy/opt/gz_gui_vendor/lib:/opt/ros/jazzy/opt/gz_transport_vendor/lib:/opt/ros/jazzy/opt/gz_rendering_vendor/lib:/opt/ros/jazzy/opt/gz_plugin_vendor/lib:/opt/ros/jazzy/opt/gz_fuel_tools_vendor/lib:/opt/ros/jazzy/opt/gz_msgs_vendor/lib:/opt/ros/jazzy/opt/gz_common_vendor/lib:/opt/ros/jazzy/opt/gz_math_vendor/lib:/opt/ros/jazzy/opt/gz_utils_vendor/lib:/opt/ros/jazzy/opt/gz_tools_vendor/lib:/opt/ros/jazzy/opt/gz_ogre_next_vendor/lib:/opt/ros/jazzy/opt/gz_dartsim_vendor/lib:/opt/ros/jazzy/opt/gz_cmake_vendor/lib:/opt/ros/jazzy/lib', 'OLDPWD': '/home/cnutter', 'HOME': '/home/cnutter', 'DESKTOP_SESSION': 'ubuntu', 'GTK_MODULES': 'gail:atk-bridge', 'GNOME_SHELL_SESSION_MODE': 'ubuntu', 'ROS_PYTHON_VERSION': '3', 'SYSTEMD_EXEC_PID': '28407', 'DBUS_SESSION_BUS_ADDRESS': 'unix:path=/run/user/481847517/bus', 'GSM_SKIP_SSH_AGENT_WORKAROUND': 'true', 'COLORTERM': 'truecolor', 'CONDA_CHANGEPS1': 'no', 'WAYLAND_DISPLAY': 'wayland-0', 'ROS_DISTRO': 'jazzy', 'COLCON_PREFIX_PATH': '/home/cnutter/turtlebot4_ws/install', 'LOGNAME': 'cnutter@plu.edu', '_': '/usr/bin/colcon', 'MEMORY_PRESSURE_WATCH': '/sys/fs/cgroup/user.slice/user-481847517.slice/user@481847517.service/session.slice/org.gnome.Shell@wayland.service/memory.pressure', 'XDG_SESSION_CLASS': 'user', 'ROS_VERSION': '2', 'USERNAME': 'cnutter@plu.edu', 'TERM': 'xterm-256color', 'PROMPT_EOL_MARK': '', 'ROS_SUPER_CLIENT': 'True', 'GNOME_DESKTOP_SESSION_ID': 'this-is-deprecated', 'PATH': '/opt/ros/jazzy/opt/gz_msgs_vendor/bin:/opt/ros/jazzy/opt/gz_tools_vendor/bin:/opt/ros/jazzy/opt/gz_ogre_next_vendor/bin:/opt/ros/jazzy/bin:/usr/local/sbin:/usr/local/bin:/usr/sbin:/usr/bin:/sbin:/bin:/usr/games:/usr/local/games:/snap/bin:/snap/bin', 'SESSION_MANAGER': 'local/csci20122:@/tmp/.ICE-unix/28375,unix/csci20122:/tmp/.ICE-unix/28375', 'GNOME_TERMINAL_SCREEN': '/org/gnome/Terminal/screen/d1815c0c_3a98_4119_8e51_c4952ecb9ec0', 'XDG_MENU_PREFIX': 'gnome-', 'GNOME_SETUP_DISPLAY': ':1', 'XDG_RUNTIME_DIR': '/run/user/481847517', 'DISPLAY': ':0', 'XDG_CURRENT_DESKTOP': 'ubuntu:GNOME', 'LANG': 'en_US.UTF-8', 'RMW_IMPLEMENTATION': 'rmw_fastrtps_cpp', 'XDG_SESSION_DESKTOP': 'ubuntu', 'GNOME_TERMINAL_SERVICE': ':1.132', 'XMODIFIERS': '@im=ibus', 'XAUTHORITY': '/run/user/481847517/.mutter-Xwaylandauth.BBP1O3', 'SSH_AUTH_SOCK': '/run/user/481847517/keyring/ssh', 'AMENT_PREFIX_PATH': '/home/cnutter/turtlebot4_ws/install/lab_bringup:/home/cnutter/turtlebot4_ws/install/lab5_pkg:/home/cnutter/turtlebot4_ws/install/final_bringup:/home/cnutter/turtlebot4_ws/install/lab3_pkg:/home/cnutter/turtlebot4_ws/install/lab2_pkg:/home/cnutter/turtlebot4_ws/install/lab1_pkg:/home/cnutter/turtlebot4_ws/install/final:/home/cnutter/turtlebot4_ws/install/custom_interfaces:/opt/ros/jazzy', 'ROS_DOMAIN_ID': '0', 'KRB5CCNAME': 'FILE:/tmp/krb5cc_481847517_OSmN3a', 'SHELL': '/bin/zsh', 'ROS_DISCOVERY_SERVER': '10.5.113.101:11811', 'QT_ACCESSIBILITY': '1', 'GDMSESSION': 'ubuntu', 'QT_IM_MODULE': 'ibus', 'ROS_AUTOMATIC_DISCOVERY_RANGE': 'SUBNET', 'PWD': '/home/cnutter/turtlebot4_ws/build/lab3_pkg', 'XDG_DATA_DIRS': '/usr/local/share/:/usr/share/:/var/lib/snapd/desktop', 'VIRTUAL_ENV_DISABLE_PROMPT': '12', 'PYTHONPATH': '/home/cnutter/turtlebot4_ws/build/lab3_pkg/prefix_override:/usr/lib/python3/dist-packages/colcon_core/task/python/colcon_distutils_commands:/home/cnutter/turtlebot4_ws/install/lab3_pkg/lib/python3.12/site-packages:/home/cnutter/turtlebot4_ws/install/custom_interfaces/lib/python3.12/site-packages:/home/cnutter/turtlebot4_ws/install/lab5_pkg/lib/python3.12/site-packages:/home/cnutter/turtlebot4_ws/install/lab3_pkg/lib/python3.12/site-packages:/home/cnutter/turtlebot4_ws/install/lab2_pkg/lib/python3.12/site-packages:/home/cnutter/turtlebot4_ws/install/lab1_pkg/lib/python3.12/site-packages:/home/cnutter/turtlebot4_ws/install/final/lib/python3.12/site-packages:/opt/ros/jazzy/lib/python3.12/site-packages', 'COLCON': '1', 'VTE_VERSION': '7600', 'MEMORY_PRESSURE_WRITE': 'c29tZSAyMDAwMDAgMjAwMDAwMAA=', 'CMAKE_PREFIX_PATH': '/home/cnutter/turtlebot4_ws/install/custom_interfaces:/home/cnutter/turtlebot4_ws/install/lab_bringup:/home/cnutter/turtlebot4_ws/install/final_bringup:/opt/ros/jazzy/opt/gz_sim_vendor:/opt/ros/jazzy/opt/gz_sensors_vendor:/opt/ros/jazzy/opt/gz_physics_vendor:/opt/ros/jazzy/opt/sdformat_vendor:/opt/ros/jazzy/opt/gz_gui_vendor:/opt/ros/jazzy/opt/gz_transport_vendor:/opt/ros/jazzy/opt/gz_rendering_vendor:/opt/ros/jazzy/opt/gz_plugin_vendor:/opt/ros/jazzy/opt/gz_fuel_tools_vendor:/opt/ros/jazzy/opt/gz_msgs_vendor:/opt/ros/jazzy/opt/gz_common_vendor:/opt/ros/jazzy/opt/gz_math_vendor:/opt/ros/jazzy/opt/gz_utils_vendor:/opt/ros/jazzy/opt/gz_tools_vendor:/opt/ros/jazzy/opt/gz_ogre_next_vendor:/opt/ros/jazzy/opt/gz_dartsim_vendor:/opt/ros/jazzy/opt/gz_cmake_vendor'}, 'shell': False}
[2.074598] (lab1_pkg) StdoutLine: {'line': b'Installing speed_behavior_node script to /home/cnutter/turtlebot4_ws/install/lab1_pkg/lib/lab1_pkg\n'}
[2.074936] (lab1_pkg) StdoutLine: {'line': b"writing list of installed files to '/home/cnutter/turtlebot4_ws/build/lab1_pkg/install.log'\n"}
[2.098839] (lab1_pkg) CommandEnded: {'returncode': 0}
[2.102989] (-) TimerEvent: {}
[2.106839] (lab1_pkg) JobEnded: {'identifier': 'lab1_pkg', 'rc': 0}
[2.114295] (lab2_pkg) StdoutLine: {'line': b'Installing SCOD script to /home/cnutter/turtlebot4_ws/install/lab2_pkg/lib/lab2_pkg\n'}
[2.114528] (lab2_pkg) StdoutLine: {'line': b"writing list of installed files to '/home/cnutter/turtlebot4_ws/build/lab2_pkg/install.log'\n"}
[2.135261] (lab2_pkg) CommandEnded: {'returncode': 0}
[2.141393] (lab2_pkg) JobEnded: {'identifier': 'lab2_pkg', 'rc': 0}
[2.203101] (-) TimerEvent: {}
[2.303303] (-) TimerEvent: {}
[2.322334] (lab5_pkg) StdoutLine: {'line': b'running egg_info\n'}
[2.331942] (lab3_pkg) StdoutLine: {'line': b'running egg_info\n'}
[2.346554] (lab5_pkg) StdoutLine: {'line': b'writing ../../build/lab5_pkg/lab5_pkg.egg-info/PKG-INFO\n'}
[2.346731] (lab5_pkg) StdoutLine: {'line': b'writing dependency_links to ../../build/lab5_pkg/lab5_pkg.egg-info/dependency_links.txt\n'}
[2.346954] (lab5_pkg) StdoutLine: {'line': b'writing entry points to ../../build/lab5_pkg/lab5_pkg.egg-info/entry_points.txt\n'}
[2.347167] (lab5_pkg) StdoutLine: {'line': b'writing requirements to ../../build/lab5_pkg/lab5_pkg.egg-info/requires.txt\n'}
[2.347302] (lab5_pkg) StdoutLine: {'line': b'writing top-level names to ../../build/lab5_pkg/lab5_pkg.egg-info/top_level.txt\n'}
[2.356429] (lab3_pkg) StdoutLine: {'line': b'writing ../../build/lab3_pkg/lab3_pkg.egg-info/PKG-INFO\n'}
[2.356627] (lab3_pkg) StdoutLine: {'line': b'writing dependency_links to ../../build/lab3_pkg/lab3_pkg.egg-info/dependency_links.txt\n'}
[2.356813] (lab3_pkg) StdoutLine: {'line': b'writing entry points to ../../build/lab3_pkg/lab3_pkg.egg-info/entry_points.txt\n'}
[2.356972] (lab3_pkg) StdoutLine: {'line': b'writing requirements to ../../build/lab3_pkg/lab3_pkg.egg-info/requires.txt\n'}
[2.357106] (lab3_pkg) StdoutLine: {'line': b'writing top-level names to ../../build/lab3_pkg/lab3_pkg.egg-info/top_level.txt\n'}
[2.397800] (lab5_pkg) StdoutLine: {'line': b"reading manifest file '../../build/lab5_pkg/lab5_pkg.egg-info/SOURCES.txt'\n"}
[2.398401] (lab5_pkg) StdoutLine: {'line': b"writing manifest file '../../build/lab5_pkg/lab5_pkg.egg-info/SOURCES.txt'\n"}
[2.398531] (lab5_pkg) StdoutLine: {'line': b'running build\n'}
[2.398637] (lab5_pkg) StdoutLine: {'line': b'running build_py\n'}
[2.398889] (lab5_pkg) StdoutLine: {'line': b'running install\n'}
[2.403371] (-) TimerEvent: {}
[2.404204] (lab5_pkg) StdoutLine: {'line': b'running install_lib\n'}
[2.405206] (lab3_pkg) StdoutLine: {'line': b"reading manifest file '../../build/lab3_pkg/lab3_pkg.egg-info/SOURCES.txt'\n"}
[2.405873] (lab3_pkg) StdoutLine: {'line': b"writing manifest file '../../build/lab3_pkg/lab3_pkg.egg-info/SOURCES.txt'\n"}
[2.406043] (lab3_pkg) StdoutLine: {'line': b'running build\n'}
[2.406151] (lab3_pkg) StdoutLine: {'line': b'running build_py\n'}
[2.406341] (lab3_pkg) StdoutLine: {'line': b'running install\n'}
[2.412121] (lab3_pkg) StdoutLine: {'line': b'running install_lib\n'}
[2.430453] (lab5_pkg) StdoutLine: {'line': b'running install_data\n'}
[2.430598] (lab5_pkg) StdoutLine: {'line': b'running install_egg_info\n'}
[2.437398] (lab3_pkg) StdoutLine: {'line': b'running install_data\n'}
[2.437556] (lab3_pkg) StdoutLine: {'line': b'running install_egg_info\n'}
[2.456493] (lab5_pkg) StdoutLine: {'line': b"removing '/home/cnutter/turtlebot4_ws/install/lab5_pkg/lib/python3.12/site-packages/lab5_pkg-0.0.0-py3.12.egg-info' (and everything under it)\n"}
[2.456674] (lab5_pkg) StdoutLine: {'line': b'Copying ../../build/lab5_pkg/lab5_pkg.egg-info to /home/cnutter/turtlebot4_ws/install/lab5_pkg/lib/python3.12/site-packages/lab5_pkg-0.0.0-py3.12.egg-info\n'}
[2.459541] (lab5_pkg) StdoutLine: {'line': b'running install_scripts\n'}
[2.463035] (lab3_pkg) StdoutLine: {'line': b"removing '/home/cnutter/turtlebot4_ws/install/lab3_pkg/lib/python3.12/site-packages/lab3_pkg-0.0.0-py3.12.egg-info' (and everything under it)\n"}
[2.463178] (lab3_pkg) StdoutLine: {'line': b'Copying ../../build/lab3_pkg/lab3_pkg.egg-info to /home/cnutter/turtlebot4_ws/install/lab3_pkg/lib/python3.12/site-packages/lab3_pkg-0.0.0-py3.12.egg-info\n'}
[2.464443] (lab3_pkg) StdoutLine: {'line': b'running install_scripts\n'}
[2.503450] (-) TimerEvent: {}
[2.603621] (-) TimerEvent: {}
[2.619220] (lab3_pkg) StdoutLine: {'line': b'Installing SCOD_server script to /home/cnutter/turtlebot4_ws/install/lab3_pkg/lib/lab3_pkg\n'}
[2.619431] (lab3_pkg) StdoutLine: {'line': b'Installing set_cap_client_node script to /home/cnutter/turtlebot4_ws/install/lab3_pkg/lib/lab3_pkg\n'}
[2.619770] (lab3_pkg) StdoutLine: {'line': b"writing list of installed files to '/home/cnutter/turtlebot4_ws/build/lab3_pkg/install.log'\n"}
[2.620739] (lab5_pkg) StdoutLine: {'line': b'Installing go_to_goal_client script to /home/cnutter/turtlebot4_ws/install/lab5_pkg/lib/lab5_pkg\n'}
[2.620967] (lab5_pkg) StdoutLine: {'line': b'Installing go_to_goal_server script to /home/cnutter/turtlebot4_ws/install/lab5_pkg/lib/lab5_pkg\n'}
[2.621313] (lab5_pkg) StdoutLine: {'line': b"writing list of installed files to '/home/cnutter/turtlebot4_ws/build/lab5_pkg/install.log'\n"}
[2.643336] (lab3_pkg) CommandEnded: {'returncode': 0}
[2.648532] (lab3_pkg) JobEnded: {'identifier': 'lab3_pkg', 'rc': 0}
[2.649932] (final_bringup) JobStarted: {'identifier': 'final_bringup'}
[2.654888] (lab_bringup) JobStarted: {'identifier': 'lab_bringup'}
[2.661290] (lab5_pkg) CommandEnded: {'returncode': 0}
[2.667693] (lab5_pkg) JobEnded: {'identifier': 'lab5_pkg', 'rc': 0}
[2.668883] (final_bringup) JobProgress: {'identifier': 'final_bringup', 'progress': 'cmake'}
[2.669822] (final_bringup) JobProgress: {'identifier': 'final_bringup', 'progress': 'build'}
[2.670073] (final_bringup) Command: {'cmd': ['/usr/bin/cmake', '--build', '/home/cnutter/turtlebot4_ws/build/final_bringup', '--', '-j16', '-l16'], 'cwd': '/home/cnutter/turtlebot4_ws/build/final_bringup', 'env': OrderedDict({'USER': 'cnutter@plu.edu', 'GZ_SIM_RESOURCE_PATH': '/opt/ros/jazzy/share', 'GZ_CONFIG_PATH': '/opt/ros/jazzy/opt/gz_sim_vendor/share/gz:/opt/ros/jazzy/opt/sdformat_vendor/share/gz:/opt/ros/jazzy/opt/gz_gui_vendor/share/gz:/opt/ros/jazzy/opt/gz_transport_vendor/share/gz:/opt/ros/jazzy/opt/gz_rendering_vendor/share/gz:/opt/ros/jazzy/opt/gz_plugin_vendor/share/gz:/opt/ros/jazzy/opt/gz_fuel_tools_vendor/share/gz:/opt/ros/jazzy/opt/gz_msgs_vendor/share/gz:/opt/ros/jazzy/opt/gz_common_vendor/share/gz', 'XDG_SESSION_TYPE': 'wayland', 'CLUTTER_DISABLE_MIPMAPPED_TEXT': '1', 'SHLVL': '1', 'LD_LIBRARY_PATH': '/home/cnutter/turtlebot4_ws/install/custom_interfaces/lib:/opt/ros/jazzy/opt/gz_sim_vendor/lib:/opt/ros/jazzy/opt/gz_sensors_vendor/lib:/opt/ros/jazzy/opt/gz_physics_vendor/lib:/opt/ros/jazzy/opt/sdformat_vendor/lib:/opt/ros/jazzy/opt/rviz_ogre_vendor/lib:/opt/ros/jazzy/lib/x86_64-linux-gnu:/opt/ros/jazzy/opt/gz_gui_vendor/lib:/opt/ros/jazzy/opt/gz_transport_vendor/lib:/opt/ros/jazzy/opt/gz_rendering_vendor/lib:/opt/ros/jazzy/opt/gz_plugin_vendor/lib:/opt/ros/jazzy/opt/gz_fuel_tools_vendor/lib:/opt/ros/jazzy/opt/gz_msgs_vendor/lib:/opt/ros/jazzy/opt/gz_common_vendor/lib:/opt/ros/jazzy/opt/gz_math_vendor/lib:/opt/ros/jazzy/opt/gz_utils_vendor/lib:/opt/ros/jazzy/opt/gz_tools_vendor/lib:/opt/ros/jazzy/opt/gz_ogre_next_vendor/lib:/opt/ros/jazzy/opt/gz_dartsim_vendor/lib:/opt/ros/jazzy/opt/gz_cmake_vendor/lib:/opt/ros/jazzy/lib', 'OLDPWD': '/home/cnutter', 'HOME': '/home/cnutter', 'DESKTOP_SESSION': 'ubuntu', 'GTK_MODULES': 'gail:atk-bridge', 'GNOME_SHELL_SESSION_MODE': 'ubuntu', 'ROS_PYTHON_VERSION': '3', 'SYSTEMD_EXEC_PID': '28407', 'DBUS_SESSION_BUS_ADDRESS': 'unix:path=/run/user/481847517/bus', 'GSM_SKIP_SSH_AGENT_WORKAROUND': 'true', 'COLORTERM': 'truecolor', 'CONDA_CHANGEPS1': 'no', 'WAYLAND_DISPLAY': 'wayland-0', 'ROS_DISTRO': 'jazzy', 'COLCON_PREFIX_PATH': '/home/cnutter/turtlebot4_ws/install', 'LOGNAME': 'cnutter@plu.edu', '_': '/usr/bin/colcon', 'MEMORY_PRESSURE_WATCH': '/sys/fs/cgroup/user.slice/user-481847517.slice/user@481847517.service/session.slice/org.gnome.Shell@wayland.service/memory.pressure', 'XDG_SESSION_CLASS': 'user', 'ROS_VERSION': '2', 'USERNAME': 'cnutter@plu.edu', 'TERM': 'xterm-256color', 'PROMPT_EOL_MARK': '', 'ROS_SUPER_CLIENT': 'True', 'GNOME_DESKTOP_SESSION_ID': 'this-is-deprecated', 'PATH': '/opt/ros/jazzy/opt/gz_msgs_vendor/bin:/opt/ros/jazzy/opt/gz_tools_vendor/bin:/opt/ros/jazzy/opt/gz_ogre_next_vendor/bin:/opt/ros/jazzy/bin:/usr/local/sbin:/usr/local/bin:/usr/sbin:/usr/bin:/sbin:/bin:/usr/games:/usr/local/games:/snap/bin:/snap/bin', 'SESSION_MANAGER': 'local/csci20122:@/tmp/.ICE-unix/28375,unix/csci20122:/tmp/.ICE-unix/28375', 'GNOME_TERMINAL_SCREEN': '/org/gnome/Terminal/screen/d1815c0c_3a98_4119_8e51_c4952ecb9ec0', 'XDG_MENU_PREFIX': 'gnome-', 'GNOME_SETUP_DISPLAY': ':1', 'XDG_RUNTIME_DIR': '/run/user/481847517', 'DISPLAY': ':0', 'XDG_CURRENT_DESKTOP': 'ubuntu:GNOME', 'LANG': 'en_US.UTF-8', 'RMW_IMPLEMENTATION': 'rmw_fastrtps_cpp', 'XDG_SESSION_DESKTOP': 'ubuntu', 'GNOME_TERMINAL_SERVICE': ':1.132', 'XMODIFIERS': '@im=ibus', 'XAUTHORITY': '/run/user/481847517/.mutter-Xwaylandauth.BBP1O3', 'SSH_AUTH_SOCK': '/run/user/481847517/keyring/ssh', 'AMENT_PREFIX_PATH': '/home/cnutter/turtlebot4_ws/install/lab3_pkg:/home/cnutter/turtlebot4_ws/install/lab_bringup:/home/cnutter/turtlebot4_ws/install/lab5_pkg:/home/cnutter/turtlebot4_ws/install/final_bringup:/home/cnutter/turtlebot4_ws/install/lab2_pkg:/home/cnutter/turtlebot4_ws/install/lab1_pkg:/home/cnutter/turtlebot4_ws/install/final:/home/cnutter/turtlebot4_ws/install/custom_interfaces:/opt/ros/jazzy', 'ROS_DOMAIN_ID': '0', 'KRB5CCNAME': 'FILE:/tmp/krb5cc_481847517_OSmN3a', 'SHELL': '/bin/zsh', 'ROS_DISCOVERY_SERVER': '10.5.113.101:11811', 'QT_ACCESSIBILITY': '1', 'GDMSESSION': 'ubuntu', 'QT_IM_MODULE': 'ibus', 'ROS_AUTOMATIC_DISCOVERY_RANGE': 'SUBNET', 'PWD': '/home/cnutter/turtlebot4_ws/build/final_bringup', 'XDG_DATA_DIRS': '/usr/local/share/:/usr/share/:/var/lib/snapd/desktop', 'VIRTUAL_ENV_DISABLE_PROMPT': '12', 'PYTHONPATH': '/home/cnutter/turtlebot4_ws/install/lab3_pkg/lib/python3.12/site-packages:/home/cnutter/turtlebot4_ws/install/final/lib/python3.12/site-packages:/home/cnutter/turtlebot4_ws/install/custom_interfaces/lib/python3.12/site-packages:/home/cnutter/turtlebot4_ws/install/lab5_pkg/lib/python3.12/site-packages:/home/cnutter/turtlebot4_ws/install/lab2_pkg/lib/python3.12/site-packages:/home/cnutter/turtlebot4_ws/install/lab1_pkg/lib/python3.12/site-packages:/opt/ros/jazzy/lib/python3.12/site-packages', 'COLCON': '1', 'VTE_VERSION': '7600', 'MEMORY_PRESSURE_WRITE': 'c29tZSAyMDAwMDAgMjAwMDAwMAA=', 'CMAKE_PREFIX_PATH': '/home/cnutter/turtlebot4_ws/install/custom_interfaces:/home/cnutter/turtlebot4_ws/install/lab_bringup:/home/cnutter/turtlebot4_ws/install/final_bringup:/opt/ros/jazzy/opt/gz_sim_vendor:/opt/ros/jazzy/opt/gz_sensors_vendor:/opt/ros/jazzy/opt/gz_physics_vendor:/opt/ros/jazzy/opt/sdformat_vendor:/opt/ros/jazzy/opt/gz_gui_vendor:/opt/ros/jazzy/opt/gz_transport_vendor:/opt/ros/jazzy/opt/gz_rendering_vendor:/opt/ros/jazzy/opt/gz_plugin_vendor:/opt/ros/jazzy/opt/gz_fuel_tools_vendor:/opt/ros/jazzy/opt/gz_msgs_vendor:/opt/ros/jazzy/opt/gz_common_vendor:/opt/ros/jazzy/opt/gz_math_vendor:/opt/ros/jazzy/opt/gz_utils_vendor:/opt/ros/jazzy/opt/gz_tools_vendor:/opt/ros/jazzy/opt/gz_ogre_next_vendor:/opt/ros/jazzy/opt/gz_dartsim_vendor:/opt/ros/jazzy/opt/gz_cmake_vendor:/home/cnutter/turtlebot4_ws/install/lab5_pkg:/home/cnutter/turtlebot4_ws/install/lab3_pkg:/home/cnutter/turtlebot4_ws/install/lab2_pkg:/home/cnutter/turtlebot4_ws/install/lab1_pkg:/home/cnutter/turtlebot4_ws/install/final:/opt/ros/jazzy'}), 'shell': False}
[2.671752] (lab_bringup) JobProgress: {'identifier': 'lab_bringup', 'progress': 'cmake'}
[2.672041] (lab_bringup) JobProgress: {'identifier': 'lab_bringup', 'progress': 'build'}
[2.672282] (lab_bringup) Command: {'cmd': ['/usr/bin/cmake', '--build', '/home/cnutter/turtlebot4_ws/build/lab_bringup', '--', '-j16', '-l16'], 'cwd': '/home/cnutter/turtlebot4_ws/build/lab_bringup', 'env': OrderedDict({'USER': 'cnutter@plu.edu', 'GZ_SIM_RESOURCE_PATH': '/opt/ros/jazzy/share', 'GZ_CONFIG_PATH': '/opt/ros/jazzy/opt/gz_sim_vendor/share/gz:/opt/ros/jazzy/opt/sdformat_vendor/share/gz:/opt/ros/jazzy/opt/gz_gui_vendor/share/gz:/opt/ros/jazzy/opt/gz_transport_vendor/share/gz:/opt/ros/jazzy/opt/gz_rendering_vendor/share/gz:/opt/ros/jazzy/opt/gz_plugin_vendor/share/gz:/opt/ros/jazzy/opt/gz_fuel_tools_vendor/share/gz:/opt/ros/jazzy/opt/gz_msgs_vendor/share/gz:/opt/ros/jazzy/opt/gz_common_vendor/share/gz', 'XDG_SESSION_TYPE': 'wayland', 'CLUTTER_DISABLE_MIPMAPPED_TEXT': '1', 'SHLVL': '1', 'LD_LIBRARY_PATH': '/home/cnutter/turtlebot4_ws/install/custom_interfaces/lib:/opt/ros/jazzy/opt/gz_sim_vendor/lib:/opt/ros/jazzy/opt/gz_sensors_vendor/lib:/opt/ros/jazzy/opt/gz_physics_vendor/lib:/opt/ros/jazzy/opt/sdformat_vendor/lib:/opt/ros/jazzy/opt/rviz_ogre_vendor/lib:/opt/ros/jazzy/lib/x86_64-linux-gnu:/opt/ros/jazzy/opt/gz_gui_vendor/lib:/opt/ros/jazzy/opt/gz_transport_vendor/lib:/opt/ros/jazzy/opt/gz_rendering_vendor/lib:/opt/ros/jazzy/opt/gz_plugin_vendor/lib:/opt/ros/jazzy/opt/gz_fuel_tools_vendor/lib:/opt/ros/jazzy/opt/gz_msgs_vendor/lib:/opt/ros/jazzy/opt/gz_common_vendor/lib:/opt/ros/jazzy/opt/gz_math_vendor/lib:/opt/ros/jazzy/opt/gz_utils_vendor/lib:/opt/ros/jazzy/opt/gz_tools_vendor/lib:/opt/ros/jazzy/opt/gz_ogre_next_vendor/lib:/opt/ros/jazzy/opt/gz_dartsim_vendor/lib:/opt/ros/jazzy/opt/gz_cmake_vendor/lib:/opt/ros/jazzy/lib', 'OLDPWD': '/home/cnutter', 'HOME': '/home/cnutter', 'DESKTOP_SESSION': 'ubuntu', 'GTK_MODULES': 'gail:atk-bridge', 'GNOME_SHELL_SESSION_MODE': 'ubuntu', 'ROS_PYTHON_VERSION': '3', 'SYSTEMD_EXEC_PID': '28407', 'DBUS_SESSION_BUS_ADDRESS': 'unix:path=/run/user/481847517/bus', 'GSM_SKIP_SSH_AGENT_WORKAROUND': 'true', 'COLORTERM': 'truecolor', 'CONDA_CHANGEPS1': 'no', 'WAYLAND_DISPLAY': 'wayland-0', 'ROS_DISTRO': 'jazzy', 'COLCON_PREFIX_PATH': '/home/cnutter/turtlebot4_ws/install', 'LOGNAME': 'cnutter@plu.edu', '_': '/usr/bin/colcon', 'MEMORY_PRESSURE_WATCH': '/sys/fs/cgroup/user.slice/user-481847517.slice/user@481847517.service/session.slice/org.gnome.Shell@wayland.service/memory.pressure', 'XDG_SESSION_CLASS': 'user', 'ROS_VERSION': '2', 'USERNAME': 'cnutter@plu.edu', 'TERM': 'xterm-256color', 'PROMPT_EOL_MARK': '', 'ROS_SUPER_CLIENT': 'True', 'GNOME_DESKTOP_SESSION_ID': 'this-is-deprecated', 'PATH': '/opt/ros/jazzy/opt/gz_msgs_vendor/bin:/opt/ros/jazzy/opt/gz_tools_vendor/bin:/opt/ros/jazzy/opt/gz_ogre_next_vendor/bin:/opt/ros/jazzy/bin:/usr/local/sbin:/usr/local/bin:/usr/sbin:/usr/bin:/sbin:/bin:/usr/games:/usr/local/games:/snap/bin:/snap/bin', 'SESSION_MANAGER': 'local/csci20122:@/tmp/.ICE-unix/28375,unix/csci20122:/tmp/.ICE-unix/28375', 'GNOME_TERMINAL_SCREEN': '/org/gnome/Terminal/screen/d1815c0c_3a98_4119_8e51_c4952ecb9ec0', 'XDG_MENU_PREFIX': 'gnome-', 'GNOME_SETUP_DISPLAY': ':1', 'XDG_RUNTIME_DIR': '/run/user/481847517', 'DISPLAY': ':0', 'XDG_CURRENT_DESKTOP': 'ubuntu:GNOME', 'LANG': 'en_US.UTF-8', 'RMW_IMPLEMENTATION': 'rmw_fastrtps_cpp', 'XDG_SESSION_DESKTOP': 'ubuntu', 'GNOME_TERMINAL_SERVICE': ':1.132', 'XMODIFIERS': '@im=ibus', 'XAUTHORITY': '/run/user/481847517/.mutter-Xwaylandauth.BBP1O3', 'SSH_AUTH_SOCK': '/run/user/481847517/keyring/ssh', 'AMENT_PREFIX_PATH': '/home/cnutter/turtlebot4_ws/install/lab3_pkg:/home/cnutter/turtlebot4_ws/install/lab_bringup:/home/cnutter/turtlebot4_ws/install/lab5_pkg:/home/cnutter/turtlebot4_ws/install/final_bringup:/home/cnutter/turtlebot4_ws/install/lab2_pkg:/home/cnutter/turtlebot4_ws/install/lab1_pkg:/home/cnutter/turtlebot4_ws/install/final:/home/cnutter/turtlebot4_ws/install/custom_interfaces:/opt/ros/jazzy', 'ROS_DOMAIN_ID': '0', 'KRB5CCNAME': 'FILE:/tmp/krb5cc_481847517_OSmN3a', 'SHELL': '/bin/zsh', 'ROS_DISCOVERY_SERVER': '10.5.113.101:11811', 'QT_ACCESSIBILITY': '1', 'GDMSESSION': 'ubuntu', 'QT_IM_MODULE': 'ibus', 'ROS_AUTOMATIC_DISCOVERY_RANGE': 'SUBNET', 'PWD': '/home/cnutter/turtlebot4_ws/build/lab_bringup', 'XDG_DATA_DIRS': '/usr/local/share/:/usr/share/:/var/lib/snapd/desktop', 'VIRTUAL_ENV_DISABLE_PROMPT': '12', 'PYTHONPATH': '/home/cnutter/turtlebot4_ws/install/lab3_pkg/lib/python3.12/site-packages:/home/cnutter/turtlebot4_ws/install/custom_interfaces/lib/python3.12/site-packages:/home/cnutter/turtlebot4_ws/install/lab5_pkg/lib/python3.12/site-packages:/home/cnutter/turtlebot4_ws/install/lab2_pkg/lib/python3.12/site-packages:/home/cnutter/turtlebot4_ws/install/lab1_pkg/lib/python3.12/site-packages:/home/cnutter/turtlebot4_ws/install/final/lib/python3.12/site-packages:/opt/ros/jazzy/lib/python3.12/site-packages', 'COLCON': '1', 'VTE_VERSION': '7600', 'MEMORY_PRESSURE_WRITE': 'c29tZSAyMDAwMDAgMjAwMDAwMAA=', 'CMAKE_PREFIX_PATH': '/home/cnutter/turtlebot4_ws/install/custom_interfaces:/home/cnutter/turtlebot4_ws/install/lab_bringup:/home/cnutter/turtlebot4_ws/install/final_bringup:/opt/ros/jazzy/opt/gz_sim_vendor:/opt/ros/jazzy/opt/gz_sensors_vendor:/opt/ros/jazzy/opt/gz_physics_vendor:/opt/ros/jazzy/opt/sdformat_vendor:/opt/ros/jazzy/opt/gz_gui_vendor:/opt/ros/jazzy/opt/gz_transport_vendor:/opt/ros/jazzy/opt/gz_rendering_vendor:/opt/ros/jazzy/opt/gz_plugin_vendor:/opt/ros/jazzy/opt/gz_fuel_tools_vendor:/opt/ros/jazzy/opt/gz_msgs_vendor:/opt/ros/jazzy/opt/gz_common_vendor:/opt/ros/jazzy/opt/gz_math_vendor:/opt/ros/jazzy/opt/gz_utils_vendor:/opt/ros/jazzy/opt/gz_tools_vendor:/opt/ros/jazzy/opt/gz_ogre_next_vendor:/opt/ros/jazzy/opt/gz_dartsim_vendor:/opt/ros/jazzy/opt/gz_cmake_vendor:/home/cnutter/turtlebot4_ws/install/lab5_pkg:/home/cnutter/turtlebot4_ws/install/lab3_pkg:/home/cnutter/turtlebot4_ws/install/lab2_pkg:/home/cnutter/turtlebot4_ws/install/lab1_pkg:/home/cnutter/turtlebot4_ws/install/final:/opt/ros/jazzy'}), 'shell': False}
[2.703726] (-) TimerEvent: {}
[2.709498] (final_bringup) CommandEnded: {'returncode': 0}
[2.710274] (final_bringup) JobProgress: {'identifier': 'final_bringup', 'progress': 'install'}
[2.710496] (final_bringup) Command: {'cmd': ['/usr/bin/cmake', '--install', '/home/cnutter/turtlebot4_ws/build/final_bringup'], 'cwd': '/home/cnutter/turtlebot4_ws/build/final_bringup', 'env': OrderedDict({'USER': 'cnutter@plu.edu', 'GZ_SIM_RESOURCE_PATH': '/opt/ros/jazzy/share', 'GZ_CONFIG_PATH': '/opt/ros/jazzy/opt/gz_sim_vendor/share/gz:/opt/ros/jazzy/opt/sdformat_vendor/share/gz:/opt/ros/jazzy/opt/gz_gui_vendor/share/gz:/opt/ros/jazzy/opt/gz_transport_vendor/share/gz:/opt/ros/jazzy/opt/gz_rendering_vendor/share/gz:/opt/ros/jazzy/opt/gz_plugin_vendor/share/gz:/opt/ros/jazzy/opt/gz_fuel_tools_vendor/share/gz:/opt/ros/jazzy/opt/gz_msgs_vendor/share/gz:/opt/ros/jazzy/opt/gz_common_vendor/share/gz', 'XDG_SESSION_TYPE': 'wayland', 'CLUTTER_DISABLE_MIPMAPPED_TEXT': '1', 'SHLVL': '1', 'LD_LIBRARY_PATH': '/home/cnutter/turtlebot4_ws/install/custom_interfaces/lib:/opt/ros/jazzy/opt/gz_sim_vendor/lib:/opt/ros/jazzy/opt/gz_sensors_vendor/lib:/opt/ros/jazzy/opt/gz_physics_vendor/lib:/opt/ros/jazzy/opt/sdformat_vendor/lib:/opt/ros/jazzy/opt/rviz_ogre_vendor/lib:/opt/ros/jazzy/lib/x86_64-linux-gnu:/opt/ros/jazzy/opt/gz_gui_vendor/lib:/opt/ros/jazzy/opt/gz_transport_vendor/lib:/opt/ros/jazzy/opt/gz_rendering_vendor/lib:/opt/ros/jazzy/opt/gz_plugin_vendor/lib:/opt/ros/jazzy/opt/gz_fuel_tools_vendor/lib:/opt/ros/jazzy/opt/gz_msgs_vendor/lib:/opt/ros/jazzy/opt/gz_common_vendor/lib:/opt/ros/jazzy/opt/gz_math_vendor/lib:/opt/ros/jazzy/opt/gz_utils_vendor/lib:/opt/ros/jazzy/opt/gz_tools_vendor/lib:/opt/ros/jazzy/opt/gz_ogre_next_vendor/lib:/opt/ros/jazzy/opt/gz_dartsim_vendor/lib:/opt/ros/jazzy/opt/gz_cmake_vendor/lib:/opt/ros/jazzy/lib', 'OLDPWD': '/home/cnutter', 'HOME': '/home/cnutter', 'DESKTOP_SESSION': 'ubuntu', 'GTK_MODULES': 'gail:atk-bridge', 'GNOME_SHELL_SESSION_MODE': 'ubuntu', 'ROS_PYTHON_VERSION': '3', 'SYSTEMD_EXEC_PID': '28407', 'DBUS_SESSION_BUS_ADDRESS': 'unix:path=/run/user/481847517/bus', 'GSM_SKIP_SSH_AGENT_WORKAROUND': 'true', 'COLORTERM': 'truecolor', 'CONDA_CHANGEPS1': 'no', 'WAYLAND_DISPLAY': 'wayland-0', 'ROS_DISTRO': 'jazzy', 'COLCON_PREFIX_PATH': '/home/cnutter/turtlebot4_ws/install', 'LOGNAME': 'cnutter@plu.edu', '_': '/usr/bin/colcon', 'MEMORY_PRESSURE_WATCH': '/sys/fs/cgroup/user.slice/user-481847517.slice/user@481847517.service/session.slice/org.gnome.Shell@wayland.service/memory.pressure', 'XDG_SESSION_CLASS': 'user', 'ROS_VERSION': '2', 'USERNAME': 'cnutter@plu.edu', 'TERM': 'xterm-256color', 'PROMPT_EOL_MARK': '', 'ROS_SUPER_CLIENT': 'True', 'GNOME_DESKTOP_SESSION_ID': 'this-is-deprecated', 'PATH': '/opt/ros/jazzy/opt/gz_msgs_vendor/bin:/opt/ros/jazzy/opt/gz_tools_vendor/bin:/opt/ros/jazzy/opt/gz_ogre_next_vendor/bin:/opt/ros/jazzy/bin:/usr/local/sbin:/usr/local/bin:/usr/sbin:/usr/bin:/sbin:/bin:/usr/games:/usr/local/games:/snap/bin:/snap/bin', 'SESSION_MANAGER': 'local/csci20122:@/tmp/.ICE-unix/28375,unix/csci20122:/tmp/.ICE-unix/28375', 'GNOME_TERMINAL_SCREEN': '/org/gnome/Terminal/screen/d1815c0c_3a98_4119_8e51_c4952ecb9ec0', 'XDG_MENU_PREFIX': 'gnome-', 'GNOME_SETUP_DISPLAY': ':1', 'XDG_RUNTIME_DIR': '/run/user/481847517', 'DISPLAY': ':0', 'XDG_CURRENT_DESKTOP': 'ubuntu:GNOME', 'LANG': 'en_US.UTF-8', 'RMW_IMPLEMENTATION': 'rmw_fastrtps_cpp', 'XDG_SESSION_DESKTOP': 'ubuntu', 'GNOME_TERMINAL_SERVICE': ':1.132', 'XMODIFIERS': '@im=ibus', 'XAUTHORITY': '/run/user/481847517/.mutter-Xwaylandauth.BBP1O3', 'SSH_AUTH_SOCK': '/run/user/481847517/keyring/ssh', 'AMENT_PREFIX_PATH': '/home/cnutter/turtlebot4_ws/install/lab3_pkg:/home/cnutter/turtlebot4_ws/install/lab_bringup:/home/cnutter/turtlebot4_ws/install/lab5_pkg:/home/cnutter/turtlebot4_ws/install/final_bringup:/home/cnutter/turtlebot4_ws/install/lab2_pkg:/home/cnutter/turtlebot4_ws/install/lab1_pkg:/home/cnutter/turtlebot4_ws/install/final:/home/cnutter/turtlebot4_ws/install/custom_interfaces:/opt/ros/jazzy', 'ROS_DOMAIN_ID': '0', 'KRB5CCNAME': 'FILE:/tmp/krb5cc_481847517_OSmN3a', 'SHELL': '/bin/zsh', 'ROS_DISCOVERY_SERVER': '10.5.113.101:11811', 'QT_ACCESSIBILITY': '1', 'GDMSESSION': 'ubuntu', 'QT_IM_MODULE': 'ibus', 'ROS_AUTOMATIC_DISCOVERY_RANGE': 'SUBNET', 'PWD': '/home/cnutter/turtlebot4_ws/build/final_bringup', 'XDG_DATA_DIRS': '/usr/local/share/:/usr/share/:/var/lib/snapd/desktop', 'VIRTUAL_ENV_DISABLE_PROMPT': '12', 'PYTHONPATH': '/home/cnutter/turtlebot4_ws/install/lab3_pkg/lib/python3.12/site-packages:/home/cnutter/turtlebot4_ws/install/final/lib/python3.12/site-packages:/home/cnutter/turtlebot4_ws/install/custom_interfaces/lib/python3.12/site-packages:/home/cnutter/turtlebot4_ws/install/lab5_pkg/lib/python3.12/site-packages:/home/cnutter/turtlebot4_ws/install/lab2_pkg/lib/python3.12/site-packages:/home/cnutter/turtlebot4_ws/install/lab1_pkg/lib/python3.12/site-packages:/opt/ros/jazzy/lib/python3.12/site-packages', 'COLCON': '1', 'VTE_VERSION': '7600', 'MEMORY_PRESSURE_WRITE': 'c29tZSAyMDAwMDAgMjAwMDAwMAA=', 'CMAKE_PREFIX_PATH': '/home/cnutter/turtlebot4_ws/install/custom_interfaces:/home/cnutter/turtlebot4_ws/install/lab_bringup:/home/cnutter/turtlebot4_ws/install/final_bringup:/opt/ros/jazzy/opt/gz_sim_vendor:/opt/ros/jazzy/opt/gz_sensors_vendor:/opt/ros/jazzy/opt/gz_physics_vendor:/opt/ros/jazzy/opt/sdformat_vendor:/opt/ros/jazzy/opt/gz_gui_vendor:/opt/ros/jazzy/opt/gz_transport_vendor:/opt/ros/jazzy/opt/gz_rendering_vendor:/opt/ros/jazzy/opt/gz_plugin_vendor:/opt/ros/jazzy/opt/gz_fuel_tools_vendor:/opt/ros/jazzy/opt/gz_msgs_vendor:/opt/ros/jazzy/opt/gz_common_vendor:/opt/ros/jazzy/opt/gz_math_vendor:/opt/ros/jazzy/opt/gz_utils_vendor:/opt/ros/jazzy/opt/gz_tools_vendor:/opt/ros/jazzy/opt/gz_ogre_next_vendor:/opt/ros/jazzy/opt/gz_dartsim_vendor:/opt/ros/jazzy/opt/gz_cmake_vendor:/home/cnutter/turtlebot4_ws/install/lab5_pkg:/home/cnutter/turtlebot4_ws/install/lab3_pkg:/home/cnutter/turtlebot4_ws/install/lab2_pkg:/home/cnutter/turtlebot4_ws/install/lab1_pkg:/home/cnutter/turtlebot4_ws/install/final:/opt/ros/jazzy'}), 'shell': False}
[2.711374] (lab_bringup) CommandEnded: {'returncode': 0}
[2.711934] (lab_bringup) JobProgress: {'identifier': 'lab_bringup', 'progress': 'install'}
[2.712293] (lab_bringup) Command: {'cmd': ['/usr/bin/cmake', '--install', '/home/cnutter/turtlebot4_ws/build/lab_bringup'], 'cwd': '/home/cnutter/turtlebot4_ws/build/lab_bringup', 'env': OrderedDict({'USER': 'cnutter@plu.edu', 'GZ_SIM_RESOURCE_PATH': '/opt/ros/jazzy/share', 'GZ_CONFIG_PATH': '/opt/ros/jazzy/opt/gz_sim_vendor/share/gz:/opt/ros/jazzy/opt/sdformat_vendor/share/gz:/opt/ros/jazzy/opt/gz_gui_vendor/share/gz:/opt/ros/jazzy/opt/gz_transport_vendor/share/gz:/opt/ros/jazzy/opt/gz_rendering_vendor/share/gz:/opt/ros/jazzy/opt/gz_plugin_vendor/share/gz:/opt/ros/jazzy/opt/gz_fuel_tools_vendor/share/gz:/opt/ros/jazzy/opt/gz_msgs_vendor/share/gz:/opt/ros/jazzy/opt/gz_common_vendor/share/gz', 'XDG_SESSION_TYPE': 'wayland', 'CLUTTER_DISABLE_MIPMAPPED_TEXT': '1', 'SHLVL': '1', 'LD_LIBRARY_PATH': '/home/cnutter/turtlebot4_ws/install/custom_interfaces/lib:/opt/ros/jazzy/opt/gz_sim_vendor/lib:/opt/ros/jazzy/opt/gz_sensors_vendor/lib:/opt/ros/jazzy/opt/gz_physics_vendor/lib:/opt/ros/jazzy/opt/sdformat_vendor/lib:/opt/ros/jazzy/opt/rviz_ogre_vendor/lib:/opt/ros/jazzy/lib/x86_64-linux-gnu:/opt/ros/jazzy/opt/gz_gui_vendor/lib:/opt/ros/jazzy/opt/gz_transport_vendor/lib:/opt/ros/jazzy/opt/gz_rendering_vendor/lib:/opt/ros/jazzy/opt/gz_plugin_vendor/lib:/opt/ros/jazzy/opt/gz_fuel_tools_vendor/lib:/opt/ros/jazzy/opt/gz_msgs_vendor/lib:/opt/ros/jazzy/opt/gz_common_vendor/lib:/opt/ros/jazzy/opt/gz_math_vendor/lib:/opt/ros/jazzy/opt/gz_utils_vendor/lib:/opt/ros/jazzy/opt/gz_tools_vendor/lib:/opt/ros/jazzy/opt/gz_ogre_next_vendor/lib:/opt/ros/jazzy/opt/gz_dartsim_vendor/lib:/opt/ros/jazzy/opt/gz_cmake_vendor/lib:/opt/ros/jazzy/lib', 'OLDPWD': '/home/cnutter', 'HOME': '/home/cnutter', 'DESKTOP_SESSION': 'ubuntu', 'GTK_MODULES': 'gail:atk-bridge', 'GNOME_SHELL_SESSION_MODE': 'ubuntu', 'ROS_PYTHON_VERSION': '3', 'SYSTEMD_EXEC_PID': '28407', 'DBUS_SESSION_BUS_ADDRESS': 'unix:path=/run/user/481847517/bus', 'GSM_SKIP_SSH_AGENT_WORKAROUND': 'true', 'COLORTERM': 'truecolor', 'CONDA_CHANGEPS1': 'no', 'WAYLAND_DISPLAY': 'wayland-0', 'ROS_DISTRO': 'jazzy', 'COLCON_PREFIX_PATH': '/home/cnutter/turtlebot4_ws/install', 'LOGNAME': 'cnutter@plu.edu', '_': '/usr/bin/colcon', 'MEMORY_PRESSURE_WATCH': '/sys/fs/cgroup/user.slice/user-481847517.slice/user@481847517.service/session.slice/org.gnome.Shell@wayland.service/memory.pressure', 'XDG_SESSION_CLASS': 'user', 'ROS_VERSION': '2', 'USERNAME': 'cnutter@plu.edu', 'TERM': 'xterm-256color', 'PROMPT_EOL_MARK': '', 'ROS_SUPER_CLIENT': 'True', 'GNOME_DESKTOP_SESSION_ID': 'this-is-deprecated', 'PATH': '/opt/ros/jazzy/opt/gz_msgs_vendor/bin:/opt/ros/jazzy/opt/gz_tools_vendor/bin:/opt/ros/jazzy/opt/gz_ogre_next_vendor/bin:/opt/ros/jazzy/bin:/usr/local/sbin:/usr/local/bin:/usr/sbin:/usr/bin:/sbin:/bin:/usr/games:/usr/local/games:/snap/bin:/snap/bin', 'SESSION_MANAGER': 'local/csci20122:@/tmp/.ICE-unix/28375,unix/csci20122:/tmp/.ICE-unix/28375', 'GNOME_TERMINAL_SCREEN': '/org/gnome/Terminal/screen/d1815c0c_3a98_4119_8e51_c4952ecb9ec0', 'XDG_MENU_PREFIX': 'gnome-', 'GNOME_SETUP_DISPLAY': ':1', 'XDG_RUNTIME_DIR': '/run/user/481847517', 'DISPLAY': ':0', 'XDG_CURRENT_DESKTOP': 'ubuntu:GNOME', 'LANG': 'en_US.UTF-8', 'RMW_IMPLEMENTATION': 'rmw_fastrtps_cpp', 'XDG_SESSION_DESKTOP': 'ubuntu', 'GNOME_TERMINAL_SERVICE': ':1.132', 'XMODIFIERS': '@im=ibus', 'XAUTHORITY': '/run/user/481847517/.mutter-Xwaylandauth.BBP1O3', 'SSH_AUTH_SOCK': '/run/user/481847517/keyring/ssh', 'AMENT_PREFIX_PATH': '/home/cnutter/turtlebot4_ws/install/lab3_pkg:/home/cnutter/turtlebot4_ws/install/lab_bringup:/home/cnutter/turtlebot4_ws/install/lab5_pkg:/home/cnutter/turtlebot4_ws/install/final_bringup:/home/cnutter/turtlebot4_ws/install/lab2_pkg:/home/cnutter/turtlebot4_ws/install/lab1_pkg:/home/cnutter/turtlebot4_ws/install/final:/home/cnutter/turtlebot4_ws/install/custom_interfaces:/opt/ros/jazzy', 'ROS_DOMAIN_ID': '0', 'KRB5CCNAME': 'FILE:/tmp/krb5cc_481847517_OSmN3a', 'SHELL': '/bin/zsh', 'ROS_DISCOVERY_SERVER': '10.5.113.101:11811', 'QT_ACCESSIBILITY': '1', 'GDMSESSION': 'ubuntu', 'QT_IM_MODULE': 'ibus', 'ROS_AUTOMATIC_DISCOVERY_RANGE': 'SUBNET', 'PWD': '/home/cnutter/turtlebot4_ws/build/lab_bringup', 'XDG_DATA_DIRS': '/usr/local/share/:/usr/share/:/var/lib/snapd/desktop', 'VIRTUAL_ENV_DISABLE_PROMPT': '12', 'PYTHONPATH': '/home/cnutter/turtlebot4_ws/install/lab3_pkg/lib/python3.12/site-packages:/home/cnutter/turtlebot4_ws/install/custom_interfaces/lib/python3.12/site-packages:/home/cnutter/turtlebot4_ws/install/lab5_pkg/lib/python3.12/site-packages:/home/cnutter/turtlebot4_ws/install/lab2_pkg/lib/python3.12/site-packages:/home/cnutter/turtlebot4_ws/install/lab1_pkg/lib/python3.12/site-packages:/home/cnutter/turtlebot4_ws/install/final/lib/python3.12/site-packages:/opt/ros/jazzy/lib/python3.12/site-packages', 'COLCON': '1', 'VTE_VERSION': '7600', 'MEMORY_PRESSURE_WRITE': 'c29tZSAyMDAwMDAgMjAwMDAwMAA=', 'CMAKE_PREFIX_PATH': '/home/cnutter/turtlebot4_ws/install/custom_interfaces:/home/cnutter/turtlebot4_ws/install/lab_bringup:/home/cnutter/turtlebot4_ws/install/final_bringup:/opt/ros/jazzy/opt/gz_sim_vendor:/opt/ros/jazzy/opt/gz_sensors_vendor:/opt/ros/jazzy/opt/gz_physics_vendor:/opt/ros/jazzy/opt/sdformat_vendor:/opt/ros/jazzy/opt/gz_gui_vendor:/opt/ros/jazzy/opt/gz_transport_vendor:/opt/ros/jazzy/opt/gz_rendering_vendor:/opt/ros/jazzy/opt/gz_plugin_vendor:/opt/ros/jazzy/opt/gz_fuel_tools_vendor:/opt/ros/jazzy/opt/gz_msgs_vendor:/opt/ros/jazzy/opt/gz_common_vendor:/opt/ros/jazzy/opt/gz_math_vendor:/opt/ros/jazzy/opt/gz_utils_vendor:/opt/ros/jazzy/opt/gz_tools_vendor:/opt/ros/jazzy/opt/gz_ogre_next_vendor:/opt/ros/jazzy/opt/gz_dartsim_vendor:/opt/ros/jazzy/opt/gz_cmake_vendor:/home/cnutter/turtlebot4_ws/install/lab5_pkg:/home/cnutter/turtlebot4_ws/install/lab3_pkg:/home/cnutter/turtlebot4_ws/install/lab2_pkg:/home/cnutter/turtlebot4_ws/install/lab1_pkg:/home/cnutter/turtlebot4_ws/install/final:/opt/ros/jazzy'}), 'shell': False}
[2.719022] (final_bringup) StdoutLine: {'line': b'-- Install configuration: ""\n'}
[2.719191] (final_bringup) StdoutLine: {'line': b'-- Up-to-date: /home/cnutter/turtlebot4_ws/install/final_bringup/share/final_bringup//launch\n'}
[2.719298] (final_bringup) StdoutLine: {'line': b'-- Up-to-date: /home/cnutter/turtlebot4_ws/install/final_bringup/share/final_bringup//launch/final.launch.xml\n'}
[2.719424] (final_bringup) StdoutLine: {'line': b'-- Up-to-date: /home/cnutter/turtlebot4_ws/install/final_bringup/share/ament_index/resource_index/package_run_dependencies/final_bringup\n'}
[2.719565] (final_bringup) StdoutLine: {'line': b'-- Up-to-date: /home/cnutter/turtlebot4_ws/install/final_bringup/share/ament_index/resource_index/parent_prefix_path/final_bringup\n'}
[2.719687] (final_bringup) StdoutLine: {'line': b'-- Up-to-date: /home/cnutter/turtlebot4_ws/install/final_bringup/share/final_bringup/environment/ament_prefix_path.sh\n'}
[2.719787] (final_bringup) StdoutLine: {'line': b'-- Up-to-date: /home/cnutter/turtlebot4_ws/install/final_bringup/share/final_bringup/environment/ament_prefix_path.dsv\n'}
[2.719905] (final_bringup) StdoutLine: {'line': b'-- Up-to-date: /home/cnutter/turtlebot4_ws/install/final_bringup/share/final_bringup/environment/path.sh\n'}
[2.719995] (final_bringup) StdoutLine: {'line': b'-- Up-to-date: /home/cnutter/turtlebot4_ws/install/final_bringup/share/final_bringup/environment/path.dsv\n'}
[2.720086] (final_bringup) StdoutLine: {'line': b'-- Up-to-date: /home/cnutter/turtlebot4_ws/install/final_bringup/share/final_bringup/local_setup.bash\n'}
[2.720176] (final_bringup) StdoutLine: {'line': b'-- Up-to-date: /home/cnutter/turtlebot4_ws/install/final_bringup/share/final_bringup/local_setup.sh\n'}
[2.720316] (final_bringup) StdoutLine: {'line': b'-- Up-to-date: /home/cnutter/turtlebot4_ws/install/final_bringup/share/final_bringup/local_setup.zsh\n'}
[2.720484] (final_bringup) StdoutLine: {'line': b'-- Up-to-date: /home/cnutter/turtlebot4_ws/install/final_bringup/share/final_bringup/local_setup.dsv\n'}
[2.721296] (final_bringup) StdoutLine: {'line': b'-- Up-to-date: /home/cnutter/turtlebot4_ws/install/final_bringup/share/final_bringup/package.dsv\n'}
[2.721513] (final_bringup) StdoutLine: {'line': b'-- Up-to-date: /home/cnutter/turtlebot4_ws/install/final_bringup/share/ament_index/resource_index/packages/final_bringup\n'}
[2.721687] (final_bringup) StdoutLine: {'line': b'-- Up-to-date: /home/cnutter/turtlebot4_ws/install/final_bringup/share/final_bringup/cmake/final_bringupConfig.cmake\n'}
[2.721903] (final_bringup) StdoutLine: {'line': b'-- Up-to-date: /home/cnutter/turtlebot4_ws/install/final_bringup/share/final_bringup/cmake/final_bringupConfig-version.cmake\n'}
[2.722097] (final_bringup) StdoutLine: {'line': b'-- Up-to-date: /home/cnutter/turtlebot4_ws/install/final_bringup/share/final_bringup/package.xml\n'}
[2.722246] (lab_bringup) StdoutLine: {'line': b'-- Install configuration: ""\n'}
[2.722353] (lab_bringup) StdoutLine: {'line': b'-- Up-to-date: /home/cnutter/turtlebot4_ws/install/lab_bringup/share/lab_bringup//launch\n'}
[2.722445] (lab_bringup) StdoutLine: {'line': b'-- Up-to-date: /home/cnutter/turtlebot4_ws/install/lab_bringup/share/lab_bringup//launch/lab4.launch.xml\n'}
[2.722555] (lab_bringup) StdoutLine: {'line': b'-- Up-to-date: /home/cnutter/turtlebot4_ws/install/lab_bringup/share/lab_bringup//launch/lab3.launch.xml\n'}
[2.722688] (lab_bringup) StdoutLine: {'line': b'-- Up-to-date: /home/cnutter/turtlebot4_ws/install/lab_bringup/share/lab_bringup//launch/lab5.launch.xml\n'}
[2.722804] (lab_bringup) StdoutLine: {'line': b'-- Up-to-date: /home/cnutter/turtlebot4_ws/install/lab_bringup/share/ament_index/resource_index/package_run_dependencies/lab_bringup\n'}
[2.722921] (lab_bringup) StdoutLine: {'line': b'-- Up-to-date: /home/cnutter/turtlebot4_ws/install/lab_bringup/share/ament_index/resource_index/parent_prefix_path/lab_bringup\n'}
[2.723042] (lab_bringup) StdoutLine: {'line': b'-- Up-to-date: /home/cnutter/turtlebot4_ws/install/lab_bringup/share/lab_bringup/environment/ament_prefix_path.sh\n'}
[2.723132] (lab_bringup) StdoutLine: {'line': b'-- Up-to-date: /home/cnutter/turtlebot4_ws/install/lab_bringup/share/lab_bringup/environment/ament_prefix_path.dsv\n'}
[2.723267] (lab_bringup) StdoutLine: {'line': b'-- Up-to-date: /home/cnutter/turtlebot4_ws/install/lab_bringup/share/lab_bringup/environment/path.sh\n'}
[2.723424] (final_bringup) CommandEnded: {'returncode': 0}
[2.723894] (lab_bringup) StdoutLine: {'line': b'-- Up-to-date: /home/cnutter/turtlebot4_ws/install/lab_bringup/share/lab_bringup/environment/path.dsv\n'}
[2.724174] (lab_bringup) StdoutLine: {'line': b'-- Up-to-date: /home/cnutter/turtlebot4_ws/install/lab_bringup/share/lab_bringup/local_setup.bash\n'}
[2.724424] (lab_bringup) StdoutLine: {'line': b'-- Up-to-date: /home/cnutter/turtlebot4_ws/install/lab_bringup/share/lab_bringup/local_setup.sh\n'}
[2.724533] (lab_bringup) StdoutLine: {'line': b'-- Up-to-date: /home/cnutter/turtlebot4_ws/install/lab_bringup/share/lab_bringup/local_setup.zsh\n'}
[2.724763] (lab_bringup) StdoutLine: {'line': b'-- Up-to-date: /home/cnutter/turtlebot4_ws/install/lab_bringup/share/lab_bringup/local_setup.dsv\n'}
[2.724852] (lab_bringup) StdoutLine: {'line': b'-- Up-to-date: /home/cnutter/turtlebot4_ws/install/lab_bringup/share/lab_bringup/package.dsv\n'}
[2.724990] (lab_bringup) StdoutLine: {'line': b'-- Up-to-date: /home/cnutter/turtlebot4_ws/install/lab_bringup/share/ament_index/resource_index/packages/lab_bringup\n'}
[2.725094] (lab_bringup) StdoutLine: {'line': b'-- Up-to-date: /home/cnutter/turtlebot4_ws/install/lab_bringup/share/lab_bringup/cmake/lab_bringupConfig.cmake\n'}
[2.725449] (lab_bringup) StdoutLine: {'line': b'-- Up-to-date: /home/cnutter/turtlebot4_ws/install/lab_bringup/share/lab_bringup/cmake/lab_bringupConfig-version.cmake\n'}
[2.725590] (lab_bringup) StdoutLine: {'line': b'-- Up-to-date: /home/cnutter/turtlebot4_ws/install/lab_bringup/share/lab_bringup/package.xml\n'}
[2.778160] (final_bringup) JobEnded: {'identifier': 'final_bringup', 'rc': 0}
[2.779475] (lab_bringup) CommandEnded: {'returncode': 0}
[2.803797] (-) TimerEvent: {}
[2.837729] (lab_bringup) JobEnded: {'identifier': 'lab_bringup', 'rc': 0}
[2.838596] (-) EventReactorShutdown: {}
