[0.000000] (-) TimerEvent: {}
[0.000309] (custom_interfaces) JobQueued: {'identifier': 'custom_interfaces', 'dependencies': OrderedDict()}
[0.000518] (lab1_pkg) JobQueued: {'identifier': 'lab1_pkg', 'dependencies': OrderedDict()}
[0.000744] (lab2_pkg) JobQueued: {'identifier': 'lab2_pkg', 'dependencies': OrderedDict()}
[0.000783] (final) JobQueued: {'identifier': 'final', 'dependencies': OrderedDict({'custom_interfaces': '/home/gbonham/turtlebot4_ws/install/custom_interfaces'})}
[0.000843] (lab3_pkg) JobQueued: {'identifier': 'lab3_pkg', 'dependencies': OrderedDict({'custom_interfaces': '/home/gbonham/turtlebot4_ws/install/custom_interfaces'})}
[0.000875] (lab5_pkg) JobQueued: {'identifier': 'lab5_pkg', 'dependencies': OrderedDict({'custom_interfaces': '/home/gbonham/turtlebot4_ws/install/custom_interfaces'})}
[0.000895] (final_bringup) JobQueued: {'identifier': 'final_bringup', 'dependencies': OrderedDict({'custom_interfaces': '/home/gbonham/turtlebot4_ws/install/custom_interfaces', 'final': '/home/gbonham/turtlebot4_ws/install/final', 'lab3_pkg': '/home/gbonham/turtlebot4_ws/install/lab3_pkg'})}
[0.000913] (lab_bringup) JobQueued: {'identifier': 'lab_bringup', 'dependencies': OrderedDict({'custom_interfaces': '/home/gbonham/turtlebot4_ws/install/custom_interfaces', 'lab3_pkg': '/home/gbonham/turtlebot4_ws/install/lab3_pkg'})}
[0.000939] (custom_interfaces) JobStarted: {'identifier': 'custom_interfaces'}
[0.003538] (lab1_pkg) JobStarted: {'identifier': 'lab1_pkg'}
[0.006787] (lab2_pkg) JobStarted: {'identifier': 'lab2_pkg'}
[0.024778] (custom_interfaces) JobProgress: {'identifier': 'custom_interfaces', 'progress': 'cmake'}
[0.025361] (custom_interfaces) JobProgress: {'identifier': 'custom_interfaces', 'progress': 'build'}
[0.025789] (custom_interfaces) Command: {'cmd': ['/usr/bin/cmake', '--build', '/home/gbonham/turtlebot4_ws/build/custom_interfaces', '--', '-j16', '-l16'], 'cwd': '/home/gbonham/turtlebot4_ws/build/custom_interfaces', 'env': OrderedDict({'GJS_DEBUG_TOPICS': 'JS ERROR;JS LOG', 'PYTHON_BASIC_REPL': '1', 'USER': 'gbonham', 'XDG_SESSION_TYPE': 'wayland', 'GIT_ASKPASS': '/usr/share/code/resources/app/extensions/git/dist/askpass.sh', 'SHLVL': '1', 'CLUTTER_DISABLE_MIPMAPPED_TEXT': '1', 'HOME': '/home/gbonham', 'OLDPWD': '/home/gbonham/turtlebot4_ws/src', 'CHROME_DESKTOP': 'code.desktop', 'DESKTOP_SESSION': 'ubuntu', 'TERM_PROGRAM_VERSION': '1.120.0', 'GIO_LAUNCHED_DESKTOP_FILE': '/usr/share/applications/code.desktop', 'GTK_MODULES': 'gail:atk-bridge', 'GNOME_SHELL_SESSION_MODE': 'ubuntu', 'VSCODE_GIT_ASKPASS_MAIN': '/usr/share/code/resources/app/extensions/git/dist/askpass-main.js', 'MANAGERPID': '11241', 'VSCODE_GIT_ASKPASS_NODE': '/usr/share/code/code', 'DBUS_SESSION_BUS_ADDRESS': 'unix:path=/run/user/481853705/bus', 'GSM_SKIP_SSH_AGENT_WORKAROUND': 'true', 'SYSTEMD_EXEC_PID': '11518', 'PYDEVD_DISABLE_FILE_VALIDATION': '1', 'BUNDLED_DEBUGPY_PATH': '/home/gbonham/.vscode/extensions/ms-python.debugpy-2026.6.0-linux-x64/bundled/libs/debugpy', 'VSCODE_PYTHON_AUTOACTIVATE_GUARD': '1', 'GIO_LAUNCHED_DESKTOP_FILE_PID': '12574', 'COLORTERM': 'truecolor', 'CONDA_CHANGEPS1': 'no', 'WAYLAND_DISPLAY': 'wayland-0', 'LOGNAME': 'gbonham', '_': '/usr/bin/colcon', 'JOURNAL_STREAM': '9:142776', 'XDG_SESSION_CLASS': 'user', 'MEMORY_PRESSURE_WATCH': '/sys/fs/cgroup/user.slice/user-481853705.slice/user@481853705.service/session.slice/org.gnome.Shell@wayland.service/memory.pressure', 'USER_ZDOTDIR': '/home/gbonham', 'USERNAME': 'gbonham', 'PROMPT_EOL_MARK': '', 'TERM': 'xterm-256color', 'GNOME_DESKTOP_SESSION_ID': 'this-is-deprecated', 'FC_FONTATIONS': '1', 'PATH': '/usr/local/sbin:/usr/local/bin:/usr/sbin:/usr/bin:/sbin:/bin:/usr/games:/usr/local/games:/snap/bin:/snap/bin:/home/gbonham/.vscode/extensions/ms-python.debugpy-2026.6.0-linux-x64/bundled/scripts/noConfigScripts', 'SESSION_MANAGER': 'local/csci20121:@/tmp/.ICE-unix/11486,unix/csci20121:/tmp/.ICE-unix/11486', 'INVOCATION_ID': '94b2f98f34ad4cab8b432345032ed79e', 'XDG_RUNTIME_DIR': '/run/user/481853705', 'XDG_MENU_PREFIX': 'gnome-', 'GNOME_SETUP_DISPLAY': ':1', 'GDK_BACKEND': 'wayland', 'DISPLAY': ':0', 'LANG': 'en_US.UTF-8', 'XDG_CURRENT_DESKTOP': 'ubuntu:GNOME', 'VSCODE_DEBUGPY_ADAPTER_ENDPOINTS': '/home/gbonham/.vscode/extensions/ms-python.debugpy-2026.6.0-linux-x64/.noConfigDebugAdapterEndpoints/endpoint-e34322725a0427c1.txt', 'PYTHONSTARTUP': '/home/gbonham/.config/Code/User/workspaceStorage/164fb482c0335d43507560d0f344279e/ms-python.python/pythonrc.py', 'VSCODE_INJECTION': '1', 'XDG_SESSION_DESKTOP': 'ubuntu', 'XMODIFIERS': '@im=ibus', 'XAUTHORITY': '/run/user/481853705/.mutter-Xwaylandauth.D1YEP3', 'TERM_PROGRAM': 'vscode', 'VSCODE_GIT_IPC_HANDLE': '/run/user/481853705/vscode-git-91e7995aaf.sock', 'SSH_AUTH_SOCK': '/run/user/481853705/keyring/ssh', 'SHELL': '/bin/zsh', 'KRB5CCNAME': 'FILE:/tmp/krb5cc_481853705_1BZ2iU', 'QT_ACCESSIBILITY': '1', 'GDMSESSION': 'ubuntu', 'GJS_DEBUG_OUTPUT': 'stderr', 'QT_IM_MODULE': 'ibus', 'VSCODE_GIT_ASKPASS_EXTRA_ARGS': '', 'PWD': '/home/gbonham/turtlebot4_ws/build/custom_interfaces', 'XDG_DATA_DIRS': '/usr/local/share/:/usr/share/:/var/lib/snapd/desktop', 'ZDOTDIR': '/home/gbonham', 'VIRTUAL_ENV_DISABLE_PROMPT': '12', 'COLCON': '1', 'MEMORY_PRESSURE_WRITE': 'c29tZSAyMDAwMDAgMjAwMDAwMAA='}), 'shell': False}
[0.099793] (-) TimerEvent: {}
[0.200048] (-) TimerEvent: {}
[0.225469] (custom_interfaces) StdoutLine: {'line': b'[  3%] Built target custom_interfaces__rs\n'}
[0.226201] (custom_interfaces) StdoutLine: {'line': b'[  3%] Built target custom_interfaces__rosidl_generator_type_description\n'}
[0.226318] (custom_interfaces) StdoutLine: {'line': b'[  3%] Built target ament_cmake_python_copy_custom_interfaces\n'}
[0.226423] (custom_interfaces) StdoutLine: {'line': b'[  4%] Built target custom_interfaces__cpp\n'}
[0.226527] (custom_interfaces) StdoutLine: {'line': b'[ 26%] Built target custom_interfaces__rosidl_generator_c\n'}
[0.226637] (custom_interfaces) StdoutLine: {'line': b'[ 75%] Built target custom_interfaces__rosidl_typesupport_c\n'}
[0.226728] (custom_interfaces) StdoutLine: {'line': b'[ 75%] Built target custom_interfaces__rosidl_typesupport_cpp\n'}
[0.226823] (custom_interfaces) StdoutLine: {'line': b'[ 80%] Built target custom_interfaces__rosidl_typesupport_introspection_cpp\n'}
[0.226919] (custom_interfaces) StdoutLine: {'line': b'[ 81%] Built target custom_interfaces__rosidl_typesupport_fastrtps_cpp\n'}
[0.227015] (custom_interfaces) StdoutLine: {'line': b'[ 81%] Built target custom_interfaces__rosidl_typesupport_fastrtps_c\n'}
[0.227115] (custom_interfaces) StdoutLine: {'line': b'[ 81%] Built target custom_interfaces__rosidl_typesupport_introspection_c\n'}
[0.227211] (custom_interfaces) StdoutLine: {'line': b'[ 81%] Built target custom_interfaces\n'}
[0.227310] (custom_interfaces) StdoutLine: {'line': b'[ 83%] Built target custom_interfaces__py\n'}
[0.227405] (custom_interfaces) StdoutLine: {'line': b'[ 90%] Built target custom_interfaces__rosidl_generator_py\n'}
[0.227498] (custom_interfaces) StdoutLine: {'line': b'[100%] Built target custom_interfaces_s__rosidl_typesupport_fastrtps_c\n'}
[0.227605] (custom_interfaces) StdoutLine: {'line': b'[100%] Built target custom_interfaces_s__rosidl_typesupport_introspection_c\n'}
[0.227694] (custom_interfaces) StdoutLine: {'line': b'[100%] Built target custom_interfaces_s__rosidl_typesupport_c\n'}
[0.286301] (custom_interfaces) StdoutLine: {'line': b'running egg_info\n'}
[0.300151] (-) TimerEvent: {}
[0.301888] (custom_interfaces) StdoutLine: {'line': b'writing custom_interfaces.egg-info/PKG-INFO\n'}
[0.302127] (custom_interfaces) StdoutLine: {'line': b'writing dependency_links to custom_interfaces.egg-info/dependency_links.txt\n'}
[0.302303] (custom_interfaces) StdoutLine: {'line': b'writing top-level names to custom_interfaces.egg-info/top_level.txt\n'}
[0.343879] (custom_interfaces) StdoutLine: {'line': b"reading manifest file 'custom_interfaces.egg-info/SOURCES.txt'\n"}
[0.344384] (custom_interfaces) StdoutLine: {'line': b"writing manifest file 'custom_interfaces.egg-info/SOURCES.txt'\n"}
[0.367608] (custom_interfaces) StdoutLine: {'line': b'[100%] Built target ament_cmake_python_build_custom_interfaces_egg\n'}
[0.398542] (custom_interfaces) CommandEnded: {'returncode': 0}
[0.399127] (custom_interfaces) JobProgress: {'identifier': 'custom_interfaces', 'progress': 'install'}
[0.400214] (-) TimerEvent: {}
[0.406417] (custom_interfaces) Command: {'cmd': ['/usr/bin/cmake', '--install', '/home/gbonham/turtlebot4_ws/build/custom_interfaces'], 'cwd': '/home/gbonham/turtlebot4_ws/build/custom_interfaces', 'env': OrderedDict({'GJS_DEBUG_TOPICS': 'JS ERROR;JS LOG', 'PYTHON_BASIC_REPL': '1', 'USER': 'gbonham', 'XDG_SESSION_TYPE': 'wayland', 'GIT_ASKPASS': '/usr/share/code/resources/app/extensions/git/dist/askpass.sh', 'SHLVL': '1', 'CLUTTER_DISABLE_MIPMAPPED_TEXT': '1', 'HOME': '/home/gbonham', 'OLDPWD': '/home/gbonham/turtlebot4_ws/src', 'CHROME_DESKTOP': 'code.desktop', 'DESKTOP_SESSION': 'ubuntu', 'TERM_PROGRAM_VERSION': '1.120.0', 'GIO_LAUNCHED_DESKTOP_FILE': '/usr/share/applications/code.desktop', 'GTK_MODULES': 'gail:atk-bridge', 'GNOME_SHELL_SESSION_MODE': 'ubuntu', 'VSCODE_GIT_ASKPASS_MAIN': '/usr/share/code/resources/app/extensions/git/dist/askpass-main.js', 'MANAGERPID': '11241', 'VSCODE_GIT_ASKPASS_NODE': '/usr/share/code/code', 'DBUS_SESSION_BUS_ADDRESS': 'unix:path=/run/user/481853705/bus', 'GSM_SKIP_SSH_AGENT_WORKAROUND': 'true', 'SYSTEMD_EXEC_PID': '11518', 'PYDEVD_DISABLE_FILE_VALIDATION': '1', 'BUNDLED_DEBUGPY_PATH': '/home/gbonham/.vscode/extensions/ms-python.debugpy-2026.6.0-linux-x64/bundled/libs/debugpy', 'VSCODE_PYTHON_AUTOACTIVATE_GUARD': '1', 'GIO_LAUNCHED_DESKTOP_FILE_PID': '12574', 'COLORTERM': 'truecolor', 'CONDA_CHANGEPS1': 'no', 'WAYLAND_DISPLAY': 'wayland-0', 'LOGNAME': 'gbonham', '_': '/usr/bin/colcon', 'JOURNAL_STREAM': '9:142776', 'XDG_SESSION_CLASS': 'user', 'MEMORY_PRESSURE_WATCH': '/sys/fs/cgroup/user.slice/user-481853705.slice/user@481853705.service/session.slice/org.gnome.Shell@wayland.service/memory.pressure', 'USER_ZDOTDIR': '/home/gbonham', 'USERNAME': 'gbonham', 'PROMPT_EOL_MARK': '', 'TERM': 'xterm-256color', 'GNOME_DESKTOP_SESSION_ID': 'this-is-deprecated', 'FC_FONTATIONS': '1', 'PATH': '/usr/local/sbin:/usr/local/bin:/usr/sbin:/usr/bin:/sbin:/bin:/usr/games:/usr/local/games:/snap/bin:/snap/bin:/home/gbonham/.vscode/extensions/ms-python.debugpy-2026.6.0-linux-x64/bundled/scripts/noConfigScripts', 'SESSION_MANAGER': 'local/csci20121:@/tmp/.ICE-unix/11486,unix/csci20121:/tmp/.ICE-unix/11486', 'INVOCATION_ID': '94b2f98f34ad4cab8b432345032ed79e', 'XDG_RUNTIME_DIR': '/run/user/481853705', 'XDG_MENU_PREFIX': 'gnome-', 'GNOME_SETUP_DISPLAY': ':1', 'GDK_BACKEND': 'wayland', 'DISPLAY': ':0', 'LANG': 'en_US.UTF-8', 'XDG_CURRENT_DESKTOP': 'ubuntu:GNOME', 'VSCODE_DEBUGPY_ADAPTER_ENDPOINTS': '/home/gbonham/.vscode/extensions/ms-python.debugpy-2026.6.0-linux-x64/.noConfigDebugAdapterEndpoints/endpoint-e34322725a0427c1.txt', 'PYTHONSTARTUP': '/home/gbonham/.config/Code/User/workspaceStorage/164fb482c0335d43507560d0f344279e/ms-python.python/pythonrc.py', 'VSCODE_INJECTION': '1', 'XDG_SESSION_DESKTOP': 'ubuntu', 'XMODIFIERS': '@im=ibus', 'XAUTHORITY': '/run/user/481853705/.mutter-Xwaylandauth.D1YEP3', 'TERM_PROGRAM': 'vscode', 'VSCODE_GIT_IPC_HANDLE': '/run/user/481853705/vscode-git-91e7995aaf.sock', 'SSH_AUTH_SOCK': '/run/user/481853705/keyring/ssh', 'SHELL': '/bin/zsh', 'KRB5CCNAME': 'FILE:/tmp/krb5cc_481853705_1BZ2iU', 'QT_ACCESSIBILITY': '1', 'GDMSESSION': 'ubuntu', 'GJS_DEBUG_OUTPUT': 'stderr', 'QT_IM_MODULE': 'ibus', 'VSCODE_GIT_ASKPASS_EXTRA_ARGS': '', 'PWD': '/home/gbonham/turtlebot4_ws/build/custom_interfaces', 'XDG_DATA_DIRS': '/usr/local/share/:/usr/share/:/var/lib/snapd/desktop', 'ZDOTDIR': '/home/gbonham', 'VIRTUAL_ENV_DISABLE_PROMPT': '12', 'COLCON': '1', 'MEMORY_PRESSURE_WRITE': 'c29tZSAyMDAwMDAgMjAwMDAwMAA='}), 'shell': False}
[0.414766] (custom_interfaces) StdoutLine: {'line': b'-- Install configuration: ""\n'}
[0.414993] (custom_interfaces) StdoutLine: {'line': b'-- Up-to-date: /home/gbonham/turtlebot4_ws/install/custom_interfaces/share/ament_index/resource_index/rosidl_interfaces/custom_interfaces\n'}
[0.415148] (custom_interfaces) StdoutLine: {'line': b'-- Up-to-date: /home/gbonham/turtlebot4_ws/install/custom_interfaces/share/custom_interfaces/msg/TransLoc.json\n'}
[0.415336] (custom_interfaces) StdoutLine: {'line': b'-- Up-to-date: /home/gbonham/turtlebot4_ws/install/custom_interfaces/share/custom_interfaces/msg/ObsList.json\n'}
[0.415564] (custom_interfaces) StdoutLine: {'line': b'-- Up-to-date: /home/gbonham/turtlebot4_ws/install/custom_interfaces/share/custom_interfaces/srv/SetCap.json\n'}
[0.415742] (custom_interfaces) StdoutLine: {'line': b'-- Up-to-date: /home/gbonham/turtlebot4_ws/install/custom_interfaces/share/custom_interfaces/action/RobotGoal.json\n'}
[0.415876] (custom_interfaces) StdoutLine: {'line': b'-- Up-to-date: /home/gbonham/turtlebot4_ws/install/custom_interfaces/include/custom_interfaces/custom_interfaces\n'}
[0.415981] (custom_interfaces) StdoutLine: {'line': b'-- Up-to-date: /home/gbonham/turtlebot4_ws/install/custom_interfaces/include/custom_interfaces/custom_interfaces/action\n'}
[0.416079] (custom_interfaces) StdoutLine: {'line': b'-- Up-to-date: /home/gbonham/turtlebot4_ws/install/custom_interfaces/include/custom_interfaces/custom_interfaces/action/detail\n'}
[0.416175] (custom_interfaces) StdoutLine: {'line': b'-- Up-to-date: /home/gbonham/turtlebot4_ws/install/custom_interfaces/include/custom_interfaces/custom_interfaces/action/detail/robot_goal__struct.h\n'}
[0.416256] (custom_interfaces) StdoutLine: {'line': b'-- Up-to-date: /home/gbonham/turtlebot4_ws/install/custom_interfaces/include/custom_interfaces/custom_interfaces/action/detail/robot_goal__type_support.c\n'}
[0.416348] (custom_interfaces) StdoutLine: {'line': b'-- Up-to-date: /home/gbonham/turtlebot4_ws/install/custom_interfaces/include/custom_interfaces/custom_interfaces/action/detail/robot_goal__functions.h\n'}
[0.416477] (custom_interfaces) StdoutLine: {'line': b'-- Up-to-date: /home/gbonham/turtlebot4_ws/install/custom_interfaces/include/custom_interfaces/custom_interfaces/action/detail/robot_goal__functions.c\n'}
[0.416617] (custom_interfaces) StdoutLine: {'line': b'-- Up-to-date: /home/gbonham/turtlebot4_ws/install/custom_interfaces/include/custom_interfaces/custom_interfaces/action/detail/robot_goal__description.c\n'}
[0.416784] (custom_interfaces) StdoutLine: {'line': b'-- Up-to-date: /home/gbonham/turtlebot4_ws/install/custom_interfaces/include/custom_interfaces/custom_interfaces/action/detail/robot_goal__type_support.h\n'}
[0.416904] (custom_interfaces) StdoutLine: {'line': b'-- Up-to-date: /home/gbonham/turtlebot4_ws/install/custom_interfaces/include/custom_interfaces/custom_interfaces/action/robot_goal.h\n'}
[0.417001] (custom_interfaces) StdoutLine: {'line': b'-- Up-to-date: /home/gbonham/turtlebot4_ws/install/custom_interfaces/include/custom_interfaces/custom_interfaces/msg\n'}
[0.417104] (custom_interfaces) StdoutLine: {'line': b'-- Up-to-date: /home/gbonham/turtlebot4_ws/install/custom_interfaces/include/custom_interfaces/custom_interfaces/msg/detail\n'}
[0.417191] (custom_interfaces) StdoutLine: {'line': b'-- Up-to-date: /home/gbonham/turtlebot4_ws/install/custom_interfaces/include/custom_interfaces/custom_interfaces/msg/detail/obs_list__functions.c\n'}
[0.417279] (custom_interfaces) StdoutLine: {'line': b'-- Up-to-date: /home/gbonham/turtlebot4_ws/install/custom_interfaces/include/custom_interfaces/custom_interfaces/msg/detail/obs_list__struct.h\n'}
[0.417381] (custom_interfaces) StdoutLine: {'line': b'-- Up-to-date: /home/gbonham/turtlebot4_ws/install/custom_interfaces/include/custom_interfaces/custom_interfaces/msg/detail/obs_list__description.c\n'}
[0.417556] (custom_interfaces) StdoutLine: {'line': b'-- Up-to-date: /home/gbonham/turtlebot4_ws/install/custom_interfaces/include/custom_interfaces/custom_interfaces/msg/detail/trans_loc__type_support.c\n'}
[0.417699] (custom_interfaces) StdoutLine: {'line': b'-- Up-to-date: /home/gbonham/turtlebot4_ws/install/custom_interfaces/include/custom_interfaces/custom_interfaces/msg/detail/trans_loc__description.c\n'}
[0.417787] (custom_interfaces) StdoutLine: {'line': b'-- Up-to-date: /home/gbonham/turtlebot4_ws/install/custom_interfaces/include/custom_interfaces/custom_interfaces/msg/detail/obs_list__type_support.h\n'}
[0.417894] (custom_interfaces) StdoutLine: {'line': b'-- Up-to-date: /home/gbonham/turtlebot4_ws/install/custom_interfaces/include/custom_interfaces/custom_interfaces/msg/detail/obs_list__type_support.c\n'}
[0.418011] (custom_interfaces) StdoutLine: {'line': b'-- Up-to-date: /home/gbonham/turtlebot4_ws/install/custom_interfaces/include/custom_interfaces/custom_interfaces/msg/detail/obs_list__functions.h\n'}
[0.418132] (custom_interfaces) StdoutLine: {'line': b'-- Up-to-date: /home/gbonham/turtlebot4_ws/install/custom_interfaces/include/custom_interfaces/custom_interfaces/msg/detail/trans_loc__struct.h\n'}
[0.418240] (custom_interfaces) StdoutLine: {'line': b'-- Up-to-date: /home/gbonham/turtlebot4_ws/install/custom_interfaces/include/custom_interfaces/custom_interfaces/msg/detail/trans_loc__type_support.h\n'}
[0.418381] (custom_interfaces) StdoutLine: {'line': b'-- Up-to-date: /home/gbonham/turtlebot4_ws/install/custom_interfaces/include/custom_interfaces/custom_interfaces/msg/detail/trans_loc__functions.c\n'}
[0.418495] (custom_interfaces) StdoutLine: {'line': b'-- Up-to-date: /home/gbonham/turtlebot4_ws/install/custom_interfaces/include/custom_interfaces/custom_interfaces/msg/detail/trans_loc__functions.h\n'}
[0.418657] (custom_interfaces) StdoutLine: {'line': b'-- Up-to-date: /home/gbonham/turtlebot4_ws/install/custom_interfaces/include/custom_interfaces/custom_interfaces/msg/obs_list.h\n'}
[0.418792] (custom_interfaces) StdoutLine: {'line': b'-- Up-to-date: /home/gbonham/turtlebot4_ws/install/custom_interfaces/include/custom_interfaces/custom_interfaces/msg/rosidl_generator_c__visibility_control.h\n'}
[0.418940] (custom_interfaces) StdoutLine: {'line': b'-- Up-to-date: /home/gbonham/turtlebot4_ws/install/custom_interfaces/include/custom_interfaces/custom_interfaces/msg/trans_loc.h\n'}
[0.419074] (custom_interfaces) StdoutLine: {'line': b'-- Up-to-date: /home/gbonham/turtlebot4_ws/install/custom_interfaces/include/custom_interfaces/custom_interfaces/srv\n'}
[0.419242] (custom_interfaces) StdoutLine: {'line': b'-- Up-to-date: /home/gbonham/turtlebot4_ws/install/custom_interfaces/include/custom_interfaces/custom_interfaces/srv/detail\n'}
[0.419386] (custom_interfaces) StdoutLine: {'line': b'-- Up-to-date: /home/gbonham/turtlebot4_ws/install/custom_interfaces/include/custom_interfaces/custom_interfaces/srv/detail/set_cap__functions.c\n'}
[0.419545] (custom_interfaces) StdoutLine: {'line': b'-- Up-to-date: /home/gbonham/turtlebot4_ws/install/custom_interfaces/include/custom_interfaces/custom_interfaces/srv/detail/set_cap__description.c\n'}
[0.419713] (custom_interfaces) StdoutLine: {'line': b'-- Up-to-date: /home/gbonham/turtlebot4_ws/install/custom_interfaces/include/custom_interfaces/custom_interfaces/srv/detail/set_cap__type_support.h\n'}
[0.419883] (custom_interfaces) StdoutLine: {'line': b'-- Up-to-date: /home/gbonham/turtlebot4_ws/install/custom_interfaces/include/custom_interfaces/custom_interfaces/srv/detail/set_cap__struct.h\n'}
[0.420018] (custom_interfaces) StdoutLine: {'line': b'-- Up-to-date: /home/gbonham/turtlebot4_ws/install/custom_interfaces/include/custom_interfaces/custom_interfaces/srv/detail/set_cap__functions.h\n'}
[0.420144] (custom_interfaces) StdoutLine: {'line': b'-- Up-to-date: /home/gbonham/turtlebot4_ws/install/custom_interfaces/include/custom_interfaces/custom_interfaces/srv/detail/set_cap__type_support.c\n'}
[0.420268] (custom_interfaces) StdoutLine: {'line': b'-- Up-to-date: /home/gbonham/turtlebot4_ws/install/custom_interfaces/include/custom_interfaces/custom_interfaces/srv/set_cap.h\n'}
[0.420401] (custom_interfaces) StdoutLine: {'line': b'-- Up-to-date: /home/gbonham/turtlebot4_ws/install/custom_interfaces/share/custom_interfaces/environment/library_path.sh\n'}
[0.420529] (custom_interfaces) StdoutLine: {'line': b'-- Up-to-date: /home/gbonham/turtlebot4_ws/install/custom_interfaces/share/custom_interfaces/environment/library_path.dsv\n'}
[0.420682] (custom_interfaces) StdoutLine: {'line': b'-- Up-to-date: /home/gbonham/turtlebot4_ws/install/custom_interfaces/lib/libcustom_interfaces__rosidl_generator_c.so\n'}
[0.420824] (custom_interfaces) StdoutLine: {'line': b'-- Up-to-date: /home/gbonham/turtlebot4_ws/install/custom_interfaces/include/custom_interfaces/custom_interfaces\n'}
[0.420968] (custom_interfaces) StdoutLine: {'line': b'-- Up-to-date: /home/gbonham/turtlebot4_ws/install/custom_interfaces/include/custom_interfaces/custom_interfaces/action\n'}
[0.421102] (custom_interfaces) StdoutLine: {'line': b'-- Up-to-date: /home/gbonham/turtlebot4_ws/install/custom_interfaces/include/custom_interfaces/custom_interfaces/action/detail\n'}
[0.421220] (custom_interfaces) StdoutLine: {'line': b'-- Up-to-date: /home/gbonham/turtlebot4_ws/install/custom_interfaces/include/custom_interfaces/custom_interfaces/action/detail/robot_goal__rosidl_typesupport_fastrtps_c.h\n'}
[0.421352] (custom_interfaces) StdoutLine: {'line': b'-- Up-to-date: /home/gbonham/turtlebot4_ws/install/custom_interfaces/include/custom_interfaces/custom_interfaces/msg\n'}
[0.421470] (custom_interfaces) StdoutLine: {'line': b'-- Up-to-date: /home/gbonham/turtlebot4_ws/install/custom_interfaces/include/custom_interfaces/custom_interfaces/msg/detail\n'}
[0.421603] (custom_interfaces) StdoutLine: {'line': b'-- Up-to-date: /home/gbonham/turtlebot4_ws/install/custom_interfaces/include/custom_interfaces/custom_interfaces/msg/detail/trans_loc__rosidl_typesupport_fastrtps_c.h\n'}
[0.421727] (custom_interfaces) StdoutLine: {'line': b'-- Up-to-date: /home/gbonham/turtlebot4_ws/install/custom_interfaces/include/custom_interfaces/custom_interfaces/msg/detail/obs_list__rosidl_typesupport_fastrtps_c.h\n'}
[0.421864] (custom_interfaces) StdoutLine: {'line': b'-- Up-to-date: /home/gbonham/turtlebot4_ws/install/custom_interfaces/include/custom_interfaces/custom_interfaces/msg/rosidl_typesupport_fastrtps_c__visibility_control.h\n'}
[0.421997] (custom_interfaces) StdoutLine: {'line': b'-- Up-to-date: /home/gbonham/turtlebot4_ws/install/custom_interfaces/include/custom_interfaces/custom_interfaces/srv\n'}
[0.422143] (custom_interfaces) StdoutLine: {'line': b'-- Up-to-date: /home/gbonham/turtlebot4_ws/install/custom_interfaces/include/custom_interfaces/custom_interfaces/srv/detail\n'}
[0.422249] (custom_interfaces) StdoutLine: {'line': b'-- Up-to-date: /home/gbonham/turtlebot4_ws/install/custom_interfaces/include/custom_interfaces/custom_interfaces/srv/detail/set_cap__rosidl_typesupport_fastrtps_c.h\n'}
[0.422344] (custom_interfaces) StdoutLine: {'line': b'-- Up-to-date: /home/gbonham/turtlebot4_ws/install/custom_interfaces/lib/libcustom_interfaces__rosidl_typesupport_fastrtps_c.so\n'}
[0.422445] (custom_interfaces) StdoutLine: {'line': b'-- Up-to-date: /home/gbonham/turtlebot4_ws/install/custom_interfaces/include/custom_interfaces/custom_interfaces\n'}
[0.422585] (custom_interfaces) StdoutLine: {'line': b'-- Up-to-date: /home/gbonham/turtlebot4_ws/install/custom_interfaces/include/custom_interfaces/custom_interfaces/action\n'}
[0.422693] (custom_interfaces) StdoutLine: {'line': b'-- Up-to-date: /home/gbonham/turtlebot4_ws/install/custom_interfaces/include/custom_interfaces/custom_interfaces/action/detail\n'}
[0.422782] (custom_interfaces) StdoutLine: {'line': b'-- Up-to-date: /home/gbonham/turtlebot4_ws/install/custom_interfaces/include/custom_interfaces/custom_interfaces/action/detail/robot_goal__type_support.c\n'}
[0.422912] (custom_interfaces) StdoutLine: {'line': b'-- Up-to-date: /home/gbonham/turtlebot4_ws/install/custom_interfaces/include/custom_interfaces/custom_interfaces/action/detail/robot_goal__rosidl_typesupport_introspection_c.h\n'}
[0.423022] (custom_interfaces) StdoutLine: {'line': b'-- Up-to-date: /home/gbonham/turtlebot4_ws/install/custom_interfaces/include/custom_interfaces/custom_interfaces/msg\n'}
[0.423122] (custom_interfaces) StdoutLine: {'line': b'-- Up-to-date: /home/gbonham/turtlebot4_ws/install/custom_interfaces/include/custom_interfaces/custom_interfaces/msg/rosidl_typesupport_introspection_c__visibility_control.h\n'}
[0.423251] (custom_interfaces) StdoutLine: {'line': b'-- Up-to-date: /home/gbonham/turtlebot4_ws/install/custom_interfaces/include/custom_interfaces/custom_interfaces/msg/detail\n'}
[0.423366] (custom_interfaces) StdoutLine: {'line': b'-- Up-to-date: /home/gbonham/turtlebot4_ws/install/custom_interfaces/include/custom_interfaces/custom_interfaces/msg/detail/trans_loc__type_support.c\n'}
[0.423472] (custom_interfaces) StdoutLine: {'line': b'-- Up-to-date: /home/gbonham/turtlebot4_ws/install/custom_interfaces/include/custom_interfaces/custom_interfaces/msg/detail/obs_list__type_support.c\n'}
[0.423606] (custom_interfaces) StdoutLine: {'line': b'-- Up-to-date: /home/gbonham/turtlebot4_ws/install/custom_interfaces/include/custom_interfaces/custom_interfaces/msg/detail/trans_loc__rosidl_typesupport_introspection_c.h\n'}
[0.423780] (custom_interfaces) StdoutLine: {'line': b'-- Up-to-date: /home/gbonham/turtlebot4_ws/install/custom_interfaces/include/custom_interfaces/custom_interfaces/msg/detail/obs_list__rosidl_typesupport_introspection_c.h\n'}
[0.423962] (custom_interfaces) StdoutLine: {'line': b'-- Up-to-date: /home/gbonham/turtlebot4_ws/install/custom_interfaces/include/custom_interfaces/custom_interfaces/srv\n'}
[0.424146] (custom_interfaces) StdoutLine: {'line': b'-- Up-to-date: /home/gbonham/turtlebot4_ws/install/custom_interfaces/include/custom_interfaces/custom_interfaces/srv/detail\n'}
[0.424319] (custom_interfaces) StdoutLine: {'line': b'-- Up-to-date: /home/gbonham/turtlebot4_ws/install/custom_interfaces/include/custom_interfaces/custom_interfaces/srv/detail/set_cap__rosidl_typesupport_introspection_c.h\n'}
[0.424439] (custom_interfaces) StdoutLine: {'line': b'-- Up-to-date: /home/gbonham/turtlebot4_ws/install/custom_interfaces/include/custom_interfaces/custom_interfaces/srv/detail/set_cap__type_support.c\n'}
[0.424561] (custom_interfaces) StdoutLine: {'line': b'-- Up-to-date: /home/gbonham/turtlebot4_ws/install/custom_interfaces/lib/libcustom_interfaces__rosidl_typesupport_introspection_c.so\n'}
[0.424676] (custom_interfaces) StdoutLine: {'line': b'-- Up-to-date: /home/gbonham/turtlebot4_ws/install/custom_interfaces/lib/libcustom_interfaces__rosidl_typesupport_c.so\n'}
[0.424789] (custom_interfaces) StdoutLine: {'line': b'-- Up-to-date: /home/gbonham/turtlebot4_ws/install/custom_interfaces/include/custom_interfaces/custom_interfaces\n'}
[0.424925] (custom_interfaces) StdoutLine: {'line': b'-- Up-to-date: /home/gbonham/turtlebot4_ws/install/custom_interfaces/include/custom_interfaces/custom_interfaces/action\n'}
[0.425047] (custom_interfaces) StdoutLine: {'line': b'-- Up-to-date: /home/gbonham/turtlebot4_ws/install/custom_interfaces/include/custom_interfaces/custom_interfaces/action/detail\n'}
[0.425168] (custom_interfaces) StdoutLine: {'line': b'-- Up-to-date: /home/gbonham/turtlebot4_ws/install/custom_interfaces/include/custom_interfaces/custom_interfaces/action/detail/robot_goal__builder.hpp\n'}
[0.425296] (custom_interfaces) StdoutLine: {'line': b'-- Up-to-date: /home/gbonham/turtlebot4_ws/install/custom_interfaces/include/custom_interfaces/custom_interfaces/action/detail/robot_goal__traits.hpp\n'}
[0.425415] (custom_interfaces) StdoutLine: {'line': b'-- Up-to-date: /home/gbonham/turtlebot4_ws/install/custom_interfaces/include/custom_interfaces/custom_interfaces/action/detail/robot_goal__struct.hpp\n'}
[0.425539] (custom_interfaces) StdoutLine: {'line': b'-- Up-to-date: /home/gbonham/turtlebot4_ws/install/custom_interfaces/include/custom_interfaces/custom_interfaces/action/detail/robot_goal__type_support.hpp\n'}
[0.425679] (custom_interfaces) StdoutLine: {'line': b'-- Up-to-date: /home/gbonham/turtlebot4_ws/install/custom_interfaces/include/custom_interfaces/custom_interfaces/action/robot_goal.hpp\n'}
[0.425806] (custom_interfaces) StdoutLine: {'line': b'-- Up-to-date: /home/gbonham/turtlebot4_ws/install/custom_interfaces/include/custom_interfaces/custom_interfaces/msg\n'}
[0.425898] (custom_interfaces) StdoutLine: {'line': b'-- Up-to-date: /home/gbonham/turtlebot4_ws/install/custom_interfaces/include/custom_interfaces/custom_interfaces/msg/trans_loc.hpp\n'}
[0.426014] (custom_interfaces) StdoutLine: {'line': b'-- Up-to-date: /home/gbonham/turtlebot4_ws/install/custom_interfaces/include/custom_interfaces/custom_interfaces/msg/rosidl_generator_cpp__visibility_control.hpp\n'}
[0.426138] (custom_interfaces) StdoutLine: {'line': b'-- Up-to-date: /home/gbonham/turtlebot4_ws/install/custom_interfaces/include/custom_interfaces/custom_interfaces/msg/detail\n'}
[0.426276] (custom_interfaces) StdoutLine: {'line': b'-- Up-to-date: /home/gbonham/turtlebot4_ws/install/custom_interfaces/include/custom_interfaces/custom_interfaces/msg/detail/trans_loc__builder.hpp\n'}
[0.426394] (custom_interfaces) StdoutLine: {'line': b'-- Up-to-date: /home/gbonham/turtlebot4_ws/install/custom_interfaces/include/custom_interfaces/custom_interfaces/msg/detail/obs_list__type_support.hpp\n'}
[0.426523] (custom_interfaces) StdoutLine: {'line': b'-- Up-to-date: /home/gbonham/turtlebot4_ws/install/custom_interfaces/include/custom_interfaces/custom_interfaces/msg/detail/obs_list__traits.hpp\n'}
[0.426655] (custom_interfaces) StdoutLine: {'line': b'-- Up-to-date: /home/gbonham/turtlebot4_ws/install/custom_interfaces/include/custom_interfaces/custom_interfaces/msg/detail/trans_loc__traits.hpp\n'}
[0.426782] (custom_interfaces) StdoutLine: {'line': b'-- Up-to-date: /home/gbonham/turtlebot4_ws/install/custom_interfaces/include/custom_interfaces/custom_interfaces/msg/detail/obs_list__struct.hpp\n'}
[0.426909] (custom_interfaces) StdoutLine: {'line': b'-- Up-to-date: /home/gbonham/turtlebot4_ws/install/custom_interfaces/include/custom_interfaces/custom_interfaces/msg/detail/obs_list__builder.hpp\n'}
[0.427037] (custom_interfaces) StdoutLine: {'line': b'-- Up-to-date: /home/gbonham/turtlebot4_ws/install/custom_interfaces/include/custom_interfaces/custom_interfaces/msg/detail/trans_loc__type_support.hpp\n'}
[0.427158] (custom_interfaces) StdoutLine: {'line': b'-- Up-to-date: /home/gbonham/turtlebot4_ws/install/custom_interfaces/include/custom_interfaces/custom_interfaces/msg/detail/trans_loc__struct.hpp\n'}
[0.427283] (custom_interfaces) StdoutLine: {'line': b'-- Up-to-date: /home/gbonham/turtlebot4_ws/install/custom_interfaces/include/custom_interfaces/custom_interfaces/msg/obs_list.hpp\n'}
[0.427413] (custom_interfaces) StdoutLine: {'line': b'-- Up-to-date: /home/gbonham/turtlebot4_ws/install/custom_interfaces/include/custom_interfaces/custom_interfaces/srv\n'}
[0.427537] (custom_interfaces) StdoutLine: {'line': b'-- Up-to-date: /home/gbonham/turtlebot4_ws/install/custom_interfaces/include/custom_interfaces/custom_interfaces/srv/detail\n'}
[0.427667] (custom_interfaces) StdoutLine: {'line': b'-- Up-to-date: /home/gbonham/turtlebot4_ws/install/custom_interfaces/include/custom_interfaces/custom_interfaces/srv/detail/set_cap__type_support.hpp\n'}
[0.427794] (custom_interfaces) StdoutLine: {'line': b'-- Up-to-date: /home/gbonham/turtlebot4_ws/install/custom_interfaces/include/custom_interfaces/custom_interfaces/srv/detail/set_cap__builder.hpp\n'}
[0.427922] (custom_interfaces) StdoutLine: {'line': b'-- Up-to-date: /home/gbonham/turtlebot4_ws/install/custom_interfaces/include/custom_interfaces/custom_interfaces/srv/detail/set_cap__traits.hpp\n'}
[0.428049] (custom_interfaces) StdoutLine: {'line': b'-- Up-to-date: /home/gbonham/turtlebot4_ws/install/custom_interfaces/include/custom_interfaces/custom_interfaces/srv/detail/set_cap__struct.hpp\n'}
[0.428177] (custom_interfaces) StdoutLine: {'line': b'-- Up-to-date: /home/gbonham/turtlebot4_ws/install/custom_interfaces/include/custom_interfaces/custom_interfaces/srv/set_cap.hpp\n'}
[0.428306] (custom_interfaces) StdoutLine: {'line': b'-- Up-to-date: /home/gbonham/turtlebot4_ws/install/custom_interfaces/include/custom_interfaces/custom_interfaces\n'}
[0.428435] (custom_interfaces) StdoutLine: {'line': b'-- Up-to-date: /home/gbonham/turtlebot4_ws/install/custom_interfaces/include/custom_interfaces/custom_interfaces/action\n'}
[0.428567] (custom_interfaces) StdoutLine: {'line': b'-- Up-to-date: /home/gbonham/turtlebot4_ws/install/custom_interfaces/include/custom_interfaces/custom_interfaces/action/detail\n'}
[0.428699] (custom_interfaces) StdoutLine: {'line': b'-- Up-to-date: /home/gbonham/turtlebot4_ws/install/custom_interfaces/include/custom_interfaces/custom_interfaces/action/detail/robot_goal__rosidl_typesupport_fastrtps_cpp.hpp\n'}
[0.428824] (custom_interfaces) StdoutLine: {'line': b'-- Up-to-date: /home/gbonham/turtlebot4_ws/install/custom_interfaces/include/custom_interfaces/custom_interfaces/action/detail/dds_fastrtps\n'}
[0.428972] (custom_interfaces) StdoutLine: {'line': b'-- Up-to-date: /home/gbonham/turtlebot4_ws/install/custom_interfaces/include/custom_interfaces/custom_interfaces/msg\n'}
[0.429100] (custom_interfaces) StdoutLine: {'line': b'-- Up-to-date: /home/gbonham/turtlebot4_ws/install/custom_interfaces/include/custom_interfaces/custom_interfaces/msg/rosidl_typesupport_fastrtps_cpp__visibility_control.h\n'}
[0.429233] (custom_interfaces) StdoutLine: {'line': b'-- Up-to-date: /home/gbonham/turtlebot4_ws/install/custom_interfaces/include/custom_interfaces/custom_interfaces/msg/detail\n'}
[0.429368] (custom_interfaces) StdoutLine: {'line': b'-- Up-to-date: /home/gbonham/turtlebot4_ws/install/custom_interfaces/include/custom_interfaces/custom_interfaces/msg/detail/trans_loc__rosidl_typesupport_fastrtps_cpp.hpp\n'}
[0.429498] (custom_interfaces) StdoutLine: {'line': b'-- Up-to-date: /home/gbonham/turtlebot4_ws/install/custom_interfaces/include/custom_interfaces/custom_interfaces/msg/detail/dds_fastrtps\n'}
[0.429634] (custom_interfaces) StdoutLine: {'line': b'-- Up-to-date: /home/gbonham/turtlebot4_ws/install/custom_interfaces/include/custom_interfaces/custom_interfaces/msg/detail/obs_list__rosidl_typesupport_fastrtps_cpp.hpp\n'}
[0.429765] (custom_interfaces) StdoutLine: {'line': b'-- Up-to-date: /home/gbonham/turtlebot4_ws/install/custom_interfaces/include/custom_interfaces/custom_interfaces/srv\n'}
[0.429898] (custom_interfaces) StdoutLine: {'line': b'-- Up-to-date: /home/gbonham/turtlebot4_ws/install/custom_interfaces/include/custom_interfaces/custom_interfaces/srv/detail\n'}
[0.430030] (custom_interfaces) StdoutLine: {'line': b'-- Up-to-date: /home/gbonham/turtlebot4_ws/install/custom_interfaces/include/custom_interfaces/custom_interfaces/srv/detail/set_cap__rosidl_typesupport_fastrtps_cpp.hpp\n'}
[0.430160] (custom_interfaces) StdoutLine: {'line': b'-- Up-to-date: /home/gbonham/turtlebot4_ws/install/custom_interfaces/include/custom_interfaces/custom_interfaces/srv/detail/dds_fastrtps\n'}
[0.430288] (custom_interfaces) StdoutLine: {'line': b'-- Up-to-date: /home/gbonham/turtlebot4_ws/install/custom_interfaces/lib/libcustom_interfaces__rosidl_typesupport_fastrtps_cpp.so\n'}
[0.430418] (custom_interfaces) StdoutLine: {'line': b'-- Up-to-date: /home/gbonham/turtlebot4_ws/install/custom_interfaces/include/custom_interfaces/custom_interfaces\n'}
[0.430551] (custom_interfaces) StdoutLine: {'line': b'-- Up-to-date: /home/gbonham/turtlebot4_ws/install/custom_interfaces/include/custom_interfaces/custom_interfaces/action\n'}
[0.430687] (custom_interfaces) StdoutLine: {'line': b'-- Up-to-date: /home/gbonham/turtlebot4_ws/install/custom_interfaces/include/custom_interfaces/custom_interfaces/action/detail\n'}
[0.430816] (custom_interfaces) StdoutLine: {'line': b'-- Up-to-date: /home/gbonham/turtlebot4_ws/install/custom_interfaces/include/custom_interfaces/custom_interfaces/action/detail/robot_goal__rosidl_typesupport_introspection_cpp.hpp\n'}
[0.430948] (custom_interfaces) StdoutLine: {'line': b'-- Up-to-date: /home/gbonham/turtlebot4_ws/install/custom_interfaces/include/custom_interfaces/custom_interfaces/action/detail/robot_goal__type_support.cpp\n'}
[0.431082] (custom_interfaces) StdoutLine: {'line': b'-- Up-to-date: /home/gbonham/turtlebot4_ws/install/custom_interfaces/include/custom_interfaces/custom_interfaces/msg\n'}
[0.431210] (custom_interfaces) StdoutLine: {'line': b'-- Up-to-date: /home/gbonham/turtlebot4_ws/install/custom_interfaces/include/custom_interfaces/custom_interfaces/msg/detail\n'}
[0.431323] (custom_interfaces) StdoutLine: {'line': b'-- Up-to-date: /home/gbonham/turtlebot4_ws/install/custom_interfaces/include/custom_interfaces/custom_interfaces/msg/detail/obs_list__type_support.cpp\n'}
[0.431459] (custom_interfaces) StdoutLine: {'line': b'-- Up-to-date: /home/gbonham/turtlebot4_ws/install/custom_interfaces/include/custom_interfaces/custom_interfaces/msg/detail/trans_loc__rosidl_typesupport_introspection_cpp.hpp\n'}
[0.431599] (custom_interfaces) StdoutLine: {'line': b'-- Up-to-date: /home/gbonham/turtlebot4_ws/install/custom_interfaces/include/custom_interfaces/custom_interfaces/msg/detail/obs_list__rosidl_typesupport_introspection_cpp.hpp\n'}
[0.431728] (custom_interfaces) StdoutLine: {'line': b'-- Up-to-date: /home/gbonham/turtlebot4_ws/install/custom_interfaces/include/custom_interfaces/custom_interfaces/msg/detail/trans_loc__type_support.cpp\n'}
[0.431862] (custom_interfaces) StdoutLine: {'line': b'-- Up-to-date: /home/gbonham/turtlebot4_ws/install/custom_interfaces/include/custom_interfaces/custom_interfaces/srv\n'}
[0.431990] (custom_interfaces) StdoutLine: {'line': b'-- Up-to-date: /home/gbonham/turtlebot4_ws/install/custom_interfaces/include/custom_interfaces/custom_interfaces/srv/detail\n'}
[0.432112] (custom_interfaces) StdoutLine: {'line': b'-- Up-to-date: /home/gbonham/turtlebot4_ws/install/custom_interfaces/include/custom_interfaces/custom_interfaces/srv/detail/set_cap__type_support.cpp\n'}
[0.432237] (custom_interfaces) StdoutLine: {'line': b'-- Up-to-date: /home/gbonham/turtlebot4_ws/install/custom_interfaces/include/custom_interfaces/custom_interfaces/srv/detail/set_cap__rosidl_typesupport_introspection_cpp.hpp\n'}
[0.432366] (custom_interfaces) StdoutLine: {'line': b'-- Up-to-date: /home/gbonham/turtlebot4_ws/install/custom_interfaces/lib/libcustom_interfaces__rosidl_typesupport_introspection_cpp.so\n'}
[0.432502] (custom_interfaces) StdoutLine: {'line': b'-- Up-to-date: /home/gbonham/turtlebot4_ws/install/custom_interfaces/lib/libcustom_interfaces__rosidl_typesupport_cpp.so\n'}
[0.432617] (custom_interfaces) StdoutLine: {'line': b'-- Up-to-date: /home/gbonham/turtlebot4_ws/install/custom_interfaces/share/custom_interfaces/environment/pythonpath.sh\n'}
[0.432766] (custom_interfaces) StdoutLine: {'line': b'-- Up-to-date: /home/gbonham/turtlebot4_ws/install/custom_interfaces/share/custom_interfaces/environment/pythonpath.dsv\n'}
[0.432878] (custom_interfaces) StdoutLine: {'line': b'-- Up-to-date: /home/gbonham/turtlebot4_ws/install/custom_interfaces/lib/python3.12/site-packages/custom_interfaces-0.0.0-py3.12.egg-info\n'}
[0.433016] (custom_interfaces) StdoutLine: {'line': b'-- Installing: /home/gbonham/turtlebot4_ws/install/custom_interfaces/lib/python3.12/site-packages/custom_interfaces-0.0.0-py3.12.egg-info/SOURCES.txt\n'}
[0.433114] (custom_interfaces) StdoutLine: {'line': b'-- Installing: /home/gbonham/turtlebot4_ws/install/custom_interfaces/lib/python3.12/site-packages/custom_interfaces-0.0.0-py3.12.egg-info/dependency_links.txt\n'}
[0.433209] (custom_interfaces) StdoutLine: {'line': b'-- Installing: /home/gbonham/turtlebot4_ws/install/custom_interfaces/lib/python3.12/site-packages/custom_interfaces-0.0.0-py3.12.egg-info/top_level.txt\n'}
[0.433301] (custom_interfaces) StdoutLine: {'line': b'-- Installing: /home/gbonham/turtlebot4_ws/install/custom_interfaces/lib/python3.12/site-packages/custom_interfaces-0.0.0-py3.12.egg-info/PKG-INFO\n'}
[0.433393] (custom_interfaces) StdoutLine: {'line': b'-- Up-to-date: /home/gbonham/turtlebot4_ws/install/custom_interfaces/lib/python3.12/site-packages/custom_interfaces\n'}
[0.433484] (custom_interfaces) StdoutLine: {'line': b'-- Up-to-date: /home/gbonham/turtlebot4_ws/install/custom_interfaces/lib/python3.12/site-packages/custom_interfaces/_custom_interfaces_s.ep.rosidl_typesupport_introspection_c.c\n'}
[0.433584] (custom_interfaces) StdoutLine: {'line': b'-- Up-to-date: /home/gbonham/turtlebot4_ws/install/custom_interfaces/lib/python3.12/site-packages/custom_interfaces/custom_interfaces_s__rosidl_typesupport_c.so\n'}
[0.433677] (custom_interfaces) StdoutLine: {'line': b'-- Up-to-date: /home/gbonham/turtlebot4_ws/install/custom_interfaces/lib/python3.12/site-packages/custom_interfaces/action\n'}
[0.433775] (custom_interfaces) StdoutLine: {'line': b'-- Up-to-date: /home/gbonham/turtlebot4_ws/install/custom_interfaces/lib/python3.12/site-packages/custom_interfaces/action/_robot_goal_s.c\n'}
[0.433868] (custom_interfaces) StdoutLine: {'line': b'-- Up-to-date: /home/gbonham/turtlebot4_ws/install/custom_interfaces/lib/python3.12/site-packages/custom_interfaces/action/__init__.py\n'}
[0.433963] (custom_interfaces) StdoutLine: {'line': b'-- Up-to-date: /home/gbonham/turtlebot4_ws/install/custom_interfaces/lib/python3.12/site-packages/custom_interfaces/action/_robot_goal.py\n'}
[0.434056] (custom_interfaces) StdoutLine: {'line': b'-- Up-to-date: /home/gbonham/turtlebot4_ws/install/custom_interfaces/lib/python3.12/site-packages/custom_interfaces/custom_interfaces_s__rosidl_typesupport_introspection_c.so\n'}
[0.434155] (custom_interfaces) StdoutLine: {'line': b'-- Up-to-date: /home/gbonham/turtlebot4_ws/install/custom_interfaces/lib/python3.12/site-packages/custom_interfaces/_custom_interfaces_s.ep.rosidl_typesupport_fastrtps_c.c\n'}
[0.434248] (custom_interfaces) StdoutLine: {'line': b'-- Up-to-date: /home/gbonham/turtlebot4_ws/install/custom_interfaces/lib/python3.12/site-packages/custom_interfaces/custom_interfaces_s__rosidl_typesupport_fastrtps_c.so\n'}
[0.434342] (custom_interfaces) StdoutLine: {'line': b'-- Up-to-date: /home/gbonham/turtlebot4_ws/install/custom_interfaces/lib/python3.12/site-packages/custom_interfaces/msg\n'}
[0.434434] (custom_interfaces) StdoutLine: {'line': b'-- Up-to-date: /home/gbonham/turtlebot4_ws/install/custom_interfaces/lib/python3.12/site-packages/custom_interfaces/msg/_trans_loc_s.c\n'}
[0.434527] (custom_interfaces) StdoutLine: {'line': b'-- Up-to-date: /home/gbonham/turtlebot4_ws/install/custom_interfaces/lib/python3.12/site-packages/custom_interfaces/msg/_obs_list_s.c\n'}
[0.434626] (custom_interfaces) StdoutLine: {'line': b'-- Up-to-date: /home/gbonham/turtlebot4_ws/install/custom_interfaces/lib/python3.12/site-packages/custom_interfaces/msg/_obs_list.py\n'}
[0.434721] (custom_interfaces) StdoutLine: {'line': b'-- Up-to-date: /home/gbonham/turtlebot4_ws/install/custom_interfaces/lib/python3.12/site-packages/custom_interfaces/msg/__init__.py\n'}
[0.434815] (custom_interfaces) StdoutLine: {'line': b'-- Up-to-date: /home/gbonham/turtlebot4_ws/install/custom_interfaces/lib/python3.12/site-packages/custom_interfaces/msg/_trans_loc.py\n'}
[0.434907] (custom_interfaces) StdoutLine: {'line': b'-- Up-to-date: /home/gbonham/turtlebot4_ws/install/custom_interfaces/lib/python3.12/site-packages/custom_interfaces/srv\n'}
[0.435000] (custom_interfaces) StdoutLine: {'line': b'-- Up-to-date: /home/gbonham/turtlebot4_ws/install/custom_interfaces/lib/python3.12/site-packages/custom_interfaces/srv/_set_cap.py\n'}
[0.435093] (custom_interfaces) StdoutLine: {'line': b'-- Up-to-date: /home/gbonham/turtlebot4_ws/install/custom_interfaces/lib/python3.12/site-packages/custom_interfaces/srv/_set_cap_s.c\n'}
[0.435186] (custom_interfaces) StdoutLine: {'line': b'-- Up-to-date: /home/gbonham/turtlebot4_ws/install/custom_interfaces/lib/python3.12/site-packages/custom_interfaces/srv/__init__.py\n'}
[0.435279] (custom_interfaces) StdoutLine: {'line': b'-- Up-to-date: /home/gbonham/turtlebot4_ws/install/custom_interfaces/lib/python3.12/site-packages/custom_interfaces/__init__.py\n'}
[0.435373] (custom_interfaces) StdoutLine: {'line': b'-- Up-to-date: /home/gbonham/turtlebot4_ws/install/custom_interfaces/lib/python3.12/site-packages/custom_interfaces/_custom_interfaces_s.ep.rosidl_typesupport_c.c\n'}
[0.455832] (custom_interfaces) StdoutLine: {'line': b"Listing '/home/gbonham/turtlebot4_ws/install/custom_interfaces/lib/python3.12/site-packages/custom_interfaces'...\n"}
[0.456060] (custom_interfaces) StdoutLine: {'line': b"Listing '/home/gbonham/turtlebot4_ws/install/custom_interfaces/lib/python3.12/site-packages/custom_interfaces/action'...\n"}
[0.456175] (custom_interfaces) StdoutLine: {'line': b"Listing '/home/gbonham/turtlebot4_ws/install/custom_interfaces/lib/python3.12/site-packages/custom_interfaces/msg'...\n"}
[0.456279] (custom_interfaces) StdoutLine: {'line': b"Listing '/home/gbonham/turtlebot4_ws/install/custom_interfaces/lib/python3.12/site-packages/custom_interfaces/srv'...\n"}
[0.460241] (custom_interfaces) StdoutLine: {'line': b'-- Up-to-date: /home/gbonham/turtlebot4_ws/install/custom_interfaces/lib/python3.12/site-packages/custom_interfaces/custom_interfaces_s__rosidl_typesupport_fastrtps_c.so\n'}
[0.460556] (custom_interfaces) StdoutLine: {'line': b'-- Up-to-date: /home/gbonham/turtlebot4_ws/install/custom_interfaces/lib/python3.12/site-packages/custom_interfaces/custom_interfaces_s__rosidl_typesupport_introspection_c.so\n'}
[0.460832] (custom_interfaces) StdoutLine: {'line': b'-- Up-to-date: /home/gbonham/turtlebot4_ws/install/custom_interfaces/lib/python3.12/site-packages/custom_interfaces/custom_interfaces_s__rosidl_typesupport_c.so\n'}
[0.461112] (custom_interfaces) StdoutLine: {'line': b'-- Up-to-date: /home/gbonham/turtlebot4_ws/install/custom_interfaces/lib/libcustom_interfaces__rosidl_generator_py.so\n'}
[0.461300] (custom_interfaces) StdoutLine: {'line': b'-- Up-to-date: /home/gbonham/turtlebot4_ws/install/custom_interfaces/share/ament_index/resource_index/rust_packages/custom_interfaces\n'}
[0.461467] (custom_interfaces) StdoutLine: {'line': b'-- Up-to-date: /home/gbonham/turtlebot4_ws/install/custom_interfaces/share/custom_interfaces/rust\n'}
[0.461637] (custom_interfaces) StdoutLine: {'line': b'-- Up-to-date: /home/gbonham/turtlebot4_ws/install/custom_interfaces/share/custom_interfaces/rust/src\n'}
[0.461789] (custom_interfaces) StdoutLine: {'line': b'-- Up-to-date: /home/gbonham/turtlebot4_ws/install/custom_interfaces/share/custom_interfaces/rust/src/srv.rs\n'}
[0.461947] (custom_interfaces) StdoutLine: {'line': b'-- Up-to-date: /home/gbonham/turtlebot4_ws/install/custom_interfaces/share/custom_interfaces/rust/src/action\n'}
[0.462100] (custom_interfaces) StdoutLine: {'line': b'-- Up-to-date: /home/gbonham/turtlebot4_ws/install/custom_interfaces/share/custom_interfaces/rust/src/action/rmw.rs\n'}
[0.462252] (custom_interfaces) StdoutLine: {'line': b'-- Up-to-date: /home/gbonham/turtlebot4_ws/install/custom_interfaces/share/custom_interfaces/rust/src/msg\n'}
[0.462392] (custom_interfaces) StdoutLine: {'line': b'-- Up-to-date: /home/gbonham/turtlebot4_ws/install/custom_interfaces/share/custom_interfaces/rust/src/msg/rmw.rs\n'}
[0.462511] (custom_interfaces) StdoutLine: {'line': b'-- Up-to-date: /home/gbonham/turtlebot4_ws/install/custom_interfaces/share/custom_interfaces/rust/src/srv\n'}
[0.462650] (custom_interfaces) StdoutLine: {'line': b'-- Up-to-date: /home/gbonham/turtlebot4_ws/install/custom_interfaces/share/custom_interfaces/rust/src/srv/rmw.rs\n'}
[0.462752] (custom_interfaces) StdoutLine: {'line': b'-- Up-to-date: /home/gbonham/turtlebot4_ws/install/custom_interfaces/share/custom_interfaces/rust/src/action.rs\n'}
[0.462916] (custom_interfaces) StdoutLine: {'line': b'-- Up-to-date: /home/gbonham/turtlebot4_ws/install/custom_interfaces/share/custom_interfaces/rust/src/msg.rs\n'}
[0.463031] (custom_interfaces) StdoutLine: {'line': b'-- Up-to-date: /home/gbonham/turtlebot4_ws/install/custom_interfaces/share/custom_interfaces/rust/src/lib.rs\n'}
[0.463172] (custom_interfaces) StdoutLine: {'line': b'-- Up-to-date: /home/gbonham/turtlebot4_ws/install/custom_interfaces/share/custom_interfaces/rust/build.rs\n'}
[0.463297] (custom_interfaces) StdoutLine: {'line': b'-- Up-to-date: /home/gbonham/turtlebot4_ws/install/custom_interfaces/share/custom_interfaces/rust/Cargo.toml\n'}
[0.463391] (custom_interfaces) StdoutLine: {'line': b'-- Up-to-date: /home/gbonham/turtlebot4_ws/install/custom_interfaces/share/custom_interfaces/msg/TransLoc.idl\n'}
[0.463509] (custom_interfaces) StdoutLine: {'line': b'-- Up-to-date: /home/gbonham/turtlebot4_ws/install/custom_interfaces/share/custom_interfaces/msg/ObsList.idl\n'}
[0.463625] (custom_interfaces) StdoutLine: {'line': b'-- Up-to-date: /home/gbonham/turtlebot4_ws/install/custom_interfaces/share/custom_interfaces/srv/SetCap.idl\n'}
[0.463778] (custom_interfaces) StdoutLine: {'line': b'-- Up-to-date: /home/gbonham/turtlebot4_ws/install/custom_interfaces/share/custom_interfaces/action/RobotGoal.idl\n'}
[0.463878] (custom_interfaces) StdoutLine: {'line': b'-- Up-to-date: /home/gbonham/turtlebot4_ws/install/custom_interfaces/share/custom_interfaces/msg/TransLoc.msg\n'}
[0.464000] (custom_interfaces) StdoutLine: {'line': b'-- Up-to-date: /home/gbonham/turtlebot4_ws/install/custom_interfaces/share/custom_interfaces/msg/ObsList.msg\n'}
[0.464130] (custom_interfaces) StdoutLine: {'line': b'-- Up-to-date: /home/gbonham/turtlebot4_ws/install/custom_interfaces/share/custom_interfaces/srv/SetCap.srv\n'}
[0.464279] (custom_interfaces) StdoutLine: {'line': b'-- Up-to-date: /home/gbonham/turtlebot4_ws/install/custom_interfaces/share/custom_interfaces/action/RobotGoal.action\n'}
[0.464409] (custom_interfaces) StdoutLine: {'line': b'-- Up-to-date: /home/gbonham/turtlebot4_ws/install/custom_interfaces/share/ament_index/resource_index/package_run_dependencies/custom_interfaces\n'}
[0.464551] (custom_interfaces) StdoutLine: {'line': b'-- Up-to-date: /home/gbonham/turtlebot4_ws/install/custom_interfaces/share/ament_index/resource_index/parent_prefix_path/custom_interfaces\n'}
[0.464703] (custom_interfaces) StdoutLine: {'line': b'-- Up-to-date: /home/gbonham/turtlebot4_ws/install/custom_interfaces/share/custom_interfaces/environment/ament_prefix_path.sh\n'}
[0.464837] (custom_interfaces) StdoutLine: {'line': b'-- Up-to-date: /home/gbonham/turtlebot4_ws/install/custom_interfaces/share/custom_interfaces/environment/ament_prefix_path.dsv\n'}
[0.464966] (custom_interfaces) StdoutLine: {'line': b'-- Up-to-date: /home/gbonham/turtlebot4_ws/install/custom_interfaces/share/custom_interfaces/environment/path.sh\n'}
[0.465121] (custom_interfaces) StdoutLine: {'line': b'-- Up-to-date: /home/gbonham/turtlebot4_ws/install/custom_interfaces/share/custom_interfaces/environment/path.dsv\n'}
[0.465272] (custom_interfaces) StdoutLine: {'line': b'-- Up-to-date: /home/gbonham/turtlebot4_ws/install/custom_interfaces/share/custom_interfaces/local_setup.bash\n'}
[0.465425] (custom_interfaces) StdoutLine: {'line': b'-- Up-to-date: /home/gbonham/turtlebot4_ws/install/custom_interfaces/share/custom_interfaces/local_setup.sh\n'}
[0.465541] (custom_interfaces) StdoutLine: {'line': b'-- Up-to-date: /home/gbonham/turtlebot4_ws/install/custom_interfaces/share/custom_interfaces/local_setup.zsh\n'}
[0.465667] (custom_interfaces) StdoutLine: {'line': b'-- Up-to-date: /home/gbonham/turtlebot4_ws/install/custom_interfaces/share/custom_interfaces/local_setup.dsv\n'}
[0.465784] (custom_interfaces) StdoutLine: {'line': b'-- Installing: /home/gbonham/turtlebot4_ws/install/custom_interfaces/share/custom_interfaces/package.dsv\n'}
[0.465901] (custom_interfaces) StdoutLine: {'line': b'-- Up-to-date: /home/gbonham/turtlebot4_ws/install/custom_interfaces/share/ament_index/resource_index/packages/custom_interfaces\n'}
[0.466019] (custom_interfaces) StdoutLine: {'line': b'-- Up-to-date: /home/gbonham/turtlebot4_ws/install/custom_interfaces/share/custom_interfaces/cmake/export_custom_interfaces__rosidl_generator_cExport.cmake\n'}
[0.466135] (custom_interfaces) StdoutLine: {'line': b'-- Up-to-date: /home/gbonham/turtlebot4_ws/install/custom_interfaces/share/custom_interfaces/cmake/export_custom_interfaces__rosidl_generator_cExport-noconfig.cmake\n'}
[0.466254] (custom_interfaces) StdoutLine: {'line': b'-- Up-to-date: /home/gbonham/turtlebot4_ws/install/custom_interfaces/share/custom_interfaces/cmake/export_custom_interfaces__rosidl_typesupport_fastrtps_cExport.cmake\n'}
[0.466370] (custom_interfaces) StdoutLine: {'line': b'-- Up-to-date: /home/gbonham/turtlebot4_ws/install/custom_interfaces/share/custom_interfaces/cmake/export_custom_interfaces__rosidl_typesupport_fastrtps_cExport-noconfig.cmake\n'}
[0.466491] (custom_interfaces) StdoutLine: {'line': b'-- Up-to-date: /home/gbonham/turtlebot4_ws/install/custom_interfaces/share/custom_interfaces/cmake/custom_interfaces__rosidl_typesupport_introspection_cExport.cmake\n'}
[0.466620] (custom_interfaces) StdoutLine: {'line': b'-- Up-to-date: /home/gbonham/turtlebot4_ws/install/custom_interfaces/share/custom_interfaces/cmake/custom_interfaces__rosidl_typesupport_introspection_cExport-noconfig.cmake\n'}
[0.466737] (custom_interfaces) StdoutLine: {'line': b'-- Up-to-date: /home/gbonham/turtlebot4_ws/install/custom_interfaces/share/custom_interfaces/cmake/custom_interfaces__rosidl_typesupport_cExport.cmake\n'}
[0.466854] (custom_interfaces) StdoutLine: {'line': b'-- Up-to-date: /home/gbonham/turtlebot4_ws/install/custom_interfaces/share/custom_interfaces/cmake/custom_interfaces__rosidl_typesupport_cExport-noconfig.cmake\n'}
[0.466971] (custom_interfaces) StdoutLine: {'line': b'-- Up-to-date: /home/gbonham/turtlebot4_ws/install/custom_interfaces/share/custom_interfaces/cmake/export_custom_interfaces__rosidl_generator_cppExport.cmake\n'}
[0.467087] (custom_interfaces) StdoutLine: {'line': b'-- Up-to-date: /home/gbonham/turtlebot4_ws/install/custom_interfaces/share/custom_interfaces/cmake/export_custom_interfaces__rosidl_typesupport_fastrtps_cppExport.cmake\n'}
[0.467202] (custom_interfaces) StdoutLine: {'line': b'-- Up-to-date: /home/gbonham/turtlebot4_ws/install/custom_interfaces/share/custom_interfaces/cmake/export_custom_interfaces__rosidl_typesupport_fastrtps_cppExport-noconfig.cmake\n'}
[0.467318] (custom_interfaces) StdoutLine: {'line': b'-- Up-to-date: /home/gbonham/turtlebot4_ws/install/custom_interfaces/share/custom_interfaces/cmake/custom_interfaces__rosidl_typesupport_introspection_cppExport.cmake\n'}
[0.467434] (custom_interfaces) StdoutLine: {'line': b'-- Up-to-date: /home/gbonham/turtlebot4_ws/install/custom_interfaces/share/custom_interfaces/cmake/custom_interfaces__rosidl_typesupport_introspection_cppExport-noconfig.cmake\n'}
[0.467559] (custom_interfaces) StdoutLine: {'line': b'-- Up-to-date: /home/gbonham/turtlebot4_ws/install/custom_interfaces/share/custom_interfaces/cmake/custom_interfaces__rosidl_typesupport_cppExport.cmake\n'}
[0.467678] (custom_interfaces) StdoutLine: {'line': b'-- Up-to-date: /home/gbonham/turtlebot4_ws/install/custom_interfaces/share/custom_interfaces/cmake/custom_interfaces__rosidl_typesupport_cppExport-noconfig.cmake\n'}
[0.467795] (custom_interfaces) StdoutLine: {'line': b'-- Up-to-date: /home/gbonham/turtlebot4_ws/install/custom_interfaces/share/custom_interfaces/cmake/export_custom_interfaces__rosidl_generator_pyExport.cmake\n'}
[0.467913] (custom_interfaces) StdoutLine: {'line': b'-- Up-to-date: /home/gbonham/turtlebot4_ws/install/custom_interfaces/share/custom_interfaces/cmake/export_custom_interfaces__rosidl_generator_pyExport-noconfig.cmake\n'}
[0.468030] (custom_interfaces) StdoutLine: {'line': b'-- Up-to-date: /home/gbonham/turtlebot4_ws/install/custom_interfaces/share/custom_interfaces/cmake/rosidl_cmake-extras.cmake\n'}
[0.468147] (custom_interfaces) StdoutLine: {'line': b'-- Up-to-date: /home/gbonham/turtlebot4_ws/install/custom_interfaces/share/custom_interfaces/cmake/ament_cmake_export_dependencies-extras.cmake\n'}
[0.468264] (custom_interfaces) StdoutLine: {'line': b'-- Up-to-date: /home/gbonham/turtlebot4_ws/install/custom_interfaces/share/custom_interfaces/cmake/ament_cmake_export_include_directories-extras.cmake\n'}
[0.468390] (custom_interfaces) StdoutLine: {'line': b'-- Up-to-date: /home/gbonham/turtlebot4_ws/install/custom_interfaces/share/custom_interfaces/cmake/ament_cmake_export_libraries-extras.cmake\n'}
[0.468506] (custom_interfaces) StdoutLine: {'line': b'-- Up-to-date: /home/gbonham/turtlebot4_ws/install/custom_interfaces/share/custom_interfaces/cmake/ament_cmake_export_targets-extras.cmake\n'}
[0.468736] (custom_interfaces) StdoutLine: {'line': b'-- Up-to-date: /home/gbonham/turtlebot4_ws/install/custom_interfaces/share/custom_interfaces/cmake/rosidl_cmake_export_typesupport_targets-extras.cmake\n'}
[0.468974] (custom_interfaces) StdoutLine: {'line': b'-- Up-to-date: /home/gbonham/turtlebot4_ws/install/custom_interfaces/share/custom_interfaces/cmake/rosidl_cmake_export_typesupport_libraries-extras.cmake\n'}
[0.469431] (custom_interfaces) StdoutLine: {'line': b'-- Up-to-date: /home/gbonham/turtlebot4_ws/install/custom_interfaces/share/custom_interfaces/cmake/custom_interfacesConfig.cmake\n'}
[0.469610] (custom_interfaces) StdoutLine: {'line': b'-- Up-to-date: /home/gbonham/turtlebot4_ws/install/custom_interfaces/share/custom_interfaces/cmake/custom_interfacesConfig-version.cmake\n'}
[0.469790] (custom_interfaces) StdoutLine: {'line': b'-- Up-to-date: /home/gbonham/turtlebot4_ws/install/custom_interfaces/share/custom_interfaces/package.xml\n'}
[0.469972] (custom_interfaces) CommandEnded: {'returncode': 0}
[0.500295] (-) TimerEvent: {}
[0.548792] (custom_interfaces) JobEnded: {'identifier': 'custom_interfaces', 'rc': 0}
[0.550342] (lab3_pkg) JobStarted: {'identifier': 'lab3_pkg'}
[0.552318] (final) JobStarted: {'identifier': 'final'}
[0.558695] (lab5_pkg) JobStarted: {'identifier': 'lab5_pkg'}
[0.600411] (-) TimerEvent: {}
[0.700651] (-) TimerEvent: {}
[0.800907] (-) TimerEvent: {}
[0.901186] (-) TimerEvent: {}
[1.001535] (-) TimerEvent: {}
[1.101779] (-) TimerEvent: {}
[1.112968] (lab1_pkg) Command: {'cmd': ['/usr/bin/python3', '-W', 'ignore:setup.py install is deprecated', '-W', 'ignore:easy_install command is deprecated', 'setup.py', 'egg_info', '--egg-base', '../../build/lab1_pkg', 'build', '--build-base', '/home/gbonham/turtlebot4_ws/build/lab1_pkg/build', 'install', '--record', '/home/gbonham/turtlebot4_ws/build/lab1_pkg/install.log', '--single-version-externally-managed', 'install_data'], 'cwd': '/home/gbonham/turtlebot4_ws/src/lab1_pkg', 'env': {'GJS_DEBUG_TOPICS': 'JS ERROR;JS LOG', 'PYTHON_BASIC_REPL': '1', 'USER': 'gbonham', 'XDG_SESSION_TYPE': 'wayland', 'GIT_ASKPASS': '/usr/share/code/resources/app/extensions/git/dist/askpass.sh', 'SHLVL': '1', 'CLUTTER_DISABLE_MIPMAPPED_TEXT': '1', 'HOME': '/home/gbonham', 'OLDPWD': '/home/gbonham/turtlebot4_ws/src', 'CHROME_DESKTOP': 'code.desktop', 'DESKTOP_SESSION': 'ubuntu', 'TERM_PROGRAM_VERSION': '1.120.0', 'GIO_LAUNCHED_DESKTOP_FILE': '/usr/share/applications/code.desktop', 'GTK_MODULES': 'gail:atk-bridge', 'GNOME_SHELL_SESSION_MODE': 'ubuntu', 'VSCODE_GIT_ASKPASS_MAIN': '/usr/share/code/resources/app/extensions/git/dist/askpass-main.js', 'MANAGERPID': '11241', 'VSCODE_GIT_ASKPASS_NODE': '/usr/share/code/code', 'DBUS_SESSION_BUS_ADDRESS': 'unix:path=/run/user/481853705/bus', 'GSM_SKIP_SSH_AGENT_WORKAROUND': 'true', 'SYSTEMD_EXEC_PID': '11518', 'PYDEVD_DISABLE_FILE_VALIDATION': '1', 'BUNDLED_DEBUGPY_PATH': '/home/gbonham/.vscode/extensions/ms-python.debugpy-2026.6.0-linux-x64/bundled/libs/debugpy', 'VSCODE_PYTHON_AUTOACTIVATE_GUARD': '1', 'GIO_LAUNCHED_DESKTOP_FILE_PID': '12574', 'COLORTERM': 'truecolor', 'CONDA_CHANGEPS1': 'no', 'WAYLAND_DISPLAY': 'wayland-0', 'LOGNAME': 'gbonham', '_': '/usr/bin/colcon', 'JOURNAL_STREAM': '9:142776', 'XDG_SESSION_CLASS': 'user', 'MEMORY_PRESSURE_WATCH': '/sys/fs/cgroup/user.slice/user-481853705.slice/user@481853705.service/session.slice/org.gnome.Shell@wayland.service/memory.pressure', 'USER_ZDOTDIR': '/home/gbonham', 'USERNAME': 'gbonham', 'PROMPT_EOL_MARK': '', 'TERM': 'xterm-256color', 'GNOME_DESKTOP_SESSION_ID': 'this-is-deprecated', 'FC_FONTATIONS': '1', 'PATH': '/usr/local/sbin:/usr/local/bin:/usr/sbin:/usr/bin:/sbin:/bin:/usr/games:/usr/local/games:/snap/bin:/snap/bin:/home/gbonham/.vscode/extensions/ms-python.debugpy-2026.6.0-linux-x64/bundled/scripts/noConfigScripts', 'SESSION_MANAGER': 'local/csci20121:@/tmp/.ICE-unix/11486,unix/csci20121:/tmp/.ICE-unix/11486', 'INVOCATION_ID': '94b2f98f34ad4cab8b432345032ed79e', 'XDG_RUNTIME_DIR': '/run/user/481853705', 'XDG_MENU_PREFIX': 'gnome-', 'GNOME_SETUP_DISPLAY': ':1', 'GDK_BACKEND': 'wayland', 'DISPLAY': ':0', 'LANG': 'en_US.UTF-8', 'XDG_CURRENT_DESKTOP': 'ubuntu:GNOME', 'VSCODE_DEBUGPY_ADAPTER_ENDPOINTS': '/home/gbonham/.vscode/extensions/ms-python.debugpy-2026.6.0-linux-x64/.noConfigDebugAdapterEndpoints/endpoint-e34322725a0427c1.txt', 'PYTHONSTARTUP': '/home/gbonham/.config/Code/User/workspaceStorage/164fb482c0335d43507560d0f344279e/ms-python.python/pythonrc.py', 'VSCODE_INJECTION': '1', 'XDG_SESSION_DESKTOP': 'ubuntu', 'XMODIFIERS': '@im=ibus', 'XAUTHORITY': '/run/user/481853705/.mutter-Xwaylandauth.D1YEP3', 'TERM_PROGRAM': 'vscode', 'VSCODE_GIT_IPC_HANDLE': '/run/user/481853705/vscode-git-91e7995aaf.sock', 'SSH_AUTH_SOCK': '/run/user/481853705/keyring/ssh', 'SHELL': '/bin/zsh', 'KRB5CCNAME': 'FILE:/tmp/krb5cc_481853705_1BZ2iU', 'QT_ACCESSIBILITY': '1', 'GDMSESSION': 'ubuntu', 'GJS_DEBUG_OUTPUT': 'stderr', 'QT_IM_MODULE': 'ibus', 'VSCODE_GIT_ASKPASS_EXTRA_ARGS': '', 'PWD': '/home/gbonham/turtlebot4_ws/build/lab1_pkg', 'XDG_DATA_DIRS': '/usr/local/share/:/usr/share/:/var/lib/snapd/desktop', 'ZDOTDIR': '/home/gbonham', 'VIRTUAL_ENV_DISABLE_PROMPT': '12', 'COLCON': '1', 'MEMORY_PRESSURE_WRITE': 'c29tZSAyMDAwMDAgMjAwMDAwMAA=', 'PYTHONPATH': '/home/gbonham/turtlebot4_ws/build/lab1_pkg/prefix_override:/usr/lib/python3/dist-packages/colcon_core/task/python/colcon_distutils_commands:/home/gbonham/turtlebot4_ws/install/lab1_pkg/lib/python3.12/site-packages:'}, 'shell': False}
[1.114654] (lab2_pkg) Command: {'cmd': ['/usr/bin/python3', '-W', 'ignore:setup.py install is deprecated', '-W', 'ignore:easy_install command is deprecated', 'setup.py', 'egg_info', '--egg-base', '../../build/lab2_pkg', 'build', '--build-base', '/home/gbonham/turtlebot4_ws/build/lab2_pkg/build', 'install', '--record', '/home/gbonham/turtlebot4_ws/build/lab2_pkg/install.log', '--single-version-externally-managed', 'install_data'], 'cwd': '/home/gbonham/turtlebot4_ws/src/lab2_pkg', 'env': {'GJS_DEBUG_TOPICS': 'JS ERROR;JS LOG', 'PYTHON_BASIC_REPL': '1', 'USER': 'gbonham', 'XDG_SESSION_TYPE': 'wayland', 'GIT_ASKPASS': '/usr/share/code/resources/app/extensions/git/dist/askpass.sh', 'SHLVL': '1', 'CLUTTER_DISABLE_MIPMAPPED_TEXT': '1', 'HOME': '/home/gbonham', 'OLDPWD': '/home/gbonham/turtlebot4_ws/src', 'CHROME_DESKTOP': 'code.desktop', 'DESKTOP_SESSION': 'ubuntu', 'TERM_PROGRAM_VERSION': '1.120.0', 'GIO_LAUNCHED_DESKTOP_FILE': '/usr/share/applications/code.desktop', 'GTK_MODULES': 'gail:atk-bridge', 'GNOME_SHELL_SESSION_MODE': 'ubuntu', 'VSCODE_GIT_ASKPASS_MAIN': '/usr/share/code/resources/app/extensions/git/dist/askpass-main.js', 'MANAGERPID': '11241', 'VSCODE_GIT_ASKPASS_NODE': '/usr/share/code/code', 'DBUS_SESSION_BUS_ADDRESS': 'unix:path=/run/user/481853705/bus', 'GSM_SKIP_SSH_AGENT_WORKAROUND': 'true', 'SYSTEMD_EXEC_PID': '11518', 'PYDEVD_DISABLE_FILE_VALIDATION': '1', 'BUNDLED_DEBUGPY_PATH': '/home/gbonham/.vscode/extensions/ms-python.debugpy-2026.6.0-linux-x64/bundled/libs/debugpy', 'VSCODE_PYTHON_AUTOACTIVATE_GUARD': '1', 'GIO_LAUNCHED_DESKTOP_FILE_PID': '12574', 'COLORTERM': 'truecolor', 'CONDA_CHANGEPS1': 'no', 'WAYLAND_DISPLAY': 'wayland-0', 'LOGNAME': 'gbonham', '_': '/usr/bin/colcon', 'JOURNAL_STREAM': '9:142776', 'XDG_SESSION_CLASS': 'user', 'MEMORY_PRESSURE_WATCH': '/sys/fs/cgroup/user.slice/user-481853705.slice/user@481853705.service/session.slice/org.gnome.Shell@wayland.service/memory.pressure', 'USER_ZDOTDIR': '/home/gbonham', 'USERNAME': 'gbonham', 'PROMPT_EOL_MARK': '', 'TERM': 'xterm-256color', 'GNOME_DESKTOP_SESSION_ID': 'this-is-deprecated', 'FC_FONTATIONS': '1', 'PATH': '/usr/local/sbin:/usr/local/bin:/usr/sbin:/usr/bin:/sbin:/bin:/usr/games:/usr/local/games:/snap/bin:/snap/bin:/home/gbonham/.vscode/extensions/ms-python.debugpy-2026.6.0-linux-x64/bundled/scripts/noConfigScripts', 'SESSION_MANAGER': 'local/csci20121:@/tmp/.ICE-unix/11486,unix/csci20121:/tmp/.ICE-unix/11486', 'INVOCATION_ID': '94b2f98f34ad4cab8b432345032ed79e', 'XDG_RUNTIME_DIR': '/run/user/481853705', 'XDG_MENU_PREFIX': 'gnome-', 'GNOME_SETUP_DISPLAY': ':1', 'GDK_BACKEND': 'wayland', 'DISPLAY': ':0', 'LANG': 'en_US.UTF-8', 'XDG_CURRENT_DESKTOP': 'ubuntu:GNOME', 'VSCODE_DEBUGPY_ADAPTER_ENDPOINTS': '/home/gbonham/.vscode/extensions/ms-python.debugpy-2026.6.0-linux-x64/.noConfigDebugAdapterEndpoints/endpoint-e34322725a0427c1.txt', 'PYTHONSTARTUP': '/home/gbonham/.config/Code/User/workspaceStorage/164fb482c0335d43507560d0f344279e/ms-python.python/pythonrc.py', 'VSCODE_INJECTION': '1', 'XDG_SESSION_DESKTOP': 'ubuntu', 'XMODIFIERS': '@im=ibus', 'XAUTHORITY': '/run/user/481853705/.mutter-Xwaylandauth.D1YEP3', 'TERM_PROGRAM': 'vscode', 'VSCODE_GIT_IPC_HANDLE': '/run/user/481853705/vscode-git-91e7995aaf.sock', 'SSH_AUTH_SOCK': '/run/user/481853705/keyring/ssh', 'SHELL': '/bin/zsh', 'KRB5CCNAME': 'FILE:/tmp/krb5cc_481853705_1BZ2iU', 'QT_ACCESSIBILITY': '1', 'GDMSESSION': 'ubuntu', 'GJS_DEBUG_OUTPUT': 'stderr', 'QT_IM_MODULE': 'ibus', 'VSCODE_GIT_ASKPASS_EXTRA_ARGS': '', 'PWD': '/home/gbonham/turtlebot4_ws/build/lab2_pkg', 'XDG_DATA_DIRS': '/usr/local/share/:/usr/share/:/var/lib/snapd/desktop', 'ZDOTDIR': '/home/gbonham', 'VIRTUAL_ENV_DISABLE_PROMPT': '12', 'COLCON': '1', 'MEMORY_PRESSURE_WRITE': 'c29tZSAyMDAwMDAgMjAwMDAwMAA=', 'PYTHONPATH': '/home/gbonham/turtlebot4_ws/build/lab2_pkg/prefix_override:/usr/lib/python3/dist-packages/colcon_core/task/python/colcon_distutils_commands:/home/gbonham/turtlebot4_ws/install/lab2_pkg/lib/python3.12/site-packages:'}, 'shell': False}
[1.201868] (-) TimerEvent: {}
[1.302121] (-) TimerEvent: {}
[1.344995] (lab1_pkg) StdoutLine: {'line': b'running egg_info\n'}
[1.352229] (lab2_pkg) StdoutLine: {'line': b'running egg_info\n'}
[1.364580] (lab1_pkg) StdoutLine: {'line': b'writing ../../build/lab1_pkg/lab1_pkg.egg-info/PKG-INFO\n'}
[1.364891] (lab1_pkg) StdoutLine: {'line': b'writing dependency_links to ../../build/lab1_pkg/lab1_pkg.egg-info/dependency_links.txt\n'}
[1.365124] (lab1_pkg) StdoutLine: {'line': b'writing entry points to ../../build/lab1_pkg/lab1_pkg.egg-info/entry_points.txt\n'}
[1.365331] (lab1_pkg) StdoutLine: {'line': b'writing requirements to ../../build/lab1_pkg/lab1_pkg.egg-info/requires.txt\n'}
[1.365545] (lab1_pkg) StdoutLine: {'line': b'writing top-level names to ../../build/lab1_pkg/lab1_pkg.egg-info/top_level.txt\n'}
[1.370430] (lab2_pkg) StdoutLine: {'line': b'writing ../../build/lab2_pkg/lab2_pkg.egg-info/PKG-INFO\n'}
[1.370748] (lab2_pkg) StdoutLine: {'line': b'writing dependency_links to ../../build/lab2_pkg/lab2_pkg.egg-info/dependency_links.txt\n'}
[1.371032] (lab2_pkg) StdoutLine: {'line': b'writing entry points to ../../build/lab2_pkg/lab2_pkg.egg-info/entry_points.txt\n'}
[1.371215] (lab2_pkg) StdoutLine: {'line': b'writing requirements to ../../build/lab2_pkg/lab2_pkg.egg-info/requires.txt\n'}
[1.371385] (lab2_pkg) StdoutLine: {'line': b'writing top-level names to ../../build/lab2_pkg/lab2_pkg.egg-info/top_level.txt\n'}
[1.386955] (lab2_pkg) StdoutLine: {'line': b"reading manifest file '../../build/lab2_pkg/lab2_pkg.egg-info/SOURCES.txt'\n"}
[1.387577] (lab2_pkg) StdoutLine: {'line': b"writing manifest file '../../build/lab2_pkg/lab2_pkg.egg-info/SOURCES.txt'\n"}
[1.387771] (lab2_pkg) StdoutLine: {'line': b'running build\n'}
[1.388218] (lab2_pkg) StdoutLine: {'line': b'running install\n'}
[1.392995] (lab2_pkg) StdoutLine: {'line': b'running install_data\n'}
[1.393211] (lab2_pkg) StdoutLine: {'line': b'running install_egg_info\n'}
[1.395812] (lab1_pkg) StdoutLine: {'line': b"reading manifest file '../../build/lab1_pkg/lab1_pkg.egg-info/SOURCES.txt'\n"}
[1.396488] (lab1_pkg) StdoutLine: {'line': b"writing manifest file '../../build/lab1_pkg/lab1_pkg.egg-info/SOURCES.txt'\n"}
[1.396688] (lab1_pkg) StdoutLine: {'line': b'running build\n'}
[1.396840] (lab1_pkg) StdoutLine: {'line': b'running build_py\n'}
[1.397061] (lab1_pkg) StdoutLine: {'line': b'running install\n'}
[1.402210] (-) TimerEvent: {}
[1.402403] (lab1_pkg) StdoutLine: {'line': b'running install_lib\n'}
[1.417100] (lab1_pkg) StdoutLine: {'line': b'running install_data\n'}
[1.417343] (lab1_pkg) StdoutLine: {'line': b'running install_egg_info\n'}
[1.425445] (lab2_pkg) StdoutLine: {'line': b"removing '/home/gbonham/turtlebot4_ws/install/lab2_pkg/lib/python3.12/site-packages/lab2_pkg-0.0.0-py3.12.egg-info' (and everything under it)\n"}
[1.425761] (lab2_pkg) StdoutLine: {'line': b'Copying ../../build/lab2_pkg/lab2_pkg.egg-info to /home/gbonham/turtlebot4_ws/install/lab2_pkg/lib/python3.12/site-packages/lab2_pkg-0.0.0-py3.12.egg-info\n'}
[1.429110] (lab2_pkg) StdoutLine: {'line': b'running install_scripts\n'}
[1.434254] (lab1_pkg) StdoutLine: {'line': b"removing '/home/gbonham/turtlebot4_ws/install/lab1_pkg/lib/python3.12/site-packages/lab1_pkg-0.0.0-py3.12.egg-info' (and everything under it)\n"}
[1.434641] (lab1_pkg) StdoutLine: {'line': b'Copying ../../build/lab1_pkg/lab1_pkg.egg-info to /home/gbonham/turtlebot4_ws/install/lab1_pkg/lib/python3.12/site-packages/lab1_pkg-0.0.0-py3.12.egg-info\n'}
[1.439765] (lab1_pkg) StdoutLine: {'line': b'running install_scripts\n'}
[1.502292] (-) TimerEvent: {}
[1.543410] (lab1_pkg) StdoutLine: {'line': b'Installing speed_behavior_node script to /home/gbonham/turtlebot4_ws/install/lab1_pkg/lib/lab1_pkg\n'}
[1.545761] (lab1_pkg) StdoutLine: {'line': b"writing list of installed files to '/home/gbonham/turtlebot4_ws/build/lab1_pkg/install.log'\n"}
[1.549654] (lab2_pkg) StdoutLine: {'line': b'Installing SCOD script to /home/gbonham/turtlebot4_ws/install/lab2_pkg/lib/lab2_pkg\n'}
[1.551728] (lab2_pkg) StdoutLine: {'line': b"writing list of installed files to '/home/gbonham/turtlebot4_ws/build/lab2_pkg/install.log'\n"}
[1.581395] (lab2_pkg) CommandEnded: {'returncode': 0}
[1.591743] (lab2_pkg) JobEnded: {'identifier': 'lab2_pkg', 'rc': 0}
[1.593122] (lab1_pkg) CommandEnded: {'returncode': 0}
[1.599212] (lab1_pkg) JobEnded: {'identifier': 'lab1_pkg', 'rc': 0}
[1.602391] (-) TimerEvent: {}
[1.660529] (lab3_pkg) Command: {'cmd': ['/usr/bin/python3', '-W', 'ignore:setup.py install is deprecated', '-W', 'ignore:easy_install command is deprecated', 'setup.py', 'egg_info', '--egg-base', '../../build/lab3_pkg', 'build', '--build-base', '/home/gbonham/turtlebot4_ws/build/lab3_pkg/build', 'install', '--record', '/home/gbonham/turtlebot4_ws/build/lab3_pkg/install.log', '--single-version-externally-managed', 'install_data'], 'cwd': '/home/gbonham/turtlebot4_ws/src/lab3_pkg', 'env': {'GJS_DEBUG_TOPICS': 'JS ERROR;JS LOG', 'PYTHON_BASIC_REPL': '1', 'USER': 'gbonham', 'XDG_SESSION_TYPE': 'wayland', 'GIT_ASKPASS': '/usr/share/code/resources/app/extensions/git/dist/askpass.sh', 'SHLVL': '1', 'CLUTTER_DISABLE_MIPMAPPED_TEXT': '1', 'LD_LIBRARY_PATH': '/home/gbonham/turtlebot4_ws/install/custom_interfaces/lib', 'HOME': '/home/gbonham', 'OLDPWD': '/home/gbonham/turtlebot4_ws/src', 'CHROME_DESKTOP': 'code.desktop', 'DESKTOP_SESSION': 'ubuntu', 'TERM_PROGRAM_VERSION': '1.120.0', 'GIO_LAUNCHED_DESKTOP_FILE': '/usr/share/applications/code.desktop', 'GTK_MODULES': 'gail:atk-bridge', 'GNOME_SHELL_SESSION_MODE': 'ubuntu', 'VSCODE_GIT_ASKPASS_MAIN': '/usr/share/code/resources/app/extensions/git/dist/askpass-main.js', 'MANAGERPID': '11241', 'VSCODE_GIT_ASKPASS_NODE': '/usr/share/code/code', 'DBUS_SESSION_BUS_ADDRESS': 'unix:path=/run/user/481853705/bus', 'GSM_SKIP_SSH_AGENT_WORKAROUND': 'true', 'SYSTEMD_EXEC_PID': '11518', 'PYDEVD_DISABLE_FILE_VALIDATION': '1', 'BUNDLED_DEBUGPY_PATH': '/home/gbonham/.vscode/extensions/ms-python.debugpy-2026.6.0-linux-x64/bundled/libs/debugpy', 'VSCODE_PYTHON_AUTOACTIVATE_GUARD': '1', 'GIO_LAUNCHED_DESKTOP_FILE_PID': '12574', 'COLORTERM': 'truecolor', 'CONDA_CHANGEPS1': 'no', 'WAYLAND_DISPLAY': 'wayland-0', 'LOGNAME': 'gbonham', '_': '/usr/bin/colcon', 'JOURNAL_STREAM': '9:142776', 'XDG_SESSION_CLASS': 'user', 'MEMORY_PRESSURE_WATCH': '/sys/fs/cgroup/user.slice/user-481853705.slice/user@481853705.service/session.slice/org.gnome.Shell@wayland.service/memory.pressure', 'USER_ZDOTDIR': '/home/gbonham', 'USERNAME': 'gbonham', 'PROMPT_EOL_MARK': '', 'TERM': 'xterm-256color', 'GNOME_DESKTOP_SESSION_ID': 'this-is-deprecated', 'FC_FONTATIONS': '1', 'PATH': '/usr/local/sbin:/usr/local/bin:/usr/sbin:/usr/bin:/sbin:/bin:/usr/games:/usr/local/games:/snap/bin:/snap/bin:/home/gbonham/.vscode/extensions/ms-python.debugpy-2026.6.0-linux-x64/bundled/scripts/noConfigScripts', 'SESSION_MANAGER': 'local/csci20121:@/tmp/.ICE-unix/11486,unix/csci20121:/tmp/.ICE-unix/11486', 'INVOCATION_ID': '94b2f98f34ad4cab8b432345032ed79e', 'XDG_RUNTIME_DIR': '/run/user/481853705', 'XDG_MENU_PREFIX': 'gnome-', 'GNOME_SETUP_DISPLAY': ':1', 'GDK_BACKEND': 'wayland', 'DISPLAY': ':0', 'LANG': 'en_US.UTF-8', 'XDG_CURRENT_DESKTOP': 'ubuntu:GNOME', 'VSCODE_DEBUGPY_ADAPTER_ENDPOINTS': '/home/gbonham/.vscode/extensions/ms-python.debugpy-2026.6.0-linux-x64/.noConfigDebugAdapterEndpoints/endpoint-e34322725a0427c1.txt', 'PYTHONSTARTUP': '/home/gbonham/.config/Code/User/workspaceStorage/164fb482c0335d43507560d0f344279e/ms-python.python/pythonrc.py', 'VSCODE_INJECTION': '1', 'XDG_SESSION_DESKTOP': 'ubuntu', 'XMODIFIERS': '@im=ibus', 'XAUTHORITY': '/run/user/481853705/.mutter-Xwaylandauth.D1YEP3', 'TERM_PROGRAM': 'vscode', 'VSCODE_GIT_IPC_HANDLE': '/run/user/481853705/vscode-git-91e7995aaf.sock', 'SSH_AUTH_SOCK': '/run/user/481853705/keyring/ssh', 'AMENT_PREFIX_PATH': '/home/gbonham/turtlebot4_ws/install/custom_interfaces', 'SHELL': '/bin/zsh', 'KRB5CCNAME': 'FILE:/tmp/krb5cc_481853705_1BZ2iU', 'QT_ACCESSIBILITY': '1', 'GDMSESSION': 'ubuntu', 'GJS_DEBUG_OUTPUT': 'stderr', 'QT_IM_MODULE': 'ibus', 'VSCODE_GIT_ASKPASS_EXTRA_ARGS': '', 'PWD': '/home/gbonham/turtlebot4_ws/build/lab3_pkg', 'XDG_DATA_DIRS': '/usr/local/share/:/usr/share/:/var/lib/snapd/desktop', 'ZDOTDIR': '/home/gbonham', 'VIRTUAL_ENV_DISABLE_PROMPT': '12', 'PYTHONPATH': '/home/gbonham/turtlebot4_ws/build/lab3_pkg/prefix_override:/usr/lib/python3/dist-packages/colcon_core/task/python/colcon_distutils_commands:/home/gbonham/turtlebot4_ws/install/lab3_pkg/lib/python3.12/site-packages:/home/gbonham/turtlebot4_ws/install/custom_interfaces/lib/python3.12/site-packages', 'COLCON': '1', 'MEMORY_PRESSURE_WRITE': 'c29tZSAyMDAwMDAgMjAwMDAwMAA=', 'CMAKE_PREFIX_PATH': '/home/gbonham/turtlebot4_ws/install/custom_interfaces'}, 'shell': False}
[1.668205] (lab5_pkg) Command: {'cmd': ['/usr/bin/python3', '-W', 'ignore:setup.py install is deprecated', '-W', 'ignore:easy_install command is deprecated', 'setup.py', 'egg_info', '--egg-base', '../../build/lab5_pkg', 'build', '--build-base', '/home/gbonham/turtlebot4_ws/build/lab5_pkg/build', 'install', '--record', '/home/gbonham/turtlebot4_ws/build/lab5_pkg/install.log', '--single-version-externally-managed', 'install_data'], 'cwd': '/home/gbonham/turtlebot4_ws/src/lab5_pkg', 'env': {'GJS_DEBUG_TOPICS': 'JS ERROR;JS LOG', 'PYTHON_BASIC_REPL': '1', 'USER': 'gbonham', 'XDG_SESSION_TYPE': 'wayland', 'GIT_ASKPASS': '/usr/share/code/resources/app/extensions/git/dist/askpass.sh', 'SHLVL': '1', 'CLUTTER_DISABLE_MIPMAPPED_TEXT': '1', 'LD_LIBRARY_PATH': '/home/gbonham/turtlebot4_ws/install/custom_interfaces/lib', 'HOME': '/home/gbonham', 'OLDPWD': '/home/gbonham/turtlebot4_ws/src', 'CHROME_DESKTOP': 'code.desktop', 'DESKTOP_SESSION': 'ubuntu', 'TERM_PROGRAM_VERSION': '1.120.0', 'GIO_LAUNCHED_DESKTOP_FILE': '/usr/share/applications/code.desktop', 'GTK_MODULES': 'gail:atk-bridge', 'GNOME_SHELL_SESSION_MODE': 'ubuntu', 'VSCODE_GIT_ASKPASS_MAIN': '/usr/share/code/resources/app/extensions/git/dist/askpass-main.js', 'MANAGERPID': '11241', 'VSCODE_GIT_ASKPASS_NODE': '/usr/share/code/code', 'DBUS_SESSION_BUS_ADDRESS': 'unix:path=/run/user/481853705/bus', 'GSM_SKIP_SSH_AGENT_WORKAROUND': 'true', 'SYSTEMD_EXEC_PID': '11518', 'PYDEVD_DISABLE_FILE_VALIDATION': '1', 'BUNDLED_DEBUGPY_PATH': '/home/gbonham/.vscode/extensions/ms-python.debugpy-2026.6.0-linux-x64/bundled/libs/debugpy', 'VSCODE_PYTHON_AUTOACTIVATE_GUARD': '1', 'GIO_LAUNCHED_DESKTOP_FILE_PID': '12574', 'COLORTERM': 'truecolor', 'CONDA_CHANGEPS1': 'no', 'WAYLAND_DISPLAY': 'wayland-0', 'LOGNAME': 'gbonham', '_': '/usr/bin/colcon', 'JOURNAL_STREAM': '9:142776', 'XDG_SESSION_CLASS': 'user', 'MEMORY_PRESSURE_WATCH': '/sys/fs/cgroup/user.slice/user-481853705.slice/user@481853705.service/session.slice/org.gnome.Shell@wayland.service/memory.pressure', 'USER_ZDOTDIR': '/home/gbonham', 'USERNAME': 'gbonham', 'PROMPT_EOL_MARK': '', 'TERM': 'xterm-256color', 'GNOME_DESKTOP_SESSION_ID': 'this-is-deprecated', 'FC_FONTATIONS': '1', 'PATH': '/usr/local/sbin:/usr/local/bin:/usr/sbin:/usr/bin:/sbin:/bin:/usr/games:/usr/local/games:/snap/bin:/snap/bin:/home/gbonham/.vscode/extensions/ms-python.debugpy-2026.6.0-linux-x64/bundled/scripts/noConfigScripts', 'SESSION_MANAGER': 'local/csci20121:@/tmp/.ICE-unix/11486,unix/csci20121:/tmp/.ICE-unix/11486', 'INVOCATION_ID': '94b2f98f34ad4cab8b432345032ed79e', 'XDG_RUNTIME_DIR': '/run/user/481853705', 'XDG_MENU_PREFIX': 'gnome-', 'GNOME_SETUP_DISPLAY': ':1', 'GDK_BACKEND': 'wayland', 'DISPLAY': ':0', 'LANG': 'en_US.UTF-8', 'XDG_CURRENT_DESKTOP': 'ubuntu:GNOME', 'VSCODE_DEBUGPY_ADAPTER_ENDPOINTS': '/home/gbonham/.vscode/extensions/ms-python.debugpy-2026.6.0-linux-x64/.noConfigDebugAdapterEndpoints/endpoint-e34322725a0427c1.txt', 'PYTHONSTARTUP': '/home/gbonham/.config/Code/User/workspaceStorage/164fb482c0335d43507560d0f344279e/ms-python.python/pythonrc.py', 'VSCODE_INJECTION': '1', 'XDG_SESSION_DESKTOP': 'ubuntu', 'XMODIFIERS': '@im=ibus', 'XAUTHORITY': '/run/user/481853705/.mutter-Xwaylandauth.D1YEP3', 'TERM_PROGRAM': 'vscode', 'VSCODE_GIT_IPC_HANDLE': '/run/user/481853705/vscode-git-91e7995aaf.sock', 'SSH_AUTH_SOCK': '/run/user/481853705/keyring/ssh', 'AMENT_PREFIX_PATH': '/home/gbonham/turtlebot4_ws/install/custom_interfaces', 'SHELL': '/bin/zsh', 'KRB5CCNAME': 'FILE:/tmp/krb5cc_481853705_1BZ2iU', 'QT_ACCESSIBILITY': '1', 'GDMSESSION': 'ubuntu', 'GJS_DEBUG_OUTPUT': 'stderr', 'QT_IM_MODULE': 'ibus', 'VSCODE_GIT_ASKPASS_EXTRA_ARGS': '', 'PWD': '/home/gbonham/turtlebot4_ws/build/lab5_pkg', 'XDG_DATA_DIRS': '/usr/local/share/:/usr/share/:/var/lib/snapd/desktop', 'ZDOTDIR': '/home/gbonham', 'VIRTUAL_ENV_DISABLE_PROMPT': '12', 'PYTHONPATH': '/home/gbonham/turtlebot4_ws/build/lab5_pkg/prefix_override:/usr/lib/python3/dist-packages/colcon_core/task/python/colcon_distutils_commands:/home/gbonham/turtlebot4_ws/install/lab5_pkg/lib/python3.12/site-packages:/home/gbonham/turtlebot4_ws/install/custom_interfaces/lib/python3.12/site-packages', 'COLCON': '1', 'MEMORY_PRESSURE_WRITE': 'c29tZSAyMDAwMDAgMjAwMDAwMAA=', 'CMAKE_PREFIX_PATH': '/home/gbonham/turtlebot4_ws/install/custom_interfaces'}, 'shell': False}
[1.686696] (final) Command: {'cmd': ['/usr/bin/python3', '-W', 'ignore:setup.py install is deprecated', '-W', 'ignore:easy_install command is deprecated', 'setup.py', 'egg_info', '--egg-base', '../../build/final', 'build', '--build-base', '/home/gbonham/turtlebot4_ws/build/final/build', 'install', '--record', '/home/gbonham/turtlebot4_ws/build/final/install.log', '--single-version-externally-managed', 'install_data'], 'cwd': '/home/gbonham/turtlebot4_ws/src/final', 'env': {'GJS_DEBUG_TOPICS': 'JS ERROR;JS LOG', 'PYTHON_BASIC_REPL': '1', 'USER': 'gbonham', 'XDG_SESSION_TYPE': 'wayland', 'GIT_ASKPASS': '/usr/share/code/resources/app/extensions/git/dist/askpass.sh', 'SHLVL': '1', 'CLUTTER_DISABLE_MIPMAPPED_TEXT': '1', 'LD_LIBRARY_PATH': '/home/gbonham/turtlebot4_ws/install/custom_interfaces/lib', 'HOME': '/home/gbonham', 'OLDPWD': '/home/gbonham/turtlebot4_ws/src', 'CHROME_DESKTOP': 'code.desktop', 'DESKTOP_SESSION': 'ubuntu', 'TERM_PROGRAM_VERSION': '1.120.0', 'GIO_LAUNCHED_DESKTOP_FILE': '/usr/share/applications/code.desktop', 'GTK_MODULES': 'gail:atk-bridge', 'GNOME_SHELL_SESSION_MODE': 'ubuntu', 'VSCODE_GIT_ASKPASS_MAIN': '/usr/share/code/resources/app/extensions/git/dist/askpass-main.js', 'MANAGERPID': '11241', 'VSCODE_GIT_ASKPASS_NODE': '/usr/share/code/code', 'DBUS_SESSION_BUS_ADDRESS': 'unix:path=/run/user/481853705/bus', 'GSM_SKIP_SSH_AGENT_WORKAROUND': 'true', 'SYSTEMD_EXEC_PID': '11518', 'PYDEVD_DISABLE_FILE_VALIDATION': '1', 'BUNDLED_DEBUGPY_PATH': '/home/gbonham/.vscode/extensions/ms-python.debugpy-2026.6.0-linux-x64/bundled/libs/debugpy', 'VSCODE_PYTHON_AUTOACTIVATE_GUARD': '1', 'GIO_LAUNCHED_DESKTOP_FILE_PID': '12574', 'COLORTERM': 'truecolor', 'CONDA_CHANGEPS1': 'no', 'WAYLAND_DISPLAY': 'wayland-0', 'LOGNAME': 'gbonham', '_': '/usr/bin/colcon', 'JOURNAL_STREAM': '9:142776', 'XDG_SESSION_CLASS': 'user', 'MEMORY_PRESSURE_WATCH': '/sys/fs/cgroup/user.slice/user-481853705.slice/user@481853705.service/session.slice/org.gnome.Shell@wayland.service/memory.pressure', 'USER_ZDOTDIR': '/home/gbonham', 'USERNAME': 'gbonham', 'PROMPT_EOL_MARK': '', 'TERM': 'xterm-256color', 'GNOME_DESKTOP_SESSION_ID': 'this-is-deprecated', 'FC_FONTATIONS': '1', 'PATH': '/usr/local/sbin:/usr/local/bin:/usr/sbin:/usr/bin:/sbin:/bin:/usr/games:/usr/local/games:/snap/bin:/snap/bin:/home/gbonham/.vscode/extensions/ms-python.debugpy-2026.6.0-linux-x64/bundled/scripts/noConfigScripts', 'SESSION_MANAGER': 'local/csci20121:@/tmp/.ICE-unix/11486,unix/csci20121:/tmp/.ICE-unix/11486', 'INVOCATION_ID': '94b2f98f34ad4cab8b432345032ed79e', 'XDG_RUNTIME_DIR': '/run/user/481853705', 'XDG_MENU_PREFIX': 'gnome-', 'GNOME_SETUP_DISPLAY': ':1', 'GDK_BACKEND': 'wayland', 'DISPLAY': ':0', 'LANG': 'en_US.UTF-8', 'XDG_CURRENT_DESKTOP': 'ubuntu:GNOME', 'VSCODE_DEBUGPY_ADAPTER_ENDPOINTS': '/home/gbonham/.vscode/extensions/ms-python.debugpy-2026.6.0-linux-x64/.noConfigDebugAdapterEndpoints/endpoint-e34322725a0427c1.txt', 'PYTHONSTARTUP': '/home/gbonham/.config/Code/User/workspaceStorage/164fb482c0335d43507560d0f344279e/ms-python.python/pythonrc.py', 'VSCODE_INJECTION': '1', 'XDG_SESSION_DESKTOP': 'ubuntu', 'XMODIFIERS': '@im=ibus', 'XAUTHORITY': '/run/user/481853705/.mutter-Xwaylandauth.D1YEP3', 'TERM_PROGRAM': 'vscode', 'VSCODE_GIT_IPC_HANDLE': '/run/user/481853705/vscode-git-91e7995aaf.sock', 'SSH_AUTH_SOCK': '/run/user/481853705/keyring/ssh', 'AMENT_PREFIX_PATH': '/home/gbonham/turtlebot4_ws/install/custom_interfaces', 'SHELL': '/bin/zsh', 'KRB5CCNAME': 'FILE:/tmp/krb5cc_481853705_1BZ2iU', 'QT_ACCESSIBILITY': '1', 'GDMSESSION': 'ubuntu', 'GJS_DEBUG_OUTPUT': 'stderr', 'QT_IM_MODULE': 'ibus', 'VSCODE_GIT_ASKPASS_EXTRA_ARGS': '', 'PWD': '/home/gbonham/turtlebot4_ws/build/final', 'XDG_DATA_DIRS': '/usr/local/share/:/usr/share/:/var/lib/snapd/desktop', 'ZDOTDIR': '/home/gbonham', 'VIRTUAL_ENV_DISABLE_PROMPT': '12', 'PYTHONPATH': '/home/gbonham/turtlebot4_ws/build/final/prefix_override:/usr/lib/python3/dist-packages/colcon_core/task/python/colcon_distutils_commands:/home/gbonham/turtlebot4_ws/install/final/lib/python3.12/site-packages:/home/gbonham/turtlebot4_ws/install/custom_interfaces/lib/python3.12/site-packages', 'COLCON': '1', 'MEMORY_PRESSURE_WRITE': 'c29tZSAyMDAwMDAgMjAwMDAwMAA=', 'CMAKE_PREFIX_PATH': '/home/gbonham/turtlebot4_ws/install/custom_interfaces'}, 'shell': False}
[1.702462] (-) TimerEvent: {}
[1.802665] (-) TimerEvent: {}
[1.873313] (lab3_pkg) StdoutLine: {'line': b'running egg_info\n'}
[1.882723] (lab5_pkg) StdoutLine: {'line': b'running egg_info\n'}
[1.888341] (lab3_pkg) StdoutLine: {'line': b'writing ../../build/lab3_pkg/lab3_pkg.egg-info/PKG-INFO\n'}
[1.888557] (lab3_pkg) StdoutLine: {'line': b'writing dependency_links to ../../build/lab3_pkg/lab3_pkg.egg-info/dependency_links.txt\n'}
[1.888868] (lab3_pkg) StdoutLine: {'line': b'writing entry points to ../../build/lab3_pkg/lab3_pkg.egg-info/entry_points.txt\n'}
[1.889043] (lab3_pkg) StdoutLine: {'line': b'writing requirements to ../../build/lab3_pkg/lab3_pkg.egg-info/requires.txt\n'}
[1.889175] (lab3_pkg) StdoutLine: {'line': b'writing top-level names to ../../build/lab3_pkg/lab3_pkg.egg-info/top_level.txt\n'}
[1.896721] (final) StdoutLine: {'line': b'running egg_info\n'}
[1.897393] (lab5_pkg) StdoutLine: {'line': b'writing ../../build/lab5_pkg/lab5_pkg.egg-info/PKG-INFO\n'}
[1.897626] (lab5_pkg) StdoutLine: {'line': b'writing dependency_links to ../../build/lab5_pkg/lab5_pkg.egg-info/dependency_links.txt\n'}
[1.897857] (lab5_pkg) StdoutLine: {'line': b'writing entry points to ../../build/lab5_pkg/lab5_pkg.egg-info/entry_points.txt\n'}
[1.898056] (lab5_pkg) StdoutLine: {'line': b'writing requirements to ../../build/lab5_pkg/lab5_pkg.egg-info/requires.txt\n'}
[1.898203] (lab5_pkg) StdoutLine: {'line': b'writing top-level names to ../../build/lab5_pkg/lab5_pkg.egg-info/top_level.txt\n'}
[1.902726] (-) TimerEvent: {}
[1.911789] (final) StdoutLine: {'line': b'writing ../../build/final/final.egg-info/PKG-INFO\n'}
[1.912124] (final) StdoutLine: {'line': b'writing dependency_links to ../../build/final/final.egg-info/dependency_links.txt\n'}
[1.912368] (final) StdoutLine: {'line': b'writing entry points to ../../build/final/final.egg-info/entry_points.txt\n'}
[1.912566] (final) StdoutLine: {'line': b'writing requirements to ../../build/final/final.egg-info/requires.txt\n'}
[1.912742] (final) StdoutLine: {'line': b'writing top-level names to ../../build/final/final.egg-info/top_level.txt\n'}
[1.918993] (lab3_pkg) StdoutLine: {'line': b"reading manifest file '../../build/lab3_pkg/lab3_pkg.egg-info/SOURCES.txt'\n"}
[1.919617] (lab3_pkg) StdoutLine: {'line': b"writing manifest file '../../build/lab3_pkg/lab3_pkg.egg-info/SOURCES.txt'\n"}
[1.919806] (lab3_pkg) StdoutLine: {'line': b'running build\n'}
[1.919913] (lab3_pkg) StdoutLine: {'line': b'running build_py\n'}
[1.920134] (lab3_pkg) StdoutLine: {'line': b'running install\n'}
[1.925328] (lab3_pkg) StdoutLine: {'line': b'running install_lib\n'}
[1.928459] (lab5_pkg) StdoutLine: {'line': b"reading manifest file '../../build/lab5_pkg/lab5_pkg.egg-info/SOURCES.txt'\n"}
[1.929333] (lab5_pkg) StdoutLine: {'line': b"writing manifest file '../../build/lab5_pkg/lab5_pkg.egg-info/SOURCES.txt'\n"}
[1.929481] (lab5_pkg) StdoutLine: {'line': b'running build\n'}
[1.929627] (lab5_pkg) StdoutLine: {'line': b'running build_py\n'}
[1.929852] (lab5_pkg) StdoutLine: {'line': b'running install\n'}
[1.934980] (lab5_pkg) StdoutLine: {'line': b'running install_lib\n'}
[1.939745] (lab3_pkg) StdoutLine: {'line': b'running install_data\n'}
[1.939879] (lab3_pkg) StdoutLine: {'line': b'running install_egg_info\n'}
[1.941778] (final) StdoutLine: {'line': b"reading manifest file '../../build/final/final.egg-info/SOURCES.txt'\n"}
[1.942518] (final) StdoutLine: {'line': b"writing manifest file '../../build/final/final.egg-info/SOURCES.txt'\n"}
[1.942670] (final) StdoutLine: {'line': b'running build\n'}
[1.942801] (final) StdoutLine: {'line': b'running build_py\n'}
[1.943009] (final) StdoutLine: {'line': b'copying final/nav_pf.py -> /home/gbonham/turtlebot4_ws/build/final/build/lib/final\n'}
[1.943326] (final) StdoutLine: {'line': b'running install\n'}
[1.948471] (final) StdoutLine: {'line': b'running install_lib\n'}
[1.950026] (lab5_pkg) StdoutLine: {'line': b'running install_data\n'}
[1.950154] (lab5_pkg) StdoutLine: {'line': b'running install_egg_info\n'}
[1.954818] (lab3_pkg) StdoutLine: {'line': b"removing '/home/gbonham/turtlebot4_ws/install/lab3_pkg/lib/python3.12/site-packages/lab3_pkg-0.0.0-py3.12.egg-info' (and everything under it)\n"}
[1.955073] (lab3_pkg) StdoutLine: {'line': b'Copying ../../build/lab3_pkg/lab3_pkg.egg-info to /home/gbonham/turtlebot4_ws/install/lab3_pkg/lib/python3.12/site-packages/lab3_pkg-0.0.0-py3.12.egg-info\n'}
[1.958981] (lab3_pkg) StdoutLine: {'line': b'running install_scripts\n'}
[1.963391] (final) StdoutLine: {'line': b'copying /home/gbonham/turtlebot4_ws/build/final/build/lib/final/nav_pf.py -> /home/gbonham/turtlebot4_ws/install/final/lib/python3.12/site-packages/final\n'}
[1.964053] (final) StdoutLine: {'line': b'byte-compiling /home/gbonham/turtlebot4_ws/install/final/lib/python3.12/site-packages/final/nav_pf.py to nav_pf.cpython-312.pyc\n'}
[1.966126] (lab5_pkg) StdoutLine: {'line': b"removing '/home/gbonham/turtlebot4_ws/install/lab5_pkg/lib/python3.12/site-packages/lab5_pkg-0.0.0-py3.12.egg-info' (and everything under it)\n"}
[1.966378] (lab5_pkg) StdoutLine: {'line': b'Copying ../../build/lab5_pkg/lab5_pkg.egg-info to /home/gbonham/turtlebot4_ws/install/lab5_pkg/lib/python3.12/site-packages/lab5_pkg-0.0.0-py3.12.egg-info\n'}
[1.968801] (lab5_pkg) StdoutLine: {'line': b'running install_scripts\n'}
[1.969020] (final) StdoutLine: {'line': b'running install_data\n'}
[1.969166] (final) StdoutLine: {'line': b'running install_egg_info\n'}
[1.983512] (final) StdoutLine: {'line': b"removing '/home/gbonham/turtlebot4_ws/install/final/lib/python3.12/site-packages/final-0.0.0-py3.12.egg-info' (and everything under it)\n"}
[1.983793] (final) StdoutLine: {'line': b'Copying ../../build/final/final.egg-info to /home/gbonham/turtlebot4_ws/install/final/lib/python3.12/site-packages/final-0.0.0-py3.12.egg-info\n'}
[1.985222] (final) StdoutLine: {'line': b'running install_scripts\n'}
[2.002814] (-) TimerEvent: {}
[2.060982] (lab3_pkg) StdoutLine: {'line': b'Installing SCOD_server script to /home/gbonham/turtlebot4_ws/install/lab3_pkg/lib/lab3_pkg\n'}
[2.061237] (lab3_pkg) StdoutLine: {'line': b'Installing set_cap_client_node script to /home/gbonham/turtlebot4_ws/install/lab3_pkg/lib/lab3_pkg\n'}
[2.061529] (lab3_pkg) StdoutLine: {'line': b"writing list of installed files to '/home/gbonham/turtlebot4_ws/build/lab3_pkg/install.log'\n"}
[2.066206] (lab5_pkg) StdoutLine: {'line': b'Installing go_to_goal_client script to /home/gbonham/turtlebot4_ws/install/lab5_pkg/lib/lab5_pkg\n'}
[2.067983] (lab5_pkg) StdoutLine: {'line': b'Installing go_to_goal_server script to /home/gbonham/turtlebot4_ws/install/lab5_pkg/lib/lab5_pkg\n'}
[2.069564] (lab5_pkg) StdoutLine: {'line': b"writing list of installed files to '/home/gbonham/turtlebot4_ws/build/lab5_pkg/install.log'\n"}
[2.084515] (final) StdoutLine: {'line': b'Installing color_vision script to /home/gbonham/turtlebot4_ws/install/final/lib/final\n'}
[2.084813] (final) StdoutLine: {'line': b'Installing get_obs script to /home/gbonham/turtlebot4_ws/install/final/lib/final\n'}
[2.085019] (final) StdoutLine: {'line': b'Installing go_to_goal script to /home/gbonham/turtlebot4_ws/install/final/lib/final\n'}
[2.086378] (lab3_pkg) CommandEnded: {'returncode': 0}
[2.086887] (final) StdoutLine: {'line': b'Installing goal_client script to /home/gbonham/turtlebot4_ws/install/final/lib/final\n'}
[2.087084] (final) StdoutLine: {'line': b'Installing nav_pf script to /home/gbonham/turtlebot4_ws/install/final/lib/final\n'}
[2.087438] (final) StdoutLine: {'line': b"writing list of installed files to '/home/gbonham/turtlebot4_ws/build/final/install.log'\n"}
[2.094533] (lab3_pkg) JobEnded: {'identifier': 'lab3_pkg', 'rc': 0}
[2.097133] (lab_bringup) JobStarted: {'identifier': 'lab_bringup'}
[2.098777] (lab5_pkg) CommandEnded: {'returncode': 0}
[2.103002] (-) TimerEvent: {}
[2.107651] (lab5_pkg) JobEnded: {'identifier': 'lab5_pkg', 'rc': 0}
[2.111682] (lab_bringup) JobProgress: {'identifier': 'lab_bringup', 'progress': 'cmake'}
[2.112631] (lab_bringup) JobProgress: {'identifier': 'lab_bringup', 'progress': 'build'}
[2.112968] (lab_bringup) Command: {'cmd': ['/usr/bin/cmake', '--build', '/home/gbonham/turtlebot4_ws/build/lab_bringup', '--', '-j16', '-l16'], 'cwd': '/home/gbonham/turtlebot4_ws/build/lab_bringup', 'env': OrderedDict({'GJS_DEBUG_TOPICS': 'JS ERROR;JS LOG', 'PYTHON_BASIC_REPL': '1', 'USER': 'gbonham', 'XDG_SESSION_TYPE': 'wayland', 'GIT_ASKPASS': '/usr/share/code/resources/app/extensions/git/dist/askpass.sh', 'SHLVL': '1', 'CLUTTER_DISABLE_MIPMAPPED_TEXT': '1', 'LD_LIBRARY_PATH': '/home/gbonham/turtlebot4_ws/install/custom_interfaces/lib', 'HOME': '/home/gbonham', 'OLDPWD': '/home/gbonham/turtlebot4_ws/src', 'CHROME_DESKTOP': 'code.desktop', 'DESKTOP_SESSION': 'ubuntu', 'TERM_PROGRAM_VERSION': '1.120.0', 'GIO_LAUNCHED_DESKTOP_FILE': '/usr/share/applications/code.desktop', 'GTK_MODULES': 'gail:atk-bridge', 'GNOME_SHELL_SESSION_MODE': 'ubuntu', 'VSCODE_GIT_ASKPASS_MAIN': '/usr/share/code/resources/app/extensions/git/dist/askpass-main.js', 'MANAGERPID': '11241', 'VSCODE_GIT_ASKPASS_NODE': '/usr/share/code/code', 'DBUS_SESSION_BUS_ADDRESS': 'unix:path=/run/user/481853705/bus', 'GSM_SKIP_SSH_AGENT_WORKAROUND': 'true', 'SYSTEMD_EXEC_PID': '11518', 'PYDEVD_DISABLE_FILE_VALIDATION': '1', 'BUNDLED_DEBUGPY_PATH': '/home/gbonham/.vscode/extensions/ms-python.debugpy-2026.6.0-linux-x64/bundled/libs/debugpy', 'VSCODE_PYTHON_AUTOACTIVATE_GUARD': '1', 'GIO_LAUNCHED_DESKTOP_FILE_PID': '12574', 'COLORTERM': 'truecolor', 'CONDA_CHANGEPS1': 'no', 'WAYLAND_DISPLAY': 'wayland-0', 'LOGNAME': 'gbonham', '_': '/usr/bin/colcon', 'JOURNAL_STREAM': '9:142776', 'XDG_SESSION_CLASS': 'user', 'MEMORY_PRESSURE_WATCH': '/sys/fs/cgroup/user.slice/user-481853705.slice/user@481853705.service/session.slice/org.gnome.Shell@wayland.service/memory.pressure', 'USER_ZDOTDIR': '/home/gbonham', 'USERNAME': 'gbonham', 'PROMPT_EOL_MARK': '', 'TERM': 'xterm-256color', 'GNOME_DESKTOP_SESSION_ID': 'this-is-deprecated', 'FC_FONTATIONS': '1', 'PATH': '/usr/local/sbin:/usr/local/bin:/usr/sbin:/usr/bin:/sbin:/bin:/usr/games:/usr/local/games:/snap/bin:/snap/bin:/home/gbonham/.vscode/extensions/ms-python.debugpy-2026.6.0-linux-x64/bundled/scripts/noConfigScripts', 'SESSION_MANAGER': 'local/csci20121:@/tmp/.ICE-unix/11486,unix/csci20121:/tmp/.ICE-unix/11486', 'INVOCATION_ID': '94b2f98f34ad4cab8b432345032ed79e', 'XDG_RUNTIME_DIR': '/run/user/481853705', 'XDG_MENU_PREFIX': 'gnome-', 'GNOME_SETUP_DISPLAY': ':1', 'GDK_BACKEND': 'wayland', 'DISPLAY': ':0', 'LANG': 'en_US.UTF-8', 'XDG_CURRENT_DESKTOP': 'ubuntu:GNOME', 'VSCODE_DEBUGPY_ADAPTER_ENDPOINTS': '/home/gbonham/.vscode/extensions/ms-python.debugpy-2026.6.0-linux-x64/.noConfigDebugAdapterEndpoints/endpoint-e34322725a0427c1.txt', 'PYTHONSTARTUP': '/home/gbonham/.config/Code/User/workspaceStorage/164fb482c0335d43507560d0f344279e/ms-python.python/pythonrc.py', 'VSCODE_INJECTION': '1', 'XDG_SESSION_DESKTOP': 'ubuntu', 'XMODIFIERS': '@im=ibus', 'XAUTHORITY': '/run/user/481853705/.mutter-Xwaylandauth.D1YEP3', 'TERM_PROGRAM': 'vscode', 'VSCODE_GIT_IPC_HANDLE': '/run/user/481853705/vscode-git-91e7995aaf.sock', 'SSH_AUTH_SOCK': '/run/user/481853705/keyring/ssh', 'AMENT_PREFIX_PATH': '/home/gbonham/turtlebot4_ws/install/lab3_pkg:/home/gbonham/turtlebot4_ws/install/custom_interfaces', 'SHELL': '/bin/zsh', 'KRB5CCNAME': 'FILE:/tmp/krb5cc_481853705_1BZ2iU', 'QT_ACCESSIBILITY': '1', 'GDMSESSION': 'ubuntu', 'GJS_DEBUG_OUTPUT': 'stderr', 'QT_IM_MODULE': 'ibus', 'VSCODE_GIT_ASKPASS_EXTRA_ARGS': '', 'PWD': '/home/gbonham/turtlebot4_ws/build/lab_bringup', 'XDG_DATA_DIRS': '/usr/local/share/:/usr/share/:/var/lib/snapd/desktop', 'ZDOTDIR': '/home/gbonham', 'VIRTUAL_ENV_DISABLE_PROMPT': '12', 'PYTHONPATH': '/home/gbonham/turtlebot4_ws/install/lab3_pkg/lib/python3.12/site-packages:/home/gbonham/turtlebot4_ws/install/custom_interfaces/lib/python3.12/site-packages', 'COLCON': '1', 'MEMORY_PRESSURE_WRITE': 'c29tZSAyMDAwMDAgMjAwMDAwMAA=', 'CMAKE_PREFIX_PATH': '/home/gbonham/turtlebot4_ws/install/custom_interfaces'}), 'shell': False}
[2.128685] (final) CommandEnded: {'returncode': 0}
[2.136138] (final) JobEnded: {'identifier': 'final', 'rc': 0}
[2.137724] (final_bringup) JobStarted: {'identifier': 'final_bringup'}
[2.149165] (final_bringup) JobProgress: {'identifier': 'final_bringup', 'progress': 'cmake'}
[2.150097] (final_bringup) JobProgress: {'identifier': 'final_bringup', 'progress': 'build'}
[2.150307] (final_bringup) Command: {'cmd': ['/usr/bin/cmake', '--build', '/home/gbonham/turtlebot4_ws/build/final_bringup', '--', '-j16', '-l16'], 'cwd': '/home/gbonham/turtlebot4_ws/build/final_bringup', 'env': OrderedDict({'GJS_DEBUG_TOPICS': 'JS ERROR;JS LOG', 'PYTHON_BASIC_REPL': '1', 'USER': 'gbonham', 'XDG_SESSION_TYPE': 'wayland', 'GIT_ASKPASS': '/usr/share/code/resources/app/extensions/git/dist/askpass.sh', 'SHLVL': '1', 'CLUTTER_DISABLE_MIPMAPPED_TEXT': '1', 'LD_LIBRARY_PATH': '/home/gbonham/turtlebot4_ws/install/custom_interfaces/lib', 'HOME': '/home/gbonham', 'OLDPWD': '/home/gbonham/turtlebot4_ws/src', 'CHROME_DESKTOP': 'code.desktop', 'DESKTOP_SESSION': 'ubuntu', 'TERM_PROGRAM_VERSION': '1.120.0', 'GIO_LAUNCHED_DESKTOP_FILE': '/usr/share/applications/code.desktop', 'GTK_MODULES': 'gail:atk-bridge', 'GNOME_SHELL_SESSION_MODE': 'ubuntu', 'VSCODE_GIT_ASKPASS_MAIN': '/usr/share/code/resources/app/extensions/git/dist/askpass-main.js', 'MANAGERPID': '11241', 'VSCODE_GIT_ASKPASS_NODE': '/usr/share/code/code', 'DBUS_SESSION_BUS_ADDRESS': 'unix:path=/run/user/481853705/bus', 'GSM_SKIP_SSH_AGENT_WORKAROUND': 'true', 'SYSTEMD_EXEC_PID': '11518', 'PYDEVD_DISABLE_FILE_VALIDATION': '1', 'BUNDLED_DEBUGPY_PATH': '/home/gbonham/.vscode/extensions/ms-python.debugpy-2026.6.0-linux-x64/bundled/libs/debugpy', 'VSCODE_PYTHON_AUTOACTIVATE_GUARD': '1', 'GIO_LAUNCHED_DESKTOP_FILE_PID': '12574', 'COLORTERM': 'truecolor', 'CONDA_CHANGEPS1': 'no', 'WAYLAND_DISPLAY': 'wayland-0', 'LOGNAME': 'gbonham', '_': '/usr/bin/colcon', 'JOURNAL_STREAM': '9:142776', 'XDG_SESSION_CLASS': 'user', 'MEMORY_PRESSURE_WATCH': '/sys/fs/cgroup/user.slice/user-481853705.slice/user@481853705.service/session.slice/org.gnome.Shell@wayland.service/memory.pressure', 'USER_ZDOTDIR': '/home/gbonham', 'USERNAME': 'gbonham', 'PROMPT_EOL_MARK': '', 'TERM': 'xterm-256color', 'GNOME_DESKTOP_SESSION_ID': 'this-is-deprecated', 'FC_FONTATIONS': '1', 'PATH': '/usr/local/sbin:/usr/local/bin:/usr/sbin:/usr/bin:/sbin:/bin:/usr/games:/usr/local/games:/snap/bin:/snap/bin:/home/gbonham/.vscode/extensions/ms-python.debugpy-2026.6.0-linux-x64/bundled/scripts/noConfigScripts', 'SESSION_MANAGER': 'local/csci20121:@/tmp/.ICE-unix/11486,unix/csci20121:/tmp/.ICE-unix/11486', 'INVOCATION_ID': '94b2f98f34ad4cab8b432345032ed79e', 'XDG_RUNTIME_DIR': '/run/user/481853705', 'XDG_MENU_PREFIX': 'gnome-', 'GNOME_SETUP_DISPLAY': ':1', 'GDK_BACKEND': 'wayland', 'DISPLAY': ':0', 'LANG': 'en_US.UTF-8', 'XDG_CURRENT_DESKTOP': 'ubuntu:GNOME', 'VSCODE_DEBUGPY_ADAPTER_ENDPOINTS': '/home/gbonham/.vscode/extensions/ms-python.debugpy-2026.6.0-linux-x64/.noConfigDebugAdapterEndpoints/endpoint-e34322725a0427c1.txt', 'PYTHONSTARTUP': '/home/gbonham/.config/Code/User/workspaceStorage/164fb482c0335d43507560d0f344279e/ms-python.python/pythonrc.py', 'VSCODE_INJECTION': '1', 'XDG_SESSION_DESKTOP': 'ubuntu', 'XMODIFIERS': '@im=ibus', 'XAUTHORITY': '/run/user/481853705/.mutter-Xwaylandauth.D1YEP3', 'TERM_PROGRAM': 'vscode', 'VSCODE_GIT_IPC_HANDLE': '/run/user/481853705/vscode-git-91e7995aaf.sock', 'SSH_AUTH_SOCK': '/run/user/481853705/keyring/ssh', 'AMENT_PREFIX_PATH': '/home/gbonham/turtlebot4_ws/install/lab3_pkg:/home/gbonham/turtlebot4_ws/install/final:/home/gbonham/turtlebot4_ws/install/custom_interfaces', 'SHELL': '/bin/zsh', 'KRB5CCNAME': 'FILE:/tmp/krb5cc_481853705_1BZ2iU', 'QT_ACCESSIBILITY': '1', 'GDMSESSION': 'ubuntu', 'GJS_DEBUG_OUTPUT': 'stderr', 'QT_IM_MODULE': 'ibus', 'VSCODE_GIT_ASKPASS_EXTRA_ARGS': '', 'PWD': '/home/gbonham/turtlebot4_ws/build/final_bringup', 'XDG_DATA_DIRS': '/usr/local/share/:/usr/share/:/var/lib/snapd/desktop', 'ZDOTDIR': '/home/gbonham', 'VIRTUAL_ENV_DISABLE_PROMPT': '12', 'PYTHONPATH': '/home/gbonham/turtlebot4_ws/install/lab3_pkg/lib/python3.12/site-packages:/home/gbonham/turtlebot4_ws/install/final/lib/python3.12/site-packages:/home/gbonham/turtlebot4_ws/install/custom_interfaces/lib/python3.12/site-packages', 'COLCON': '1', 'MEMORY_PRESSURE_WRITE': 'c29tZSAyMDAwMDAgMjAwMDAwMAA=', 'CMAKE_PREFIX_PATH': '/home/gbonham/turtlebot4_ws/install/custom_interfaces'}), 'shell': False}
[2.154975] (lab_bringup) CommandEnded: {'returncode': 0}
[2.155485] (lab_bringup) JobProgress: {'identifier': 'lab_bringup', 'progress': 'install'}
[2.155661] (lab_bringup) Command: {'cmd': ['/usr/bin/cmake', '--install', '/home/gbonham/turtlebot4_ws/build/lab_bringup'], 'cwd': '/home/gbonham/turtlebot4_ws/build/lab_bringup', 'env': OrderedDict({'GJS_DEBUG_TOPICS': 'JS ERROR;JS LOG', 'PYTHON_BASIC_REPL': '1', 'USER': 'gbonham', 'XDG_SESSION_TYPE': 'wayland', 'GIT_ASKPASS': '/usr/share/code/resources/app/extensions/git/dist/askpass.sh', 'SHLVL': '1', 'CLUTTER_DISABLE_MIPMAPPED_TEXT': '1', 'LD_LIBRARY_PATH': '/home/gbonham/turtlebot4_ws/install/custom_interfaces/lib', 'HOME': '/home/gbonham', 'OLDPWD': '/home/gbonham/turtlebot4_ws/src', 'CHROME_DESKTOP': 'code.desktop', 'DESKTOP_SESSION': 'ubuntu', 'TERM_PROGRAM_VERSION': '1.120.0', 'GIO_LAUNCHED_DESKTOP_FILE': '/usr/share/applications/code.desktop', 'GTK_MODULES': 'gail:atk-bridge', 'GNOME_SHELL_SESSION_MODE': 'ubuntu', 'VSCODE_GIT_ASKPASS_MAIN': '/usr/share/code/resources/app/extensions/git/dist/askpass-main.js', 'MANAGERPID': '11241', 'VSCODE_GIT_ASKPASS_NODE': '/usr/share/code/code', 'DBUS_SESSION_BUS_ADDRESS': 'unix:path=/run/user/481853705/bus', 'GSM_SKIP_SSH_AGENT_WORKAROUND': 'true', 'SYSTEMD_EXEC_PID': '11518', 'PYDEVD_DISABLE_FILE_VALIDATION': '1', 'BUNDLED_DEBUGPY_PATH': '/home/gbonham/.vscode/extensions/ms-python.debugpy-2026.6.0-linux-x64/bundled/libs/debugpy', 'VSCODE_PYTHON_AUTOACTIVATE_GUARD': '1', 'GIO_LAUNCHED_DESKTOP_FILE_PID': '12574', 'COLORTERM': 'truecolor', 'CONDA_CHANGEPS1': 'no', 'WAYLAND_DISPLAY': 'wayland-0', 'LOGNAME': 'gbonham', '_': '/usr/bin/colcon', 'JOURNAL_STREAM': '9:142776', 'XDG_SESSION_CLASS': 'user', 'MEMORY_PRESSURE_WATCH': '/sys/fs/cgroup/user.slice/user-481853705.slice/user@481853705.service/session.slice/org.gnome.Shell@wayland.service/memory.pressure', 'USER_ZDOTDIR': '/home/gbonham', 'USERNAME': 'gbonham', 'PROMPT_EOL_MARK': '', 'TERM': 'xterm-256color', 'GNOME_DESKTOP_SESSION_ID': 'this-is-deprecated', 'FC_FONTATIONS': '1', 'PATH': '/usr/local/sbin:/usr/local/bin:/usr/sbin:/usr/bin:/sbin:/bin:/usr/games:/usr/local/games:/snap/bin:/snap/bin:/home/gbonham/.vscode/extensions/ms-python.debugpy-2026.6.0-linux-x64/bundled/scripts/noConfigScripts', 'SESSION_MANAGER': 'local/csci20121:@/tmp/.ICE-unix/11486,unix/csci20121:/tmp/.ICE-unix/11486', 'INVOCATION_ID': '94b2f98f34ad4cab8b432345032ed79e', 'XDG_RUNTIME_DIR': '/run/user/481853705', 'XDG_MENU_PREFIX': 'gnome-', 'GNOME_SETUP_DISPLAY': ':1', 'GDK_BACKEND': 'wayland', 'DISPLAY': ':0', 'LANG': 'en_US.UTF-8', 'XDG_CURRENT_DESKTOP': 'ubuntu:GNOME', 'VSCODE_DEBUGPY_ADAPTER_ENDPOINTS': '/home/gbonham/.vscode/extensions/ms-python.debugpy-2026.6.0-linux-x64/.noConfigDebugAdapterEndpoints/endpoint-e34322725a0427c1.txt', 'PYTHONSTARTUP': '/home/gbonham/.config/Code/User/workspaceStorage/164fb482c0335d43507560d0f344279e/ms-python.python/pythonrc.py', 'VSCODE_INJECTION': '1', 'XDG_SESSION_DESKTOP': 'ubuntu', 'XMODIFIERS': '@im=ibus', 'XAUTHORITY': '/run/user/481853705/.mutter-Xwaylandauth.D1YEP3', 'TERM_PROGRAM': 'vscode', 'VSCODE_GIT_IPC_HANDLE': '/run/user/481853705/vscode-git-91e7995aaf.sock', 'SSH_AUTH_SOCK': '/run/user/481853705/keyring/ssh', 'AMENT_PREFIX_PATH': '/home/gbonham/turtlebot4_ws/install/lab3_pkg:/home/gbonham/turtlebot4_ws/install/custom_interfaces', 'SHELL': '/bin/zsh', 'KRB5CCNAME': 'FILE:/tmp/krb5cc_481853705_1BZ2iU', 'QT_ACCESSIBILITY': '1', 'GDMSESSION': 'ubuntu', 'GJS_DEBUG_OUTPUT': 'stderr', 'QT_IM_MODULE': 'ibus', 'VSCODE_GIT_ASKPASS_EXTRA_ARGS': '', 'PWD': '/home/gbonham/turtlebot4_ws/build/lab_bringup', 'XDG_DATA_DIRS': '/usr/local/share/:/usr/share/:/var/lib/snapd/desktop', 'ZDOTDIR': '/home/gbonham', 'VIRTUAL_ENV_DISABLE_PROMPT': '12', 'PYTHONPATH': '/home/gbonham/turtlebot4_ws/install/lab3_pkg/lib/python3.12/site-packages:/home/gbonham/turtlebot4_ws/install/custom_interfaces/lib/python3.12/site-packages', 'COLCON': '1', 'MEMORY_PRESSURE_WRITE': 'c29tZSAyMDAwMDAgMjAwMDAwMAA=', 'CMAKE_PREFIX_PATH': '/home/gbonham/turtlebot4_ws/install/custom_interfaces'}), 'shell': False}
[2.163560] (lab_bringup) StdoutLine: {'line': b'-- Install configuration: ""\n'}
[2.163807] (lab_bringup) StdoutLine: {'line': b'-- Up-to-date: /home/gbonham/turtlebot4_ws/install/lab_bringup/share/lab_bringup//launch\n'}
[2.163961] (lab_bringup) StdoutLine: {'line': b'-- Up-to-date: /home/gbonham/turtlebot4_ws/install/lab_bringup/share/lab_bringup//launch/lab4.launch.xml\n'}
[2.164090] (lab_bringup) StdoutLine: {'line': b'-- Up-to-date: /home/gbonham/turtlebot4_ws/install/lab_bringup/share/lab_bringup//launch/lab3.launch.xml\n'}
[2.164172] (lab_bringup) StdoutLine: {'line': b'-- Up-to-date: /home/gbonham/turtlebot4_ws/install/lab_bringup/share/lab_bringup//launch/lab5.launch.xml\n'}
[2.164253] (lab_bringup) StdoutLine: {'line': b'-- Up-to-date: /home/gbonham/turtlebot4_ws/install/lab_bringup/share/ament_index/resource_index/package_run_dependencies/lab_bringup\n'}
[2.164338] (lab_bringup) StdoutLine: {'line': b'-- Up-to-date: /home/gbonham/turtlebot4_ws/install/lab_bringup/share/ament_index/resource_index/parent_prefix_path/lab_bringup\n'}
[2.164437] (lab_bringup) StdoutLine: {'line': b'-- Up-to-date: /home/gbonham/turtlebot4_ws/install/lab_bringup/share/lab_bringup/environment/ament_prefix_path.sh\n'}
[2.164551] (lab_bringup) StdoutLine: {'line': b'-- Up-to-date: /home/gbonham/turtlebot4_ws/install/lab_bringup/share/lab_bringup/environment/ament_prefix_path.dsv\n'}
[2.164653] (lab_bringup) StdoutLine: {'line': b'-- Up-to-date: /home/gbonham/turtlebot4_ws/install/lab_bringup/share/lab_bringup/environment/path.sh\n'}
[2.164768] (lab_bringup) StdoutLine: {'line': b'-- Up-to-date: /home/gbonham/turtlebot4_ws/install/lab_bringup/share/lab_bringup/environment/path.dsv\n'}
[2.164862] (lab_bringup) StdoutLine: {'line': b'-- Up-to-date: /home/gbonham/turtlebot4_ws/install/lab_bringup/share/lab_bringup/local_setup.bash\n'}
[2.164942] (lab_bringup) StdoutLine: {'line': b'-- Up-to-date: /home/gbonham/turtlebot4_ws/install/lab_bringup/share/lab_bringup/local_setup.sh\n'}
[2.165030] (lab_bringup) StdoutLine: {'line': b'-- Up-to-date: /home/gbonham/turtlebot4_ws/install/lab_bringup/share/lab_bringup/local_setup.zsh\n'}
[2.165111] (lab_bringup) StdoutLine: {'line': b'-- Up-to-date: /home/gbonham/turtlebot4_ws/install/lab_bringup/share/lab_bringup/local_setup.dsv\n'}
[2.165194] (lab_bringup) StdoutLine: {'line': b'-- Installing: /home/gbonham/turtlebot4_ws/install/lab_bringup/share/lab_bringup/package.dsv\n'}
[2.165276] (lab_bringup) StdoutLine: {'line': b'-- Up-to-date: /home/gbonham/turtlebot4_ws/install/lab_bringup/share/ament_index/resource_index/packages/lab_bringup\n'}
[2.165359] (lab_bringup) StdoutLine: {'line': b'-- Up-to-date: /home/gbonham/turtlebot4_ws/install/lab_bringup/share/lab_bringup/cmake/lab_bringupConfig.cmake\n'}
[2.165456] (lab_bringup) StdoutLine: {'line': b'-- Up-to-date: /home/gbonham/turtlebot4_ws/install/lab_bringup/share/lab_bringup/cmake/lab_bringupConfig-version.cmake\n'}
[2.165557] (lab_bringup) StdoutLine: {'line': b'-- Up-to-date: /home/gbonham/turtlebot4_ws/install/lab_bringup/share/lab_bringup/package.xml\n'}
[2.167800] (lab_bringup) CommandEnded: {'returncode': 0}
[2.203096] (-) TimerEvent: {}
[2.229748] (lab_bringup) JobEnded: {'identifier': 'lab_bringup', 'rc': 0}
[2.232376] (final_bringup) CommandEnded: {'returncode': 0}
[2.233134] (final_bringup) JobProgress: {'identifier': 'final_bringup', 'progress': 'install'}
[2.233298] (final_bringup) Command: {'cmd': ['/usr/bin/cmake', '--install', '/home/gbonham/turtlebot4_ws/build/final_bringup'], 'cwd': '/home/gbonham/turtlebot4_ws/build/final_bringup', 'env': OrderedDict({'GJS_DEBUG_TOPICS': 'JS ERROR;JS LOG', 'PYTHON_BASIC_REPL': '1', 'USER': 'gbonham', 'XDG_SESSION_TYPE': 'wayland', 'GIT_ASKPASS': '/usr/share/code/resources/app/extensions/git/dist/askpass.sh', 'SHLVL': '1', 'CLUTTER_DISABLE_MIPMAPPED_TEXT': '1', 'LD_LIBRARY_PATH': '/home/gbonham/turtlebot4_ws/install/custom_interfaces/lib', 'HOME': '/home/gbonham', 'OLDPWD': '/home/gbonham/turtlebot4_ws/src', 'CHROME_DESKTOP': 'code.desktop', 'DESKTOP_SESSION': 'ubuntu', 'TERM_PROGRAM_VERSION': '1.120.0', 'GIO_LAUNCHED_DESKTOP_FILE': '/usr/share/applications/code.desktop', 'GTK_MODULES': 'gail:atk-bridge', 'GNOME_SHELL_SESSION_MODE': 'ubuntu', 'VSCODE_GIT_ASKPASS_MAIN': '/usr/share/code/resources/app/extensions/git/dist/askpass-main.js', 'MANAGERPID': '11241', 'VSCODE_GIT_ASKPASS_NODE': '/usr/share/code/code', 'DBUS_SESSION_BUS_ADDRESS': 'unix:path=/run/user/481853705/bus', 'GSM_SKIP_SSH_AGENT_WORKAROUND': 'true', 'SYSTEMD_EXEC_PID': '11518', 'PYDEVD_DISABLE_FILE_VALIDATION': '1', 'BUNDLED_DEBUGPY_PATH': '/home/gbonham/.vscode/extensions/ms-python.debugpy-2026.6.0-linux-x64/bundled/libs/debugpy', 'VSCODE_PYTHON_AUTOACTIVATE_GUARD': '1', 'GIO_LAUNCHED_DESKTOP_FILE_PID': '12574', 'COLORTERM': 'truecolor', 'CONDA_CHANGEPS1': 'no', 'WAYLAND_DISPLAY': 'wayland-0', 'LOGNAME': 'gbonham', '_': '/usr/bin/colcon', 'JOURNAL_STREAM': '9:142776', 'XDG_SESSION_CLASS': 'user', 'MEMORY_PRESSURE_WATCH': '/sys/fs/cgroup/user.slice/user-481853705.slice/user@481853705.service/session.slice/org.gnome.Shell@wayland.service/memory.pressure', 'USER_ZDOTDIR': '/home/gbonham', 'USERNAME': 'gbonham', 'PROMPT_EOL_MARK': '', 'TERM': 'xterm-256color', 'GNOME_DESKTOP_SESSION_ID': 'this-is-deprecated', 'FC_FONTATIONS': '1', 'PATH': '/usr/local/sbin:/usr/local/bin:/usr/sbin:/usr/bin:/sbin:/bin:/usr/games:/usr/local/games:/snap/bin:/snap/bin:/home/gbonham/.vscode/extensions/ms-python.debugpy-2026.6.0-linux-x64/bundled/scripts/noConfigScripts', 'SESSION_MANAGER': 'local/csci20121:@/tmp/.ICE-unix/11486,unix/csci20121:/tmp/.ICE-unix/11486', 'INVOCATION_ID': '94b2f98f34ad4cab8b432345032ed79e', 'XDG_RUNTIME_DIR': '/run/user/481853705', 'XDG_MENU_PREFIX': 'gnome-', 'GNOME_SETUP_DISPLAY': ':1', 'GDK_BACKEND': 'wayland', 'DISPLAY': ':0', 'LANG': 'en_US.UTF-8', 'XDG_CURRENT_DESKTOP': 'ubuntu:GNOME', 'VSCODE_DEBUGPY_ADAPTER_ENDPOINTS': '/home/gbonham/.vscode/extensions/ms-python.debugpy-2026.6.0-linux-x64/.noConfigDebugAdapterEndpoints/endpoint-e34322725a0427c1.txt', 'PYTHONSTARTUP': '/home/gbonham/.config/Code/User/workspaceStorage/164fb482c0335d43507560d0f344279e/ms-python.python/pythonrc.py', 'VSCODE_INJECTION': '1', 'XDG_SESSION_DESKTOP': 'ubuntu', 'XMODIFIERS': '@im=ibus', 'XAUTHORITY': '/run/user/481853705/.mutter-Xwaylandauth.D1YEP3', 'TERM_PROGRAM': 'vscode', 'VSCODE_GIT_IPC_HANDLE': '/run/user/481853705/vscode-git-91e7995aaf.sock', 'SSH_AUTH_SOCK': '/run/user/481853705/keyring/ssh', 'AMENT_PREFIX_PATH': '/home/gbonham/turtlebot4_ws/install/lab3_pkg:/home/gbonham/turtlebot4_ws/install/final:/home/gbonham/turtlebot4_ws/install/custom_interfaces', 'SHELL': '/bin/zsh', 'KRB5CCNAME': 'FILE:/tmp/krb5cc_481853705_1BZ2iU', 'QT_ACCESSIBILITY': '1', 'GDMSESSION': 'ubuntu', 'GJS_DEBUG_OUTPUT': 'stderr', 'QT_IM_MODULE': 'ibus', 'VSCODE_GIT_ASKPASS_EXTRA_ARGS': '', 'PWD': '/home/gbonham/turtlebot4_ws/build/final_bringup', 'XDG_DATA_DIRS': '/usr/local/share/:/usr/share/:/var/lib/snapd/desktop', 'ZDOTDIR': '/home/gbonham', 'VIRTUAL_ENV_DISABLE_PROMPT': '12', 'PYTHONPATH': '/home/gbonham/turtlebot4_ws/install/lab3_pkg/lib/python3.12/site-packages:/home/gbonham/turtlebot4_ws/install/final/lib/python3.12/site-packages:/home/gbonham/turtlebot4_ws/install/custom_interfaces/lib/python3.12/site-packages', 'COLCON': '1', 'MEMORY_PRESSURE_WRITE': 'c29tZSAyMDAwMDAgMjAwMDAwMAA=', 'CMAKE_PREFIX_PATH': '/home/gbonham/turtlebot4_ws/install/custom_interfaces'}), 'shell': False}
[2.245019] (final_bringup) StdoutLine: {'line': b'-- Install configuration: ""\n'}
[2.245331] (final_bringup) StdoutLine: {'line': b'-- Up-to-date: /home/gbonham/turtlebot4_ws/install/final_bringup/share/final_bringup//launch\n'}
[2.245520] (final_bringup) StdoutLine: {'line': b'-- Up-to-date: /home/gbonham/turtlebot4_ws/install/final_bringup/share/final_bringup//launch/final.launch.xml\n'}
[2.245669] (final_bringup) StdoutLine: {'line': b'-- Up-to-date: /home/gbonham/turtlebot4_ws/install/final_bringup/share/ament_index/resource_index/package_run_dependencies/final_bringup\n'}
[2.245807] (final_bringup) StdoutLine: {'line': b'-- Up-to-date: /home/gbonham/turtlebot4_ws/install/final_bringup/share/ament_index/resource_index/parent_prefix_path/final_bringup\n'}
[2.245918] (final_bringup) StdoutLine: {'line': b'-- Up-to-date: /home/gbonham/turtlebot4_ws/install/final_bringup/share/final_bringup/environment/ament_prefix_path.sh\n'}
[2.246023] (final_bringup) StdoutLine: {'line': b'-- Up-to-date: /home/gbonham/turtlebot4_ws/install/final_bringup/share/final_bringup/environment/ament_prefix_path.dsv\n'}
[2.246129] (final_bringup) StdoutLine: {'line': b'-- Up-to-date: /home/gbonham/turtlebot4_ws/install/final_bringup/share/final_bringup/environment/path.sh\n'}
[2.246267] (final_bringup) StdoutLine: {'line': b'-- Up-to-date: /home/gbonham/turtlebot4_ws/install/final_bringup/share/final_bringup/environment/path.dsv\n'}
[2.246400] (final_bringup) StdoutLine: {'line': b'-- Up-to-date: /home/gbonham/turtlebot4_ws/install/final_bringup/share/final_bringup/local_setup.bash\n'}
[2.246503] (final_bringup) StdoutLine: {'line': b'-- Up-to-date: /home/gbonham/turtlebot4_ws/install/final_bringup/share/final_bringup/local_setup.sh\n'}
[2.246615] (final_bringup) StdoutLine: {'line': b'-- Up-to-date: /home/gbonham/turtlebot4_ws/install/final_bringup/share/final_bringup/local_setup.zsh\n'}
[2.246722] (final_bringup) StdoutLine: {'line': b'-- Up-to-date: /home/gbonham/turtlebot4_ws/install/final_bringup/share/final_bringup/local_setup.dsv\n'}
[2.246825] (final_bringup) StdoutLine: {'line': b'-- Installing: /home/gbonham/turtlebot4_ws/install/final_bringup/share/final_bringup/package.dsv\n'}
[2.246927] (final_bringup) StdoutLine: {'line': b'-- Up-to-date: /home/gbonham/turtlebot4_ws/install/final_bringup/share/ament_index/resource_index/packages/final_bringup\n'}
[2.247029] (final_bringup) StdoutLine: {'line': b'-- Up-to-date: /home/gbonham/turtlebot4_ws/install/final_bringup/share/final_bringup/cmake/final_bringupConfig.cmake\n'}
[2.247135] (final_bringup) StdoutLine: {'line': b'-- Up-to-date: /home/gbonham/turtlebot4_ws/install/final_bringup/share/final_bringup/cmake/final_bringupConfig-version.cmake\n'}
[2.247241] (final_bringup) StdoutLine: {'line': b'-- Up-to-date: /home/gbonham/turtlebot4_ws/install/final_bringup/share/final_bringup/package.xml\n'}
[2.248202] (final_bringup) CommandEnded: {'returncode': 0}
[2.303185] (-) TimerEvent: {}
[2.309648] (final_bringup) JobEnded: {'identifier': 'final_bringup', 'rc': 0}
[2.310836] (-) EventReactorShutdown: {}
