[0.000000] (-) TimerEvent: {}
[0.000299] (custom_interfaces) JobQueued: {'identifier': 'custom_interfaces', 'dependencies': OrderedDict()}
[0.000402] (lab1_pkg) JobQueued: {'identifier': 'lab1_pkg', 'dependencies': OrderedDict()}
[0.000500] (lab2_pkg) JobQueued: {'identifier': 'lab2_pkg', 'dependencies': OrderedDict()}
[0.000547] (final) JobQueued: {'identifier': 'final', 'dependencies': OrderedDict({'custom_interfaces': '/home/gbonham/turtlebot4_ws/install/custom_interfaces'})}
[0.000626] (lab3_pkg) JobQueued: {'identifier': 'lab3_pkg', 'dependencies': OrderedDict({'custom_interfaces': '/home/gbonham/turtlebot4_ws/install/custom_interfaces'})}
[0.000645] (lab5_pkg) JobQueued: {'identifier': 'lab5_pkg', 'dependencies': OrderedDict({'custom_interfaces': '/home/gbonham/turtlebot4_ws/install/custom_interfaces'})}
[0.000663] (final_bringup) JobQueued: {'identifier': 'final_bringup', 'dependencies': OrderedDict({'custom_interfaces': '/home/gbonham/turtlebot4_ws/install/custom_interfaces', 'final': '/home/gbonham/turtlebot4_ws/install/final', 'lab3_pkg': '/home/gbonham/turtlebot4_ws/install/lab3_pkg'})}
[0.000690] (lab_bringup) JobQueued: {'identifier': 'lab_bringup', 'dependencies': OrderedDict({'custom_interfaces': '/home/gbonham/turtlebot4_ws/install/custom_interfaces', 'lab3_pkg': '/home/gbonham/turtlebot4_ws/install/lab3_pkg'})}
[0.000710] (custom_interfaces) JobStarted: {'identifier': 'custom_interfaces'}
[0.003288] (lab1_pkg) JobStarted: {'identifier': 'lab1_pkg'}
[0.006240] (lab2_pkg) JobStarted: {'identifier': 'lab2_pkg'}
[0.010561] (custom_interfaces) JobProgress: {'identifier': 'custom_interfaces', 'progress': 'cmake'}
[0.011174] (custom_interfaces) JobProgress: {'identifier': 'custom_interfaces', 'progress': 'build'}
[0.011666] (custom_interfaces) Command: {'cmd': ['/usr/bin/cmake', '--build', '/home/gbonham/turtlebot4_ws/build/custom_interfaces', '--', '-j16', '-l16'], 'cwd': '/home/gbonham/turtlebot4_ws/build/custom_interfaces', 'env': OrderedDict({'GJS_DEBUG_TOPICS': 'JS ERROR;JS LOG', 'PYTHON_BASIC_REPL': '1', 'USER': 'gbonham', 'XDG_SESSION_TYPE': 'wayland', 'GIT_ASKPASS': '/usr/share/code/resources/app/extensions/git/dist/askpass.sh', 'SHLVL': '1', 'CLUTTER_DISABLE_MIPMAPPED_TEXT': '1', 'HOME': '/home/gbonham', 'OLDPWD': '/home/gbonham/turtlebot4_ws/src', 'CHROME_DESKTOP': 'code.desktop', 'DESKTOP_SESSION': 'ubuntu', 'TERM_PROGRAM_VERSION': '1.120.0', 'GIO_LAUNCHED_DESKTOP_FILE': '/usr/share/applications/code.desktop', 'GTK_MODULES': 'gail:atk-bridge', 'GNOME_SHELL_SESSION_MODE': 'ubuntu', 'VSCODE_GIT_ASKPASS_MAIN': '/usr/share/code/resources/app/extensions/git/dist/askpass-main.js', 'MANAGERPID': '11241', 'VSCODE_GIT_ASKPASS_NODE': '/usr/share/code/code', 'DBUS_SESSION_BUS_ADDRESS': 'unix:path=/run/user/481853705/bus', 'GSM_SKIP_SSH_AGENT_WORKAROUND': 'true', 'SYSTEMD_EXEC_PID': '11518', 'PYDEVD_DISABLE_FILE_VALIDATION': '1', 'BUNDLED_DEBUGPY_PATH': '/home/gbonham/.vscode/extensions/ms-python.debugpy-2026.6.0-linux-x64/bundled/libs/debugpy', 'VSCODE_PYTHON_AUTOACTIVATE_GUARD': '1', 'GIO_LAUNCHED_DESKTOP_FILE_PID': '12574', 'COLORTERM': 'truecolor', 'CONDA_CHANGEPS1': 'no', 'WAYLAND_DISPLAY': 'wayland-0', 'LOGNAME': 'gbonham', '_': '/usr/bin/colcon', 'JOURNAL_STREAM': '9:142776', 'XDG_SESSION_CLASS': 'user', 'MEMORY_PRESSURE_WATCH': '/sys/fs/cgroup/user.slice/user-481853705.slice/user@481853705.service/session.slice/org.gnome.Shell@wayland.service/memory.pressure', 'USER_ZDOTDIR': '/home/gbonham', 'USERNAME': 'gbonham', 'PROMPT_EOL_MARK': '', 'TERM': 'xterm-256color', 'GNOME_DESKTOP_SESSION_ID': 'this-is-deprecated', 'FC_FONTATIONS': '1', 'PATH': '/usr/local/sbin:/usr/local/bin:/usr/sbin:/usr/bin:/sbin:/bin:/usr/games:/usr/local/games:/snap/bin:/snap/bin:/home/gbonham/.vscode/extensions/ms-python.debugpy-2026.6.0-linux-x64/bundled/scripts/noConfigScripts', 'SESSION_MANAGER': 'local/csci20121:@/tmp/.ICE-unix/11486,unix/csci20121:/tmp/.ICE-unix/11486', 'INVOCATION_ID': '94b2f98f34ad4cab8b432345032ed79e', 'XDG_RUNTIME_DIR': '/run/user/481853705', 'XDG_MENU_PREFIX': 'gnome-', 'GNOME_SETUP_DISPLAY': ':1', 'GDK_BACKEND': 'wayland', 'DISPLAY': ':0', 'LANG': 'en_US.UTF-8', 'XDG_CURRENT_DESKTOP': 'ubuntu:GNOME', 'VSCODE_DEBUGPY_ADAPTER_ENDPOINTS': '/home/gbonham/.vscode/extensions/ms-python.debugpy-2026.6.0-linux-x64/.noConfigDebugAdapterEndpoints/endpoint-e34322725a0427c1.txt', 'PYTHONSTARTUP': '/home/gbonham/.config/Code/User/workspaceStorage/164fb482c0335d43507560d0f344279e/ms-python.python/pythonrc.py', 'VSCODE_INJECTION': '1', 'XDG_SESSION_DESKTOP': 'ubuntu', 'XMODIFIERS': '@im=ibus', 'XAUTHORITY': '/run/user/481853705/.mutter-Xwaylandauth.D1YEP3', 'TERM_PROGRAM': 'vscode', 'VSCODE_GIT_IPC_HANDLE': '/run/user/481853705/vscode-git-91e7995aaf.sock', 'SSH_AUTH_SOCK': '/run/user/481853705/keyring/ssh', 'SHELL': '/bin/zsh', 'KRB5CCNAME': 'FILE:/tmp/krb5cc_481853705_1BZ2iU', 'QT_ACCESSIBILITY': '1', 'GDMSESSION': 'ubuntu', 'GJS_DEBUG_OUTPUT': 'stderr', 'QT_IM_MODULE': 'ibus', 'VSCODE_GIT_ASKPASS_EXTRA_ARGS': '', 'PWD': '/home/gbonham/turtlebot4_ws/build/custom_interfaces', 'XDG_DATA_DIRS': '/usr/local/share/:/usr/share/:/var/lib/snapd/desktop', 'ZDOTDIR': '/home/gbonham', 'VIRTUAL_ENV_DISABLE_PROMPT': '12', 'COLCON': '1', 'MEMORY_PRESSURE_WRITE': 'c29tZSAyMDAwMDAgMjAwMDAwMAA='}), 'shell': False}
[0.099876] (-) TimerEvent: {}
[0.200189] (-) TimerEvent: {}
[0.214070] (custom_interfaces) StdoutLine: {'line': b'[  1%] Built target custom_interfaces__rs\n'}
[0.214566] (custom_interfaces) StdoutLine: {'line': b'[  3%] Built target custom_interfaces__rosidl_generator_type_description\n'}
[0.214687] (custom_interfaces) StdoutLine: {'line': b'[  3%] Built target ament_cmake_python_copy_custom_interfaces\n'}
[0.214780] (custom_interfaces) StdoutLine: {'line': b'[  4%] Built target custom_interfaces__cpp\n'}
[0.214878] (custom_interfaces) StdoutLine: {'line': b'[ 26%] Built target custom_interfaces__rosidl_generator_c\n'}
[0.214974] (custom_interfaces) StdoutLine: {'line': b'[ 35%] Built target custom_interfaces__rosidl_typesupport_introspection_cpp\n'}
[0.215078] (custom_interfaces) StdoutLine: {'line': b'[ 53%] Built target custom_interfaces__rosidl_typesupport_introspection_c\n'}
[0.215176] (custom_interfaces) StdoutLine: {'line': b'[ 63%] Built target custom_interfaces__rosidl_typesupport_c\n'}
[0.215269] (custom_interfaces) StdoutLine: {'line': b'[ 67%] Built target custom_interfaces__rosidl_typesupport_fastrtps_c\n'}
[0.215360] (custom_interfaces) StdoutLine: {'line': b'[ 76%] Built target custom_interfaces__rosidl_typesupport_fastrtps_cpp\n'}
[0.215456] (custom_interfaces) StdoutLine: {'line': b'[ 81%] Built target custom_interfaces__rosidl_typesupport_cpp\n'}
[0.215550] (custom_interfaces) StdoutLine: {'line': b'[ 81%] Built target custom_interfaces\n'}
[0.215652] (custom_interfaces) StdoutLine: {'line': b'[ 83%] Built target custom_interfaces__py\n'}
[0.215752] (custom_interfaces) StdoutLine: {'line': b'[ 90%] Built target custom_interfaces__rosidl_generator_py\n'}
[0.215849] (custom_interfaces) StdoutLine: {'line': b'[100%] Built target custom_interfaces_s__rosidl_typesupport_introspection_c\n'}
[0.215948] (custom_interfaces) StdoutLine: {'line': b'[100%] Built target custom_interfaces_s__rosidl_typesupport_fastrtps_c\n'}
[0.216046] (custom_interfaces) StdoutLine: {'line': b'[100%] Built target custom_interfaces_s__rosidl_typesupport_c\n'}
[0.263074] (custom_interfaces) StdoutLine: {'line': b'running egg_info\n'}
[0.276548] (custom_interfaces) StdoutLine: {'line': b'writing custom_interfaces.egg-info/PKG-INFO\n'}
[0.276776] (custom_interfaces) StdoutLine: {'line': b'writing dependency_links to custom_interfaces.egg-info/dependency_links.txt\n'}
[0.276987] (custom_interfaces) StdoutLine: {'line': b'writing top-level names to custom_interfaces.egg-info/top_level.txt\n'}
[0.300263] (-) TimerEvent: {}
[0.320371] (custom_interfaces) StdoutLine: {'line': b"reading manifest file 'custom_interfaces.egg-info/SOURCES.txt'\n"}
[0.321008] (custom_interfaces) StdoutLine: {'line': b"writing manifest file 'custom_interfaces.egg-info/SOURCES.txt'\n"}
[0.345419] (custom_interfaces) StdoutLine: {'line': b'[100%] Built target ament_cmake_python_build_custom_interfaces_egg\n'}
[0.383513] (custom_interfaces) CommandEnded: {'returncode': 0}
[0.384103] (custom_interfaces) JobProgress: {'identifier': 'custom_interfaces', 'progress': 'install'}
[0.391436] (custom_interfaces) Command: {'cmd': ['/usr/bin/cmake', '--install', '/home/gbonham/turtlebot4_ws/build/custom_interfaces'], 'cwd': '/home/gbonham/turtlebot4_ws/build/custom_interfaces', 'env': OrderedDict({'GJS_DEBUG_TOPICS': 'JS ERROR;JS LOG', 'PYTHON_BASIC_REPL': '1', 'USER': 'gbonham', 'XDG_SESSION_TYPE': 'wayland', 'GIT_ASKPASS': '/usr/share/code/resources/app/extensions/git/dist/askpass.sh', 'SHLVL': '1', 'CLUTTER_DISABLE_MIPMAPPED_TEXT': '1', 'HOME': '/home/gbonham', 'OLDPWD': '/home/gbonham/turtlebot4_ws/src', 'CHROME_DESKTOP': 'code.desktop', 'DESKTOP_SESSION': 'ubuntu', 'TERM_PROGRAM_VERSION': '1.120.0', 'GIO_LAUNCHED_DESKTOP_FILE': '/usr/share/applications/code.desktop', 'GTK_MODULES': 'gail:atk-bridge', 'GNOME_SHELL_SESSION_MODE': 'ubuntu', 'VSCODE_GIT_ASKPASS_MAIN': '/usr/share/code/resources/app/extensions/git/dist/askpass-main.js', 'MANAGERPID': '11241', 'VSCODE_GIT_ASKPASS_NODE': '/usr/share/code/code', 'DBUS_SESSION_BUS_ADDRESS': 'unix:path=/run/user/481853705/bus', 'GSM_SKIP_SSH_AGENT_WORKAROUND': 'true', 'SYSTEMD_EXEC_PID': '11518', 'PYDEVD_DISABLE_FILE_VALIDATION': '1', 'BUNDLED_DEBUGPY_PATH': '/home/gbonham/.vscode/extensions/ms-python.debugpy-2026.6.0-linux-x64/bundled/libs/debugpy', 'VSCODE_PYTHON_AUTOACTIVATE_GUARD': '1', 'GIO_LAUNCHED_DESKTOP_FILE_PID': '12574', 'COLORTERM': 'truecolor', 'CONDA_CHANGEPS1': 'no', 'WAYLAND_DISPLAY': 'wayland-0', 'LOGNAME': 'gbonham', '_': '/usr/bin/colcon', 'JOURNAL_STREAM': '9:142776', 'XDG_SESSION_CLASS': 'user', 'MEMORY_PRESSURE_WATCH': '/sys/fs/cgroup/user.slice/user-481853705.slice/user@481853705.service/session.slice/org.gnome.Shell@wayland.service/memory.pressure', 'USER_ZDOTDIR': '/home/gbonham', 'USERNAME': 'gbonham', 'PROMPT_EOL_MARK': '', 'TERM': 'xterm-256color', 'GNOME_DESKTOP_SESSION_ID': 'this-is-deprecated', 'FC_FONTATIONS': '1', 'PATH': '/usr/local/sbin:/usr/local/bin:/usr/sbin:/usr/bin:/sbin:/bin:/usr/games:/usr/local/games:/snap/bin:/snap/bin:/home/gbonham/.vscode/extensions/ms-python.debugpy-2026.6.0-linux-x64/bundled/scripts/noConfigScripts', 'SESSION_MANAGER': 'local/csci20121:@/tmp/.ICE-unix/11486,unix/csci20121:/tmp/.ICE-unix/11486', 'INVOCATION_ID': '94b2f98f34ad4cab8b432345032ed79e', 'XDG_RUNTIME_DIR': '/run/user/481853705', 'XDG_MENU_PREFIX': 'gnome-', 'GNOME_SETUP_DISPLAY': ':1', 'GDK_BACKEND': 'wayland', 'DISPLAY': ':0', 'LANG': 'en_US.UTF-8', 'XDG_CURRENT_DESKTOP': 'ubuntu:GNOME', 'VSCODE_DEBUGPY_ADAPTER_ENDPOINTS': '/home/gbonham/.vscode/extensions/ms-python.debugpy-2026.6.0-linux-x64/.noConfigDebugAdapterEndpoints/endpoint-e34322725a0427c1.txt', 'PYTHONSTARTUP': '/home/gbonham/.config/Code/User/workspaceStorage/164fb482c0335d43507560d0f344279e/ms-python.python/pythonrc.py', 'VSCODE_INJECTION': '1', 'XDG_SESSION_DESKTOP': 'ubuntu', 'XMODIFIERS': '@im=ibus', 'XAUTHORITY': '/run/user/481853705/.mutter-Xwaylandauth.D1YEP3', 'TERM_PROGRAM': 'vscode', 'VSCODE_GIT_IPC_HANDLE': '/run/user/481853705/vscode-git-91e7995aaf.sock', 'SSH_AUTH_SOCK': '/run/user/481853705/keyring/ssh', 'SHELL': '/bin/zsh', 'KRB5CCNAME': 'FILE:/tmp/krb5cc_481853705_1BZ2iU', 'QT_ACCESSIBILITY': '1', 'GDMSESSION': 'ubuntu', 'GJS_DEBUG_OUTPUT': 'stderr', 'QT_IM_MODULE': 'ibus', 'VSCODE_GIT_ASKPASS_EXTRA_ARGS': '', 'PWD': '/home/gbonham/turtlebot4_ws/build/custom_interfaces', 'XDG_DATA_DIRS': '/usr/local/share/:/usr/share/:/var/lib/snapd/desktop', 'ZDOTDIR': '/home/gbonham', 'VIRTUAL_ENV_DISABLE_PROMPT': '12', 'COLCON': '1', 'MEMORY_PRESSURE_WRITE': 'c29tZSAyMDAwMDAgMjAwMDAwMAA='}), 'shell': False}
[0.399357] (custom_interfaces) StdoutLine: {'line': b'-- Install configuration: ""\n'}
[0.399603] (custom_interfaces) StdoutLine: {'line': b'-- Up-to-date: /home/gbonham/turtlebot4_ws/install/custom_interfaces/share/ament_index/resource_index/rosidl_interfaces/custom_interfaces\n'}
[0.399756] (custom_interfaces) StdoutLine: {'line': b'-- Up-to-date: /home/gbonham/turtlebot4_ws/install/custom_interfaces/share/custom_interfaces/msg/TransLoc.json\n'}
[0.399943] (custom_interfaces) StdoutLine: {'line': b'-- Up-to-date: /home/gbonham/turtlebot4_ws/install/custom_interfaces/share/custom_interfaces/msg/ObsList.json\n'}
[0.400165] (custom_interfaces) StdoutLine: {'line': b'-- Up-to-date: /home/gbonham/turtlebot4_ws/install/custom_interfaces/share/custom_interfaces/srv/SetCap.json\n'}
[0.400350] (-) TimerEvent: {}
[0.400459] (custom_interfaces) StdoutLine: {'line': b'-- Up-to-date: /home/gbonham/turtlebot4_ws/install/custom_interfaces/share/custom_interfaces/action/RobotGoal.json\n'}
[0.400602] (custom_interfaces) StdoutLine: {'line': b'-- Up-to-date: /home/gbonham/turtlebot4_ws/install/custom_interfaces/include/custom_interfaces/custom_interfaces\n'}
[0.400731] (custom_interfaces) StdoutLine: {'line': b'-- Up-to-date: /home/gbonham/turtlebot4_ws/install/custom_interfaces/include/custom_interfaces/custom_interfaces/action\n'}
[0.400876] (custom_interfaces) StdoutLine: {'line': b'-- Up-to-date: /home/gbonham/turtlebot4_ws/install/custom_interfaces/include/custom_interfaces/custom_interfaces/action/detail\n'}
[0.401004] (custom_interfaces) StdoutLine: {'line': b'-- Up-to-date: /home/gbonham/turtlebot4_ws/install/custom_interfaces/include/custom_interfaces/custom_interfaces/action/detail/robot_goal__struct.h\n'}
[0.401115] (custom_interfaces) StdoutLine: {'line': b'-- Up-to-date: /home/gbonham/turtlebot4_ws/install/custom_interfaces/include/custom_interfaces/custom_interfaces/action/detail/robot_goal__type_support.c\n'}
[0.401248] (custom_interfaces) StdoutLine: {'line': b'-- Up-to-date: /home/gbonham/turtlebot4_ws/install/custom_interfaces/include/custom_interfaces/custom_interfaces/action/detail/robot_goal__functions.h\n'}
[0.401367] (custom_interfaces) StdoutLine: {'line': b'-- Up-to-date: /home/gbonham/turtlebot4_ws/install/custom_interfaces/include/custom_interfaces/custom_interfaces/action/detail/robot_goal__functions.c\n'}
[0.401500] (custom_interfaces) StdoutLine: {'line': b'-- Up-to-date: /home/gbonham/turtlebot4_ws/install/custom_interfaces/include/custom_interfaces/custom_interfaces/action/detail/robot_goal__description.c\n'}
[0.401634] (custom_interfaces) StdoutLine: {'line': b'-- Up-to-date: /home/gbonham/turtlebot4_ws/install/custom_interfaces/include/custom_interfaces/custom_interfaces/action/detail/robot_goal__type_support.h\n'}
[0.401778] (custom_interfaces) StdoutLine: {'line': b'-- Up-to-date: /home/gbonham/turtlebot4_ws/install/custom_interfaces/include/custom_interfaces/custom_interfaces/action/robot_goal.h\n'}
[0.401896] (custom_interfaces) StdoutLine: {'line': b'-- Up-to-date: /home/gbonham/turtlebot4_ws/install/custom_interfaces/include/custom_interfaces/custom_interfaces/msg\n'}
[0.402018] (custom_interfaces) StdoutLine: {'line': b'-- Up-to-date: /home/gbonham/turtlebot4_ws/install/custom_interfaces/include/custom_interfaces/custom_interfaces/msg/detail\n'}
[0.402142] (custom_interfaces) StdoutLine: {'line': b'-- Up-to-date: /home/gbonham/turtlebot4_ws/install/custom_interfaces/include/custom_interfaces/custom_interfaces/msg/detail/obs_list__functions.c\n'}
[0.402259] (custom_interfaces) StdoutLine: {'line': b'-- Up-to-date: /home/gbonham/turtlebot4_ws/install/custom_interfaces/include/custom_interfaces/custom_interfaces/msg/detail/obs_list__struct.h\n'}
[0.402383] (custom_interfaces) StdoutLine: {'line': b'-- Up-to-date: /home/gbonham/turtlebot4_ws/install/custom_interfaces/include/custom_interfaces/custom_interfaces/msg/detail/obs_list__description.c\n'}
[0.402523] (custom_interfaces) StdoutLine: {'line': b'-- Up-to-date: /home/gbonham/turtlebot4_ws/install/custom_interfaces/include/custom_interfaces/custom_interfaces/msg/detail/trans_loc__type_support.c\n'}
[0.402655] (custom_interfaces) StdoutLine: {'line': b'-- Up-to-date: /home/gbonham/turtlebot4_ws/install/custom_interfaces/include/custom_interfaces/custom_interfaces/msg/detail/trans_loc__description.c\n'}
[0.402781] (custom_interfaces) StdoutLine: {'line': b'-- Up-to-date: /home/gbonham/turtlebot4_ws/install/custom_interfaces/include/custom_interfaces/custom_interfaces/msg/detail/obs_list__type_support.h\n'}
[0.402925] (custom_interfaces) StdoutLine: {'line': b'-- Up-to-date: /home/gbonham/turtlebot4_ws/install/custom_interfaces/include/custom_interfaces/custom_interfaces/msg/detail/obs_list__type_support.c\n'}
[0.403067] (custom_interfaces) StdoutLine: {'line': b'-- Up-to-date: /home/gbonham/turtlebot4_ws/install/custom_interfaces/include/custom_interfaces/custom_interfaces/msg/detail/obs_list__functions.h\n'}
[0.403195] (custom_interfaces) StdoutLine: {'line': b'-- Up-to-date: /home/gbonham/turtlebot4_ws/install/custom_interfaces/include/custom_interfaces/custom_interfaces/msg/detail/trans_loc__struct.h\n'}
[0.403322] (custom_interfaces) StdoutLine: {'line': b'-- Up-to-date: /home/gbonham/turtlebot4_ws/install/custom_interfaces/include/custom_interfaces/custom_interfaces/msg/detail/trans_loc__type_support.h\n'}
[0.403452] (custom_interfaces) StdoutLine: {'line': b'-- Up-to-date: /home/gbonham/turtlebot4_ws/install/custom_interfaces/include/custom_interfaces/custom_interfaces/msg/detail/trans_loc__functions.c\n'}
[0.403570] (custom_interfaces) StdoutLine: {'line': b'-- Up-to-date: /home/gbonham/turtlebot4_ws/install/custom_interfaces/include/custom_interfaces/custom_interfaces/msg/detail/trans_loc__functions.h\n'}
[0.403693] (custom_interfaces) StdoutLine: {'line': b'-- Up-to-date: /home/gbonham/turtlebot4_ws/install/custom_interfaces/include/custom_interfaces/custom_interfaces/msg/obs_list.h\n'}
[0.403811] (custom_interfaces) StdoutLine: {'line': b'-- Up-to-date: /home/gbonham/turtlebot4_ws/install/custom_interfaces/include/custom_interfaces/custom_interfaces/msg/rosidl_generator_c__visibility_control.h\n'}
[0.403963] (custom_interfaces) StdoutLine: {'line': b'-- Up-to-date: /home/gbonham/turtlebot4_ws/install/custom_interfaces/include/custom_interfaces/custom_interfaces/msg/trans_loc.h\n'}
[0.404110] (custom_interfaces) StdoutLine: {'line': b'-- Up-to-date: /home/gbonham/turtlebot4_ws/install/custom_interfaces/include/custom_interfaces/custom_interfaces/srv\n'}
[0.404249] (custom_interfaces) StdoutLine: {'line': b'-- Up-to-date: /home/gbonham/turtlebot4_ws/install/custom_interfaces/include/custom_interfaces/custom_interfaces/srv/detail\n'}
[0.404379] (custom_interfaces) StdoutLine: {'line': b'-- Up-to-date: /home/gbonham/turtlebot4_ws/install/custom_interfaces/include/custom_interfaces/custom_interfaces/srv/detail/set_cap__functions.c\n'}
[0.404495] (custom_interfaces) StdoutLine: {'line': b'-- Up-to-date: /home/gbonham/turtlebot4_ws/install/custom_interfaces/include/custom_interfaces/custom_interfaces/srv/detail/set_cap__description.c\n'}
[0.404610] (custom_interfaces) StdoutLine: {'line': b'-- Up-to-date: /home/gbonham/turtlebot4_ws/install/custom_interfaces/include/custom_interfaces/custom_interfaces/srv/detail/set_cap__type_support.h\n'}
[0.404739] (custom_interfaces) StdoutLine: {'line': b'-- Up-to-date: /home/gbonham/turtlebot4_ws/install/custom_interfaces/include/custom_interfaces/custom_interfaces/srv/detail/set_cap__struct.h\n'}
[0.404856] (custom_interfaces) StdoutLine: {'line': b'-- Up-to-date: /home/gbonham/turtlebot4_ws/install/custom_interfaces/include/custom_interfaces/custom_interfaces/srv/detail/set_cap__functions.h\n'}
[0.405016] (custom_interfaces) StdoutLine: {'line': b'-- Up-to-date: /home/gbonham/turtlebot4_ws/install/custom_interfaces/include/custom_interfaces/custom_interfaces/srv/detail/set_cap__type_support.c\n'}
[0.405138] (custom_interfaces) StdoutLine: {'line': b'-- Up-to-date: /home/gbonham/turtlebot4_ws/install/custom_interfaces/include/custom_interfaces/custom_interfaces/srv/set_cap.h\n'}
[0.405220] (custom_interfaces) StdoutLine: {'line': b'-- Up-to-date: /home/gbonham/turtlebot4_ws/install/custom_interfaces/share/custom_interfaces/environment/library_path.sh\n'}
[0.405311] (custom_interfaces) StdoutLine: {'line': b'-- Up-to-date: /home/gbonham/turtlebot4_ws/install/custom_interfaces/share/custom_interfaces/environment/library_path.dsv\n'}
[0.405393] (custom_interfaces) StdoutLine: {'line': b'-- Up-to-date: /home/gbonham/turtlebot4_ws/install/custom_interfaces/lib/libcustom_interfaces__rosidl_generator_c.so\n'}
[0.405478] (custom_interfaces) StdoutLine: {'line': b'-- Up-to-date: /home/gbonham/turtlebot4_ws/install/custom_interfaces/include/custom_interfaces/custom_interfaces\n'}
[0.405561] (custom_interfaces) StdoutLine: {'line': b'-- Up-to-date: /home/gbonham/turtlebot4_ws/install/custom_interfaces/include/custom_interfaces/custom_interfaces/action\n'}
[0.405691] (custom_interfaces) StdoutLine: {'line': b'-- Up-to-date: /home/gbonham/turtlebot4_ws/install/custom_interfaces/include/custom_interfaces/custom_interfaces/action/detail\n'}
[0.405802] (custom_interfaces) StdoutLine: {'line': b'-- Up-to-date: /home/gbonham/turtlebot4_ws/install/custom_interfaces/include/custom_interfaces/custom_interfaces/action/detail/robot_goal__rosidl_typesupport_fastrtps_c.h\n'}
[0.405973] (custom_interfaces) StdoutLine: {'line': b'-- Up-to-date: /home/gbonham/turtlebot4_ws/install/custom_interfaces/include/custom_interfaces/custom_interfaces/msg\n'}
[0.406132] (custom_interfaces) StdoutLine: {'line': b'-- Up-to-date: /home/gbonham/turtlebot4_ws/install/custom_interfaces/include/custom_interfaces/custom_interfaces/msg/detail\n'}
[0.406275] (custom_interfaces) StdoutLine: {'line': b'-- Up-to-date: /home/gbonham/turtlebot4_ws/install/custom_interfaces/include/custom_interfaces/custom_interfaces/msg/detail/trans_loc__rosidl_typesupport_fastrtps_c.h\n'}
[0.406404] (custom_interfaces) StdoutLine: {'line': b'-- Up-to-date: /home/gbonham/turtlebot4_ws/install/custom_interfaces/include/custom_interfaces/custom_interfaces/msg/detail/obs_list__rosidl_typesupport_fastrtps_c.h\n'}
[0.406601] (custom_interfaces) StdoutLine: {'line': b'-- Up-to-date: /home/gbonham/turtlebot4_ws/install/custom_interfaces/include/custom_interfaces/custom_interfaces/msg/rosidl_typesupport_fastrtps_c__visibility_control.h\n'}
[0.406819] (custom_interfaces) StdoutLine: {'line': b'-- Up-to-date: /home/gbonham/turtlebot4_ws/install/custom_interfaces/include/custom_interfaces/custom_interfaces/srv\n'}
[0.407073] (custom_interfaces) StdoutLine: {'line': b'-- Up-to-date: /home/gbonham/turtlebot4_ws/install/custom_interfaces/include/custom_interfaces/custom_interfaces/srv/detail\n'}
[0.407254] (custom_interfaces) StdoutLine: {'line': b'-- Up-to-date: /home/gbonham/turtlebot4_ws/install/custom_interfaces/include/custom_interfaces/custom_interfaces/srv/detail/set_cap__rosidl_typesupport_fastrtps_c.h\n'}
[0.407377] (custom_interfaces) StdoutLine: {'line': b'-- Up-to-date: /home/gbonham/turtlebot4_ws/install/custom_interfaces/lib/libcustom_interfaces__rosidl_typesupport_fastrtps_c.so\n'}
[0.407496] (custom_interfaces) StdoutLine: {'line': b'-- Up-to-date: /home/gbonham/turtlebot4_ws/install/custom_interfaces/include/custom_interfaces/custom_interfaces\n'}
[0.407622] (custom_interfaces) StdoutLine: {'line': b'-- Up-to-date: /home/gbonham/turtlebot4_ws/install/custom_interfaces/include/custom_interfaces/custom_interfaces/action\n'}
[0.407743] (custom_interfaces) StdoutLine: {'line': b'-- Up-to-date: /home/gbonham/turtlebot4_ws/install/custom_interfaces/include/custom_interfaces/custom_interfaces/action/detail\n'}
[0.407877] (custom_interfaces) StdoutLine: {'line': b'-- Up-to-date: /home/gbonham/turtlebot4_ws/install/custom_interfaces/include/custom_interfaces/custom_interfaces/action/detail/robot_goal__type_support.c\n'}
[0.407976] (custom_interfaces) StdoutLine: {'line': b'-- Up-to-date: /home/gbonham/turtlebot4_ws/install/custom_interfaces/include/custom_interfaces/custom_interfaces/action/detail/robot_goal__rosidl_typesupport_introspection_c.h\n'}
[0.408089] (custom_interfaces) StdoutLine: {'line': b'-- Up-to-date: /home/gbonham/turtlebot4_ws/install/custom_interfaces/include/custom_interfaces/custom_interfaces/msg\n'}
[0.408190] (custom_interfaces) StdoutLine: {'line': b'-- Up-to-date: /home/gbonham/turtlebot4_ws/install/custom_interfaces/include/custom_interfaces/custom_interfaces/msg/rosidl_typesupport_introspection_c__visibility_control.h\n'}
[0.408298] (custom_interfaces) StdoutLine: {'line': b'-- Up-to-date: /home/gbonham/turtlebot4_ws/install/custom_interfaces/include/custom_interfaces/custom_interfaces/msg/detail\n'}
[0.408399] (custom_interfaces) StdoutLine: {'line': b'-- Up-to-date: /home/gbonham/turtlebot4_ws/install/custom_interfaces/include/custom_interfaces/custom_interfaces/msg/detail/trans_loc__type_support.c\n'}
[0.408500] (custom_interfaces) StdoutLine: {'line': b'-- Up-to-date: /home/gbonham/turtlebot4_ws/install/custom_interfaces/include/custom_interfaces/custom_interfaces/msg/detail/obs_list__type_support.c\n'}
[0.408612] (custom_interfaces) StdoutLine: {'line': b'-- Up-to-date: /home/gbonham/turtlebot4_ws/install/custom_interfaces/include/custom_interfaces/custom_interfaces/msg/detail/trans_loc__rosidl_typesupport_introspection_c.h\n'}
[0.408739] (custom_interfaces) StdoutLine: {'line': b'-- Up-to-date: /home/gbonham/turtlebot4_ws/install/custom_interfaces/include/custom_interfaces/custom_interfaces/msg/detail/obs_list__rosidl_typesupport_introspection_c.h\n'}
[0.408880] (custom_interfaces) StdoutLine: {'line': b'-- Up-to-date: /home/gbonham/turtlebot4_ws/install/custom_interfaces/include/custom_interfaces/custom_interfaces/srv\n'}
[0.409005] (custom_interfaces) StdoutLine: {'line': b'-- Up-to-date: /home/gbonham/turtlebot4_ws/install/custom_interfaces/include/custom_interfaces/custom_interfaces/srv/detail\n'}
[0.409144] (custom_interfaces) StdoutLine: {'line': b'-- Up-to-date: /home/gbonham/turtlebot4_ws/install/custom_interfaces/include/custom_interfaces/custom_interfaces/srv/detail/set_cap__rosidl_typesupport_introspection_c.h\n'}
[0.409265] (custom_interfaces) StdoutLine: {'line': b'-- Up-to-date: /home/gbonham/turtlebot4_ws/install/custom_interfaces/include/custom_interfaces/custom_interfaces/srv/detail/set_cap__type_support.c\n'}
[0.409366] (custom_interfaces) StdoutLine: {'line': b'-- Up-to-date: /home/gbonham/turtlebot4_ws/install/custom_interfaces/lib/libcustom_interfaces__rosidl_typesupport_introspection_c.so\n'}
[0.409459] (custom_interfaces) StdoutLine: {'line': b'-- Up-to-date: /home/gbonham/turtlebot4_ws/install/custom_interfaces/lib/libcustom_interfaces__rosidl_typesupport_c.so\n'}
[0.409550] (custom_interfaces) StdoutLine: {'line': b'-- Up-to-date: /home/gbonham/turtlebot4_ws/install/custom_interfaces/include/custom_interfaces/custom_interfaces\n'}
[0.409634] (custom_interfaces) StdoutLine: {'line': b'-- Up-to-date: /home/gbonham/turtlebot4_ws/install/custom_interfaces/include/custom_interfaces/custom_interfaces/action\n'}
[0.409736] (custom_interfaces) StdoutLine: {'line': b'-- Up-to-date: /home/gbonham/turtlebot4_ws/install/custom_interfaces/include/custom_interfaces/custom_interfaces/action/detail\n'}
[0.409826] (custom_interfaces) StdoutLine: {'line': b'-- Up-to-date: /home/gbonham/turtlebot4_ws/install/custom_interfaces/include/custom_interfaces/custom_interfaces/action/detail/robot_goal__builder.hpp\n'}
[0.409938] (custom_interfaces) StdoutLine: {'line': b'-- Up-to-date: /home/gbonham/turtlebot4_ws/install/custom_interfaces/include/custom_interfaces/custom_interfaces/action/detail/robot_goal__traits.hpp\n'}
[0.410017] (custom_interfaces) StdoutLine: {'line': b'-- Up-to-date: /home/gbonham/turtlebot4_ws/install/custom_interfaces/include/custom_interfaces/custom_interfaces/action/detail/robot_goal__struct.hpp\n'}
[0.410122] (custom_interfaces) StdoutLine: {'line': b'-- Up-to-date: /home/gbonham/turtlebot4_ws/install/custom_interfaces/include/custom_interfaces/custom_interfaces/action/detail/robot_goal__type_support.hpp\n'}
[0.410240] (custom_interfaces) StdoutLine: {'line': b'-- Up-to-date: /home/gbonham/turtlebot4_ws/install/custom_interfaces/include/custom_interfaces/custom_interfaces/action/robot_goal.hpp\n'}
[0.410325] (custom_interfaces) StdoutLine: {'line': b'-- Up-to-date: /home/gbonham/turtlebot4_ws/install/custom_interfaces/include/custom_interfaces/custom_interfaces/msg\n'}
[0.410419] (custom_interfaces) StdoutLine: {'line': b'-- Up-to-date: /home/gbonham/turtlebot4_ws/install/custom_interfaces/include/custom_interfaces/custom_interfaces/msg/trans_loc.hpp\n'}
[0.410537] (custom_interfaces) StdoutLine: {'line': b'-- Up-to-date: /home/gbonham/turtlebot4_ws/install/custom_interfaces/include/custom_interfaces/custom_interfaces/msg/rosidl_generator_cpp__visibility_control.hpp\n'}
[0.410628] (custom_interfaces) StdoutLine: {'line': b'-- Up-to-date: /home/gbonham/turtlebot4_ws/install/custom_interfaces/include/custom_interfaces/custom_interfaces/msg/detail\n'}
[0.410746] (custom_interfaces) StdoutLine: {'line': b'-- Up-to-date: /home/gbonham/turtlebot4_ws/install/custom_interfaces/include/custom_interfaces/custom_interfaces/msg/detail/trans_loc__builder.hpp\n'}
[0.410865] (custom_interfaces) StdoutLine: {'line': b'-- Up-to-date: /home/gbonham/turtlebot4_ws/install/custom_interfaces/include/custom_interfaces/custom_interfaces/msg/detail/obs_list__type_support.hpp\n'}
[0.410981] (custom_interfaces) StdoutLine: {'line': b'-- Up-to-date: /home/gbonham/turtlebot4_ws/install/custom_interfaces/include/custom_interfaces/custom_interfaces/msg/detail/obs_list__traits.hpp\n'}
[0.411096] (custom_interfaces) StdoutLine: {'line': b'-- Up-to-date: /home/gbonham/turtlebot4_ws/install/custom_interfaces/include/custom_interfaces/custom_interfaces/msg/detail/trans_loc__traits.hpp\n'}
[0.411210] (custom_interfaces) StdoutLine: {'line': b'-- Up-to-date: /home/gbonham/turtlebot4_ws/install/custom_interfaces/include/custom_interfaces/custom_interfaces/msg/detail/obs_list__struct.hpp\n'}
[0.411333] (custom_interfaces) StdoutLine: {'line': b'-- Up-to-date: /home/gbonham/turtlebot4_ws/install/custom_interfaces/include/custom_interfaces/custom_interfaces/msg/detail/obs_list__builder.hpp\n'}
[0.411458] (custom_interfaces) StdoutLine: {'line': b'-- Up-to-date: /home/gbonham/turtlebot4_ws/install/custom_interfaces/include/custom_interfaces/custom_interfaces/msg/detail/trans_loc__type_support.hpp\n'}
[0.411587] (custom_interfaces) StdoutLine: {'line': b'-- Up-to-date: /home/gbonham/turtlebot4_ws/install/custom_interfaces/include/custom_interfaces/custom_interfaces/msg/detail/trans_loc__struct.hpp\n'}
[0.411710] (custom_interfaces) StdoutLine: {'line': b'-- Up-to-date: /home/gbonham/turtlebot4_ws/install/custom_interfaces/include/custom_interfaces/custom_interfaces/msg/obs_list.hpp\n'}
[0.411845] (custom_interfaces) StdoutLine: {'line': b'-- Up-to-date: /home/gbonham/turtlebot4_ws/install/custom_interfaces/include/custom_interfaces/custom_interfaces/srv\n'}
[0.411958] (custom_interfaces) StdoutLine: {'line': b'-- Up-to-date: /home/gbonham/turtlebot4_ws/install/custom_interfaces/include/custom_interfaces/custom_interfaces/srv/detail\n'}
[0.412162] (custom_interfaces) StdoutLine: {'line': b'-- Up-to-date: /home/gbonham/turtlebot4_ws/install/custom_interfaces/include/custom_interfaces/custom_interfaces/srv/detail/set_cap__type_support.hpp\n'}
[0.412287] (custom_interfaces) StdoutLine: {'line': b'-- Up-to-date: /home/gbonham/turtlebot4_ws/install/custom_interfaces/include/custom_interfaces/custom_interfaces/srv/detail/set_cap__builder.hpp\n'}
[0.412416] (custom_interfaces) StdoutLine: {'line': b'-- Up-to-date: /home/gbonham/turtlebot4_ws/install/custom_interfaces/include/custom_interfaces/custom_interfaces/srv/detail/set_cap__traits.hpp\n'}
[0.412542] (custom_interfaces) StdoutLine: {'line': b'-- Up-to-date: /home/gbonham/turtlebot4_ws/install/custom_interfaces/include/custom_interfaces/custom_interfaces/srv/detail/set_cap__struct.hpp\n'}
[0.412675] (custom_interfaces) StdoutLine: {'line': b'-- Up-to-date: /home/gbonham/turtlebot4_ws/install/custom_interfaces/include/custom_interfaces/custom_interfaces/srv/set_cap.hpp\n'}
[0.412806] (custom_interfaces) StdoutLine: {'line': b'-- Up-to-date: /home/gbonham/turtlebot4_ws/install/custom_interfaces/include/custom_interfaces/custom_interfaces\n'}
[0.412931] (custom_interfaces) StdoutLine: {'line': b'-- Up-to-date: /home/gbonham/turtlebot4_ws/install/custom_interfaces/include/custom_interfaces/custom_interfaces/action\n'}
[0.413064] (custom_interfaces) StdoutLine: {'line': b'-- Up-to-date: /home/gbonham/turtlebot4_ws/install/custom_interfaces/include/custom_interfaces/custom_interfaces/action/detail\n'}
[0.413192] (custom_interfaces) StdoutLine: {'line': b'-- Up-to-date: /home/gbonham/turtlebot4_ws/install/custom_interfaces/include/custom_interfaces/custom_interfaces/action/detail/robot_goal__rosidl_typesupport_fastrtps_cpp.hpp\n'}
[0.413312] (custom_interfaces) StdoutLine: {'line': b'-- Up-to-date: /home/gbonham/turtlebot4_ws/install/custom_interfaces/include/custom_interfaces/custom_interfaces/action/detail/dds_fastrtps\n'}
[0.413441] (custom_interfaces) StdoutLine: {'line': b'-- Up-to-date: /home/gbonham/turtlebot4_ws/install/custom_interfaces/include/custom_interfaces/custom_interfaces/msg\n'}
[0.413564] (custom_interfaces) StdoutLine: {'line': b'-- Up-to-date: /home/gbonham/turtlebot4_ws/install/custom_interfaces/include/custom_interfaces/custom_interfaces/msg/rosidl_typesupport_fastrtps_cpp__visibility_control.h\n'}
[0.413687] (custom_interfaces) StdoutLine: {'line': b'-- Up-to-date: /home/gbonham/turtlebot4_ws/install/custom_interfaces/include/custom_interfaces/custom_interfaces/msg/detail\n'}
[0.413817] (custom_interfaces) StdoutLine: {'line': b'-- Up-to-date: /home/gbonham/turtlebot4_ws/install/custom_interfaces/include/custom_interfaces/custom_interfaces/msg/detail/trans_loc__rosidl_typesupport_fastrtps_cpp.hpp\n'}
[0.413937] (custom_interfaces) StdoutLine: {'line': b'-- Up-to-date: /home/gbonham/turtlebot4_ws/install/custom_interfaces/include/custom_interfaces/custom_interfaces/msg/detail/dds_fastrtps\n'}
[0.414059] (custom_interfaces) StdoutLine: {'line': b'-- Up-to-date: /home/gbonham/turtlebot4_ws/install/custom_interfaces/include/custom_interfaces/custom_interfaces/msg/detail/obs_list__rosidl_typesupport_fastrtps_cpp.hpp\n'}
[0.414190] (custom_interfaces) StdoutLine: {'line': b'-- Up-to-date: /home/gbonham/turtlebot4_ws/install/custom_interfaces/include/custom_interfaces/custom_interfaces/srv\n'}
[0.414312] (custom_interfaces) StdoutLine: {'line': b'-- Up-to-date: /home/gbonham/turtlebot4_ws/install/custom_interfaces/include/custom_interfaces/custom_interfaces/srv/detail\n'}
[0.414433] (custom_interfaces) StdoutLine: {'line': b'-- Up-to-date: /home/gbonham/turtlebot4_ws/install/custom_interfaces/include/custom_interfaces/custom_interfaces/srv/detail/set_cap__rosidl_typesupport_fastrtps_cpp.hpp\n'}
[0.414557] (custom_interfaces) StdoutLine: {'line': b'-- Up-to-date: /home/gbonham/turtlebot4_ws/install/custom_interfaces/include/custom_interfaces/custom_interfaces/srv/detail/dds_fastrtps\n'}
[0.414677] (custom_interfaces) StdoutLine: {'line': b'-- Up-to-date: /home/gbonham/turtlebot4_ws/install/custom_interfaces/lib/libcustom_interfaces__rosidl_typesupport_fastrtps_cpp.so\n'}
[0.414795] (custom_interfaces) StdoutLine: {'line': b'-- Up-to-date: /home/gbonham/turtlebot4_ws/install/custom_interfaces/include/custom_interfaces/custom_interfaces\n'}
[0.414922] (custom_interfaces) StdoutLine: {'line': b'-- Up-to-date: /home/gbonham/turtlebot4_ws/install/custom_interfaces/include/custom_interfaces/custom_interfaces/action\n'}
[0.415045] (custom_interfaces) StdoutLine: {'line': b'-- Up-to-date: /home/gbonham/turtlebot4_ws/install/custom_interfaces/include/custom_interfaces/custom_interfaces/action/detail\n'}
[0.415173] (custom_interfaces) StdoutLine: {'line': b'-- Up-to-date: /home/gbonham/turtlebot4_ws/install/custom_interfaces/include/custom_interfaces/custom_interfaces/action/detail/robot_goal__rosidl_typesupport_introspection_cpp.hpp\n'}
[0.415299] (custom_interfaces) StdoutLine: {'line': b'-- Up-to-date: /home/gbonham/turtlebot4_ws/install/custom_interfaces/include/custom_interfaces/custom_interfaces/action/detail/robot_goal__type_support.cpp\n'}
[0.415433] (custom_interfaces) StdoutLine: {'line': b'-- Up-to-date: /home/gbonham/turtlebot4_ws/install/custom_interfaces/include/custom_interfaces/custom_interfaces/msg\n'}
[0.415557] (custom_interfaces) StdoutLine: {'line': b'-- Up-to-date: /home/gbonham/turtlebot4_ws/install/custom_interfaces/include/custom_interfaces/custom_interfaces/msg/detail\n'}
[0.415681] (custom_interfaces) StdoutLine: {'line': b'-- Up-to-date: /home/gbonham/turtlebot4_ws/install/custom_interfaces/include/custom_interfaces/custom_interfaces/msg/detail/obs_list__type_support.cpp\n'}
[0.415807] (custom_interfaces) StdoutLine: {'line': b'-- Up-to-date: /home/gbonham/turtlebot4_ws/install/custom_interfaces/include/custom_interfaces/custom_interfaces/msg/detail/trans_loc__rosidl_typesupport_introspection_cpp.hpp\n'}
[0.415936] (custom_interfaces) StdoutLine: {'line': b'-- Up-to-date: /home/gbonham/turtlebot4_ws/install/custom_interfaces/include/custom_interfaces/custom_interfaces/msg/detail/obs_list__rosidl_typesupport_introspection_cpp.hpp\n'}
[0.416054] (custom_interfaces) StdoutLine: {'line': b'-- Up-to-date: /home/gbonham/turtlebot4_ws/install/custom_interfaces/include/custom_interfaces/custom_interfaces/msg/detail/trans_loc__type_support.cpp\n'}
[0.416185] (custom_interfaces) StdoutLine: {'line': b'-- Up-to-date: /home/gbonham/turtlebot4_ws/install/custom_interfaces/include/custom_interfaces/custom_interfaces/srv\n'}
[0.416310] (custom_interfaces) StdoutLine: {'line': b'-- Up-to-date: /home/gbonham/turtlebot4_ws/install/custom_interfaces/include/custom_interfaces/custom_interfaces/srv/detail\n'}
[0.416430] (custom_interfaces) StdoutLine: {'line': b'-- Up-to-date: /home/gbonham/turtlebot4_ws/install/custom_interfaces/include/custom_interfaces/custom_interfaces/srv/detail/set_cap__type_support.cpp\n'}
[0.416549] (custom_interfaces) StdoutLine: {'line': b'-- Up-to-date: /home/gbonham/turtlebot4_ws/install/custom_interfaces/include/custom_interfaces/custom_interfaces/srv/detail/set_cap__rosidl_typesupport_introspection_cpp.hpp\n'}
[0.416675] (custom_interfaces) StdoutLine: {'line': b'-- Up-to-date: /home/gbonham/turtlebot4_ws/install/custom_interfaces/lib/libcustom_interfaces__rosidl_typesupport_introspection_cpp.so\n'}
[0.416801] (custom_interfaces) StdoutLine: {'line': b'-- Up-to-date: /home/gbonham/turtlebot4_ws/install/custom_interfaces/lib/libcustom_interfaces__rosidl_typesupport_cpp.so\n'}
[0.416931] (custom_interfaces) StdoutLine: {'line': b'-- Up-to-date: /home/gbonham/turtlebot4_ws/install/custom_interfaces/share/custom_interfaces/environment/pythonpath.sh\n'}
[0.417076] (custom_interfaces) StdoutLine: {'line': b'-- Up-to-date: /home/gbonham/turtlebot4_ws/install/custom_interfaces/share/custom_interfaces/environment/pythonpath.dsv\n'}
[0.417206] (custom_interfaces) StdoutLine: {'line': b'-- Up-to-date: /home/gbonham/turtlebot4_ws/install/custom_interfaces/lib/python3.12/site-packages/custom_interfaces-0.0.0-py3.12.egg-info\n'}
[0.417327] (custom_interfaces) StdoutLine: {'line': b'-- Installing: /home/gbonham/turtlebot4_ws/install/custom_interfaces/lib/python3.12/site-packages/custom_interfaces-0.0.0-py3.12.egg-info/SOURCES.txt\n'}
[0.417454] (custom_interfaces) StdoutLine: {'line': b'-- Installing: /home/gbonham/turtlebot4_ws/install/custom_interfaces/lib/python3.12/site-packages/custom_interfaces-0.0.0-py3.12.egg-info/dependency_links.txt\n'}
[0.417574] (custom_interfaces) StdoutLine: {'line': b'-- Installing: /home/gbonham/turtlebot4_ws/install/custom_interfaces/lib/python3.12/site-packages/custom_interfaces-0.0.0-py3.12.egg-info/top_level.txt\n'}
[0.417699] (custom_interfaces) StdoutLine: {'line': b'-- Installing: /home/gbonham/turtlebot4_ws/install/custom_interfaces/lib/python3.12/site-packages/custom_interfaces-0.0.0-py3.12.egg-info/PKG-INFO\n'}
[0.417810] (custom_interfaces) StdoutLine: {'line': b'-- Up-to-date: /home/gbonham/turtlebot4_ws/install/custom_interfaces/lib/python3.12/site-packages/custom_interfaces\n'}
[0.417929] (custom_interfaces) StdoutLine: {'line': b'-- Up-to-date: /home/gbonham/turtlebot4_ws/install/custom_interfaces/lib/python3.12/site-packages/custom_interfaces/_custom_interfaces_s.ep.rosidl_typesupport_introspection_c.c\n'}
[0.418058] (custom_interfaces) StdoutLine: {'line': b'-- Up-to-date: /home/gbonham/turtlebot4_ws/install/custom_interfaces/lib/python3.12/site-packages/custom_interfaces/custom_interfaces_s__rosidl_typesupport_c.so\n'}
[0.418172] (custom_interfaces) StdoutLine: {'line': b'-- Up-to-date: /home/gbonham/turtlebot4_ws/install/custom_interfaces/lib/python3.12/site-packages/custom_interfaces/action\n'}
[0.418301] (custom_interfaces) StdoutLine: {'line': b'-- Up-to-date: /home/gbonham/turtlebot4_ws/install/custom_interfaces/lib/python3.12/site-packages/custom_interfaces/action/_robot_goal_s.c\n'}
[0.418431] (custom_interfaces) StdoutLine: {'line': b'-- Up-to-date: /home/gbonham/turtlebot4_ws/install/custom_interfaces/lib/python3.12/site-packages/custom_interfaces/action/__init__.py\n'}
[0.418560] (custom_interfaces) StdoutLine: {'line': b'-- Up-to-date: /home/gbonham/turtlebot4_ws/install/custom_interfaces/lib/python3.12/site-packages/custom_interfaces/action/_robot_goal.py\n'}
[0.418692] (custom_interfaces) StdoutLine: {'line': b'-- Up-to-date: /home/gbonham/turtlebot4_ws/install/custom_interfaces/lib/python3.12/site-packages/custom_interfaces/custom_interfaces_s__rosidl_typesupport_introspection_c.so\n'}
[0.418825] (custom_interfaces) StdoutLine: {'line': b'-- Up-to-date: /home/gbonham/turtlebot4_ws/install/custom_interfaces/lib/python3.12/site-packages/custom_interfaces/_custom_interfaces_s.ep.rosidl_typesupport_fastrtps_c.c\n'}
[0.418949] (custom_interfaces) StdoutLine: {'line': b'-- Up-to-date: /home/gbonham/turtlebot4_ws/install/custom_interfaces/lib/python3.12/site-packages/custom_interfaces/custom_interfaces_s__rosidl_typesupport_fastrtps_c.so\n'}
[0.419082] (custom_interfaces) StdoutLine: {'line': b'-- Up-to-date: /home/gbonham/turtlebot4_ws/install/custom_interfaces/lib/python3.12/site-packages/custom_interfaces/msg\n'}
[0.419210] (custom_interfaces) StdoutLine: {'line': b'-- Up-to-date: /home/gbonham/turtlebot4_ws/install/custom_interfaces/lib/python3.12/site-packages/custom_interfaces/msg/_trans_loc_s.c\n'}
[0.419342] (custom_interfaces) StdoutLine: {'line': b'-- Up-to-date: /home/gbonham/turtlebot4_ws/install/custom_interfaces/lib/python3.12/site-packages/custom_interfaces/msg/_obs_list_s.c\n'}
[0.419472] (custom_interfaces) StdoutLine: {'line': b'-- Up-to-date: /home/gbonham/turtlebot4_ws/install/custom_interfaces/lib/python3.12/site-packages/custom_interfaces/msg/_obs_list.py\n'}
[0.419602] (custom_interfaces) StdoutLine: {'line': b'-- Up-to-date: /home/gbonham/turtlebot4_ws/install/custom_interfaces/lib/python3.12/site-packages/custom_interfaces/msg/__init__.py\n'}
[0.419731] (custom_interfaces) StdoutLine: {'line': b'-- Up-to-date: /home/gbonham/turtlebot4_ws/install/custom_interfaces/lib/python3.12/site-packages/custom_interfaces/msg/_trans_loc.py\n'}
[0.419860] (custom_interfaces) StdoutLine: {'line': b'-- Up-to-date: /home/gbonham/turtlebot4_ws/install/custom_interfaces/lib/python3.12/site-packages/custom_interfaces/srv\n'}
[0.419987] (custom_interfaces) StdoutLine: {'line': b'-- Up-to-date: /home/gbonham/turtlebot4_ws/install/custom_interfaces/lib/python3.12/site-packages/custom_interfaces/srv/_set_cap.py\n'}
[0.420120] (custom_interfaces) StdoutLine: {'line': b'-- Up-to-date: /home/gbonham/turtlebot4_ws/install/custom_interfaces/lib/python3.12/site-packages/custom_interfaces/srv/_set_cap_s.c\n'}
[0.420249] (custom_interfaces) StdoutLine: {'line': b'-- Up-to-date: /home/gbonham/turtlebot4_ws/install/custom_interfaces/lib/python3.12/site-packages/custom_interfaces/srv/__init__.py\n'}
[0.420376] (custom_interfaces) StdoutLine: {'line': b'-- Up-to-date: /home/gbonham/turtlebot4_ws/install/custom_interfaces/lib/python3.12/site-packages/custom_interfaces/__init__.py\n'}
[0.420505] (custom_interfaces) StdoutLine: {'line': b'-- Up-to-date: /home/gbonham/turtlebot4_ws/install/custom_interfaces/lib/python3.12/site-packages/custom_interfaces/_custom_interfaces_s.ep.rosidl_typesupport_c.c\n'}
[0.439903] (custom_interfaces) StdoutLine: {'line': b"Listing '/home/gbonham/turtlebot4_ws/install/custom_interfaces/lib/python3.12/site-packages/custom_interfaces'...\n"}
[0.440104] (custom_interfaces) StdoutLine: {'line': b"Listing '/home/gbonham/turtlebot4_ws/install/custom_interfaces/lib/python3.12/site-packages/custom_interfaces/action'...\n"}
[0.440191] (custom_interfaces) StdoutLine: {'line': b"Listing '/home/gbonham/turtlebot4_ws/install/custom_interfaces/lib/python3.12/site-packages/custom_interfaces/msg'...\n"}
[0.440274] (custom_interfaces) StdoutLine: {'line': b"Listing '/home/gbonham/turtlebot4_ws/install/custom_interfaces/lib/python3.12/site-packages/custom_interfaces/srv'...\n"}
[0.444380] (custom_interfaces) StdoutLine: {'line': b'-- Up-to-date: /home/gbonham/turtlebot4_ws/install/custom_interfaces/lib/python3.12/site-packages/custom_interfaces/custom_interfaces_s__rosidl_typesupport_fastrtps_c.so\n'}
[0.444659] (custom_interfaces) StdoutLine: {'line': b'-- Up-to-date: /home/gbonham/turtlebot4_ws/install/custom_interfaces/lib/python3.12/site-packages/custom_interfaces/custom_interfaces_s__rosidl_typesupport_introspection_c.so\n'}
[0.444935] (custom_interfaces) StdoutLine: {'line': b'-- Up-to-date: /home/gbonham/turtlebot4_ws/install/custom_interfaces/lib/python3.12/site-packages/custom_interfaces/custom_interfaces_s__rosidl_typesupport_c.so\n'}
[0.445278] (custom_interfaces) StdoutLine: {'line': b'-- Up-to-date: /home/gbonham/turtlebot4_ws/install/custom_interfaces/lib/libcustom_interfaces__rosidl_generator_py.so\n'}
[0.445511] (custom_interfaces) StdoutLine: {'line': b'-- Up-to-date: /home/gbonham/turtlebot4_ws/install/custom_interfaces/share/ament_index/resource_index/rust_packages/custom_interfaces\n'}
[0.445658] (custom_interfaces) StdoutLine: {'line': b'-- Up-to-date: /home/gbonham/turtlebot4_ws/install/custom_interfaces/share/custom_interfaces/rust\n'}
[0.445783] (custom_interfaces) StdoutLine: {'line': b'-- Up-to-date: /home/gbonham/turtlebot4_ws/install/custom_interfaces/share/custom_interfaces/rust/src\n'}
[0.445891] (custom_interfaces) StdoutLine: {'line': b'-- Up-to-date: /home/gbonham/turtlebot4_ws/install/custom_interfaces/share/custom_interfaces/rust/src/srv.rs\n'}
[0.445979] (custom_interfaces) StdoutLine: {'line': b'-- Up-to-date: /home/gbonham/turtlebot4_ws/install/custom_interfaces/share/custom_interfaces/rust/src/action\n'}
[0.446119] (custom_interfaces) StdoutLine: {'line': b'-- Up-to-date: /home/gbonham/turtlebot4_ws/install/custom_interfaces/share/custom_interfaces/rust/src/action/rmw.rs\n'}
[0.446255] (custom_interfaces) StdoutLine: {'line': b'-- Up-to-date: /home/gbonham/turtlebot4_ws/install/custom_interfaces/share/custom_interfaces/rust/src/msg\n'}
[0.446387] (custom_interfaces) StdoutLine: {'line': b'-- Up-to-date: /home/gbonham/turtlebot4_ws/install/custom_interfaces/share/custom_interfaces/rust/src/msg/rmw.rs\n'}
[0.446519] (custom_interfaces) StdoutLine: {'line': b'-- Up-to-date: /home/gbonham/turtlebot4_ws/install/custom_interfaces/share/custom_interfaces/rust/src/srv\n'}
[0.446663] (custom_interfaces) StdoutLine: {'line': b'-- Up-to-date: /home/gbonham/turtlebot4_ws/install/custom_interfaces/share/custom_interfaces/rust/src/srv/rmw.rs\n'}
[0.446790] (custom_interfaces) StdoutLine: {'line': b'-- Up-to-date: /home/gbonham/turtlebot4_ws/install/custom_interfaces/share/custom_interfaces/rust/src/action.rs\n'}
[0.446904] (custom_interfaces) StdoutLine: {'line': b'-- Up-to-date: /home/gbonham/turtlebot4_ws/install/custom_interfaces/share/custom_interfaces/rust/src/msg.rs\n'}
[0.447018] (custom_interfaces) StdoutLine: {'line': b'-- Up-to-date: /home/gbonham/turtlebot4_ws/install/custom_interfaces/share/custom_interfaces/rust/src/lib.rs\n'}
[0.447146] (custom_interfaces) StdoutLine: {'line': b'-- Up-to-date: /home/gbonham/turtlebot4_ws/install/custom_interfaces/share/custom_interfaces/rust/build.rs\n'}
[0.447271] (custom_interfaces) StdoutLine: {'line': b'-- Up-to-date: /home/gbonham/turtlebot4_ws/install/custom_interfaces/share/custom_interfaces/rust/Cargo.toml\n'}
[0.447391] (custom_interfaces) StdoutLine: {'line': b'-- Up-to-date: /home/gbonham/turtlebot4_ws/install/custom_interfaces/share/custom_interfaces/msg/TransLoc.idl\n'}
[0.447527] (custom_interfaces) StdoutLine: {'line': b'-- Up-to-date: /home/gbonham/turtlebot4_ws/install/custom_interfaces/share/custom_interfaces/msg/ObsList.idl\n'}
[0.447641] (custom_interfaces) StdoutLine: {'line': b'-- Up-to-date: /home/gbonham/turtlebot4_ws/install/custom_interfaces/share/custom_interfaces/srv/SetCap.idl\n'}
[0.447773] (custom_interfaces) StdoutLine: {'line': b'-- Up-to-date: /home/gbonham/turtlebot4_ws/install/custom_interfaces/share/custom_interfaces/action/RobotGoal.idl\n'}
[0.447904] (custom_interfaces) StdoutLine: {'line': b'-- Up-to-date: /home/gbonham/turtlebot4_ws/install/custom_interfaces/share/custom_interfaces/msg/TransLoc.msg\n'}
[0.448018] (custom_interfaces) StdoutLine: {'line': b'-- Up-to-date: /home/gbonham/turtlebot4_ws/install/custom_interfaces/share/custom_interfaces/msg/ObsList.msg\n'}
[0.448150] (custom_interfaces) StdoutLine: {'line': b'-- Up-to-date: /home/gbonham/turtlebot4_ws/install/custom_interfaces/share/custom_interfaces/srv/SetCap.srv\n'}
[0.448294] (custom_interfaces) StdoutLine: {'line': b'-- Up-to-date: /home/gbonham/turtlebot4_ws/install/custom_interfaces/share/custom_interfaces/action/RobotGoal.action\n'}
[0.448410] (custom_interfaces) StdoutLine: {'line': b'-- Up-to-date: /home/gbonham/turtlebot4_ws/install/custom_interfaces/share/ament_index/resource_index/package_run_dependencies/custom_interfaces\n'}
[0.448550] (custom_interfaces) StdoutLine: {'line': b'-- Up-to-date: /home/gbonham/turtlebot4_ws/install/custom_interfaces/share/ament_index/resource_index/parent_prefix_path/custom_interfaces\n'}
[0.448666] (custom_interfaces) StdoutLine: {'line': b'-- Up-to-date: /home/gbonham/turtlebot4_ws/install/custom_interfaces/share/custom_interfaces/environment/ament_prefix_path.sh\n'}
[0.448798] (custom_interfaces) StdoutLine: {'line': b'-- Up-to-date: /home/gbonham/turtlebot4_ws/install/custom_interfaces/share/custom_interfaces/environment/ament_prefix_path.dsv\n'}
[0.448912] (custom_interfaces) StdoutLine: {'line': b'-- Up-to-date: /home/gbonham/turtlebot4_ws/install/custom_interfaces/share/custom_interfaces/environment/path.sh\n'}
[0.449079] (custom_interfaces) StdoutLine: {'line': b'-- Up-to-date: /home/gbonham/turtlebot4_ws/install/custom_interfaces/share/custom_interfaces/environment/path.dsv\n'}
[0.449222] (custom_interfaces) StdoutLine: {'line': b'-- Up-to-date: /home/gbonham/turtlebot4_ws/install/custom_interfaces/share/custom_interfaces/local_setup.bash\n'}
[0.449371] (custom_interfaces) StdoutLine: {'line': b'-- Up-to-date: /home/gbonham/turtlebot4_ws/install/custom_interfaces/share/custom_interfaces/local_setup.sh\n'}
[0.449493] (custom_interfaces) StdoutLine: {'line': b'-- Up-to-date: /home/gbonham/turtlebot4_ws/install/custom_interfaces/share/custom_interfaces/local_setup.zsh\n'}
[0.449608] (custom_interfaces) StdoutLine: {'line': b'-- Up-to-date: /home/gbonham/turtlebot4_ws/install/custom_interfaces/share/custom_interfaces/local_setup.dsv\n'}
[0.449721] (custom_interfaces) StdoutLine: {'line': b'-- Installing: /home/gbonham/turtlebot4_ws/install/custom_interfaces/share/custom_interfaces/package.dsv\n'}
[0.449841] (custom_interfaces) StdoutLine: {'line': b'-- Up-to-date: /home/gbonham/turtlebot4_ws/install/custom_interfaces/share/ament_index/resource_index/packages/custom_interfaces\n'}
[0.449955] (custom_interfaces) StdoutLine: {'line': b'-- Up-to-date: /home/gbonham/turtlebot4_ws/install/custom_interfaces/share/custom_interfaces/cmake/export_custom_interfaces__rosidl_generator_cExport.cmake\n'}
[0.450075] (custom_interfaces) StdoutLine: {'line': b'-- Up-to-date: /home/gbonham/turtlebot4_ws/install/custom_interfaces/share/custom_interfaces/cmake/export_custom_interfaces__rosidl_generator_cExport-noconfig.cmake\n'}
[0.450189] (custom_interfaces) StdoutLine: {'line': b'-- Up-to-date: /home/gbonham/turtlebot4_ws/install/custom_interfaces/share/custom_interfaces/cmake/export_custom_interfaces__rosidl_typesupport_fastrtps_cExport.cmake\n'}
[0.450303] (custom_interfaces) StdoutLine: {'line': b'-- Up-to-date: /home/gbonham/turtlebot4_ws/install/custom_interfaces/share/custom_interfaces/cmake/export_custom_interfaces__rosidl_typesupport_fastrtps_cExport-noconfig.cmake\n'}
[0.450419] (custom_interfaces) StdoutLine: {'line': b'-- Up-to-date: /home/gbonham/turtlebot4_ws/install/custom_interfaces/share/custom_interfaces/cmake/custom_interfaces__rosidl_typesupport_introspection_cExport.cmake\n'}
[0.450536] (custom_interfaces) StdoutLine: {'line': b'-- Up-to-date: /home/gbonham/turtlebot4_ws/install/custom_interfaces/share/custom_interfaces/cmake/custom_interfaces__rosidl_typesupport_introspection_cExport-noconfig.cmake\n'}
[0.450649] (custom_interfaces) StdoutLine: {'line': b'-- Up-to-date: /home/gbonham/turtlebot4_ws/install/custom_interfaces/share/custom_interfaces/cmake/custom_interfaces__rosidl_typesupport_cExport.cmake\n'}
[0.450791] (custom_interfaces) StdoutLine: {'line': b'-- Up-to-date: /home/gbonham/turtlebot4_ws/install/custom_interfaces/share/custom_interfaces/cmake/custom_interfaces__rosidl_typesupport_cExport-noconfig.cmake\n'}
[0.450994] (custom_interfaces) StdoutLine: {'line': b'-- Up-to-date: /home/gbonham/turtlebot4_ws/install/custom_interfaces/share/custom_interfaces/cmake/export_custom_interfaces__rosidl_generator_cppExport.cmake\n'}
[0.451453] (custom_interfaces) StdoutLine: {'line': b'-- Up-to-date: /home/gbonham/turtlebot4_ws/install/custom_interfaces/share/custom_interfaces/cmake/export_custom_interfaces__rosidl_typesupport_fastrtps_cppExport.cmake\n'}
[0.451744] (custom_interfaces) StdoutLine: {'line': b'-- Up-to-date: /home/gbonham/turtlebot4_ws/install/custom_interfaces/share/custom_interfaces/cmake/export_custom_interfaces__rosidl_typesupport_fastrtps_cppExport-noconfig.cmake\n'}
[0.451898] (custom_interfaces) StdoutLine: {'line': b'-- Up-to-date: /home/gbonham/turtlebot4_ws/install/custom_interfaces/share/custom_interfaces/cmake/custom_interfaces__rosidl_typesupport_introspection_cppExport.cmake\n'}
[0.452078] (custom_interfaces) StdoutLine: {'line': b'-- Up-to-date: /home/gbonham/turtlebot4_ws/install/custom_interfaces/share/custom_interfaces/cmake/custom_interfaces__rosidl_typesupport_introspection_cppExport-noconfig.cmake\n'}
[0.452267] (custom_interfaces) StdoutLine: {'line': b'-- Up-to-date: /home/gbonham/turtlebot4_ws/install/custom_interfaces/share/custom_interfaces/cmake/custom_interfaces__rosidl_typesupport_cppExport.cmake\n'}
[0.452422] (custom_interfaces) StdoutLine: {'line': b'-- Up-to-date: /home/gbonham/turtlebot4_ws/install/custom_interfaces/share/custom_interfaces/cmake/custom_interfaces__rosidl_typesupport_cppExport-noconfig.cmake\n'}
[0.452726] (custom_interfaces) StdoutLine: {'line': b'-- Up-to-date: /home/gbonham/turtlebot4_ws/install/custom_interfaces/share/custom_interfaces/cmake/export_custom_interfaces__rosidl_generator_pyExport.cmake\n'}
[0.452884] (custom_interfaces) StdoutLine: {'line': b'-- Up-to-date: /home/gbonham/turtlebot4_ws/install/custom_interfaces/share/custom_interfaces/cmake/export_custom_interfaces__rosidl_generator_pyExport-noconfig.cmake\n'}
[0.453034] (custom_interfaces) StdoutLine: {'line': b'-- Up-to-date: /home/gbonham/turtlebot4_ws/install/custom_interfaces/share/custom_interfaces/cmake/rosidl_cmake-extras.cmake\n'}
[0.453204] (custom_interfaces) StdoutLine: {'line': b'-- Up-to-date: /home/gbonham/turtlebot4_ws/install/custom_interfaces/share/custom_interfaces/cmake/ament_cmake_export_dependencies-extras.cmake\n'}
[0.453357] (custom_interfaces) StdoutLine: {'line': b'-- Up-to-date: /home/gbonham/turtlebot4_ws/install/custom_interfaces/share/custom_interfaces/cmake/ament_cmake_export_include_directories-extras.cmake\n'}
[0.453598] (custom_interfaces) StdoutLine: {'line': b'-- Up-to-date: /home/gbonham/turtlebot4_ws/install/custom_interfaces/share/custom_interfaces/cmake/ament_cmake_export_libraries-extras.cmake\n'}
[0.453783] (custom_interfaces) StdoutLine: {'line': b'-- Up-to-date: /home/gbonham/turtlebot4_ws/install/custom_interfaces/share/custom_interfaces/cmake/ament_cmake_export_targets-extras.cmake\n'}
[0.453904] (custom_interfaces) StdoutLine: {'line': b'-- Up-to-date: /home/gbonham/turtlebot4_ws/install/custom_interfaces/share/custom_interfaces/cmake/rosidl_cmake_export_typesupport_targets-extras.cmake\n'}
[0.454153] (custom_interfaces) StdoutLine: {'line': b'-- Up-to-date: /home/gbonham/turtlebot4_ws/install/custom_interfaces/share/custom_interfaces/cmake/rosidl_cmake_export_typesupport_libraries-extras.cmake\n'}
[0.454351] (custom_interfaces) StdoutLine: {'line': b'-- Up-to-date: /home/gbonham/turtlebot4_ws/install/custom_interfaces/share/custom_interfaces/cmake/custom_interfacesConfig.cmake\n'}
[0.454505] (custom_interfaces) StdoutLine: {'line': b'-- Up-to-date: /home/gbonham/turtlebot4_ws/install/custom_interfaces/share/custom_interfaces/cmake/custom_interfacesConfig-version.cmake\n'}
[0.454732] (custom_interfaces) StdoutLine: {'line': b'-- Up-to-date: /home/gbonham/turtlebot4_ws/install/custom_interfaces/share/custom_interfaces/package.xml\n'}
[0.455276] (custom_interfaces) CommandEnded: {'returncode': 0}
[0.500485] (-) TimerEvent: {}
[0.536261] (custom_interfaces) JobEnded: {'identifier': 'custom_interfaces', 'rc': 0}
[0.537800] (lab3_pkg) JobStarted: {'identifier': 'lab3_pkg'}
[0.540017] (final) JobStarted: {'identifier': 'final'}
[0.543130] (lab5_pkg) JobStarted: {'identifier': 'lab5_pkg'}
[0.600659] (-) TimerEvent: {}
[0.701079] (-) TimerEvent: {}
[0.801280] (-) TimerEvent: {}
[0.901520] (-) TimerEvent: {}
[1.001746] (-) TimerEvent: {}
[1.057279] (lab1_pkg) Command: {'cmd': ['/usr/bin/python3', '-W', 'ignore:setup.py install is deprecated', '-W', 'ignore:easy_install command is deprecated', 'setup.py', 'egg_info', '--egg-base', '../../build/lab1_pkg', 'build', '--build-base', '/home/gbonham/turtlebot4_ws/build/lab1_pkg/build', 'install', '--record', '/home/gbonham/turtlebot4_ws/build/lab1_pkg/install.log', '--single-version-externally-managed', 'install_data'], 'cwd': '/home/gbonham/turtlebot4_ws/src/lab1_pkg', 'env': {'GJS_DEBUG_TOPICS': 'JS ERROR;JS LOG', 'PYTHON_BASIC_REPL': '1', 'USER': 'gbonham', 'XDG_SESSION_TYPE': 'wayland', 'GIT_ASKPASS': '/usr/share/code/resources/app/extensions/git/dist/askpass.sh', 'SHLVL': '1', 'CLUTTER_DISABLE_MIPMAPPED_TEXT': '1', 'HOME': '/home/gbonham', 'OLDPWD': '/home/gbonham/turtlebot4_ws/src', 'CHROME_DESKTOP': 'code.desktop', 'DESKTOP_SESSION': 'ubuntu', 'TERM_PROGRAM_VERSION': '1.120.0', 'GIO_LAUNCHED_DESKTOP_FILE': '/usr/share/applications/code.desktop', 'GTK_MODULES': 'gail:atk-bridge', 'GNOME_SHELL_SESSION_MODE': 'ubuntu', 'VSCODE_GIT_ASKPASS_MAIN': '/usr/share/code/resources/app/extensions/git/dist/askpass-main.js', 'MANAGERPID': '11241', 'VSCODE_GIT_ASKPASS_NODE': '/usr/share/code/code', 'DBUS_SESSION_BUS_ADDRESS': 'unix:path=/run/user/481853705/bus', 'GSM_SKIP_SSH_AGENT_WORKAROUND': 'true', 'SYSTEMD_EXEC_PID': '11518', 'PYDEVD_DISABLE_FILE_VALIDATION': '1', 'BUNDLED_DEBUGPY_PATH': '/home/gbonham/.vscode/extensions/ms-python.debugpy-2026.6.0-linux-x64/bundled/libs/debugpy', 'VSCODE_PYTHON_AUTOACTIVATE_GUARD': '1', 'GIO_LAUNCHED_DESKTOP_FILE_PID': '12574', 'COLORTERM': 'truecolor', 'CONDA_CHANGEPS1': 'no', 'WAYLAND_DISPLAY': 'wayland-0', 'LOGNAME': 'gbonham', '_': '/usr/bin/colcon', 'JOURNAL_STREAM': '9:142776', 'XDG_SESSION_CLASS': 'user', 'MEMORY_PRESSURE_WATCH': '/sys/fs/cgroup/user.slice/user-481853705.slice/user@481853705.service/session.slice/org.gnome.Shell@wayland.service/memory.pressure', 'USER_ZDOTDIR': '/home/gbonham', 'USERNAME': 'gbonham', 'PROMPT_EOL_MARK': '', 'TERM': 'xterm-256color', 'GNOME_DESKTOP_SESSION_ID': 'this-is-deprecated', 'FC_FONTATIONS': '1', 'PATH': '/usr/local/sbin:/usr/local/bin:/usr/sbin:/usr/bin:/sbin:/bin:/usr/games:/usr/local/games:/snap/bin:/snap/bin:/home/gbonham/.vscode/extensions/ms-python.debugpy-2026.6.0-linux-x64/bundled/scripts/noConfigScripts', 'SESSION_MANAGER': 'local/csci20121:@/tmp/.ICE-unix/11486,unix/csci20121:/tmp/.ICE-unix/11486', 'INVOCATION_ID': '94b2f98f34ad4cab8b432345032ed79e', 'XDG_RUNTIME_DIR': '/run/user/481853705', 'XDG_MENU_PREFIX': 'gnome-', 'GNOME_SETUP_DISPLAY': ':1', 'GDK_BACKEND': 'wayland', 'DISPLAY': ':0', 'LANG': 'en_US.UTF-8', 'XDG_CURRENT_DESKTOP': 'ubuntu:GNOME', 'VSCODE_DEBUGPY_ADAPTER_ENDPOINTS': '/home/gbonham/.vscode/extensions/ms-python.debugpy-2026.6.0-linux-x64/.noConfigDebugAdapterEndpoints/endpoint-e34322725a0427c1.txt', 'PYTHONSTARTUP': '/home/gbonham/.config/Code/User/workspaceStorage/164fb482c0335d43507560d0f344279e/ms-python.python/pythonrc.py', 'VSCODE_INJECTION': '1', 'XDG_SESSION_DESKTOP': 'ubuntu', 'XMODIFIERS': '@im=ibus', 'XAUTHORITY': '/run/user/481853705/.mutter-Xwaylandauth.D1YEP3', 'TERM_PROGRAM': 'vscode', 'VSCODE_GIT_IPC_HANDLE': '/run/user/481853705/vscode-git-91e7995aaf.sock', 'SSH_AUTH_SOCK': '/run/user/481853705/keyring/ssh', 'SHELL': '/bin/zsh', 'KRB5CCNAME': 'FILE:/tmp/krb5cc_481853705_1BZ2iU', 'QT_ACCESSIBILITY': '1', 'GDMSESSION': 'ubuntu', 'GJS_DEBUG_OUTPUT': 'stderr', 'QT_IM_MODULE': 'ibus', 'VSCODE_GIT_ASKPASS_EXTRA_ARGS': '', 'PWD': '/home/gbonham/turtlebot4_ws/build/lab1_pkg', 'XDG_DATA_DIRS': '/usr/local/share/:/usr/share/:/var/lib/snapd/desktop', 'ZDOTDIR': '/home/gbonham', 'VIRTUAL_ENV_DISABLE_PROMPT': '12', 'COLCON': '1', 'MEMORY_PRESSURE_WRITE': 'c29tZSAyMDAwMDAgMjAwMDAwMAA=', 'PYTHONPATH': '/home/gbonham/turtlebot4_ws/build/lab1_pkg/prefix_override:/usr/lib/python3/dist-packages/colcon_core/task/python/colcon_distutils_commands:/home/gbonham/turtlebot4_ws/install/lab1_pkg/lib/python3.12/site-packages:'}, 'shell': False}
[1.059224] (lab2_pkg) Command: {'cmd': ['/usr/bin/python3', '-W', 'ignore:setup.py install is deprecated', '-W', 'ignore:easy_install command is deprecated', 'setup.py', 'egg_info', '--egg-base', '../../build/lab2_pkg', 'build', '--build-base', '/home/gbonham/turtlebot4_ws/build/lab2_pkg/build', 'install', '--record', '/home/gbonham/turtlebot4_ws/build/lab2_pkg/install.log', '--single-version-externally-managed', 'install_data'], 'cwd': '/home/gbonham/turtlebot4_ws/src/lab2_pkg', 'env': {'GJS_DEBUG_TOPICS': 'JS ERROR;JS LOG', 'PYTHON_BASIC_REPL': '1', 'USER': 'gbonham', 'XDG_SESSION_TYPE': 'wayland', 'GIT_ASKPASS': '/usr/share/code/resources/app/extensions/git/dist/askpass.sh', 'SHLVL': '1', 'CLUTTER_DISABLE_MIPMAPPED_TEXT': '1', 'HOME': '/home/gbonham', 'OLDPWD': '/home/gbonham/turtlebot4_ws/src', 'CHROME_DESKTOP': 'code.desktop', 'DESKTOP_SESSION': 'ubuntu', 'TERM_PROGRAM_VERSION': '1.120.0', 'GIO_LAUNCHED_DESKTOP_FILE': '/usr/share/applications/code.desktop', 'GTK_MODULES': 'gail:atk-bridge', 'GNOME_SHELL_SESSION_MODE': 'ubuntu', 'VSCODE_GIT_ASKPASS_MAIN': '/usr/share/code/resources/app/extensions/git/dist/askpass-main.js', 'MANAGERPID': '11241', 'VSCODE_GIT_ASKPASS_NODE': '/usr/share/code/code', 'DBUS_SESSION_BUS_ADDRESS': 'unix:path=/run/user/481853705/bus', 'GSM_SKIP_SSH_AGENT_WORKAROUND': 'true', 'SYSTEMD_EXEC_PID': '11518', 'PYDEVD_DISABLE_FILE_VALIDATION': '1', 'BUNDLED_DEBUGPY_PATH': '/home/gbonham/.vscode/extensions/ms-python.debugpy-2026.6.0-linux-x64/bundled/libs/debugpy', 'VSCODE_PYTHON_AUTOACTIVATE_GUARD': '1', 'GIO_LAUNCHED_DESKTOP_FILE_PID': '12574', 'COLORTERM': 'truecolor', 'CONDA_CHANGEPS1': 'no', 'WAYLAND_DISPLAY': 'wayland-0', 'LOGNAME': 'gbonham', '_': '/usr/bin/colcon', 'JOURNAL_STREAM': '9:142776', 'XDG_SESSION_CLASS': 'user', 'MEMORY_PRESSURE_WATCH': '/sys/fs/cgroup/user.slice/user-481853705.slice/user@481853705.service/session.slice/org.gnome.Shell@wayland.service/memory.pressure', 'USER_ZDOTDIR': '/home/gbonham', 'USERNAME': 'gbonham', 'PROMPT_EOL_MARK': '', 'TERM': 'xterm-256color', 'GNOME_DESKTOP_SESSION_ID': 'this-is-deprecated', 'FC_FONTATIONS': '1', 'PATH': '/usr/local/sbin:/usr/local/bin:/usr/sbin:/usr/bin:/sbin:/bin:/usr/games:/usr/local/games:/snap/bin:/snap/bin:/home/gbonham/.vscode/extensions/ms-python.debugpy-2026.6.0-linux-x64/bundled/scripts/noConfigScripts', 'SESSION_MANAGER': 'local/csci20121:@/tmp/.ICE-unix/11486,unix/csci20121:/tmp/.ICE-unix/11486', 'INVOCATION_ID': '94b2f98f34ad4cab8b432345032ed79e', 'XDG_RUNTIME_DIR': '/run/user/481853705', 'XDG_MENU_PREFIX': 'gnome-', 'GNOME_SETUP_DISPLAY': ':1', 'GDK_BACKEND': 'wayland', 'DISPLAY': ':0', 'LANG': 'en_US.UTF-8', 'XDG_CURRENT_DESKTOP': 'ubuntu:GNOME', 'VSCODE_DEBUGPY_ADAPTER_ENDPOINTS': '/home/gbonham/.vscode/extensions/ms-python.debugpy-2026.6.0-linux-x64/.noConfigDebugAdapterEndpoints/endpoint-e34322725a0427c1.txt', 'PYTHONSTARTUP': '/home/gbonham/.config/Code/User/workspaceStorage/164fb482c0335d43507560d0f344279e/ms-python.python/pythonrc.py', 'VSCODE_INJECTION': '1', 'XDG_SESSION_DESKTOP': 'ubuntu', 'XMODIFIERS': '@im=ibus', 'XAUTHORITY': '/run/user/481853705/.mutter-Xwaylandauth.D1YEP3', 'TERM_PROGRAM': 'vscode', 'VSCODE_GIT_IPC_HANDLE': '/run/user/481853705/vscode-git-91e7995aaf.sock', 'SSH_AUTH_SOCK': '/run/user/481853705/keyring/ssh', 'SHELL': '/bin/zsh', 'KRB5CCNAME': 'FILE:/tmp/krb5cc_481853705_1BZ2iU', 'QT_ACCESSIBILITY': '1', 'GDMSESSION': 'ubuntu', 'GJS_DEBUG_OUTPUT': 'stderr', 'QT_IM_MODULE': 'ibus', 'VSCODE_GIT_ASKPASS_EXTRA_ARGS': '', 'PWD': '/home/gbonham/turtlebot4_ws/build/lab2_pkg', 'XDG_DATA_DIRS': '/usr/local/share/:/usr/share/:/var/lib/snapd/desktop', 'ZDOTDIR': '/home/gbonham', 'VIRTUAL_ENV_DISABLE_PROMPT': '12', 'COLCON': '1', 'MEMORY_PRESSURE_WRITE': 'c29tZSAyMDAwMDAgMjAwMDAwMAA=', 'PYTHONPATH': '/home/gbonham/turtlebot4_ws/build/lab2_pkg/prefix_override:/usr/lib/python3/dist-packages/colcon_core/task/python/colcon_distutils_commands:/home/gbonham/turtlebot4_ws/install/lab2_pkg/lib/python3.12/site-packages:'}, 'shell': False}
[1.101860] (-) TimerEvent: {}
[1.202119] (-) TimerEvent: {}
[1.292635] (lab1_pkg) StdoutLine: {'line': b'running egg_info\n'}
[1.293920] (lab2_pkg) StdoutLine: {'line': b'running egg_info\n'}
[1.302192] (-) TimerEvent: {}
[1.305957] (lab1_pkg) StdoutLine: {'line': b'writing ../../build/lab1_pkg/lab1_pkg.egg-info/PKG-INFO\n'}
[1.306201] (lab1_pkg) StdoutLine: {'line': b'writing dependency_links to ../../build/lab1_pkg/lab1_pkg.egg-info/dependency_links.txt\n'}
[1.306429] (lab1_pkg) StdoutLine: {'line': b'writing entry points to ../../build/lab1_pkg/lab1_pkg.egg-info/entry_points.txt\n'}
[1.306630] (lab1_pkg) StdoutLine: {'line': b'writing requirements to ../../build/lab1_pkg/lab1_pkg.egg-info/requires.txt\n'}
[1.306805] (lab1_pkg) StdoutLine: {'line': b'writing top-level names to ../../build/lab1_pkg/lab1_pkg.egg-info/top_level.txt\n'}
[1.307989] (lab2_pkg) StdoutLine: {'line': b'writing ../../build/lab2_pkg/lab2_pkg.egg-info/PKG-INFO\n'}
[1.308330] (lab2_pkg) StdoutLine: {'line': b'writing dependency_links to ../../build/lab2_pkg/lab2_pkg.egg-info/dependency_links.txt\n'}
[1.308623] (lab2_pkg) StdoutLine: {'line': b'writing entry points to ../../build/lab2_pkg/lab2_pkg.egg-info/entry_points.txt\n'}
[1.308855] (lab2_pkg) StdoutLine: {'line': b'writing requirements to ../../build/lab2_pkg/lab2_pkg.egg-info/requires.txt\n'}
[1.309046] (lab2_pkg) StdoutLine: {'line': b'writing top-level names to ../../build/lab2_pkg/lab2_pkg.egg-info/top_level.txt\n'}
[1.330921] (lab2_pkg) StdoutLine: {'line': b"reading manifest file '../../build/lab2_pkg/lab2_pkg.egg-info/SOURCES.txt'\n"}
[1.331818] (lab2_pkg) StdoutLine: {'line': b"writing manifest file '../../build/lab2_pkg/lab2_pkg.egg-info/SOURCES.txt'\n"}
[1.332015] (lab2_pkg) StdoutLine: {'line': b'running build\n'}
[1.332167] (lab2_pkg) StdoutLine: {'line': b'running install\n'}
[1.337259] (lab1_pkg) StdoutLine: {'line': b"reading manifest file '../../build/lab1_pkg/lab1_pkg.egg-info/SOURCES.txt'\n"}
[1.337946] (lab1_pkg) StdoutLine: {'line': b"writing manifest file '../../build/lab1_pkg/lab1_pkg.egg-info/SOURCES.txt'\n"}
[1.338144] (lab1_pkg) StdoutLine: {'line': b'running build\n'}
[1.338298] (lab1_pkg) StdoutLine: {'line': b'running build_py\n'}
[1.338567] (lab1_pkg) StdoutLine: {'line': b'running install\n'}
[1.340515] (lab2_pkg) StdoutLine: {'line': b'running install_data\n'}
[1.340701] (lab2_pkg) StdoutLine: {'line': b'running install_egg_info\n'}
[1.343950] (lab1_pkg) StdoutLine: {'line': b'running install_lib\n'}
[1.361497] (lab1_pkg) StdoutLine: {'line': b'running install_data\n'}
[1.361712] (lab1_pkg) StdoutLine: {'line': b'running install_egg_info\n'}
[1.375171] (lab2_pkg) StdoutLine: {'line': b"removing '/home/gbonham/turtlebot4_ws/install/lab2_pkg/lib/python3.12/site-packages/lab2_pkg-0.0.0-py3.12.egg-info' (and everything under it)\n"}
[1.375472] (lab2_pkg) StdoutLine: {'line': b'Copying ../../build/lab2_pkg/lab2_pkg.egg-info to /home/gbonham/turtlebot4_ws/install/lab2_pkg/lib/python3.12/site-packages/lab2_pkg-0.0.0-py3.12.egg-info\n'}
[1.376424] (lab1_pkg) StdoutLine: {'line': b"removing '/home/gbonham/turtlebot4_ws/install/lab1_pkg/lib/python3.12/site-packages/lab1_pkg-0.0.0-py3.12.egg-info' (and everything under it)\n"}
[1.376735] (lab1_pkg) StdoutLine: {'line': b'Copying ../../build/lab1_pkg/lab1_pkg.egg-info to /home/gbonham/turtlebot4_ws/install/lab1_pkg/lib/python3.12/site-packages/lab1_pkg-0.0.0-py3.12.egg-info\n'}
[1.379187] (lab1_pkg) StdoutLine: {'line': b'running install_scripts\n'}
[1.380015] (lab2_pkg) StdoutLine: {'line': b'running install_scripts\n'}
[1.402271] (-) TimerEvent: {}
[1.492281] (lab2_pkg) StdoutLine: {'line': b'Installing SCOD script to /home/gbonham/turtlebot4_ws/install/lab2_pkg/lib/lab2_pkg\n'}
[1.494175] (lab2_pkg) StdoutLine: {'line': b"writing list of installed files to '/home/gbonham/turtlebot4_ws/build/lab2_pkg/install.log'\n"}
[1.502371] (-) TimerEvent: {}
[1.517477] (lab2_pkg) CommandEnded: {'returncode': 0}
[1.520877] (lab1_pkg) StdoutLine: {'line': b'Installing speed_behavior_node script to /home/gbonham/turtlebot4_ws/install/lab1_pkg/lib/lab1_pkg\n'}
[1.522919] (lab1_pkg) StdoutLine: {'line': b"writing list of installed files to '/home/gbonham/turtlebot4_ws/build/lab1_pkg/install.log'\n"}
[1.526910] (lab2_pkg) JobEnded: {'identifier': 'lab2_pkg', 'rc': 0}
[1.570141] (lab1_pkg) CommandEnded: {'returncode': 0}
[1.577332] (lab1_pkg) JobEnded: {'identifier': 'lab1_pkg', 'rc': 0}
[1.598325] (lab5_pkg) Command: {'cmd': ['/usr/bin/python3', '-W', 'ignore:setup.py install is deprecated', '-W', 'ignore:easy_install command is deprecated', 'setup.py', 'egg_info', '--egg-base', '../../build/lab5_pkg', 'build', '--build-base', '/home/gbonham/turtlebot4_ws/build/lab5_pkg/build', 'install', '--record', '/home/gbonham/turtlebot4_ws/build/lab5_pkg/install.log', '--single-version-externally-managed', 'install_data'], 'cwd': '/home/gbonham/turtlebot4_ws/src/lab5_pkg', 'env': {'GJS_DEBUG_TOPICS': 'JS ERROR;JS LOG', 'PYTHON_BASIC_REPL': '1', 'USER': 'gbonham', 'XDG_SESSION_TYPE': 'wayland', 'GIT_ASKPASS': '/usr/share/code/resources/app/extensions/git/dist/askpass.sh', 'SHLVL': '1', 'CLUTTER_DISABLE_MIPMAPPED_TEXT': '1', 'LD_LIBRARY_PATH': '/home/gbonham/turtlebot4_ws/install/custom_interfaces/lib', 'HOME': '/home/gbonham', 'OLDPWD': '/home/gbonham/turtlebot4_ws/src', 'CHROME_DESKTOP': 'code.desktop', 'DESKTOP_SESSION': 'ubuntu', 'TERM_PROGRAM_VERSION': '1.120.0', 'GIO_LAUNCHED_DESKTOP_FILE': '/usr/share/applications/code.desktop', 'GTK_MODULES': 'gail:atk-bridge', 'GNOME_SHELL_SESSION_MODE': 'ubuntu', 'VSCODE_GIT_ASKPASS_MAIN': '/usr/share/code/resources/app/extensions/git/dist/askpass-main.js', 'MANAGERPID': '11241', 'VSCODE_GIT_ASKPASS_NODE': '/usr/share/code/code', 'DBUS_SESSION_BUS_ADDRESS': 'unix:path=/run/user/481853705/bus', 'GSM_SKIP_SSH_AGENT_WORKAROUND': 'true', 'SYSTEMD_EXEC_PID': '11518', 'PYDEVD_DISABLE_FILE_VALIDATION': '1', 'BUNDLED_DEBUGPY_PATH': '/home/gbonham/.vscode/extensions/ms-python.debugpy-2026.6.0-linux-x64/bundled/libs/debugpy', 'VSCODE_PYTHON_AUTOACTIVATE_GUARD': '1', 'GIO_LAUNCHED_DESKTOP_FILE_PID': '12574', 'COLORTERM': 'truecolor', 'CONDA_CHANGEPS1': 'no', 'WAYLAND_DISPLAY': 'wayland-0', 'LOGNAME': 'gbonham', '_': '/usr/bin/colcon', 'JOURNAL_STREAM': '9:142776', 'XDG_SESSION_CLASS': 'user', 'MEMORY_PRESSURE_WATCH': '/sys/fs/cgroup/user.slice/user-481853705.slice/user@481853705.service/session.slice/org.gnome.Shell@wayland.service/memory.pressure', 'USER_ZDOTDIR': '/home/gbonham', 'USERNAME': 'gbonham', 'PROMPT_EOL_MARK': '', 'TERM': 'xterm-256color', 'GNOME_DESKTOP_SESSION_ID': 'this-is-deprecated', 'FC_FONTATIONS': '1', 'PATH': '/usr/local/sbin:/usr/local/bin:/usr/sbin:/usr/bin:/sbin:/bin:/usr/games:/usr/local/games:/snap/bin:/snap/bin:/home/gbonham/.vscode/extensions/ms-python.debugpy-2026.6.0-linux-x64/bundled/scripts/noConfigScripts', 'SESSION_MANAGER': 'local/csci20121:@/tmp/.ICE-unix/11486,unix/csci20121:/tmp/.ICE-unix/11486', 'INVOCATION_ID': '94b2f98f34ad4cab8b432345032ed79e', 'XDG_RUNTIME_DIR': '/run/user/481853705', 'XDG_MENU_PREFIX': 'gnome-', 'GNOME_SETUP_DISPLAY': ':1', 'GDK_BACKEND': 'wayland', 'DISPLAY': ':0', 'LANG': 'en_US.UTF-8', 'XDG_CURRENT_DESKTOP': 'ubuntu:GNOME', 'VSCODE_DEBUGPY_ADAPTER_ENDPOINTS': '/home/gbonham/.vscode/extensions/ms-python.debugpy-2026.6.0-linux-x64/.noConfigDebugAdapterEndpoints/endpoint-e34322725a0427c1.txt', 'PYTHONSTARTUP': '/home/gbonham/.config/Code/User/workspaceStorage/164fb482c0335d43507560d0f344279e/ms-python.python/pythonrc.py', 'VSCODE_INJECTION': '1', 'XDG_SESSION_DESKTOP': 'ubuntu', 'XMODIFIERS': '@im=ibus', 'XAUTHORITY': '/run/user/481853705/.mutter-Xwaylandauth.D1YEP3', 'TERM_PROGRAM': 'vscode', 'VSCODE_GIT_IPC_HANDLE': '/run/user/481853705/vscode-git-91e7995aaf.sock', 'SSH_AUTH_SOCK': '/run/user/481853705/keyring/ssh', 'AMENT_PREFIX_PATH': '/home/gbonham/turtlebot4_ws/install/custom_interfaces', 'SHELL': '/bin/zsh', 'KRB5CCNAME': 'FILE:/tmp/krb5cc_481853705_1BZ2iU', 'QT_ACCESSIBILITY': '1', 'GDMSESSION': 'ubuntu', 'GJS_DEBUG_OUTPUT': 'stderr', 'QT_IM_MODULE': 'ibus', 'VSCODE_GIT_ASKPASS_EXTRA_ARGS': '', 'PWD': '/home/gbonham/turtlebot4_ws/build/lab5_pkg', 'XDG_DATA_DIRS': '/usr/local/share/:/usr/share/:/var/lib/snapd/desktop', 'ZDOTDIR': '/home/gbonham', 'VIRTUAL_ENV_DISABLE_PROMPT': '12', 'PYTHONPATH': '/home/gbonham/turtlebot4_ws/build/lab5_pkg/prefix_override:/usr/lib/python3/dist-packages/colcon_core/task/python/colcon_distutils_commands:/home/gbonham/turtlebot4_ws/install/lab5_pkg/lib/python3.12/site-packages:/home/gbonham/turtlebot4_ws/install/custom_interfaces/lib/python3.12/site-packages', 'COLCON': '1', 'MEMORY_PRESSURE_WRITE': 'c29tZSAyMDAwMDAgMjAwMDAwMAA=', 'CMAKE_PREFIX_PATH': '/home/gbonham/turtlebot4_ws/install/custom_interfaces'}, 'shell': False}
[1.602441] (-) TimerEvent: {}
[1.624810] (lab3_pkg) Command: {'cmd': ['/usr/bin/python3', '-W', 'ignore:setup.py install is deprecated', '-W', 'ignore:easy_install command is deprecated', 'setup.py', 'egg_info', '--egg-base', '../../build/lab3_pkg', 'build', '--build-base', '/home/gbonham/turtlebot4_ws/build/lab3_pkg/build', 'install', '--record', '/home/gbonham/turtlebot4_ws/build/lab3_pkg/install.log', '--single-version-externally-managed', 'install_data'], 'cwd': '/home/gbonham/turtlebot4_ws/src/lab3_pkg', 'env': {'GJS_DEBUG_TOPICS': 'JS ERROR;JS LOG', 'PYTHON_BASIC_REPL': '1', 'USER': 'gbonham', 'XDG_SESSION_TYPE': 'wayland', 'GIT_ASKPASS': '/usr/share/code/resources/app/extensions/git/dist/askpass.sh', 'SHLVL': '1', 'CLUTTER_DISABLE_MIPMAPPED_TEXT': '1', 'LD_LIBRARY_PATH': '/home/gbonham/turtlebot4_ws/install/custom_interfaces/lib', 'HOME': '/home/gbonham', 'OLDPWD': '/home/gbonham/turtlebot4_ws/src', 'CHROME_DESKTOP': 'code.desktop', 'DESKTOP_SESSION': 'ubuntu', 'TERM_PROGRAM_VERSION': '1.120.0', 'GIO_LAUNCHED_DESKTOP_FILE': '/usr/share/applications/code.desktop', 'GTK_MODULES': 'gail:atk-bridge', 'GNOME_SHELL_SESSION_MODE': 'ubuntu', 'VSCODE_GIT_ASKPASS_MAIN': '/usr/share/code/resources/app/extensions/git/dist/askpass-main.js', 'MANAGERPID': '11241', 'VSCODE_GIT_ASKPASS_NODE': '/usr/share/code/code', 'DBUS_SESSION_BUS_ADDRESS': 'unix:path=/run/user/481853705/bus', 'GSM_SKIP_SSH_AGENT_WORKAROUND': 'true', 'SYSTEMD_EXEC_PID': '11518', 'PYDEVD_DISABLE_FILE_VALIDATION': '1', 'BUNDLED_DEBUGPY_PATH': '/home/gbonham/.vscode/extensions/ms-python.debugpy-2026.6.0-linux-x64/bundled/libs/debugpy', 'VSCODE_PYTHON_AUTOACTIVATE_GUARD': '1', 'GIO_LAUNCHED_DESKTOP_FILE_PID': '12574', 'COLORTERM': 'truecolor', 'CONDA_CHANGEPS1': 'no', 'WAYLAND_DISPLAY': 'wayland-0', 'LOGNAME': 'gbonham', '_': '/usr/bin/colcon', 'JOURNAL_STREAM': '9:142776', 'XDG_SESSION_CLASS': 'user', 'MEMORY_PRESSURE_WATCH': '/sys/fs/cgroup/user.slice/user-481853705.slice/user@481853705.service/session.slice/org.gnome.Shell@wayland.service/memory.pressure', 'USER_ZDOTDIR': '/home/gbonham', 'USERNAME': 'gbonham', 'PROMPT_EOL_MARK': '', 'TERM': 'xterm-256color', 'GNOME_DESKTOP_SESSION_ID': 'this-is-deprecated', 'FC_FONTATIONS': '1', 'PATH': '/usr/local/sbin:/usr/local/bin:/usr/sbin:/usr/bin:/sbin:/bin:/usr/games:/usr/local/games:/snap/bin:/snap/bin:/home/gbonham/.vscode/extensions/ms-python.debugpy-2026.6.0-linux-x64/bundled/scripts/noConfigScripts', 'SESSION_MANAGER': 'local/csci20121:@/tmp/.ICE-unix/11486,unix/csci20121:/tmp/.ICE-unix/11486', 'INVOCATION_ID': '94b2f98f34ad4cab8b432345032ed79e', 'XDG_RUNTIME_DIR': '/run/user/481853705', 'XDG_MENU_PREFIX': 'gnome-', 'GNOME_SETUP_DISPLAY': ':1', 'GDK_BACKEND': 'wayland', 'DISPLAY': ':0', 'LANG': 'en_US.UTF-8', 'XDG_CURRENT_DESKTOP': 'ubuntu:GNOME', 'VSCODE_DEBUGPY_ADAPTER_ENDPOINTS': '/home/gbonham/.vscode/extensions/ms-python.debugpy-2026.6.0-linux-x64/.noConfigDebugAdapterEndpoints/endpoint-e34322725a0427c1.txt', 'PYTHONSTARTUP': '/home/gbonham/.config/Code/User/workspaceStorage/164fb482c0335d43507560d0f344279e/ms-python.python/pythonrc.py', 'VSCODE_INJECTION': '1', 'XDG_SESSION_DESKTOP': 'ubuntu', 'XMODIFIERS': '@im=ibus', 'XAUTHORITY': '/run/user/481853705/.mutter-Xwaylandauth.D1YEP3', 'TERM_PROGRAM': 'vscode', 'VSCODE_GIT_IPC_HANDLE': '/run/user/481853705/vscode-git-91e7995aaf.sock', 'SSH_AUTH_SOCK': '/run/user/481853705/keyring/ssh', 'AMENT_PREFIX_PATH': '/home/gbonham/turtlebot4_ws/install/custom_interfaces', 'SHELL': '/bin/zsh', 'KRB5CCNAME': 'FILE:/tmp/krb5cc_481853705_1BZ2iU', 'QT_ACCESSIBILITY': '1', 'GDMSESSION': 'ubuntu', 'GJS_DEBUG_OUTPUT': 'stderr', 'QT_IM_MODULE': 'ibus', 'VSCODE_GIT_ASKPASS_EXTRA_ARGS': '', 'PWD': '/home/gbonham/turtlebot4_ws/build/lab3_pkg', 'XDG_DATA_DIRS': '/usr/local/share/:/usr/share/:/var/lib/snapd/desktop', 'ZDOTDIR': '/home/gbonham', 'VIRTUAL_ENV_DISABLE_PROMPT': '12', 'PYTHONPATH': '/home/gbonham/turtlebot4_ws/build/lab3_pkg/prefix_override:/usr/lib/python3/dist-packages/colcon_core/task/python/colcon_distutils_commands:/home/gbonham/turtlebot4_ws/install/lab3_pkg/lib/python3.12/site-packages:/home/gbonham/turtlebot4_ws/install/custom_interfaces/lib/python3.12/site-packages', 'COLCON': '1', 'MEMORY_PRESSURE_WRITE': 'c29tZSAyMDAwMDAgMjAwMDAwMAA=', 'CMAKE_PREFIX_PATH': '/home/gbonham/turtlebot4_ws/install/custom_interfaces'}, 'shell': False}
[1.637186] (final) Command: {'cmd': ['/usr/bin/python3', '-W', 'ignore:setup.py install is deprecated', '-W', 'ignore:easy_install command is deprecated', 'setup.py', 'egg_info', '--egg-base', '../../build/final', 'build', '--build-base', '/home/gbonham/turtlebot4_ws/build/final/build', 'install', '--record', '/home/gbonham/turtlebot4_ws/build/final/install.log', '--single-version-externally-managed', 'install_data'], 'cwd': '/home/gbonham/turtlebot4_ws/src/final', 'env': {'GJS_DEBUG_TOPICS': 'JS ERROR;JS LOG', 'PYTHON_BASIC_REPL': '1', 'USER': 'gbonham', 'XDG_SESSION_TYPE': 'wayland', 'GIT_ASKPASS': '/usr/share/code/resources/app/extensions/git/dist/askpass.sh', 'SHLVL': '1', 'CLUTTER_DISABLE_MIPMAPPED_TEXT': '1', 'LD_LIBRARY_PATH': '/home/gbonham/turtlebot4_ws/install/custom_interfaces/lib', 'HOME': '/home/gbonham', 'OLDPWD': '/home/gbonham/turtlebot4_ws/src', 'CHROME_DESKTOP': 'code.desktop', 'DESKTOP_SESSION': 'ubuntu', 'TERM_PROGRAM_VERSION': '1.120.0', 'GIO_LAUNCHED_DESKTOP_FILE': '/usr/share/applications/code.desktop', 'GTK_MODULES': 'gail:atk-bridge', 'GNOME_SHELL_SESSION_MODE': 'ubuntu', 'VSCODE_GIT_ASKPASS_MAIN': '/usr/share/code/resources/app/extensions/git/dist/askpass-main.js', 'MANAGERPID': '11241', 'VSCODE_GIT_ASKPASS_NODE': '/usr/share/code/code', 'DBUS_SESSION_BUS_ADDRESS': 'unix:path=/run/user/481853705/bus', 'GSM_SKIP_SSH_AGENT_WORKAROUND': 'true', 'SYSTEMD_EXEC_PID': '11518', 'PYDEVD_DISABLE_FILE_VALIDATION': '1', 'BUNDLED_DEBUGPY_PATH': '/home/gbonham/.vscode/extensions/ms-python.debugpy-2026.6.0-linux-x64/bundled/libs/debugpy', 'VSCODE_PYTHON_AUTOACTIVATE_GUARD': '1', 'GIO_LAUNCHED_DESKTOP_FILE_PID': '12574', 'COLORTERM': 'truecolor', 'CONDA_CHANGEPS1': 'no', 'WAYLAND_DISPLAY': 'wayland-0', 'LOGNAME': 'gbonham', '_': '/usr/bin/colcon', 'JOURNAL_STREAM': '9:142776', 'XDG_SESSION_CLASS': 'user', 'MEMORY_PRESSURE_WATCH': '/sys/fs/cgroup/user.slice/user-481853705.slice/user@481853705.service/session.slice/org.gnome.Shell@wayland.service/memory.pressure', 'USER_ZDOTDIR': '/home/gbonham', 'USERNAME': 'gbonham', 'PROMPT_EOL_MARK': '', 'TERM': 'xterm-256color', 'GNOME_DESKTOP_SESSION_ID': 'this-is-deprecated', 'FC_FONTATIONS': '1', 'PATH': '/usr/local/sbin:/usr/local/bin:/usr/sbin:/usr/bin:/sbin:/bin:/usr/games:/usr/local/games:/snap/bin:/snap/bin:/home/gbonham/.vscode/extensions/ms-python.debugpy-2026.6.0-linux-x64/bundled/scripts/noConfigScripts', 'SESSION_MANAGER': 'local/csci20121:@/tmp/.ICE-unix/11486,unix/csci20121:/tmp/.ICE-unix/11486', 'INVOCATION_ID': '94b2f98f34ad4cab8b432345032ed79e', 'XDG_RUNTIME_DIR': '/run/user/481853705', 'XDG_MENU_PREFIX': 'gnome-', 'GNOME_SETUP_DISPLAY': ':1', 'GDK_BACKEND': 'wayland', 'DISPLAY': ':0', 'LANG': 'en_US.UTF-8', 'XDG_CURRENT_DESKTOP': 'ubuntu:GNOME', 'VSCODE_DEBUGPY_ADAPTER_ENDPOINTS': '/home/gbonham/.vscode/extensions/ms-python.debugpy-2026.6.0-linux-x64/.noConfigDebugAdapterEndpoints/endpoint-e34322725a0427c1.txt', 'PYTHONSTARTUP': '/home/gbonham/.config/Code/User/workspaceStorage/164fb482c0335d43507560d0f344279e/ms-python.python/pythonrc.py', 'VSCODE_INJECTION': '1', 'XDG_SESSION_DESKTOP': 'ubuntu', 'XMODIFIERS': '@im=ibus', 'XAUTHORITY': '/run/user/481853705/.mutter-Xwaylandauth.D1YEP3', 'TERM_PROGRAM': 'vscode', 'VSCODE_GIT_IPC_HANDLE': '/run/user/481853705/vscode-git-91e7995aaf.sock', 'SSH_AUTH_SOCK': '/run/user/481853705/keyring/ssh', 'AMENT_PREFIX_PATH': '/home/gbonham/turtlebot4_ws/install/custom_interfaces', 'SHELL': '/bin/zsh', 'KRB5CCNAME': 'FILE:/tmp/krb5cc_481853705_1BZ2iU', 'QT_ACCESSIBILITY': '1', 'GDMSESSION': 'ubuntu', 'GJS_DEBUG_OUTPUT': 'stderr', 'QT_IM_MODULE': 'ibus', 'VSCODE_GIT_ASKPASS_EXTRA_ARGS': '', 'PWD': '/home/gbonham/turtlebot4_ws/build/final', 'XDG_DATA_DIRS': '/usr/local/share/:/usr/share/:/var/lib/snapd/desktop', 'ZDOTDIR': '/home/gbonham', 'VIRTUAL_ENV_DISABLE_PROMPT': '12', 'PYTHONPATH': '/home/gbonham/turtlebot4_ws/build/final/prefix_override:/usr/lib/python3/dist-packages/colcon_core/task/python/colcon_distutils_commands:/home/gbonham/turtlebot4_ws/install/final/lib/python3.12/site-packages:/home/gbonham/turtlebot4_ws/install/custom_interfaces/lib/python3.12/site-packages', 'COLCON': '1', 'MEMORY_PRESSURE_WRITE': 'c29tZSAyMDAwMDAgMjAwMDAwMAA=', 'CMAKE_PREFIX_PATH': '/home/gbonham/turtlebot4_ws/install/custom_interfaces'}, 'shell': False}
[1.702554] (-) TimerEvent: {}
[1.802759] (-) TimerEvent: {}
[1.806636] (lab5_pkg) StdoutLine: {'line': b'running egg_info\n'}
[1.820147] (lab5_pkg) StdoutLine: {'line': b'writing ../../build/lab5_pkg/lab5_pkg.egg-info/PKG-INFO\n'}
[1.820329] (lab5_pkg) StdoutLine: {'line': b'writing dependency_links to ../../build/lab5_pkg/lab5_pkg.egg-info/dependency_links.txt\n'}
[1.820523] (lab5_pkg) StdoutLine: {'line': b'writing entry points to ../../build/lab5_pkg/lab5_pkg.egg-info/entry_points.txt\n'}
[1.820733] (lab5_pkg) StdoutLine: {'line': b'writing requirements to ../../build/lab5_pkg/lab5_pkg.egg-info/requires.txt\n'}
[1.820893] (lab5_pkg) StdoutLine: {'line': b'writing top-level names to ../../build/lab5_pkg/lab5_pkg.egg-info/top_level.txt\n'}
[1.831695] (lab3_pkg) StdoutLine: {'line': b'running egg_info\n'}
[1.844031] (final) StdoutLine: {'line': b'running egg_info\n'}
[1.844510] (lab3_pkg) StdoutLine: {'line': b'writing ../../build/lab3_pkg/lab3_pkg.egg-info/PKG-INFO\n'}
[1.844772] (lab3_pkg) StdoutLine: {'line': b'writing dependency_links to ../../build/lab3_pkg/lab3_pkg.egg-info/dependency_links.txt\n'}
[1.844971] (lab3_pkg) StdoutLine: {'line': b'writing entry points to ../../build/lab3_pkg/lab3_pkg.egg-info/entry_points.txt\n'}
[1.845142] (lab3_pkg) StdoutLine: {'line': b'writing requirements to ../../build/lab3_pkg/lab3_pkg.egg-info/requires.txt\n'}
[1.845300] (lab3_pkg) StdoutLine: {'line': b'writing top-level names to ../../build/lab3_pkg/lab3_pkg.egg-info/top_level.txt\n'}
[1.851127] (lab5_pkg) StdoutLine: {'line': b"reading manifest file '../../build/lab5_pkg/lab5_pkg.egg-info/SOURCES.txt'\n"}
[1.851788] (lab5_pkg) StdoutLine: {'line': b"writing manifest file '../../build/lab5_pkg/lab5_pkg.egg-info/SOURCES.txt'\n"}
[1.851952] (lab5_pkg) StdoutLine: {'line': b'running build\n'}
[1.852106] (lab5_pkg) StdoutLine: {'line': b'running build_py\n'}
[1.852323] (lab5_pkg) StdoutLine: {'line': b'running install\n'}
[1.857363] (lab5_pkg) StdoutLine: {'line': b'running install_lib\n'}
[1.858033] (final) StdoutLine: {'line': b'writing ../../build/final/final.egg-info/PKG-INFO\n'}
[1.858282] (final) StdoutLine: {'line': b'writing dependency_links to ../../build/final/final.egg-info/dependency_links.txt\n'}
[1.858523] (final) StdoutLine: {'line': b'writing entry points to ../../build/final/final.egg-info/entry_points.txt\n'}
[1.858735] (final) StdoutLine: {'line': b'writing requirements to ../../build/final/final.egg-info/requires.txt\n'}
[1.858892] (final) StdoutLine: {'line': b'writing top-level names to ../../build/final/final.egg-info/top_level.txt\n'}
[1.871628] (lab5_pkg) StdoutLine: {'line': b'running install_data\n'}
[1.871777] (lab5_pkg) StdoutLine: {'line': b'running install_egg_info\n'}
[1.880038] (lab3_pkg) StdoutLine: {'line': b"reading manifest file '../../build/lab3_pkg/lab3_pkg.egg-info/SOURCES.txt'\n"}
[1.881006] (lab3_pkg) StdoutLine: {'line': b"writing manifest file '../../build/lab3_pkg/lab3_pkg.egg-info/SOURCES.txt'\n"}
[1.881148] (lab3_pkg) StdoutLine: {'line': b'running build\n'}
[1.881286] (lab3_pkg) StdoutLine: {'line': b'running build_py\n'}
[1.881568] (lab3_pkg) StdoutLine: {'line': b'running install\n'}
[1.886647] (lab5_pkg) StdoutLine: {'line': b"removing '/home/gbonham/turtlebot4_ws/install/lab5_pkg/lib/python3.12/site-packages/lab5_pkg-0.0.0-py3.12.egg-info' (and everything under it)\n"}
[1.886877] (lab5_pkg) StdoutLine: {'line': b'Copying ../../build/lab5_pkg/lab5_pkg.egg-info to /home/gbonham/turtlebot4_ws/install/lab5_pkg/lib/python3.12/site-packages/lab5_pkg-0.0.0-py3.12.egg-info\n'}
[1.889689] (lab3_pkg) StdoutLine: {'line': b'running install_lib\n'}
[1.890643] (lab5_pkg) StdoutLine: {'line': b'running install_scripts\n'}
[1.898905] (final) StdoutLine: {'line': b"reading manifest file '../../build/final/final.egg-info/SOURCES.txt'\n"}
[1.899865] (final) StdoutLine: {'line': b"writing manifest file '../../build/final/final.egg-info/SOURCES.txt'\n"}
[1.900047] (final) StdoutLine: {'line': b'running build\n'}
[1.900176] (final) StdoutLine: {'line': b'running build_py\n'}
[1.900532] (final) StdoutLine: {'line': b'copying final/nav_pf.py -> /home/gbonham/turtlebot4_ws/build/final/build/lib/final\n'}
[1.900970] (final) StdoutLine: {'line': b'running install\n'}
[1.902820] (-) TimerEvent: {}
[1.909289] (final) StdoutLine: {'line': b'running install_lib\n'}
[1.910370] (lab3_pkg) StdoutLine: {'line': b'running install_data\n'}
[1.910568] (lab3_pkg) StdoutLine: {'line': b'running install_egg_info\n'}
[1.923585] (final) StdoutLine: {'line': b'copying /home/gbonham/turtlebot4_ws/build/final/build/lib/final/nav_pf.py -> /home/gbonham/turtlebot4_ws/install/final/lib/python3.12/site-packages/final\n'}
[1.924625] (final) StdoutLine: {'line': b'byte-compiling /home/gbonham/turtlebot4_ws/install/final/lib/python3.12/site-packages/final/nav_pf.py to nav_pf.cpython-312.pyc\n'}
[1.925582] (lab3_pkg) StdoutLine: {'line': b"removing '/home/gbonham/turtlebot4_ws/install/lab3_pkg/lib/python3.12/site-packages/lab3_pkg-0.0.0-py3.12.egg-info' (and everything under it)\n"}
[1.925885] (lab3_pkg) StdoutLine: {'line': b'Copying ../../build/lab3_pkg/lab3_pkg.egg-info to /home/gbonham/turtlebot4_ws/install/lab3_pkg/lib/python3.12/site-packages/lab3_pkg-0.0.0-py3.12.egg-info\n'}
[1.928482] (lab3_pkg) StdoutLine: {'line': b'running install_scripts\n'}
[1.930539] (final) StdoutLine: {'line': b'running install_data\n'}
[1.930699] (final) StdoutLine: {'line': b'running install_egg_info\n'}
[1.945629] (final) StdoutLine: {'line': b"removing '/home/gbonham/turtlebot4_ws/install/final/lib/python3.12/site-packages/final-0.0.0-py3.12.egg-info' (and everything under it)\n"}
[1.945914] (final) StdoutLine: {'line': b'Copying ../../build/final/final.egg-info to /home/gbonham/turtlebot4_ws/install/final/lib/python3.12/site-packages/final-0.0.0-py3.12.egg-info\n'}
[1.949092] (final) StdoutLine: {'line': b'running install_scripts\n'}
[1.998655] (lab5_pkg) StdoutLine: {'line': b'Installing go_to_goal_client script to /home/gbonham/turtlebot4_ws/install/lab5_pkg/lib/lab5_pkg\n'}
[1.998911] (lab5_pkg) StdoutLine: {'line': b'Installing go_to_goal_server script to /home/gbonham/turtlebot4_ws/install/lab5_pkg/lib/lab5_pkg\n'}
[1.999270] (lab5_pkg) StdoutLine: {'line': b"writing list of installed files to '/home/gbonham/turtlebot4_ws/build/lab5_pkg/install.log'\n"}
[2.002898] (-) TimerEvent: {}
[2.022440] (lab5_pkg) CommandEnded: {'returncode': 0}
[2.029481] (lab5_pkg) JobEnded: {'identifier': 'lab5_pkg', 'rc': 0}
[2.039115] (lab3_pkg) StdoutLine: {'line': b'Installing SCOD_server script to /home/gbonham/turtlebot4_ws/install/lab3_pkg/lib/lab3_pkg\n'}
[2.039339] (lab3_pkg) StdoutLine: {'line': b'Installing set_cap_client_node script to /home/gbonham/turtlebot4_ws/install/lab3_pkg/lib/lab3_pkg\n'}
[2.039758] (lab3_pkg) StdoutLine: {'line': b"writing list of installed files to '/home/gbonham/turtlebot4_ws/build/lab3_pkg/install.log'\n"}
[2.064981] (final) StdoutLine: {'line': b'Installing color_vision script to /home/gbonham/turtlebot4_ws/install/final/lib/final\n'}
[2.065341] (final) StdoutLine: {'line': b'Installing get_obs script to /home/gbonham/turtlebot4_ws/install/final/lib/final\n'}
[2.065621] (final) StdoutLine: {'line': b'Installing go_to_goal script to /home/gbonham/turtlebot4_ws/install/final/lib/final\n'}
[2.067295] (final) StdoutLine: {'line': b'Installing goal_client script to /home/gbonham/turtlebot4_ws/install/final/lib/final\n'}
[2.067541] (final) StdoutLine: {'line': b'Installing nav_pf script to /home/gbonham/turtlebot4_ws/install/final/lib/final\n'}
[2.068057] (final) StdoutLine: {'line': b"writing list of installed files to '/home/gbonham/turtlebot4_ws/build/final/install.log'\n"}
[2.072031] (lab3_pkg) CommandEnded: {'returncode': 0}
[2.078104] (lab3_pkg) JobEnded: {'identifier': 'lab3_pkg', 'rc': 0}
[2.079639] (lab_bringup) JobStarted: {'identifier': 'lab_bringup'}
[2.086626] (lab_bringup) JobProgress: {'identifier': 'lab_bringup', 'progress': 'cmake'}
[2.087388] (lab_bringup) JobProgress: {'identifier': 'lab_bringup', 'progress': 'build'}
[2.087632] (lab_bringup) Command: {'cmd': ['/usr/bin/cmake', '--build', '/home/gbonham/turtlebot4_ws/build/lab_bringup', '--', '-j16', '-l16'], 'cwd': '/home/gbonham/turtlebot4_ws/build/lab_bringup', 'env': OrderedDict({'GJS_DEBUG_TOPICS': 'JS ERROR;JS LOG', 'PYTHON_BASIC_REPL': '1', 'USER': 'gbonham', 'XDG_SESSION_TYPE': 'wayland', 'GIT_ASKPASS': '/usr/share/code/resources/app/extensions/git/dist/askpass.sh', 'SHLVL': '1', 'CLUTTER_DISABLE_MIPMAPPED_TEXT': '1', 'LD_LIBRARY_PATH': '/home/gbonham/turtlebot4_ws/install/custom_interfaces/lib', 'HOME': '/home/gbonham', 'OLDPWD': '/home/gbonham/turtlebot4_ws/src', 'CHROME_DESKTOP': 'code.desktop', 'DESKTOP_SESSION': 'ubuntu', 'TERM_PROGRAM_VERSION': '1.120.0', 'GIO_LAUNCHED_DESKTOP_FILE': '/usr/share/applications/code.desktop', 'GTK_MODULES': 'gail:atk-bridge', 'GNOME_SHELL_SESSION_MODE': 'ubuntu', 'VSCODE_GIT_ASKPASS_MAIN': '/usr/share/code/resources/app/extensions/git/dist/askpass-main.js', 'MANAGERPID': '11241', 'VSCODE_GIT_ASKPASS_NODE': '/usr/share/code/code', 'DBUS_SESSION_BUS_ADDRESS': 'unix:path=/run/user/481853705/bus', 'GSM_SKIP_SSH_AGENT_WORKAROUND': 'true', 'SYSTEMD_EXEC_PID': '11518', 'PYDEVD_DISABLE_FILE_VALIDATION': '1', 'BUNDLED_DEBUGPY_PATH': '/home/gbonham/.vscode/extensions/ms-python.debugpy-2026.6.0-linux-x64/bundled/libs/debugpy', 'VSCODE_PYTHON_AUTOACTIVATE_GUARD': '1', 'GIO_LAUNCHED_DESKTOP_FILE_PID': '12574', 'COLORTERM': 'truecolor', 'CONDA_CHANGEPS1': 'no', 'WAYLAND_DISPLAY': 'wayland-0', 'LOGNAME': 'gbonham', '_': '/usr/bin/colcon', 'JOURNAL_STREAM': '9:142776', 'XDG_SESSION_CLASS': 'user', 'MEMORY_PRESSURE_WATCH': '/sys/fs/cgroup/user.slice/user-481853705.slice/user@481853705.service/session.slice/org.gnome.Shell@wayland.service/memory.pressure', 'USER_ZDOTDIR': '/home/gbonham', 'USERNAME': 'gbonham', 'PROMPT_EOL_MARK': '', 'TERM': 'xterm-256color', 'GNOME_DESKTOP_SESSION_ID': 'this-is-deprecated', 'FC_FONTATIONS': '1', 'PATH': '/usr/local/sbin:/usr/local/bin:/usr/sbin:/usr/bin:/sbin:/bin:/usr/games:/usr/local/games:/snap/bin:/snap/bin:/home/gbonham/.vscode/extensions/ms-python.debugpy-2026.6.0-linux-x64/bundled/scripts/noConfigScripts', 'SESSION_MANAGER': 'local/csci20121:@/tmp/.ICE-unix/11486,unix/csci20121:/tmp/.ICE-unix/11486', 'INVOCATION_ID': '94b2f98f34ad4cab8b432345032ed79e', 'XDG_RUNTIME_DIR': '/run/user/481853705', 'XDG_MENU_PREFIX': 'gnome-', 'GNOME_SETUP_DISPLAY': ':1', 'GDK_BACKEND': 'wayland', 'DISPLAY': ':0', 'LANG': 'en_US.UTF-8', 'XDG_CURRENT_DESKTOP': 'ubuntu:GNOME', 'VSCODE_DEBUGPY_ADAPTER_ENDPOINTS': '/home/gbonham/.vscode/extensions/ms-python.debugpy-2026.6.0-linux-x64/.noConfigDebugAdapterEndpoints/endpoint-e34322725a0427c1.txt', 'PYTHONSTARTUP': '/home/gbonham/.config/Code/User/workspaceStorage/164fb482c0335d43507560d0f344279e/ms-python.python/pythonrc.py', 'VSCODE_INJECTION': '1', 'XDG_SESSION_DESKTOP': 'ubuntu', 'XMODIFIERS': '@im=ibus', 'XAUTHORITY': '/run/user/481853705/.mutter-Xwaylandauth.D1YEP3', 'TERM_PROGRAM': 'vscode', 'VSCODE_GIT_IPC_HANDLE': '/run/user/481853705/vscode-git-91e7995aaf.sock', 'SSH_AUTH_SOCK': '/run/user/481853705/keyring/ssh', 'AMENT_PREFIX_PATH': '/home/gbonham/turtlebot4_ws/install/lab3_pkg:/home/gbonham/turtlebot4_ws/install/custom_interfaces', 'SHELL': '/bin/zsh', 'KRB5CCNAME': 'FILE:/tmp/krb5cc_481853705_1BZ2iU', 'QT_ACCESSIBILITY': '1', 'GDMSESSION': 'ubuntu', 'GJS_DEBUG_OUTPUT': 'stderr', 'QT_IM_MODULE': 'ibus', 'VSCODE_GIT_ASKPASS_EXTRA_ARGS': '', 'PWD': '/home/gbonham/turtlebot4_ws/build/lab_bringup', 'XDG_DATA_DIRS': '/usr/local/share/:/usr/share/:/var/lib/snapd/desktop', 'ZDOTDIR': '/home/gbonham', 'VIRTUAL_ENV_DISABLE_PROMPT': '12', 'PYTHONPATH': '/home/gbonham/turtlebot4_ws/install/lab3_pkg/lib/python3.12/site-packages:/home/gbonham/turtlebot4_ws/install/custom_interfaces/lib/python3.12/site-packages', 'COLCON': '1', 'MEMORY_PRESSURE_WRITE': 'c29tZSAyMDAwMDAgMjAwMDAwMAA=', 'CMAKE_PREFIX_PATH': '/home/gbonham/turtlebot4_ws/install/custom_interfaces'}), 'shell': False}
[2.102492] (final) CommandEnded: {'returncode': 0}
[2.102959] (-) TimerEvent: {}
[2.109312] (final) JobEnded: {'identifier': 'final', 'rc': 0}
[2.111780] (final_bringup) JobStarted: {'identifier': 'final_bringup'}
[2.121278] (final_bringup) JobProgress: {'identifier': 'final_bringup', 'progress': 'cmake'}
[2.121814] (final_bringup) JobProgress: {'identifier': 'final_bringup', 'progress': 'build'}
[2.122019] (final_bringup) Command: {'cmd': ['/usr/bin/cmake', '--build', '/home/gbonham/turtlebot4_ws/build/final_bringup', '--', '-j16', '-l16'], 'cwd': '/home/gbonham/turtlebot4_ws/build/final_bringup', 'env': OrderedDict({'GJS_DEBUG_TOPICS': 'JS ERROR;JS LOG', 'PYTHON_BASIC_REPL': '1', 'USER': 'gbonham', 'XDG_SESSION_TYPE': 'wayland', 'GIT_ASKPASS': '/usr/share/code/resources/app/extensions/git/dist/askpass.sh', 'SHLVL': '1', 'CLUTTER_DISABLE_MIPMAPPED_TEXT': '1', 'LD_LIBRARY_PATH': '/home/gbonham/turtlebot4_ws/install/custom_interfaces/lib', 'HOME': '/home/gbonham', 'OLDPWD': '/home/gbonham/turtlebot4_ws/src', 'CHROME_DESKTOP': 'code.desktop', 'DESKTOP_SESSION': 'ubuntu', 'TERM_PROGRAM_VERSION': '1.120.0', 'GIO_LAUNCHED_DESKTOP_FILE': '/usr/share/applications/code.desktop', 'GTK_MODULES': 'gail:atk-bridge', 'GNOME_SHELL_SESSION_MODE': 'ubuntu', 'VSCODE_GIT_ASKPASS_MAIN': '/usr/share/code/resources/app/extensions/git/dist/askpass-main.js', 'MANAGERPID': '11241', 'VSCODE_GIT_ASKPASS_NODE': '/usr/share/code/code', 'DBUS_SESSION_BUS_ADDRESS': 'unix:path=/run/user/481853705/bus', 'GSM_SKIP_SSH_AGENT_WORKAROUND': 'true', 'SYSTEMD_EXEC_PID': '11518', 'PYDEVD_DISABLE_FILE_VALIDATION': '1', 'BUNDLED_DEBUGPY_PATH': '/home/gbonham/.vscode/extensions/ms-python.debugpy-2026.6.0-linux-x64/bundled/libs/debugpy', 'VSCODE_PYTHON_AUTOACTIVATE_GUARD': '1', 'GIO_LAUNCHED_DESKTOP_FILE_PID': '12574', 'COLORTERM': 'truecolor', 'CONDA_CHANGEPS1': 'no', 'WAYLAND_DISPLAY': 'wayland-0', 'LOGNAME': 'gbonham', '_': '/usr/bin/colcon', 'JOURNAL_STREAM': '9:142776', 'XDG_SESSION_CLASS': 'user', 'MEMORY_PRESSURE_WATCH': '/sys/fs/cgroup/user.slice/user-481853705.slice/user@481853705.service/session.slice/org.gnome.Shell@wayland.service/memory.pressure', 'USER_ZDOTDIR': '/home/gbonham', 'USERNAME': 'gbonham', 'PROMPT_EOL_MARK': '', 'TERM': 'xterm-256color', 'GNOME_DESKTOP_SESSION_ID': 'this-is-deprecated', 'FC_FONTATIONS': '1', 'PATH': '/usr/local/sbin:/usr/local/bin:/usr/sbin:/usr/bin:/sbin:/bin:/usr/games:/usr/local/games:/snap/bin:/snap/bin:/home/gbonham/.vscode/extensions/ms-python.debugpy-2026.6.0-linux-x64/bundled/scripts/noConfigScripts', 'SESSION_MANAGER': 'local/csci20121:@/tmp/.ICE-unix/11486,unix/csci20121:/tmp/.ICE-unix/11486', 'INVOCATION_ID': '94b2f98f34ad4cab8b432345032ed79e', 'XDG_RUNTIME_DIR': '/run/user/481853705', 'XDG_MENU_PREFIX': 'gnome-', 'GNOME_SETUP_DISPLAY': ':1', 'GDK_BACKEND': 'wayland', 'DISPLAY': ':0', 'LANG': 'en_US.UTF-8', 'XDG_CURRENT_DESKTOP': 'ubuntu:GNOME', 'VSCODE_DEBUGPY_ADAPTER_ENDPOINTS': '/home/gbonham/.vscode/extensions/ms-python.debugpy-2026.6.0-linux-x64/.noConfigDebugAdapterEndpoints/endpoint-e34322725a0427c1.txt', 'PYTHONSTARTUP': '/home/gbonham/.config/Code/User/workspaceStorage/164fb482c0335d43507560d0f344279e/ms-python.python/pythonrc.py', 'VSCODE_INJECTION': '1', 'XDG_SESSION_DESKTOP': 'ubuntu', 'XMODIFIERS': '@im=ibus', 'XAUTHORITY': '/run/user/481853705/.mutter-Xwaylandauth.D1YEP3', 'TERM_PROGRAM': 'vscode', 'VSCODE_GIT_IPC_HANDLE': '/run/user/481853705/vscode-git-91e7995aaf.sock', 'SSH_AUTH_SOCK': '/run/user/481853705/keyring/ssh', 'AMENT_PREFIX_PATH': '/home/gbonham/turtlebot4_ws/install/lab3_pkg:/home/gbonham/turtlebot4_ws/install/final:/home/gbonham/turtlebot4_ws/install/custom_interfaces', 'SHELL': '/bin/zsh', 'KRB5CCNAME': 'FILE:/tmp/krb5cc_481853705_1BZ2iU', 'QT_ACCESSIBILITY': '1', 'GDMSESSION': 'ubuntu', 'GJS_DEBUG_OUTPUT': 'stderr', 'QT_IM_MODULE': 'ibus', 'VSCODE_GIT_ASKPASS_EXTRA_ARGS': '', 'PWD': '/home/gbonham/turtlebot4_ws/build/final_bringup', 'XDG_DATA_DIRS': '/usr/local/share/:/usr/share/:/var/lib/snapd/desktop', 'ZDOTDIR': '/home/gbonham', 'VIRTUAL_ENV_DISABLE_PROMPT': '12', 'PYTHONPATH': '/home/gbonham/turtlebot4_ws/install/lab3_pkg/lib/python3.12/site-packages:/home/gbonham/turtlebot4_ws/install/final/lib/python3.12/site-packages:/home/gbonham/turtlebot4_ws/install/custom_interfaces/lib/python3.12/site-packages', 'COLCON': '1', 'MEMORY_PRESSURE_WRITE': 'c29tZSAyMDAwMDAgMjAwMDAwMAA=', 'CMAKE_PREFIX_PATH': '/home/gbonham/turtlebot4_ws/install/custom_interfaces'}), 'shell': False}
[2.127106] (lab_bringup) CommandEnded: {'returncode': 0}
[2.127624] (lab_bringup) JobProgress: {'identifier': 'lab_bringup', 'progress': 'install'}
[2.127793] (lab_bringup) Command: {'cmd': ['/usr/bin/cmake', '--install', '/home/gbonham/turtlebot4_ws/build/lab_bringup'], 'cwd': '/home/gbonham/turtlebot4_ws/build/lab_bringup', 'env': OrderedDict({'GJS_DEBUG_TOPICS': 'JS ERROR;JS LOG', 'PYTHON_BASIC_REPL': '1', 'USER': 'gbonham', 'XDG_SESSION_TYPE': 'wayland', 'GIT_ASKPASS': '/usr/share/code/resources/app/extensions/git/dist/askpass.sh', 'SHLVL': '1', 'CLUTTER_DISABLE_MIPMAPPED_TEXT': '1', 'LD_LIBRARY_PATH': '/home/gbonham/turtlebot4_ws/install/custom_interfaces/lib', 'HOME': '/home/gbonham', 'OLDPWD': '/home/gbonham/turtlebot4_ws/src', 'CHROME_DESKTOP': 'code.desktop', 'DESKTOP_SESSION': 'ubuntu', 'TERM_PROGRAM_VERSION': '1.120.0', 'GIO_LAUNCHED_DESKTOP_FILE': '/usr/share/applications/code.desktop', 'GTK_MODULES': 'gail:atk-bridge', 'GNOME_SHELL_SESSION_MODE': 'ubuntu', 'VSCODE_GIT_ASKPASS_MAIN': '/usr/share/code/resources/app/extensions/git/dist/askpass-main.js', 'MANAGERPID': '11241', 'VSCODE_GIT_ASKPASS_NODE': '/usr/share/code/code', 'DBUS_SESSION_BUS_ADDRESS': 'unix:path=/run/user/481853705/bus', 'GSM_SKIP_SSH_AGENT_WORKAROUND': 'true', 'SYSTEMD_EXEC_PID': '11518', 'PYDEVD_DISABLE_FILE_VALIDATION': '1', 'BUNDLED_DEBUGPY_PATH': '/home/gbonham/.vscode/extensions/ms-python.debugpy-2026.6.0-linux-x64/bundled/libs/debugpy', 'VSCODE_PYTHON_AUTOACTIVATE_GUARD': '1', 'GIO_LAUNCHED_DESKTOP_FILE_PID': '12574', 'COLORTERM': 'truecolor', 'CONDA_CHANGEPS1': 'no', 'WAYLAND_DISPLAY': 'wayland-0', 'LOGNAME': 'gbonham', '_': '/usr/bin/colcon', 'JOURNAL_STREAM': '9:142776', 'XDG_SESSION_CLASS': 'user', 'MEMORY_PRESSURE_WATCH': '/sys/fs/cgroup/user.slice/user-481853705.slice/user@481853705.service/session.slice/org.gnome.Shell@wayland.service/memory.pressure', 'USER_ZDOTDIR': '/home/gbonham', 'USERNAME': 'gbonham', 'PROMPT_EOL_MARK': '', 'TERM': 'xterm-256color', 'GNOME_DESKTOP_SESSION_ID': 'this-is-deprecated', 'FC_FONTATIONS': '1', 'PATH': '/usr/local/sbin:/usr/local/bin:/usr/sbin:/usr/bin:/sbin:/bin:/usr/games:/usr/local/games:/snap/bin:/snap/bin:/home/gbonham/.vscode/extensions/ms-python.debugpy-2026.6.0-linux-x64/bundled/scripts/noConfigScripts', 'SESSION_MANAGER': 'local/csci20121:@/tmp/.ICE-unix/11486,unix/csci20121:/tmp/.ICE-unix/11486', 'INVOCATION_ID': '94b2f98f34ad4cab8b432345032ed79e', 'XDG_RUNTIME_DIR': '/run/user/481853705', 'XDG_MENU_PREFIX': 'gnome-', 'GNOME_SETUP_DISPLAY': ':1', 'GDK_BACKEND': 'wayland', 'DISPLAY': ':0', 'LANG': 'en_US.UTF-8', 'XDG_CURRENT_DESKTOP': 'ubuntu:GNOME', 'VSCODE_DEBUGPY_ADAPTER_ENDPOINTS': '/home/gbonham/.vscode/extensions/ms-python.debugpy-2026.6.0-linux-x64/.noConfigDebugAdapterEndpoints/endpoint-e34322725a0427c1.txt', 'PYTHONSTARTUP': '/home/gbonham/.config/Code/User/workspaceStorage/164fb482c0335d43507560d0f344279e/ms-python.python/pythonrc.py', 'VSCODE_INJECTION': '1', 'XDG_SESSION_DESKTOP': 'ubuntu', 'XMODIFIERS': '@im=ibus', 'XAUTHORITY': '/run/user/481853705/.mutter-Xwaylandauth.D1YEP3', 'TERM_PROGRAM': 'vscode', 'VSCODE_GIT_IPC_HANDLE': '/run/user/481853705/vscode-git-91e7995aaf.sock', 'SSH_AUTH_SOCK': '/run/user/481853705/keyring/ssh', 'AMENT_PREFIX_PATH': '/home/gbonham/turtlebot4_ws/install/lab3_pkg:/home/gbonham/turtlebot4_ws/install/custom_interfaces', 'SHELL': '/bin/zsh', 'KRB5CCNAME': 'FILE:/tmp/krb5cc_481853705_1BZ2iU', 'QT_ACCESSIBILITY': '1', 'GDMSESSION': 'ubuntu', 'GJS_DEBUG_OUTPUT': 'stderr', 'QT_IM_MODULE': 'ibus', 'VSCODE_GIT_ASKPASS_EXTRA_ARGS': '', 'PWD': '/home/gbonham/turtlebot4_ws/build/lab_bringup', 'XDG_DATA_DIRS': '/usr/local/share/:/usr/share/:/var/lib/snapd/desktop', 'ZDOTDIR': '/home/gbonham', 'VIRTUAL_ENV_DISABLE_PROMPT': '12', 'PYTHONPATH': '/home/gbonham/turtlebot4_ws/install/lab3_pkg/lib/python3.12/site-packages:/home/gbonham/turtlebot4_ws/install/custom_interfaces/lib/python3.12/site-packages', 'COLCON': '1', 'MEMORY_PRESSURE_WRITE': 'c29tZSAyMDAwMDAgMjAwMDAwMAA=', 'CMAKE_PREFIX_PATH': '/home/gbonham/turtlebot4_ws/install/custom_interfaces'}), 'shell': False}
[2.136046] (lab_bringup) StdoutLine: {'line': b'-- Install configuration: ""\n'}
[2.136305] (lab_bringup) StdoutLine: {'line': b'-- Up-to-date: /home/gbonham/turtlebot4_ws/install/lab_bringup/share/lab_bringup//launch\n'}
[2.136441] (lab_bringup) StdoutLine: {'line': b'-- Up-to-date: /home/gbonham/turtlebot4_ws/install/lab_bringup/share/lab_bringup//launch/lab4.launch.xml\n'}
[2.136570] (lab_bringup) StdoutLine: {'line': b'-- Up-to-date: /home/gbonham/turtlebot4_ws/install/lab_bringup/share/lab_bringup//launch/lab3.launch.xml\n'}
[2.136719] (lab_bringup) StdoutLine: {'line': b'-- Up-to-date: /home/gbonham/turtlebot4_ws/install/lab_bringup/share/lab_bringup//launch/lab5.launch.xml\n'}
[2.136840] (lab_bringup) StdoutLine: {'line': b'-- Up-to-date: /home/gbonham/turtlebot4_ws/install/lab_bringup/share/ament_index/resource_index/package_run_dependencies/lab_bringup\n'}
[2.136961] (lab_bringup) StdoutLine: {'line': b'-- Up-to-date: /home/gbonham/turtlebot4_ws/install/lab_bringup/share/ament_index/resource_index/parent_prefix_path/lab_bringup\n'}
[2.137156] (lab_bringup) StdoutLine: {'line': b'-- Up-to-date: /home/gbonham/turtlebot4_ws/install/lab_bringup/share/lab_bringup/environment/ament_prefix_path.sh\n'}
[2.137278] (lab_bringup) StdoutLine: {'line': b'-- Up-to-date: /home/gbonham/turtlebot4_ws/install/lab_bringup/share/lab_bringup/environment/ament_prefix_path.dsv\n'}
[2.137406] (lab_bringup) StdoutLine: {'line': b'-- Up-to-date: /home/gbonham/turtlebot4_ws/install/lab_bringup/share/lab_bringup/environment/path.sh\n'}
[2.137526] (lab_bringup) StdoutLine: {'line': b'-- Up-to-date: /home/gbonham/turtlebot4_ws/install/lab_bringup/share/lab_bringup/environment/path.dsv\n'}
[2.137636] (lab_bringup) StdoutLine: {'line': b'-- Up-to-date: /home/gbonham/turtlebot4_ws/install/lab_bringup/share/lab_bringup/local_setup.bash\n'}
[2.137730] (lab_bringup) StdoutLine: {'line': b'-- Up-to-date: /home/gbonham/turtlebot4_ws/install/lab_bringup/share/lab_bringup/local_setup.sh\n'}
[2.137818] (lab_bringup) StdoutLine: {'line': b'-- Up-to-date: /home/gbonham/turtlebot4_ws/install/lab_bringup/share/lab_bringup/local_setup.zsh\n'}
[2.137910] (lab_bringup) StdoutLine: {'line': b'-- Up-to-date: /home/gbonham/turtlebot4_ws/install/lab_bringup/share/lab_bringup/local_setup.dsv\n'}
[2.137998] (lab_bringup) StdoutLine: {'line': b'-- Installing: /home/gbonham/turtlebot4_ws/install/lab_bringup/share/lab_bringup/package.dsv\n'}
[2.138094] (lab_bringup) StdoutLine: {'line': b'-- Up-to-date: /home/gbonham/turtlebot4_ws/install/lab_bringup/share/ament_index/resource_index/packages/lab_bringup\n'}
[2.138181] (lab_bringup) StdoutLine: {'line': b'-- Up-to-date: /home/gbonham/turtlebot4_ws/install/lab_bringup/share/lab_bringup/cmake/lab_bringupConfig.cmake\n'}
[2.138271] (lab_bringup) StdoutLine: {'line': b'-- Up-to-date: /home/gbonham/turtlebot4_ws/install/lab_bringup/share/lab_bringup/cmake/lab_bringupConfig-version.cmake\n'}
[2.138503] (lab_bringup) StdoutLine: {'line': b'-- Up-to-date: /home/gbonham/turtlebot4_ws/install/lab_bringup/share/lab_bringup/package.xml\n'}
[2.139230] (lab_bringup) CommandEnded: {'returncode': 0}
[2.198958] (lab_bringup) JobEnded: {'identifier': 'lab_bringup', 'rc': 0}
[2.200727] (final_bringup) CommandEnded: {'returncode': 0}
[2.201155] (final_bringup) JobProgress: {'identifier': 'final_bringup', 'progress': 'install'}
[2.201345] (final_bringup) Command: {'cmd': ['/usr/bin/cmake', '--install', '/home/gbonham/turtlebot4_ws/build/final_bringup'], 'cwd': '/home/gbonham/turtlebot4_ws/build/final_bringup', 'env': OrderedDict({'GJS_DEBUG_TOPICS': 'JS ERROR;JS LOG', 'PYTHON_BASIC_REPL': '1', 'USER': 'gbonham', 'XDG_SESSION_TYPE': 'wayland', 'GIT_ASKPASS': '/usr/share/code/resources/app/extensions/git/dist/askpass.sh', 'SHLVL': '1', 'CLUTTER_DISABLE_MIPMAPPED_TEXT': '1', 'LD_LIBRARY_PATH': '/home/gbonham/turtlebot4_ws/install/custom_interfaces/lib', 'HOME': '/home/gbonham', 'OLDPWD': '/home/gbonham/turtlebot4_ws/src', 'CHROME_DESKTOP': 'code.desktop', 'DESKTOP_SESSION': 'ubuntu', 'TERM_PROGRAM_VERSION': '1.120.0', 'GIO_LAUNCHED_DESKTOP_FILE': '/usr/share/applications/code.desktop', 'GTK_MODULES': 'gail:atk-bridge', 'GNOME_SHELL_SESSION_MODE': 'ubuntu', 'VSCODE_GIT_ASKPASS_MAIN': '/usr/share/code/resources/app/extensions/git/dist/askpass-main.js', 'MANAGERPID': '11241', 'VSCODE_GIT_ASKPASS_NODE': '/usr/share/code/code', 'DBUS_SESSION_BUS_ADDRESS': 'unix:path=/run/user/481853705/bus', 'GSM_SKIP_SSH_AGENT_WORKAROUND': 'true', 'SYSTEMD_EXEC_PID': '11518', 'PYDEVD_DISABLE_FILE_VALIDATION': '1', 'BUNDLED_DEBUGPY_PATH': '/home/gbonham/.vscode/extensions/ms-python.debugpy-2026.6.0-linux-x64/bundled/libs/debugpy', 'VSCODE_PYTHON_AUTOACTIVATE_GUARD': '1', 'GIO_LAUNCHED_DESKTOP_FILE_PID': '12574', 'COLORTERM': 'truecolor', 'CONDA_CHANGEPS1': 'no', 'WAYLAND_DISPLAY': 'wayland-0', 'LOGNAME': 'gbonham', '_': '/usr/bin/colcon', 'JOURNAL_STREAM': '9:142776', 'XDG_SESSION_CLASS': 'user', 'MEMORY_PRESSURE_WATCH': '/sys/fs/cgroup/user.slice/user-481853705.slice/user@481853705.service/session.slice/org.gnome.Shell@wayland.service/memory.pressure', 'USER_ZDOTDIR': '/home/gbonham', 'USERNAME': 'gbonham', 'PROMPT_EOL_MARK': '', 'TERM': 'xterm-256color', 'GNOME_DESKTOP_SESSION_ID': 'this-is-deprecated', 'FC_FONTATIONS': '1', 'PATH': '/usr/local/sbin:/usr/local/bin:/usr/sbin:/usr/bin:/sbin:/bin:/usr/games:/usr/local/games:/snap/bin:/snap/bin:/home/gbonham/.vscode/extensions/ms-python.debugpy-2026.6.0-linux-x64/bundled/scripts/noConfigScripts', 'SESSION_MANAGER': 'local/csci20121:@/tmp/.ICE-unix/11486,unix/csci20121:/tmp/.ICE-unix/11486', 'INVOCATION_ID': '94b2f98f34ad4cab8b432345032ed79e', 'XDG_RUNTIME_DIR': '/run/user/481853705', 'XDG_MENU_PREFIX': 'gnome-', 'GNOME_SETUP_DISPLAY': ':1', 'GDK_BACKEND': 'wayland', 'DISPLAY': ':0', 'LANG': 'en_US.UTF-8', 'XDG_CURRENT_DESKTOP': 'ubuntu:GNOME', 'VSCODE_DEBUGPY_ADAPTER_ENDPOINTS': '/home/gbonham/.vscode/extensions/ms-python.debugpy-2026.6.0-linux-x64/.noConfigDebugAdapterEndpoints/endpoint-e34322725a0427c1.txt', 'PYTHONSTARTUP': '/home/gbonham/.config/Code/User/workspaceStorage/164fb482c0335d43507560d0f344279e/ms-python.python/pythonrc.py', 'VSCODE_INJECTION': '1', 'XDG_SESSION_DESKTOP': 'ubuntu', 'XMODIFIERS': '@im=ibus', 'XAUTHORITY': '/run/user/481853705/.mutter-Xwaylandauth.D1YEP3', 'TERM_PROGRAM': 'vscode', 'VSCODE_GIT_IPC_HANDLE': '/run/user/481853705/vscode-git-91e7995aaf.sock', 'SSH_AUTH_SOCK': '/run/user/481853705/keyring/ssh', 'AMENT_PREFIX_PATH': '/home/gbonham/turtlebot4_ws/install/lab3_pkg:/home/gbonham/turtlebot4_ws/install/final:/home/gbonham/turtlebot4_ws/install/custom_interfaces', 'SHELL': '/bin/zsh', 'KRB5CCNAME': 'FILE:/tmp/krb5cc_481853705_1BZ2iU', 'QT_ACCESSIBILITY': '1', 'GDMSESSION': 'ubuntu', 'GJS_DEBUG_OUTPUT': 'stderr', 'QT_IM_MODULE': 'ibus', 'VSCODE_GIT_ASKPASS_EXTRA_ARGS': '', 'PWD': '/home/gbonham/turtlebot4_ws/build/final_bringup', 'XDG_DATA_DIRS': '/usr/local/share/:/usr/share/:/var/lib/snapd/desktop', 'ZDOTDIR': '/home/gbonham', 'VIRTUAL_ENV_DISABLE_PROMPT': '12', 'PYTHONPATH': '/home/gbonham/turtlebot4_ws/install/lab3_pkg/lib/python3.12/site-packages:/home/gbonham/turtlebot4_ws/install/final/lib/python3.12/site-packages:/home/gbonham/turtlebot4_ws/install/custom_interfaces/lib/python3.12/site-packages', 'COLCON': '1', 'MEMORY_PRESSURE_WRITE': 'c29tZSAyMDAwMDAgMjAwMDAwMAA=', 'CMAKE_PREFIX_PATH': '/home/gbonham/turtlebot4_ws/install/custom_interfaces'}), 'shell': False}
[2.203034] (-) TimerEvent: {}
[2.208158] (final_bringup) StdoutLine: {'line': b'-- Install configuration: ""\n'}
[2.208372] (final_bringup) StdoutLine: {'line': b'-- Up-to-date: /home/gbonham/turtlebot4_ws/install/final_bringup/share/final_bringup//launch\n'}
[2.208487] (final_bringup) StdoutLine: {'line': b'-- Up-to-date: /home/gbonham/turtlebot4_ws/install/final_bringup/share/final_bringup//launch/final.launch.xml\n'}
[2.208601] (final_bringup) StdoutLine: {'line': b'-- Up-to-date: /home/gbonham/turtlebot4_ws/install/final_bringup/share/ament_index/resource_index/package_run_dependencies/final_bringup\n'}
[2.208706] (final_bringup) StdoutLine: {'line': b'-- Up-to-date: /home/gbonham/turtlebot4_ws/install/final_bringup/share/ament_index/resource_index/parent_prefix_path/final_bringup\n'}
[2.208802] (final_bringup) StdoutLine: {'line': b'-- Up-to-date: /home/gbonham/turtlebot4_ws/install/final_bringup/share/final_bringup/environment/ament_prefix_path.sh\n'}
[2.208888] (final_bringup) StdoutLine: {'line': b'-- Up-to-date: /home/gbonham/turtlebot4_ws/install/final_bringup/share/final_bringup/environment/ament_prefix_path.dsv\n'}
[2.208983] (final_bringup) StdoutLine: {'line': b'-- Up-to-date: /home/gbonham/turtlebot4_ws/install/final_bringup/share/final_bringup/environment/path.sh\n'}
[2.209082] (final_bringup) StdoutLine: {'line': b'-- Up-to-date: /home/gbonham/turtlebot4_ws/install/final_bringup/share/final_bringup/environment/path.dsv\n'}
[2.209174] (final_bringup) StdoutLine: {'line': b'-- Up-to-date: /home/gbonham/turtlebot4_ws/install/final_bringup/share/final_bringup/local_setup.bash\n'}
[2.209324] (final_bringup) StdoutLine: {'line': b'-- Up-to-date: /home/gbonham/turtlebot4_ws/install/final_bringup/share/final_bringup/local_setup.sh\n'}
[2.209422] (final_bringup) StdoutLine: {'line': b'-- Up-to-date: /home/gbonham/turtlebot4_ws/install/final_bringup/share/final_bringup/local_setup.zsh\n'}
[2.209536] (final_bringup) StdoutLine: {'line': b'-- Up-to-date: /home/gbonham/turtlebot4_ws/install/final_bringup/share/final_bringup/local_setup.dsv\n'}
[2.209629] (final_bringup) StdoutLine: {'line': b'-- Installing: /home/gbonham/turtlebot4_ws/install/final_bringup/share/final_bringup/package.dsv\n'}
[2.209725] (final_bringup) StdoutLine: {'line': b'-- Up-to-date: /home/gbonham/turtlebot4_ws/install/final_bringup/share/ament_index/resource_index/packages/final_bringup\n'}
[2.209828] (final_bringup) StdoutLine: {'line': b'-- Up-to-date: /home/gbonham/turtlebot4_ws/install/final_bringup/share/final_bringup/cmake/final_bringupConfig.cmake\n'}
[2.209918] (final_bringup) StdoutLine: {'line': b'-- Up-to-date: /home/gbonham/turtlebot4_ws/install/final_bringup/share/final_bringup/cmake/final_bringupConfig-version.cmake\n'}
[2.210012] (final_bringup) StdoutLine: {'line': b'-- Up-to-date: /home/gbonham/turtlebot4_ws/install/final_bringup/share/final_bringup/package.xml\n'}
[2.210799] (final_bringup) CommandEnded: {'returncode': 0}
[2.267326] (final_bringup) JobEnded: {'identifier': 'final_bringup', 'rc': 0}
[2.268110] (-) EventReactorShutdown: {}
