[0.000000] (-) TimerEvent: {}
[0.000305] (custom_interfaces) JobQueued: {'identifier': 'custom_interfaces', 'dependencies': OrderedDict()}
[0.000414] (lab1_pkg) JobQueued: {'identifier': 'lab1_pkg', 'dependencies': OrderedDict()}
[0.000526] (lab2_pkg) JobQueued: {'identifier': 'lab2_pkg', 'dependencies': OrderedDict()}
[0.000564] (final) JobQueued: {'identifier': 'final', 'dependencies': OrderedDict({'custom_interfaces': '/home/cnutter/turtlebot4_ws/install/custom_interfaces'})}
[0.000599] (lab3_pkg) JobQueued: {'identifier': 'lab3_pkg', 'dependencies': OrderedDict({'custom_interfaces': '/home/cnutter/turtlebot4_ws/install/custom_interfaces'})}
[0.000631] (lab5_pkg) JobQueued: {'identifier': 'lab5_pkg', 'dependencies': OrderedDict({'custom_interfaces': '/home/cnutter/turtlebot4_ws/install/custom_interfaces'})}
[0.000666] (final_bringup) JobQueued: {'identifier': 'final_bringup', 'dependencies': OrderedDict({'custom_interfaces': '/home/cnutter/turtlebot4_ws/install/custom_interfaces', 'final': '/home/cnutter/turtlebot4_ws/install/final', 'lab3_pkg': '/home/cnutter/turtlebot4_ws/install/lab3_pkg'})}
[0.000703] (lab_bringup) JobQueued: {'identifier': 'lab_bringup', 'dependencies': OrderedDict({'custom_interfaces': '/home/cnutter/turtlebot4_ws/install/custom_interfaces', 'lab3_pkg': '/home/cnutter/turtlebot4_ws/install/lab3_pkg'})}
[0.000735] (custom_interfaces) JobStarted: {'identifier': 'custom_interfaces'}
[0.007835] (lab1_pkg) JobStarted: {'identifier': 'lab1_pkg'}
[0.013958] (lab2_pkg) JobStarted: {'identifier': 'lab2_pkg'}
[0.026303] (custom_interfaces) JobProgress: {'identifier': 'custom_interfaces', 'progress': 'cmake'}
[0.027098] (custom_interfaces) JobProgress: {'identifier': 'custom_interfaces', 'progress': 'build'}
[0.027745] (custom_interfaces) Command: {'cmd': ['/usr/bin/cmake', '--build', '/home/cnutter/turtlebot4_ws/build/custom_interfaces', '--', '-j16', '-l16'], 'cwd': '/home/cnutter/turtlebot4_ws/build/custom_interfaces', 'env': OrderedDict({'USER': 'cnutter@plu.edu', 'GZ_SIM_RESOURCE_PATH': '/opt/ros/jazzy/share', 'GZ_CONFIG_PATH': '/opt/ros/jazzy/opt/gz_sim_vendor/share/gz:/opt/ros/jazzy/opt/sdformat_vendor/share/gz:/opt/ros/jazzy/opt/gz_gui_vendor/share/gz:/opt/ros/jazzy/opt/gz_transport_vendor/share/gz:/opt/ros/jazzy/opt/gz_rendering_vendor/share/gz:/opt/ros/jazzy/opt/gz_plugin_vendor/share/gz:/opt/ros/jazzy/opt/gz_fuel_tools_vendor/share/gz:/opt/ros/jazzy/opt/gz_msgs_vendor/share/gz:/opt/ros/jazzy/opt/gz_common_vendor/share/gz', 'XDG_SESSION_TYPE': 'wayland', 'CLUTTER_DISABLE_MIPMAPPED_TEXT': '1', 'SHLVL': '1', 'LD_LIBRARY_PATH': '/home/cnutter/turtlebot4_ws/install/custom_interfaces/lib:/opt/ros/jazzy/opt/gz_sim_vendor/lib:/opt/ros/jazzy/opt/gz_sensors_vendor/lib:/opt/ros/jazzy/opt/gz_physics_vendor/lib:/opt/ros/jazzy/opt/sdformat_vendor/lib:/opt/ros/jazzy/opt/rviz_ogre_vendor/lib:/opt/ros/jazzy/lib/x86_64-linux-gnu:/opt/ros/jazzy/opt/gz_gui_vendor/lib:/opt/ros/jazzy/opt/gz_transport_vendor/lib:/opt/ros/jazzy/opt/gz_rendering_vendor/lib:/opt/ros/jazzy/opt/gz_plugin_vendor/lib:/opt/ros/jazzy/opt/gz_fuel_tools_vendor/lib:/opt/ros/jazzy/opt/gz_msgs_vendor/lib:/opt/ros/jazzy/opt/gz_common_vendor/lib:/opt/ros/jazzy/opt/gz_math_vendor/lib:/opt/ros/jazzy/opt/gz_utils_vendor/lib:/opt/ros/jazzy/opt/gz_tools_vendor/lib:/opt/ros/jazzy/opt/gz_ogre_next_vendor/lib:/opt/ros/jazzy/opt/gz_dartsim_vendor/lib:/opt/ros/jazzy/opt/gz_cmake_vendor/lib:/opt/ros/jazzy/lib', 'OLDPWD': '/home/cnutter', 'HOME': '/home/cnutter', 'DESKTOP_SESSION': 'ubuntu', 'GTK_MODULES': 'gail:atk-bridge', 'GNOME_SHELL_SESSION_MODE': 'ubuntu', 'ROS_PYTHON_VERSION': '3', 'SYSTEMD_EXEC_PID': '28407', 'DBUS_SESSION_BUS_ADDRESS': 'unix:path=/run/user/481847517/bus', 'GSM_SKIP_SSH_AGENT_WORKAROUND': 'true', 'COLORTERM': 'truecolor', 'CONDA_CHANGEPS1': 'no', 'WAYLAND_DISPLAY': 'wayland-0', 'ROS_DISTRO': 'jazzy', 'COLCON_PREFIX_PATH': '/home/cnutter/turtlebot4_ws/install', 'LOGNAME': 'cnutter@plu.edu', '_': '/usr/bin/colcon', 'MEMORY_PRESSURE_WATCH': '/sys/fs/cgroup/user.slice/user-481847517.slice/user@481847517.service/session.slice/org.gnome.Shell@wayland.service/memory.pressure', 'XDG_SESSION_CLASS': 'user', 'ROS_VERSION': '2', 'USERNAME': 'cnutter@plu.edu', 'TERM': 'xterm-256color', 'PROMPT_EOL_MARK': '', 'ROS_SUPER_CLIENT': 'True', 'GNOME_DESKTOP_SESSION_ID': 'this-is-deprecated', 'PATH': '/opt/ros/jazzy/opt/gz_msgs_vendor/bin:/opt/ros/jazzy/opt/gz_tools_vendor/bin:/opt/ros/jazzy/opt/gz_ogre_next_vendor/bin:/opt/ros/jazzy/bin:/usr/local/sbin:/usr/local/bin:/usr/sbin:/usr/bin:/sbin:/bin:/usr/games:/usr/local/games:/snap/bin:/snap/bin', 'SESSION_MANAGER': 'local/csci20122:@/tmp/.ICE-unix/28375,unix/csci20122:/tmp/.ICE-unix/28375', 'GNOME_TERMINAL_SCREEN': '/org/gnome/Terminal/screen/d1815c0c_3a98_4119_8e51_c4952ecb9ec0', 'XDG_MENU_PREFIX': 'gnome-', 'GNOME_SETUP_DISPLAY': ':1', 'XDG_RUNTIME_DIR': '/run/user/481847517', 'DISPLAY': ':0', 'XDG_CURRENT_DESKTOP': 'ubuntu:GNOME', 'LANG': 'en_US.UTF-8', 'RMW_IMPLEMENTATION': 'rmw_fastrtps_cpp', 'XDG_SESSION_DESKTOP': 'ubuntu', 'GNOME_TERMINAL_SERVICE': ':1.132', 'XMODIFIERS': '@im=ibus', 'XAUTHORITY': '/run/user/481847517/.mutter-Xwaylandauth.BBP1O3', 'SSH_AUTH_SOCK': '/run/user/481847517/keyring/ssh', 'AMENT_PREFIX_PATH': '/home/cnutter/turtlebot4_ws/install/lab_bringup:/home/cnutter/turtlebot4_ws/install/lab5_pkg:/home/cnutter/turtlebot4_ws/install/final_bringup:/home/cnutter/turtlebot4_ws/install/lab3_pkg:/home/cnutter/turtlebot4_ws/install/lab2_pkg:/home/cnutter/turtlebot4_ws/install/lab1_pkg:/home/cnutter/turtlebot4_ws/install/final:/home/cnutter/turtlebot4_ws/install/custom_interfaces:/opt/ros/jazzy', 'ROS_DOMAIN_ID': '0', 'KRB5CCNAME': 'FILE:/tmp/krb5cc_481847517_OSmN3a', 'SHELL': '/bin/zsh', 'ROS_DISCOVERY_SERVER': '10.5.113.101:11811', 'QT_ACCESSIBILITY': '1', 'GDMSESSION': 'ubuntu', 'QT_IM_MODULE': 'ibus', 'ROS_AUTOMATIC_DISCOVERY_RANGE': 'SUBNET', 'PWD': '/home/cnutter/turtlebot4_ws/build/custom_interfaces', 'XDG_DATA_DIRS': '/usr/local/share/:/usr/share/:/var/lib/snapd/desktop', 'VIRTUAL_ENV_DISABLE_PROMPT': '12', 'PYTHONPATH': '/home/cnutter/turtlebot4_ws/install/lab5_pkg/lib/python3.12/site-packages:/home/cnutter/turtlebot4_ws/install/lab3_pkg/lib/python3.12/site-packages:/home/cnutter/turtlebot4_ws/install/lab2_pkg/lib/python3.12/site-packages:/home/cnutter/turtlebot4_ws/install/lab1_pkg/lib/python3.12/site-packages:/home/cnutter/turtlebot4_ws/install/final/lib/python3.12/site-packages:/home/cnutter/turtlebot4_ws/install/custom_interfaces/lib/python3.12/site-packages:/opt/ros/jazzy/lib/python3.12/site-packages', 'COLCON': '1', 'VTE_VERSION': '7600', 'MEMORY_PRESSURE_WRITE': 'c29tZSAyMDAwMDAgMjAwMDAwMAA=', 'CMAKE_PREFIX_PATH': '/home/cnutter/turtlebot4_ws/install/lab_bringup:/home/cnutter/turtlebot4_ws/install/final_bringup:/home/cnutter/turtlebot4_ws/install/custom_interfaces:/opt/ros/jazzy/opt/gz_sim_vendor:/opt/ros/jazzy/opt/gz_sensors_vendor:/opt/ros/jazzy/opt/gz_physics_vendor:/opt/ros/jazzy/opt/sdformat_vendor:/opt/ros/jazzy/opt/gz_gui_vendor:/opt/ros/jazzy/opt/gz_transport_vendor:/opt/ros/jazzy/opt/gz_rendering_vendor:/opt/ros/jazzy/opt/gz_plugin_vendor:/opt/ros/jazzy/opt/gz_fuel_tools_vendor:/opt/ros/jazzy/opt/gz_msgs_vendor:/opt/ros/jazzy/opt/gz_common_vendor:/opt/ros/jazzy/opt/gz_math_vendor:/opt/ros/jazzy/opt/gz_utils_vendor:/opt/ros/jazzy/opt/gz_tools_vendor:/opt/ros/jazzy/opt/gz_ogre_next_vendor:/opt/ros/jazzy/opt/gz_dartsim_vendor:/opt/ros/jazzy/opt/gz_cmake_vendor:/home/cnutter/turtlebot4_ws/install/lab5_pkg:/home/cnutter/turtlebot4_ws/install/lab3_pkg:/home/cnutter/turtlebot4_ws/install/lab2_pkg:/home/cnutter/turtlebot4_ws/install/lab1_pkg:/home/cnutter/turtlebot4_ws/install/final:/opt/ros/jazzy'}), 'shell': False}
[0.099859] (-) TimerEvent: {}
[0.200191] (-) TimerEvent: {}
[0.275754] (custom_interfaces) StdoutLine: {'line': b'[  1%] Built target custom_interfaces__rosidl_generator_type_description\n'}
[0.276163] (custom_interfaces) StdoutLine: {'line': b'[  3%] Built target custom_interfaces__rs\n'}
[0.276306] (custom_interfaces) StdoutLine: {'line': b'[  3%] Built target ament_cmake_python_copy_custom_interfaces\n'}
[0.276440] (custom_interfaces) StdoutLine: {'line': b'[  5%] Built target custom_interfaces__cpp\n'}
[0.276566] (custom_interfaces) StdoutLine: {'line': b'[ 25%] Built target custom_interfaces__rosidl_generator_c\n'}
[0.276690] (custom_interfaces) StdoutLine: {'line': b'[ 43%] Built target custom_interfaces__rosidl_typesupport_c\n'}
[0.276806] (custom_interfaces) StdoutLine: {'line': b'[ 49%] Built target custom_interfaces__rosidl_typesupport_introspection_c\n'}
[0.276907] (custom_interfaces) StdoutLine: {'line': b'[ 58%] Built target custom_interfaces__rosidl_typesupport_fastrtps_c\n'}
[0.277007] (custom_interfaces) StdoutLine: {'line': b'[ 69%] Built target custom_interfaces__rosidl_typesupport_fastrtps_cpp\n'}
[0.277115] (custom_interfaces) StdoutLine: {'line': b'[ 78%] Built target custom_interfaces__rosidl_typesupport_introspection_cpp\n'}
[0.277221] (custom_interfaces) StdoutLine: {'line': b'[ 80%] Built target custom_interfaces__rosidl_typesupport_cpp\n'}
[0.277327] (custom_interfaces) StdoutLine: {'line': b'[ 80%] Built target custom_interfaces\n'}
[0.277434] (custom_interfaces) StdoutLine: {'line': b'[ 81%] Built target custom_interfaces__py\n'}
[0.277552] (custom_interfaces) StdoutLine: {'line': b'[ 89%] Built target custom_interfaces__rosidl_generator_py\n'}
[0.277686] (custom_interfaces) StdoutLine: {'line': b'[ 92%] Built target custom_interfaces_s__rosidl_typesupport_c\n'}
[0.277803] (custom_interfaces) StdoutLine: {'line': b'[100%] Built target custom_interfaces_s__rosidl_typesupport_fastrtps_c\n'}
[0.277926] (custom_interfaces) StdoutLine: {'line': b'[100%] Built target custom_interfaces_s__rosidl_typesupport_introspection_c\n'}
[0.300271] (-) TimerEvent: {}
[0.347088] (custom_interfaces) StdoutLine: {'line': b'running egg_info\n'}
[0.374637] (custom_interfaces) StdoutLine: {'line': b'writing custom_interfaces.egg-info/PKG-INFO\n'}
[0.374900] (custom_interfaces) StdoutLine: {'line': b'writing dependency_links to custom_interfaces.egg-info/dependency_links.txt\n'}
[0.375118] (custom_interfaces) StdoutLine: {'line': b'writing top-level names to custom_interfaces.egg-info/top_level.txt\n'}
[0.400366] (-) TimerEvent: {}
[0.449553] (custom_interfaces) StdoutLine: {'line': b"reading manifest file 'custom_interfaces.egg-info/SOURCES.txt'\n"}
[0.450047] (custom_interfaces) StdoutLine: {'line': b"writing manifest file 'custom_interfaces.egg-info/SOURCES.txt'\n"}
[0.470537] (custom_interfaces) StdoutLine: {'line': b'[100%] Built target ament_cmake_python_build_custom_interfaces_egg\n'}
[0.500453] (-) TimerEvent: {}
[0.500891] (custom_interfaces) CommandEnded: {'returncode': 0}
[0.501631] (custom_interfaces) JobProgress: {'identifier': 'custom_interfaces', 'progress': 'install'}
[0.510448] (custom_interfaces) Command: {'cmd': ['/usr/bin/cmake', '--install', '/home/cnutter/turtlebot4_ws/build/custom_interfaces'], 'cwd': '/home/cnutter/turtlebot4_ws/build/custom_interfaces', 'env': OrderedDict({'USER': 'cnutter@plu.edu', 'GZ_SIM_RESOURCE_PATH': '/opt/ros/jazzy/share', 'GZ_CONFIG_PATH': '/opt/ros/jazzy/opt/gz_sim_vendor/share/gz:/opt/ros/jazzy/opt/sdformat_vendor/share/gz:/opt/ros/jazzy/opt/gz_gui_vendor/share/gz:/opt/ros/jazzy/opt/gz_transport_vendor/share/gz:/opt/ros/jazzy/opt/gz_rendering_vendor/share/gz:/opt/ros/jazzy/opt/gz_plugin_vendor/share/gz:/opt/ros/jazzy/opt/gz_fuel_tools_vendor/share/gz:/opt/ros/jazzy/opt/gz_msgs_vendor/share/gz:/opt/ros/jazzy/opt/gz_common_vendor/share/gz', 'XDG_SESSION_TYPE': 'wayland', 'CLUTTER_DISABLE_MIPMAPPED_TEXT': '1', 'SHLVL': '1', 'LD_LIBRARY_PATH': '/home/cnutter/turtlebot4_ws/install/custom_interfaces/lib:/opt/ros/jazzy/opt/gz_sim_vendor/lib:/opt/ros/jazzy/opt/gz_sensors_vendor/lib:/opt/ros/jazzy/opt/gz_physics_vendor/lib:/opt/ros/jazzy/opt/sdformat_vendor/lib:/opt/ros/jazzy/opt/rviz_ogre_vendor/lib:/opt/ros/jazzy/lib/x86_64-linux-gnu:/opt/ros/jazzy/opt/gz_gui_vendor/lib:/opt/ros/jazzy/opt/gz_transport_vendor/lib:/opt/ros/jazzy/opt/gz_rendering_vendor/lib:/opt/ros/jazzy/opt/gz_plugin_vendor/lib:/opt/ros/jazzy/opt/gz_fuel_tools_vendor/lib:/opt/ros/jazzy/opt/gz_msgs_vendor/lib:/opt/ros/jazzy/opt/gz_common_vendor/lib:/opt/ros/jazzy/opt/gz_math_vendor/lib:/opt/ros/jazzy/opt/gz_utils_vendor/lib:/opt/ros/jazzy/opt/gz_tools_vendor/lib:/opt/ros/jazzy/opt/gz_ogre_next_vendor/lib:/opt/ros/jazzy/opt/gz_dartsim_vendor/lib:/opt/ros/jazzy/opt/gz_cmake_vendor/lib:/opt/ros/jazzy/lib', 'OLDPWD': '/home/cnutter', 'HOME': '/home/cnutter', 'DESKTOP_SESSION': 'ubuntu', 'GTK_MODULES': 'gail:atk-bridge', 'GNOME_SHELL_SESSION_MODE': 'ubuntu', 'ROS_PYTHON_VERSION': '3', 'SYSTEMD_EXEC_PID': '28407', 'DBUS_SESSION_BUS_ADDRESS': 'unix:path=/run/user/481847517/bus', 'GSM_SKIP_SSH_AGENT_WORKAROUND': 'true', 'COLORTERM': 'truecolor', 'CONDA_CHANGEPS1': 'no', 'WAYLAND_DISPLAY': 'wayland-0', 'ROS_DISTRO': 'jazzy', 'COLCON_PREFIX_PATH': '/home/cnutter/turtlebot4_ws/install', 'LOGNAME': 'cnutter@plu.edu', '_': '/usr/bin/colcon', 'MEMORY_PRESSURE_WATCH': '/sys/fs/cgroup/user.slice/user-481847517.slice/user@481847517.service/session.slice/org.gnome.Shell@wayland.service/memory.pressure', 'XDG_SESSION_CLASS': 'user', 'ROS_VERSION': '2', 'USERNAME': 'cnutter@plu.edu', 'TERM': 'xterm-256color', 'PROMPT_EOL_MARK': '', 'ROS_SUPER_CLIENT': 'True', 'GNOME_DESKTOP_SESSION_ID': 'this-is-deprecated', 'PATH': '/opt/ros/jazzy/opt/gz_msgs_vendor/bin:/opt/ros/jazzy/opt/gz_tools_vendor/bin:/opt/ros/jazzy/opt/gz_ogre_next_vendor/bin:/opt/ros/jazzy/bin:/usr/local/sbin:/usr/local/bin:/usr/sbin:/usr/bin:/sbin:/bin:/usr/games:/usr/local/games:/snap/bin:/snap/bin', 'SESSION_MANAGER': 'local/csci20122:@/tmp/.ICE-unix/28375,unix/csci20122:/tmp/.ICE-unix/28375', 'GNOME_TERMINAL_SCREEN': '/org/gnome/Terminal/screen/d1815c0c_3a98_4119_8e51_c4952ecb9ec0', 'XDG_MENU_PREFIX': 'gnome-', 'GNOME_SETUP_DISPLAY': ':1', 'XDG_RUNTIME_DIR': '/run/user/481847517', 'DISPLAY': ':0', 'XDG_CURRENT_DESKTOP': 'ubuntu:GNOME', 'LANG': 'en_US.UTF-8', 'RMW_IMPLEMENTATION': 'rmw_fastrtps_cpp', 'XDG_SESSION_DESKTOP': 'ubuntu', 'GNOME_TERMINAL_SERVICE': ':1.132', 'XMODIFIERS': '@im=ibus', 'XAUTHORITY': '/run/user/481847517/.mutter-Xwaylandauth.BBP1O3', 'SSH_AUTH_SOCK': '/run/user/481847517/keyring/ssh', 'AMENT_PREFIX_PATH': '/home/cnutter/turtlebot4_ws/install/lab_bringup:/home/cnutter/turtlebot4_ws/install/lab5_pkg:/home/cnutter/turtlebot4_ws/install/final_bringup:/home/cnutter/turtlebot4_ws/install/lab3_pkg:/home/cnutter/turtlebot4_ws/install/lab2_pkg:/home/cnutter/turtlebot4_ws/install/lab1_pkg:/home/cnutter/turtlebot4_ws/install/final:/home/cnutter/turtlebot4_ws/install/custom_interfaces:/opt/ros/jazzy', 'ROS_DOMAIN_ID': '0', 'KRB5CCNAME': 'FILE:/tmp/krb5cc_481847517_OSmN3a', 'SHELL': '/bin/zsh', 'ROS_DISCOVERY_SERVER': '10.5.113.101:11811', 'QT_ACCESSIBILITY': '1', 'GDMSESSION': 'ubuntu', 'QT_IM_MODULE': 'ibus', 'ROS_AUTOMATIC_DISCOVERY_RANGE': 'SUBNET', 'PWD': '/home/cnutter/turtlebot4_ws/build/custom_interfaces', 'XDG_DATA_DIRS': '/usr/local/share/:/usr/share/:/var/lib/snapd/desktop', 'VIRTUAL_ENV_DISABLE_PROMPT': '12', 'PYTHONPATH': '/home/cnutter/turtlebot4_ws/install/lab5_pkg/lib/python3.12/site-packages:/home/cnutter/turtlebot4_ws/install/lab3_pkg/lib/python3.12/site-packages:/home/cnutter/turtlebot4_ws/install/lab2_pkg/lib/python3.12/site-packages:/home/cnutter/turtlebot4_ws/install/lab1_pkg/lib/python3.12/site-packages:/home/cnutter/turtlebot4_ws/install/final/lib/python3.12/site-packages:/home/cnutter/turtlebot4_ws/install/custom_interfaces/lib/python3.12/site-packages:/opt/ros/jazzy/lib/python3.12/site-packages', 'COLCON': '1', 'VTE_VERSION': '7600', 'MEMORY_PRESSURE_WRITE': 'c29tZSAyMDAwMDAgMjAwMDAwMAA=', 'CMAKE_PREFIX_PATH': '/home/cnutter/turtlebot4_ws/install/lab_bringup:/home/cnutter/turtlebot4_ws/install/final_bringup:/home/cnutter/turtlebot4_ws/install/custom_interfaces:/opt/ros/jazzy/opt/gz_sim_vendor:/opt/ros/jazzy/opt/gz_sensors_vendor:/opt/ros/jazzy/opt/gz_physics_vendor:/opt/ros/jazzy/opt/sdformat_vendor:/opt/ros/jazzy/opt/gz_gui_vendor:/opt/ros/jazzy/opt/gz_transport_vendor:/opt/ros/jazzy/opt/gz_rendering_vendor:/opt/ros/jazzy/opt/gz_plugin_vendor:/opt/ros/jazzy/opt/gz_fuel_tools_vendor:/opt/ros/jazzy/opt/gz_msgs_vendor:/opt/ros/jazzy/opt/gz_common_vendor:/opt/ros/jazzy/opt/gz_math_vendor:/opt/ros/jazzy/opt/gz_utils_vendor:/opt/ros/jazzy/opt/gz_tools_vendor:/opt/ros/jazzy/opt/gz_ogre_next_vendor:/opt/ros/jazzy/opt/gz_dartsim_vendor:/opt/ros/jazzy/opt/gz_cmake_vendor:/home/cnutter/turtlebot4_ws/install/lab5_pkg:/home/cnutter/turtlebot4_ws/install/lab3_pkg:/home/cnutter/turtlebot4_ws/install/lab2_pkg:/home/cnutter/turtlebot4_ws/install/lab1_pkg:/home/cnutter/turtlebot4_ws/install/final:/opt/ros/jazzy'}), 'shell': False}
[0.518677] (custom_interfaces) StdoutLine: {'line': b'-- Install configuration: ""\n'}
[0.518966] (custom_interfaces) StdoutLine: {'line': b'-- Up-to-date: /home/cnutter/turtlebot4_ws/install/custom_interfaces/share/ament_index/resource_index/rosidl_interfaces/custom_interfaces\n'}
[0.519201] (custom_interfaces) StdoutLine: {'line': b'-- Up-to-date: /home/cnutter/turtlebot4_ws/install/custom_interfaces/share/custom_interfaces/msg/ObsList.json\n'}
[0.519375] (custom_interfaces) StdoutLine: {'line': b'-- Up-to-date: /home/cnutter/turtlebot4_ws/install/custom_interfaces/share/custom_interfaces/srv/SetCap.json\n'}
[0.519533] (custom_interfaces) StdoutLine: {'line': b'-- Up-to-date: /home/cnutter/turtlebot4_ws/install/custom_interfaces/share/custom_interfaces/action/RobotGoal.json\n'}
[0.519650] (custom_interfaces) StdoutLine: {'line': b'-- Up-to-date: /home/cnutter/turtlebot4_ws/install/custom_interfaces/include/custom_interfaces/custom_interfaces\n'}
[0.519784] (custom_interfaces) StdoutLine: {'line': b'-- Up-to-date: /home/cnutter/turtlebot4_ws/install/custom_interfaces/include/custom_interfaces/custom_interfaces/srv\n'}
[0.519925] (custom_interfaces) StdoutLine: {'line': b'-- Up-to-date: /home/cnutter/turtlebot4_ws/install/custom_interfaces/include/custom_interfaces/custom_interfaces/srv/detail\n'}
[0.520096] (custom_interfaces) StdoutLine: {'line': b'-- Up-to-date: /home/cnutter/turtlebot4_ws/install/custom_interfaces/include/custom_interfaces/custom_interfaces/srv/detail/set_cap__type_support.h\n'}
[0.520219] (custom_interfaces) StdoutLine: {'line': b'-- Up-to-date: /home/cnutter/turtlebot4_ws/install/custom_interfaces/include/custom_interfaces/custom_interfaces/srv/detail/set_cap__description.c\n'}
[0.520349] (custom_interfaces) StdoutLine: {'line': b'-- Up-to-date: /home/cnutter/turtlebot4_ws/install/custom_interfaces/include/custom_interfaces/custom_interfaces/srv/detail/set_cap__type_support.c\n'}
[0.520476] (custom_interfaces) StdoutLine: {'line': b'-- Up-to-date: /home/cnutter/turtlebot4_ws/install/custom_interfaces/include/custom_interfaces/custom_interfaces/srv/detail/set_cap__functions.c\n'}
[0.520649] (custom_interfaces) StdoutLine: {'line': b'-- Up-to-date: /home/cnutter/turtlebot4_ws/install/custom_interfaces/include/custom_interfaces/custom_interfaces/srv/detail/set_cap__functions.h\n'}
[0.520827] (custom_interfaces) StdoutLine: {'line': b'-- Up-to-date: /home/cnutter/turtlebot4_ws/install/custom_interfaces/include/custom_interfaces/custom_interfaces/srv/detail/set_cap__struct.h\n'}
[0.520948] (custom_interfaces) StdoutLine: {'line': b'-- Up-to-date: /home/cnutter/turtlebot4_ws/install/custom_interfaces/include/custom_interfaces/custom_interfaces/srv/set_cap.h\n'}
[0.521062] (custom_interfaces) StdoutLine: {'line': b'-- Up-to-date: /home/cnutter/turtlebot4_ws/install/custom_interfaces/include/custom_interfaces/custom_interfaces/action\n'}
[0.521184] (custom_interfaces) StdoutLine: {'line': b'-- Up-to-date: /home/cnutter/turtlebot4_ws/install/custom_interfaces/include/custom_interfaces/custom_interfaces/action/detail\n'}
[0.521298] (custom_interfaces) StdoutLine: {'line': b'-- Up-to-date: /home/cnutter/turtlebot4_ws/install/custom_interfaces/include/custom_interfaces/custom_interfaces/action/detail/robot_goal__struct.h\n'}
[0.521454] (custom_interfaces) StdoutLine: {'line': b'-- Up-to-date: /home/cnutter/turtlebot4_ws/install/custom_interfaces/include/custom_interfaces/custom_interfaces/action/detail/robot_goal__functions.c\n'}
[0.521631] (custom_interfaces) StdoutLine: {'line': b'-- Up-to-date: /home/cnutter/turtlebot4_ws/install/custom_interfaces/include/custom_interfaces/custom_interfaces/action/detail/robot_goal__description.c\n'}
[0.521814] (custom_interfaces) StdoutLine: {'line': b'-- Up-to-date: /home/cnutter/turtlebot4_ws/install/custom_interfaces/include/custom_interfaces/custom_interfaces/action/detail/robot_goal__functions.h\n'}
[0.521971] (custom_interfaces) StdoutLine: {'line': b'-- Up-to-date: /home/cnutter/turtlebot4_ws/install/custom_interfaces/include/custom_interfaces/custom_interfaces/action/detail/robot_goal__type_support.h\n'}
[0.522128] (custom_interfaces) StdoutLine: {'line': b'-- Up-to-date: /home/cnutter/turtlebot4_ws/install/custom_interfaces/include/custom_interfaces/custom_interfaces/action/detail/robot_goal__type_support.c\n'}
[0.522256] (custom_interfaces) StdoutLine: {'line': b'-- Up-to-date: /home/cnutter/turtlebot4_ws/install/custom_interfaces/include/custom_interfaces/custom_interfaces/action/robot_goal.h\n'}
[0.522370] (custom_interfaces) StdoutLine: {'line': b'-- Up-to-date: /home/cnutter/turtlebot4_ws/install/custom_interfaces/include/custom_interfaces/custom_interfaces/msg\n'}
[0.522550] (custom_interfaces) StdoutLine: {'line': b'-- Up-to-date: /home/cnutter/turtlebot4_ws/install/custom_interfaces/include/custom_interfaces/custom_interfaces/msg/obs_list.h\n'}
[0.522712] (custom_interfaces) StdoutLine: {'line': b'-- Up-to-date: /home/cnutter/turtlebot4_ws/install/custom_interfaces/include/custom_interfaces/custom_interfaces/msg/rosidl_generator_c__visibility_control.h\n'}
[0.522835] (custom_interfaces) StdoutLine: {'line': b'-- Up-to-date: /home/cnutter/turtlebot4_ws/install/custom_interfaces/include/custom_interfaces/custom_interfaces/msg/detail\n'}
[0.522949] (custom_interfaces) StdoutLine: {'line': b'-- Up-to-date: /home/cnutter/turtlebot4_ws/install/custom_interfaces/include/custom_interfaces/custom_interfaces/msg/detail/obs_list__functions.h\n'}
[0.523072] (custom_interfaces) StdoutLine: {'line': b'-- Up-to-date: /home/cnutter/turtlebot4_ws/install/custom_interfaces/include/custom_interfaces/custom_interfaces/msg/detail/obs_list__functions.c\n'}
[0.523187] (custom_interfaces) StdoutLine: {'line': b'-- Up-to-date: /home/cnutter/turtlebot4_ws/install/custom_interfaces/include/custom_interfaces/custom_interfaces/msg/detail/obs_list__type_support.c\n'}
[0.523334] (custom_interfaces) StdoutLine: {'line': b'-- Up-to-date: /home/cnutter/turtlebot4_ws/install/custom_interfaces/include/custom_interfaces/custom_interfaces/msg/detail/obs_list__type_support.h\n'}
[0.523448] (custom_interfaces) StdoutLine: {'line': b'-- Up-to-date: /home/cnutter/turtlebot4_ws/install/custom_interfaces/include/custom_interfaces/custom_interfaces/msg/detail/obs_list__struct.h\n'}
[0.523560] (custom_interfaces) StdoutLine: {'line': b'-- Up-to-date: /home/cnutter/turtlebot4_ws/install/custom_interfaces/include/custom_interfaces/custom_interfaces/msg/detail/obs_list__description.c\n'}
[0.523678] (custom_interfaces) StdoutLine: {'line': b'-- Up-to-date: /home/cnutter/turtlebot4_ws/install/custom_interfaces/share/custom_interfaces/environment/library_path.sh\n'}
[0.523792] (custom_interfaces) StdoutLine: {'line': b'-- Up-to-date: /home/cnutter/turtlebot4_ws/install/custom_interfaces/share/custom_interfaces/environment/library_path.dsv\n'}
[0.523903] (custom_interfaces) StdoutLine: {'line': b'-- Up-to-date: /home/cnutter/turtlebot4_ws/install/custom_interfaces/lib/libcustom_interfaces__rosidl_generator_c.so\n'}
[0.524018] (custom_interfaces) StdoutLine: {'line': b'-- Up-to-date: /home/cnutter/turtlebot4_ws/install/custom_interfaces/include/custom_interfaces/custom_interfaces\n'}
[0.524129] (custom_interfaces) StdoutLine: {'line': b'-- Up-to-date: /home/cnutter/turtlebot4_ws/install/custom_interfaces/include/custom_interfaces/custom_interfaces/srv\n'}
[0.524240] (custom_interfaces) StdoutLine: {'line': b'-- Up-to-date: /home/cnutter/turtlebot4_ws/install/custom_interfaces/include/custom_interfaces/custom_interfaces/srv/detail\n'}
[0.524352] (custom_interfaces) StdoutLine: {'line': b'-- Up-to-date: /home/cnutter/turtlebot4_ws/install/custom_interfaces/include/custom_interfaces/custom_interfaces/srv/detail/set_cap__rosidl_typesupport_fastrtps_c.h\n'}
[0.524470] (custom_interfaces) StdoutLine: {'line': b'-- Up-to-date: /home/cnutter/turtlebot4_ws/install/custom_interfaces/include/custom_interfaces/custom_interfaces/action\n'}
[0.524584] (custom_interfaces) StdoutLine: {'line': b'-- Up-to-date: /home/cnutter/turtlebot4_ws/install/custom_interfaces/include/custom_interfaces/custom_interfaces/action/detail\n'}
[0.524701] (custom_interfaces) StdoutLine: {'line': b'-- Up-to-date: /home/cnutter/turtlebot4_ws/install/custom_interfaces/include/custom_interfaces/custom_interfaces/action/detail/robot_goal__rosidl_typesupport_fastrtps_c.h\n'}
[0.524813] (custom_interfaces) StdoutLine: {'line': b'-- Up-to-date: /home/cnutter/turtlebot4_ws/install/custom_interfaces/include/custom_interfaces/custom_interfaces/msg\n'}
[0.524925] (custom_interfaces) StdoutLine: {'line': b'-- Up-to-date: /home/cnutter/turtlebot4_ws/install/custom_interfaces/include/custom_interfaces/custom_interfaces/msg/rosidl_typesupport_fastrtps_c__visibility_control.h\n'}
[0.525036] (custom_interfaces) StdoutLine: {'line': b'-- Up-to-date: /home/cnutter/turtlebot4_ws/install/custom_interfaces/include/custom_interfaces/custom_interfaces/msg/detail\n'}
[0.525175] (custom_interfaces) StdoutLine: {'line': b'-- Up-to-date: /home/cnutter/turtlebot4_ws/install/custom_interfaces/include/custom_interfaces/custom_interfaces/msg/detail/obs_list__rosidl_typesupport_fastrtps_c.h\n'}
[0.525289] (custom_interfaces) StdoutLine: {'line': b'-- Up-to-date: /home/cnutter/turtlebot4_ws/install/custom_interfaces/lib/libcustom_interfaces__rosidl_typesupport_fastrtps_c.so\n'}
[0.525425] (custom_interfaces) StdoutLine: {'line': b'-- Up-to-date: /home/cnutter/turtlebot4_ws/install/custom_interfaces/include/custom_interfaces/custom_interfaces\n'}
[0.525540] (custom_interfaces) StdoutLine: {'line': b'-- Up-to-date: /home/cnutter/turtlebot4_ws/install/custom_interfaces/include/custom_interfaces/custom_interfaces/srv\n'}
[0.525685] (custom_interfaces) StdoutLine: {'line': b'-- Up-to-date: /home/cnutter/turtlebot4_ws/install/custom_interfaces/include/custom_interfaces/custom_interfaces/srv/detail\n'}
[0.525806] (custom_interfaces) StdoutLine: {'line': b'-- Up-to-date: /home/cnutter/turtlebot4_ws/install/custom_interfaces/include/custom_interfaces/custom_interfaces/srv/detail/set_cap__type_support.c\n'}
[0.525925] (custom_interfaces) StdoutLine: {'line': b'-- Up-to-date: /home/cnutter/turtlebot4_ws/install/custom_interfaces/include/custom_interfaces/custom_interfaces/srv/detail/set_cap__rosidl_typesupport_introspection_c.h\n'}
[0.526100] (custom_interfaces) StdoutLine: {'line': b'-- Up-to-date: /home/cnutter/turtlebot4_ws/install/custom_interfaces/include/custom_interfaces/custom_interfaces/action\n'}
[0.526276] (custom_interfaces) StdoutLine: {'line': b'-- Up-to-date: /home/cnutter/turtlebot4_ws/install/custom_interfaces/include/custom_interfaces/custom_interfaces/action/detail\n'}
[0.526423] (custom_interfaces) StdoutLine: {'line': b'-- Up-to-date: /home/cnutter/turtlebot4_ws/install/custom_interfaces/include/custom_interfaces/custom_interfaces/action/detail/robot_goal__rosidl_typesupport_introspection_c.h\n'}
[0.526538] (custom_interfaces) StdoutLine: {'line': b'-- Up-to-date: /home/cnutter/turtlebot4_ws/install/custom_interfaces/include/custom_interfaces/custom_interfaces/action/detail/robot_goal__type_support.c\n'}
[0.526658] (custom_interfaces) StdoutLine: {'line': b'-- Up-to-date: /home/cnutter/turtlebot4_ws/install/custom_interfaces/include/custom_interfaces/custom_interfaces/msg\n'}
[0.526772] (custom_interfaces) StdoutLine: {'line': b'-- Up-to-date: /home/cnutter/turtlebot4_ws/install/custom_interfaces/include/custom_interfaces/custom_interfaces/msg/detail\n'}
[0.526885] (custom_interfaces) StdoutLine: {'line': b'-- Up-to-date: /home/cnutter/turtlebot4_ws/install/custom_interfaces/include/custom_interfaces/custom_interfaces/msg/detail/obs_list__rosidl_typesupport_introspection_c.h\n'}
[0.526997] (custom_interfaces) StdoutLine: {'line': b'-- Up-to-date: /home/cnutter/turtlebot4_ws/install/custom_interfaces/include/custom_interfaces/custom_interfaces/msg/detail/obs_list__type_support.c\n'}
[0.527113] (custom_interfaces) StdoutLine: {'line': b'-- Up-to-date: /home/cnutter/turtlebot4_ws/install/custom_interfaces/include/custom_interfaces/custom_interfaces/msg/rosidl_typesupport_introspection_c__visibility_control.h\n'}
[0.527225] (custom_interfaces) StdoutLine: {'line': b'-- Up-to-date: /home/cnutter/turtlebot4_ws/install/custom_interfaces/lib/libcustom_interfaces__rosidl_typesupport_introspection_c.so\n'}
[0.527336] (custom_interfaces) StdoutLine: {'line': b'-- Up-to-date: /home/cnutter/turtlebot4_ws/install/custom_interfaces/lib/libcustom_interfaces__rosidl_typesupport_c.so\n'}
[0.527451] (custom_interfaces) StdoutLine: {'line': b'-- Up-to-date: /home/cnutter/turtlebot4_ws/install/custom_interfaces/include/custom_interfaces/custom_interfaces\n'}
[0.527564] (custom_interfaces) StdoutLine: {'line': b'-- Up-to-date: /home/cnutter/turtlebot4_ws/install/custom_interfaces/include/custom_interfaces/custom_interfaces/srv\n'}
[0.527681] (custom_interfaces) StdoutLine: {'line': b'-- Up-to-date: /home/cnutter/turtlebot4_ws/install/custom_interfaces/include/custom_interfaces/custom_interfaces/srv/detail\n'}
[0.527794] (custom_interfaces) StdoutLine: {'line': b'-- Up-to-date: /home/cnutter/turtlebot4_ws/install/custom_interfaces/include/custom_interfaces/custom_interfaces/srv/detail/set_cap__traits.hpp\n'}
[0.527905] (custom_interfaces) StdoutLine: {'line': b'-- Up-to-date: /home/cnutter/turtlebot4_ws/install/custom_interfaces/include/custom_interfaces/custom_interfaces/srv/detail/set_cap__struct.hpp\n'}
[0.528018] (custom_interfaces) StdoutLine: {'line': b'-- Up-to-date: /home/cnutter/turtlebot4_ws/install/custom_interfaces/include/custom_interfaces/custom_interfaces/srv/detail/set_cap__builder.hpp\n'}
[0.528129] (custom_interfaces) StdoutLine: {'line': b'-- Up-to-date: /home/cnutter/turtlebot4_ws/install/custom_interfaces/include/custom_interfaces/custom_interfaces/srv/detail/set_cap__type_support.hpp\n'}
[0.528241] (custom_interfaces) StdoutLine: {'line': b'-- Up-to-date: /home/cnutter/turtlebot4_ws/install/custom_interfaces/include/custom_interfaces/custom_interfaces/srv/set_cap.hpp\n'}
[0.528352] (custom_interfaces) StdoutLine: {'line': b'-- Up-to-date: /home/cnutter/turtlebot4_ws/install/custom_interfaces/include/custom_interfaces/custom_interfaces/action\n'}
[0.528465] (custom_interfaces) StdoutLine: {'line': b'-- Up-to-date: /home/cnutter/turtlebot4_ws/install/custom_interfaces/include/custom_interfaces/custom_interfaces/action/detail\n'}
[0.528577] (custom_interfaces) StdoutLine: {'line': b'-- Up-to-date: /home/cnutter/turtlebot4_ws/install/custom_interfaces/include/custom_interfaces/custom_interfaces/action/detail/robot_goal__struct.hpp\n'}
[0.528696] (custom_interfaces) StdoutLine: {'line': b'-- Up-to-date: /home/cnutter/turtlebot4_ws/install/custom_interfaces/include/custom_interfaces/custom_interfaces/action/detail/robot_goal__type_support.hpp\n'}
[0.528808] (custom_interfaces) StdoutLine: {'line': b'-- Up-to-date: /home/cnutter/turtlebot4_ws/install/custom_interfaces/include/custom_interfaces/custom_interfaces/action/detail/robot_goal__traits.hpp\n'}
[0.528919] (custom_interfaces) StdoutLine: {'line': b'-- Up-to-date: /home/cnutter/turtlebot4_ws/install/custom_interfaces/include/custom_interfaces/custom_interfaces/action/detail/robot_goal__builder.hpp\n'}
[0.529030] (custom_interfaces) StdoutLine: {'line': b'-- Up-to-date: /home/cnutter/turtlebot4_ws/install/custom_interfaces/include/custom_interfaces/custom_interfaces/action/robot_goal.hpp\n'}
[0.529142] (custom_interfaces) StdoutLine: {'line': b'-- Up-to-date: /home/cnutter/turtlebot4_ws/install/custom_interfaces/include/custom_interfaces/custom_interfaces/msg\n'}
[0.529261] (custom_interfaces) StdoutLine: {'line': b'-- Up-to-date: /home/cnutter/turtlebot4_ws/install/custom_interfaces/include/custom_interfaces/custom_interfaces/msg/detail\n'}
[0.529372] (custom_interfaces) StdoutLine: {'line': b'-- Up-to-date: /home/cnutter/turtlebot4_ws/install/custom_interfaces/include/custom_interfaces/custom_interfaces/msg/detail/obs_list__builder.hpp\n'}
[0.529488] (custom_interfaces) StdoutLine: {'line': b'-- Up-to-date: /home/cnutter/turtlebot4_ws/install/custom_interfaces/include/custom_interfaces/custom_interfaces/msg/detail/obs_list__traits.hpp\n'}
[0.529599] (custom_interfaces) StdoutLine: {'line': b'-- Up-to-date: /home/cnutter/turtlebot4_ws/install/custom_interfaces/include/custom_interfaces/custom_interfaces/msg/detail/obs_list__struct.hpp\n'}
[0.529715] (custom_interfaces) StdoutLine: {'line': b'-- Up-to-date: /home/cnutter/turtlebot4_ws/install/custom_interfaces/include/custom_interfaces/custom_interfaces/msg/detail/obs_list__type_support.hpp\n'}
[0.529826] (custom_interfaces) StdoutLine: {'line': b'-- Up-to-date: /home/cnutter/turtlebot4_ws/install/custom_interfaces/include/custom_interfaces/custom_interfaces/msg/rosidl_generator_cpp__visibility_control.hpp\n'}
[0.529938] (custom_interfaces) StdoutLine: {'line': b'-- Up-to-date: /home/cnutter/turtlebot4_ws/install/custom_interfaces/include/custom_interfaces/custom_interfaces/msg/obs_list.hpp\n'}
[0.530049] (custom_interfaces) StdoutLine: {'line': b'-- Up-to-date: /home/cnutter/turtlebot4_ws/install/custom_interfaces/include/custom_interfaces/custom_interfaces\n'}
[0.530160] (custom_interfaces) StdoutLine: {'line': b'-- Up-to-date: /home/cnutter/turtlebot4_ws/install/custom_interfaces/include/custom_interfaces/custom_interfaces/srv\n'}
[0.530271] (custom_interfaces) StdoutLine: {'line': b'-- Up-to-date: /home/cnutter/turtlebot4_ws/install/custom_interfaces/include/custom_interfaces/custom_interfaces/srv/detail\n'}
[0.530382] (custom_interfaces) StdoutLine: {'line': b'-- Up-to-date: /home/cnutter/turtlebot4_ws/install/custom_interfaces/include/custom_interfaces/custom_interfaces/srv/detail/set_cap__rosidl_typesupport_fastrtps_cpp.hpp\n'}
[0.530493] (custom_interfaces) StdoutLine: {'line': b'-- Up-to-date: /home/cnutter/turtlebot4_ws/install/custom_interfaces/include/custom_interfaces/custom_interfaces/srv/detail/dds_fastrtps\n'}
[0.530608] (custom_interfaces) StdoutLine: {'line': b'-- Up-to-date: /home/cnutter/turtlebot4_ws/install/custom_interfaces/include/custom_interfaces/custom_interfaces/action\n'}
[0.530733] (custom_interfaces) StdoutLine: {'line': b'-- Up-to-date: /home/cnutter/turtlebot4_ws/install/custom_interfaces/include/custom_interfaces/custom_interfaces/action/detail\n'}
[0.530849] (custom_interfaces) StdoutLine: {'line': b'-- Up-to-date: /home/cnutter/turtlebot4_ws/install/custom_interfaces/include/custom_interfaces/custom_interfaces/action/detail/robot_goal__rosidl_typesupport_fastrtps_cpp.hpp\n'}
[0.530961] (custom_interfaces) StdoutLine: {'line': b'-- Up-to-date: /home/cnutter/turtlebot4_ws/install/custom_interfaces/include/custom_interfaces/custom_interfaces/action/detail/dds_fastrtps\n'}
[0.531073] (custom_interfaces) StdoutLine: {'line': b'-- Up-to-date: /home/cnutter/turtlebot4_ws/install/custom_interfaces/include/custom_interfaces/custom_interfaces/msg\n'}
[0.531185] (custom_interfaces) StdoutLine: {'line': b'-- Up-to-date: /home/cnutter/turtlebot4_ws/install/custom_interfaces/include/custom_interfaces/custom_interfaces/msg/rosidl_typesupport_fastrtps_cpp__visibility_control.h\n'}
[0.531296] (custom_interfaces) StdoutLine: {'line': b'-- Up-to-date: /home/cnutter/turtlebot4_ws/install/custom_interfaces/include/custom_interfaces/custom_interfaces/msg/detail\n'}
[0.531407] (custom_interfaces) StdoutLine: {'line': b'-- Up-to-date: /home/cnutter/turtlebot4_ws/install/custom_interfaces/include/custom_interfaces/custom_interfaces/msg/detail/obs_list__rosidl_typesupport_fastrtps_cpp.hpp\n'}
[0.531520] (custom_interfaces) StdoutLine: {'line': b'-- Up-to-date: /home/cnutter/turtlebot4_ws/install/custom_interfaces/include/custom_interfaces/custom_interfaces/msg/detail/dds_fastrtps\n'}
[0.531630] (custom_interfaces) StdoutLine: {'line': b'-- Up-to-date: /home/cnutter/turtlebot4_ws/install/custom_interfaces/lib/libcustom_interfaces__rosidl_typesupport_fastrtps_cpp.so\n'}
[0.531748] (custom_interfaces) StdoutLine: {'line': b'-- Up-to-date: /home/cnutter/turtlebot4_ws/install/custom_interfaces/include/custom_interfaces/custom_interfaces\n'}
[0.531863] (custom_interfaces) StdoutLine: {'line': b'-- Up-to-date: /home/cnutter/turtlebot4_ws/install/custom_interfaces/include/custom_interfaces/custom_interfaces/srv\n'}
[0.531975] (custom_interfaces) StdoutLine: {'line': b'-- Up-to-date: /home/cnutter/turtlebot4_ws/install/custom_interfaces/include/custom_interfaces/custom_interfaces/srv/detail\n'}
[0.532086] (custom_interfaces) StdoutLine: {'line': b'-- Up-to-date: /home/cnutter/turtlebot4_ws/install/custom_interfaces/include/custom_interfaces/custom_interfaces/srv/detail/set_cap__rosidl_typesupport_introspection_cpp.hpp\n'}
[0.532199] (custom_interfaces) StdoutLine: {'line': b'-- Up-to-date: /home/cnutter/turtlebot4_ws/install/custom_interfaces/include/custom_interfaces/custom_interfaces/srv/detail/set_cap__type_support.cpp\n'}
[0.532312] (custom_interfaces) StdoutLine: {'line': b'-- Up-to-date: /home/cnutter/turtlebot4_ws/install/custom_interfaces/include/custom_interfaces/custom_interfaces/action\n'}
[0.532425] (custom_interfaces) StdoutLine: {'line': b'-- Up-to-date: /home/cnutter/turtlebot4_ws/install/custom_interfaces/include/custom_interfaces/custom_interfaces/action/detail\n'}
[0.532544] (custom_interfaces) StdoutLine: {'line': b'-- Up-to-date: /home/cnutter/turtlebot4_ws/install/custom_interfaces/include/custom_interfaces/custom_interfaces/action/detail/robot_goal__rosidl_typesupport_introspection_cpp.hpp\n'}
[0.532660] (custom_interfaces) StdoutLine: {'line': b'-- Up-to-date: /home/cnutter/turtlebot4_ws/install/custom_interfaces/include/custom_interfaces/custom_interfaces/action/detail/robot_goal__type_support.cpp\n'}
[0.532771] (custom_interfaces) StdoutLine: {'line': b'-- Up-to-date: /home/cnutter/turtlebot4_ws/install/custom_interfaces/include/custom_interfaces/custom_interfaces/msg\n'}
[0.532884] (custom_interfaces) StdoutLine: {'line': b'-- Up-to-date: /home/cnutter/turtlebot4_ws/install/custom_interfaces/include/custom_interfaces/custom_interfaces/msg/detail\n'}
[0.532998] (custom_interfaces) StdoutLine: {'line': b'-- Up-to-date: /home/cnutter/turtlebot4_ws/install/custom_interfaces/include/custom_interfaces/custom_interfaces/msg/detail/obs_list__rosidl_typesupport_introspection_cpp.hpp\n'}
[0.533111] (custom_interfaces) StdoutLine: {'line': b'-- Up-to-date: /home/cnutter/turtlebot4_ws/install/custom_interfaces/include/custom_interfaces/custom_interfaces/msg/detail/obs_list__type_support.cpp\n'}
[0.533223] (custom_interfaces) StdoutLine: {'line': b'-- Up-to-date: /home/cnutter/turtlebot4_ws/install/custom_interfaces/lib/libcustom_interfaces__rosidl_typesupport_introspection_cpp.so\n'}
[0.533335] (custom_interfaces) StdoutLine: {'line': b'-- Up-to-date: /home/cnutter/turtlebot4_ws/install/custom_interfaces/lib/libcustom_interfaces__rosidl_typesupport_cpp.so\n'}
[0.533446] (custom_interfaces) StdoutLine: {'line': b'-- Up-to-date: /home/cnutter/turtlebot4_ws/install/custom_interfaces/share/custom_interfaces/environment/pythonpath.sh\n'}
[0.533559] (custom_interfaces) StdoutLine: {'line': b'-- Up-to-date: /home/cnutter/turtlebot4_ws/install/custom_interfaces/share/custom_interfaces/environment/pythonpath.dsv\n'}
[0.533676] (custom_interfaces) StdoutLine: {'line': b'-- Up-to-date: /home/cnutter/turtlebot4_ws/install/custom_interfaces/lib/python3.12/site-packages/custom_interfaces-0.0.0-py3.12.egg-info\n'}
[0.533793] (custom_interfaces) StdoutLine: {'line': b'-- Installing: /home/cnutter/turtlebot4_ws/install/custom_interfaces/lib/python3.12/site-packages/custom_interfaces-0.0.0-py3.12.egg-info/SOURCES.txt\n'}
[0.533907] (custom_interfaces) StdoutLine: {'line': b'-- Installing: /home/cnutter/turtlebot4_ws/install/custom_interfaces/lib/python3.12/site-packages/custom_interfaces-0.0.0-py3.12.egg-info/dependency_links.txt\n'}
[0.534019] (custom_interfaces) StdoutLine: {'line': b'-- Installing: /home/cnutter/turtlebot4_ws/install/custom_interfaces/lib/python3.12/site-packages/custom_interfaces-0.0.0-py3.12.egg-info/PKG-INFO\n'}
[0.534131] (custom_interfaces) StdoutLine: {'line': b'-- Installing: /home/cnutter/turtlebot4_ws/install/custom_interfaces/lib/python3.12/site-packages/custom_interfaces-0.0.0-py3.12.egg-info/top_level.txt\n'}
[0.534247] (custom_interfaces) StdoutLine: {'line': b'-- Up-to-date: /home/cnutter/turtlebot4_ws/install/custom_interfaces/lib/python3.12/site-packages/custom_interfaces\n'}
[0.534360] (custom_interfaces) StdoutLine: {'line': b'-- Up-to-date: /home/cnutter/turtlebot4_ws/install/custom_interfaces/lib/python3.12/site-packages/custom_interfaces/custom_interfaces_s__rosidl_typesupport_c.so\n'}
[0.534471] (custom_interfaces) StdoutLine: {'line': b'-- Up-to-date: /home/cnutter/turtlebot4_ws/install/custom_interfaces/lib/python3.12/site-packages/custom_interfaces/custom_interfaces_s__rosidl_typesupport_fastrtps_c.so\n'}
[0.534583] (custom_interfaces) StdoutLine: {'line': b'-- Up-to-date: /home/cnutter/turtlebot4_ws/install/custom_interfaces/lib/python3.12/site-packages/custom_interfaces/__init__.py\n'}
[0.534698] (custom_interfaces) StdoutLine: {'line': b'-- Up-to-date: /home/cnutter/turtlebot4_ws/install/custom_interfaces/lib/python3.12/site-packages/custom_interfaces/custom_interfaces_s__rosidl_typesupport_introspection_c.so\n'}
[0.534810] (custom_interfaces) StdoutLine: {'line': b'-- Up-to-date: /home/cnutter/turtlebot4_ws/install/custom_interfaces/lib/python3.12/site-packages/custom_interfaces/srv\n'}
[0.534921] (custom_interfaces) StdoutLine: {'line': b'-- Up-to-date: /home/cnutter/turtlebot4_ws/install/custom_interfaces/lib/python3.12/site-packages/custom_interfaces/srv/_set_cap.py\n'}
[0.535032] (custom_interfaces) StdoutLine: {'line': b'-- Up-to-date: /home/cnutter/turtlebot4_ws/install/custom_interfaces/lib/python3.12/site-packages/custom_interfaces/srv/__init__.py\n'}
[0.535144] (custom_interfaces) StdoutLine: {'line': b'-- Up-to-date: /home/cnutter/turtlebot4_ws/install/custom_interfaces/lib/python3.12/site-packages/custom_interfaces/srv/_set_cap_s.c\n'}
[0.535255] (custom_interfaces) StdoutLine: {'line': b'-- Up-to-date: /home/cnutter/turtlebot4_ws/install/custom_interfaces/lib/python3.12/site-packages/custom_interfaces/_custom_interfaces_s.ep.rosidl_typesupport_introspection_c.c\n'}
[0.535364] (custom_interfaces) StdoutLine: {'line': b'-- Up-to-date: /home/cnutter/turtlebot4_ws/install/custom_interfaces/lib/python3.12/site-packages/custom_interfaces/action\n'}
[0.535474] (custom_interfaces) StdoutLine: {'line': b'-- Up-to-date: /home/cnutter/turtlebot4_ws/install/custom_interfaces/lib/python3.12/site-packages/custom_interfaces/action/_robot_goal.py\n'}
[0.535586] (custom_interfaces) StdoutLine: {'line': b'-- Up-to-date: /home/cnutter/turtlebot4_ws/install/custom_interfaces/lib/python3.12/site-packages/custom_interfaces/action/__init__.py\n'}
[0.535702] (custom_interfaces) StdoutLine: {'line': b'-- Up-to-date: /home/cnutter/turtlebot4_ws/install/custom_interfaces/lib/python3.12/site-packages/custom_interfaces/action/_robot_goal_s.c\n'}
[0.535821] (custom_interfaces) StdoutLine: {'line': b'-- Up-to-date: /home/cnutter/turtlebot4_ws/install/custom_interfaces/lib/python3.12/site-packages/custom_interfaces/msg\n'}
[0.535933] (custom_interfaces) StdoutLine: {'line': b'-- Up-to-date: /home/cnutter/turtlebot4_ws/install/custom_interfaces/lib/python3.12/site-packages/custom_interfaces/msg/_obs_list.py\n'}
[0.536044] (custom_interfaces) StdoutLine: {'line': b'-- Up-to-date: /home/cnutter/turtlebot4_ws/install/custom_interfaces/lib/python3.12/site-packages/custom_interfaces/msg/__init__.py\n'}
[0.536155] (custom_interfaces) StdoutLine: {'line': b'-- Up-to-date: /home/cnutter/turtlebot4_ws/install/custom_interfaces/lib/python3.12/site-packages/custom_interfaces/msg/_obs_list_s.c\n'}
[0.536266] (custom_interfaces) StdoutLine: {'line': b'-- Up-to-date: /home/cnutter/turtlebot4_ws/install/custom_interfaces/lib/python3.12/site-packages/custom_interfaces/_custom_interfaces_s.ep.rosidl_typesupport_fastrtps_c.c\n'}
[0.536377] (custom_interfaces) StdoutLine: {'line': b'-- Up-to-date: /home/cnutter/turtlebot4_ws/install/custom_interfaces/lib/python3.12/site-packages/custom_interfaces/_custom_interfaces_s.ep.rosidl_typesupport_c.c\n'}
[0.557606] (custom_interfaces) StdoutLine: {'line': b"Listing '/home/cnutter/turtlebot4_ws/install/custom_interfaces/lib/python3.12/site-packages/custom_interfaces'...\n"}
[0.557812] (custom_interfaces) StdoutLine: {'line': b"Listing '/home/cnutter/turtlebot4_ws/install/custom_interfaces/lib/python3.12/site-packages/custom_interfaces/action'...\n"}
[0.557934] (custom_interfaces) StdoutLine: {'line': b"Listing '/home/cnutter/turtlebot4_ws/install/custom_interfaces/lib/python3.12/site-packages/custom_interfaces/msg'...\n"}
[0.558060] (custom_interfaces) StdoutLine: {'line': b"Listing '/home/cnutter/turtlebot4_ws/install/custom_interfaces/lib/python3.12/site-packages/custom_interfaces/srv'...\n"}
[0.561644] (custom_interfaces) StdoutLine: {'line': b'-- Up-to-date: /home/cnutter/turtlebot4_ws/install/custom_interfaces/lib/python3.12/site-packages/custom_interfaces/custom_interfaces_s__rosidl_typesupport_fastrtps_c.so\n'}
[0.562071] (custom_interfaces) StdoutLine: {'line': b'-- Up-to-date: /home/cnutter/turtlebot4_ws/install/custom_interfaces/lib/python3.12/site-packages/custom_interfaces/custom_interfaces_s__rosidl_typesupport_introspection_c.so\n'}
[0.562394] (custom_interfaces) StdoutLine: {'line': b'-- Up-to-date: /home/cnutter/turtlebot4_ws/install/custom_interfaces/lib/python3.12/site-packages/custom_interfaces/custom_interfaces_s__rosidl_typesupport_c.so\n'}
[0.562646] (custom_interfaces) StdoutLine: {'line': b'-- Up-to-date: /home/cnutter/turtlebot4_ws/install/custom_interfaces/lib/libcustom_interfaces__rosidl_generator_py.so\n'}
[0.562903] (custom_interfaces) StdoutLine: {'line': b'-- Up-to-date: /home/cnutter/turtlebot4_ws/install/custom_interfaces/share/ament_index/resource_index/rust_packages/custom_interfaces\n'}
[0.563050] (custom_interfaces) StdoutLine: {'line': b'-- Up-to-date: /home/cnutter/turtlebot4_ws/install/custom_interfaces/share/custom_interfaces/rust\n'}
[0.563245] (custom_interfaces) StdoutLine: {'line': b'-- Up-to-date: /home/cnutter/turtlebot4_ws/install/custom_interfaces/share/custom_interfaces/rust/src\n'}
[0.563400] (custom_interfaces) StdoutLine: {'line': b'-- Up-to-date: /home/cnutter/turtlebot4_ws/install/custom_interfaces/share/custom_interfaces/rust/src/srv.rs\n'}
[0.563558] (custom_interfaces) StdoutLine: {'line': b'-- Up-to-date: /home/cnutter/turtlebot4_ws/install/custom_interfaces/share/custom_interfaces/rust/src/srv\n'}
[0.563719] (custom_interfaces) StdoutLine: {'line': b'-- Up-to-date: /home/cnutter/turtlebot4_ws/install/custom_interfaces/share/custom_interfaces/rust/src/srv/rmw.rs\n'}
[0.563852] (custom_interfaces) StdoutLine: {'line': b'-- Up-to-date: /home/cnutter/turtlebot4_ws/install/custom_interfaces/share/custom_interfaces/rust/src/action.rs\n'}
[0.563971] (custom_interfaces) StdoutLine: {'line': b'-- Up-to-date: /home/cnutter/turtlebot4_ws/install/custom_interfaces/share/custom_interfaces/rust/src/action\n'}
[0.564088] (custom_interfaces) StdoutLine: {'line': b'-- Up-to-date: /home/cnutter/turtlebot4_ws/install/custom_interfaces/share/custom_interfaces/rust/src/action/rmw.rs\n'}
[0.564209] (custom_interfaces) StdoutLine: {'line': b'-- Up-to-date: /home/cnutter/turtlebot4_ws/install/custom_interfaces/share/custom_interfaces/rust/src/msg\n'}
[0.564323] (custom_interfaces) StdoutLine: {'line': b'-- Up-to-date: /home/cnutter/turtlebot4_ws/install/custom_interfaces/share/custom_interfaces/rust/src/msg/rmw.rs\n'}
[0.564455] (custom_interfaces) StdoutLine: {'line': b'-- Up-to-date: /home/cnutter/turtlebot4_ws/install/custom_interfaces/share/custom_interfaces/rust/src/lib.rs\n'}
[0.564578] (custom_interfaces) StdoutLine: {'line': b'-- Up-to-date: /home/cnutter/turtlebot4_ws/install/custom_interfaces/share/custom_interfaces/rust/src/msg.rs\n'}
[0.564704] (custom_interfaces) StdoutLine: {'line': b'-- Up-to-date: /home/cnutter/turtlebot4_ws/install/custom_interfaces/share/custom_interfaces/rust/build.rs\n'}
[0.564842] (custom_interfaces) StdoutLine: {'line': b'-- Up-to-date: /home/cnutter/turtlebot4_ws/install/custom_interfaces/share/custom_interfaces/rust/Cargo.toml\n'}
[0.564974] (custom_interfaces) StdoutLine: {'line': b'-- Up-to-date: /home/cnutter/turtlebot4_ws/install/custom_interfaces/share/custom_interfaces/msg/ObsList.idl\n'}
[0.565093] (custom_interfaces) StdoutLine: {'line': b'-- Up-to-date: /home/cnutter/turtlebot4_ws/install/custom_interfaces/share/custom_interfaces/srv/SetCap.idl\n'}
[0.565215] (custom_interfaces) StdoutLine: {'line': b'-- Up-to-date: /home/cnutter/turtlebot4_ws/install/custom_interfaces/share/custom_interfaces/action/RobotGoal.idl\n'}
[0.565345] (custom_interfaces) StdoutLine: {'line': b'-- Up-to-date: /home/cnutter/turtlebot4_ws/install/custom_interfaces/share/custom_interfaces/msg/ObsList.msg\n'}
[0.565475] (custom_interfaces) StdoutLine: {'line': b'-- Up-to-date: /home/cnutter/turtlebot4_ws/install/custom_interfaces/share/custom_interfaces/srv/SetCap.srv\n'}
[0.565598] (custom_interfaces) StdoutLine: {'line': b'-- Up-to-date: /home/cnutter/turtlebot4_ws/install/custom_interfaces/share/custom_interfaces/action/RobotGoal.action\n'}
[0.565734] (custom_interfaces) StdoutLine: {'line': b'-- Up-to-date: /home/cnutter/turtlebot4_ws/install/custom_interfaces/share/ament_index/resource_index/package_run_dependencies/custom_interfaces\n'}
[0.565883] (custom_interfaces) StdoutLine: {'line': b'-- Up-to-date: /home/cnutter/turtlebot4_ws/install/custom_interfaces/share/ament_index/resource_index/parent_prefix_path/custom_interfaces\n'}
[0.566040] (custom_interfaces) StdoutLine: {'line': b'-- Up-to-date: /home/cnutter/turtlebot4_ws/install/custom_interfaces/share/custom_interfaces/environment/ament_prefix_path.sh\n'}
[0.566199] (custom_interfaces) StdoutLine: {'line': b'-- Up-to-date: /home/cnutter/turtlebot4_ws/install/custom_interfaces/share/custom_interfaces/environment/ament_prefix_path.dsv\n'}
[0.566313] (custom_interfaces) StdoutLine: {'line': b'-- Up-to-date: /home/cnutter/turtlebot4_ws/install/custom_interfaces/share/custom_interfaces/environment/path.sh\n'}
[0.566426] (custom_interfaces) StdoutLine: {'line': b'-- Up-to-date: /home/cnutter/turtlebot4_ws/install/custom_interfaces/share/custom_interfaces/environment/path.dsv\n'}
[0.566543] (custom_interfaces) StdoutLine: {'line': b'-- Up-to-date: /home/cnutter/turtlebot4_ws/install/custom_interfaces/share/custom_interfaces/local_setup.bash\n'}
[0.566662] (custom_interfaces) StdoutLine: {'line': b'-- Up-to-date: /home/cnutter/turtlebot4_ws/install/custom_interfaces/share/custom_interfaces/local_setup.sh\n'}
[0.566775] (custom_interfaces) StdoutLine: {'line': b'-- Up-to-date: /home/cnutter/turtlebot4_ws/install/custom_interfaces/share/custom_interfaces/local_setup.zsh\n'}
[0.566887] (custom_interfaces) StdoutLine: {'line': b'-- Up-to-date: /home/cnutter/turtlebot4_ws/install/custom_interfaces/share/custom_interfaces/local_setup.dsv\n'}
[0.566999] (custom_interfaces) StdoutLine: {'line': b'-- Installing: /home/cnutter/turtlebot4_ws/install/custom_interfaces/share/custom_interfaces/package.dsv\n'}
[0.567112] (custom_interfaces) StdoutLine: {'line': b'-- Up-to-date: /home/cnutter/turtlebot4_ws/install/custom_interfaces/share/ament_index/resource_index/packages/custom_interfaces\n'}
[0.567223] (custom_interfaces) StdoutLine: {'line': b'-- Up-to-date: /home/cnutter/turtlebot4_ws/install/custom_interfaces/share/custom_interfaces/cmake/export_custom_interfaces__rosidl_generator_cExport.cmake\n'}
[0.567336] (custom_interfaces) StdoutLine: {'line': b'-- Up-to-date: /home/cnutter/turtlebot4_ws/install/custom_interfaces/share/custom_interfaces/cmake/export_custom_interfaces__rosidl_generator_cExport-noconfig.cmake\n'}
[0.567448] (custom_interfaces) StdoutLine: {'line': b'-- Up-to-date: /home/cnutter/turtlebot4_ws/install/custom_interfaces/share/custom_interfaces/cmake/export_custom_interfaces__rosidl_typesupport_fastrtps_cExport.cmake\n'}
[0.567596] (custom_interfaces) StdoutLine: {'line': b'-- Up-to-date: /home/cnutter/turtlebot4_ws/install/custom_interfaces/share/custom_interfaces/cmake/export_custom_interfaces__rosidl_typesupport_fastrtps_cExport-noconfig.cmake\n'}
[0.567799] (custom_interfaces) StdoutLine: {'line': b'-- Up-to-date: /home/cnutter/turtlebot4_ws/install/custom_interfaces/share/custom_interfaces/cmake/custom_interfaces__rosidl_typesupport_introspection_cExport.cmake\n'}
[0.568377] (custom_interfaces) StdoutLine: {'line': b'-- Up-to-date: /home/cnutter/turtlebot4_ws/install/custom_interfaces/share/custom_interfaces/cmake/custom_interfaces__rosidl_typesupport_introspection_cExport-noconfig.cmake\n'}
[0.568570] (custom_interfaces) StdoutLine: {'line': b'-- Up-to-date: /home/cnutter/turtlebot4_ws/install/custom_interfaces/share/custom_interfaces/cmake/custom_interfaces__rosidl_typesupport_cExport.cmake\n'}
[0.568744] (custom_interfaces) StdoutLine: {'line': b'-- Up-to-date: /home/cnutter/turtlebot4_ws/install/custom_interfaces/share/custom_interfaces/cmake/custom_interfaces__rosidl_typesupport_cExport-noconfig.cmake\n'}
[0.568912] (custom_interfaces) StdoutLine: {'line': b'-- Up-to-date: /home/cnutter/turtlebot4_ws/install/custom_interfaces/share/custom_interfaces/cmake/export_custom_interfaces__rosidl_generator_cppExport.cmake\n'}
[0.569060] (custom_interfaces) StdoutLine: {'line': b'-- Up-to-date: /home/cnutter/turtlebot4_ws/install/custom_interfaces/share/custom_interfaces/cmake/export_custom_interfaces__rosidl_typesupport_fastrtps_cppExport.cmake\n'}
[0.569225] (custom_interfaces) StdoutLine: {'line': b'-- Up-to-date: /home/cnutter/turtlebot4_ws/install/custom_interfaces/share/custom_interfaces/cmake/export_custom_interfaces__rosidl_typesupport_fastrtps_cppExport-noconfig.cmake\n'}
[0.569354] (custom_interfaces) StdoutLine: {'line': b'-- Up-to-date: /home/cnutter/turtlebot4_ws/install/custom_interfaces/share/custom_interfaces/cmake/custom_interfaces__rosidl_typesupport_introspection_cppExport.cmake\n'}
[0.569543] (custom_interfaces) StdoutLine: {'line': b'-- Up-to-date: /home/cnutter/turtlebot4_ws/install/custom_interfaces/share/custom_interfaces/cmake/custom_interfaces__rosidl_typesupport_introspection_cppExport-noconfig.cmake\n'}
[0.569876] (custom_interfaces) StdoutLine: {'line': b'-- Up-to-date: /home/cnutter/turtlebot4_ws/install/custom_interfaces/share/custom_interfaces/cmake/custom_interfaces__rosidl_typesupport_cppExport.cmake\n'}
[0.570032] (custom_interfaces) StdoutLine: {'line': b'-- Up-to-date: /home/cnutter/turtlebot4_ws/install/custom_interfaces/share/custom_interfaces/cmake/custom_interfaces__rosidl_typesupport_cppExport-noconfig.cmake\n'}
[0.570185] (custom_interfaces) StdoutLine: {'line': b'-- Up-to-date: /home/cnutter/turtlebot4_ws/install/custom_interfaces/share/custom_interfaces/cmake/export_custom_interfaces__rosidl_generator_pyExport.cmake\n'}
[0.570330] (custom_interfaces) StdoutLine: {'line': b'-- Up-to-date: /home/cnutter/turtlebot4_ws/install/custom_interfaces/share/custom_interfaces/cmake/export_custom_interfaces__rosidl_generator_pyExport-noconfig.cmake\n'}
[0.570494] (custom_interfaces) StdoutLine: {'line': b'-- Up-to-date: /home/cnutter/turtlebot4_ws/install/custom_interfaces/share/custom_interfaces/cmake/rosidl_cmake-extras.cmake\n'}
[0.570636] (custom_interfaces) StdoutLine: {'line': b'-- Up-to-date: /home/cnutter/turtlebot4_ws/install/custom_interfaces/share/custom_interfaces/cmake/ament_cmake_export_dependencies-extras.cmake\n'}
[0.570802] (custom_interfaces) StdoutLine: {'line': b'-- Up-to-date: /home/cnutter/turtlebot4_ws/install/custom_interfaces/share/custom_interfaces/cmake/ament_cmake_export_include_directories-extras.cmake\n'}
[0.571114] (custom_interfaces) StdoutLine: {'line': b'-- Up-to-date: /home/cnutter/turtlebot4_ws/install/custom_interfaces/share/custom_interfaces/cmake/ament_cmake_export_libraries-extras.cmake\n'}
[0.571238] (custom_interfaces) StdoutLine: {'line': b'-- Up-to-date: /home/cnutter/turtlebot4_ws/install/custom_interfaces/share/custom_interfaces/cmake/ament_cmake_export_targets-extras.cmake\n'}
[0.571414] (custom_interfaces) StdoutLine: {'line': b'-- Up-to-date: /home/cnutter/turtlebot4_ws/install/custom_interfaces/share/custom_interfaces/cmake/rosidl_cmake_export_typesupport_targets-extras.cmake\n'}
[0.571580] (custom_interfaces) StdoutLine: {'line': b'-- Up-to-date: /home/cnutter/turtlebot4_ws/install/custom_interfaces/share/custom_interfaces/cmake/rosidl_cmake_export_typesupport_libraries-extras.cmake\n'}
[0.571850] (custom_interfaces) StdoutLine: {'line': b'-- Up-to-date: /home/cnutter/turtlebot4_ws/install/custom_interfaces/share/custom_interfaces/cmake/custom_interfacesConfig.cmake\n'}
[0.572050] (custom_interfaces) StdoutLine: {'line': b'-- Up-to-date: /home/cnutter/turtlebot4_ws/install/custom_interfaces/share/custom_interfaces/cmake/custom_interfacesConfig-version.cmake\n'}
[0.572191] (custom_interfaces) StdoutLine: {'line': b'-- Up-to-date: /home/cnutter/turtlebot4_ws/install/custom_interfaces/share/custom_interfaces/package.xml\n'}
[0.572357] (custom_interfaces) CommandEnded: {'returncode': 0}
[0.600526] (-) TimerEvent: {}
[0.637921] (custom_interfaces) JobEnded: {'identifier': 'custom_interfaces', 'rc': 0}
[0.639209] (lab3_pkg) JobStarted: {'identifier': 'lab3_pkg'}
[0.645258] (final) JobStarted: {'identifier': 'final'}
[0.651920] (lab5_pkg) JobStarted: {'identifier': 'lab5_pkg'}
[0.700646] (-) TimerEvent: {}
[0.801016] (-) TimerEvent: {}
[0.901249] (-) TimerEvent: {}
[1.001487] (-) TimerEvent: {}
[1.101678] (-) TimerEvent: {}
[1.201920] (-) TimerEvent: {}
[1.302144] (-) TimerEvent: {}
[1.320592] (lab2_pkg) Command: {'cmd': ['/usr/bin/python3', '-W', 'ignore:setup.py install is deprecated', '-W', 'ignore:easy_install command is deprecated', 'setup.py', 'egg_info', '--egg-base', '../../build/lab2_pkg', 'build', '--build-base', '/home/cnutter/turtlebot4_ws/build/lab2_pkg/build', 'install', '--record', '/home/cnutter/turtlebot4_ws/build/lab2_pkg/install.log', '--single-version-externally-managed', 'install_data'], 'cwd': '/home/cnutter/turtlebot4_ws/src/lab2_pkg', 'env': {'USER': 'cnutter@plu.edu', 'GZ_SIM_RESOURCE_PATH': '/opt/ros/jazzy/share', 'GZ_CONFIG_PATH': '/opt/ros/jazzy/opt/gz_sim_vendor/share/gz:/opt/ros/jazzy/opt/sdformat_vendor/share/gz:/opt/ros/jazzy/opt/gz_gui_vendor/share/gz:/opt/ros/jazzy/opt/gz_transport_vendor/share/gz:/opt/ros/jazzy/opt/gz_rendering_vendor/share/gz:/opt/ros/jazzy/opt/gz_plugin_vendor/share/gz:/opt/ros/jazzy/opt/gz_fuel_tools_vendor/share/gz:/opt/ros/jazzy/opt/gz_msgs_vendor/share/gz:/opt/ros/jazzy/opt/gz_common_vendor/share/gz', 'XDG_SESSION_TYPE': 'wayland', 'CLUTTER_DISABLE_MIPMAPPED_TEXT': '1', 'SHLVL': '1', 'LD_LIBRARY_PATH': '/home/cnutter/turtlebot4_ws/install/custom_interfaces/lib:/opt/ros/jazzy/opt/gz_sim_vendor/lib:/opt/ros/jazzy/opt/gz_sensors_vendor/lib:/opt/ros/jazzy/opt/gz_physics_vendor/lib:/opt/ros/jazzy/opt/sdformat_vendor/lib:/opt/ros/jazzy/opt/rviz_ogre_vendor/lib:/opt/ros/jazzy/lib/x86_64-linux-gnu:/opt/ros/jazzy/opt/gz_gui_vendor/lib:/opt/ros/jazzy/opt/gz_transport_vendor/lib:/opt/ros/jazzy/opt/gz_rendering_vendor/lib:/opt/ros/jazzy/opt/gz_plugin_vendor/lib:/opt/ros/jazzy/opt/gz_fuel_tools_vendor/lib:/opt/ros/jazzy/opt/gz_msgs_vendor/lib:/opt/ros/jazzy/opt/gz_common_vendor/lib:/opt/ros/jazzy/opt/gz_math_vendor/lib:/opt/ros/jazzy/opt/gz_utils_vendor/lib:/opt/ros/jazzy/opt/gz_tools_vendor/lib:/opt/ros/jazzy/opt/gz_ogre_next_vendor/lib:/opt/ros/jazzy/opt/gz_dartsim_vendor/lib:/opt/ros/jazzy/opt/gz_cmake_vendor/lib:/opt/ros/jazzy/lib', 'OLDPWD': '/home/cnutter', 'HOME': '/home/cnutter', 'DESKTOP_SESSION': 'ubuntu', 'GTK_MODULES': 'gail:atk-bridge', 'GNOME_SHELL_SESSION_MODE': 'ubuntu', 'ROS_PYTHON_VERSION': '3', 'SYSTEMD_EXEC_PID': '28407', 'DBUS_SESSION_BUS_ADDRESS': 'unix:path=/run/user/481847517/bus', 'GSM_SKIP_SSH_AGENT_WORKAROUND': 'true', 'COLORTERM': 'truecolor', 'CONDA_CHANGEPS1': 'no', 'WAYLAND_DISPLAY': 'wayland-0', 'ROS_DISTRO': 'jazzy', 'COLCON_PREFIX_PATH': '/home/cnutter/turtlebot4_ws/install', 'LOGNAME': 'cnutter@plu.edu', '_': '/usr/bin/colcon', 'MEMORY_PRESSURE_WATCH': '/sys/fs/cgroup/user.slice/user-481847517.slice/user@481847517.service/session.slice/org.gnome.Shell@wayland.service/memory.pressure', 'XDG_SESSION_CLASS': 'user', 'ROS_VERSION': '2', 'USERNAME': 'cnutter@plu.edu', 'TERM': 'xterm-256color', 'PROMPT_EOL_MARK': '', 'ROS_SUPER_CLIENT': 'True', 'GNOME_DESKTOP_SESSION_ID': 'this-is-deprecated', 'PATH': '/opt/ros/jazzy/opt/gz_msgs_vendor/bin:/opt/ros/jazzy/opt/gz_tools_vendor/bin:/opt/ros/jazzy/opt/gz_ogre_next_vendor/bin:/opt/ros/jazzy/bin:/usr/local/sbin:/usr/local/bin:/usr/sbin:/usr/bin:/sbin:/bin:/usr/games:/usr/local/games:/snap/bin:/snap/bin', 'SESSION_MANAGER': 'local/csci20122:@/tmp/.ICE-unix/28375,unix/csci20122:/tmp/.ICE-unix/28375', 'GNOME_TERMINAL_SCREEN': '/org/gnome/Terminal/screen/d1815c0c_3a98_4119_8e51_c4952ecb9ec0', 'XDG_MENU_PREFIX': 'gnome-', 'GNOME_SETUP_DISPLAY': ':1', 'XDG_RUNTIME_DIR': '/run/user/481847517', 'DISPLAY': ':0', 'XDG_CURRENT_DESKTOP': 'ubuntu:GNOME', 'LANG': 'en_US.UTF-8', 'RMW_IMPLEMENTATION': 'rmw_fastrtps_cpp', 'XDG_SESSION_DESKTOP': 'ubuntu', 'GNOME_TERMINAL_SERVICE': ':1.132', 'XMODIFIERS': '@im=ibus', 'XAUTHORITY': '/run/user/481847517/.mutter-Xwaylandauth.BBP1O3', 'SSH_AUTH_SOCK': '/run/user/481847517/keyring/ssh', 'AMENT_PREFIX_PATH': '/home/cnutter/turtlebot4_ws/install/lab_bringup:/home/cnutter/turtlebot4_ws/install/lab5_pkg:/home/cnutter/turtlebot4_ws/install/final_bringup:/home/cnutter/turtlebot4_ws/install/lab3_pkg:/home/cnutter/turtlebot4_ws/install/lab2_pkg:/home/cnutter/turtlebot4_ws/install/lab1_pkg:/home/cnutter/turtlebot4_ws/install/final:/home/cnutter/turtlebot4_ws/install/custom_interfaces:/opt/ros/jazzy', 'ROS_DOMAIN_ID': '0', 'KRB5CCNAME': 'FILE:/tmp/krb5cc_481847517_OSmN3a', 'SHELL': '/bin/zsh', 'ROS_DISCOVERY_SERVER': '10.5.113.101:11811', 'QT_ACCESSIBILITY': '1', 'GDMSESSION': 'ubuntu', 'QT_IM_MODULE': 'ibus', 'ROS_AUTOMATIC_DISCOVERY_RANGE': 'SUBNET', 'PWD': '/home/cnutter/turtlebot4_ws/build/lab2_pkg', 'XDG_DATA_DIRS': '/usr/local/share/:/usr/share/:/var/lib/snapd/desktop', 'VIRTUAL_ENV_DISABLE_PROMPT': '12', 'PYTHONPATH': '/home/cnutter/turtlebot4_ws/build/lab2_pkg/prefix_override:/usr/lib/python3/dist-packages/colcon_core/task/python/colcon_distutils_commands:/home/cnutter/turtlebot4_ws/install/lab2_pkg/lib/python3.12/site-packages:/home/cnutter/turtlebot4_ws/install/lab5_pkg/lib/python3.12/site-packages:/home/cnutter/turtlebot4_ws/install/lab3_pkg/lib/python3.12/site-packages:/home/cnutter/turtlebot4_ws/install/lab2_pkg/lib/python3.12/site-packages:/home/cnutter/turtlebot4_ws/install/lab1_pkg/lib/python3.12/site-packages:/home/cnutter/turtlebot4_ws/install/final/lib/python3.12/site-packages:/home/cnutter/turtlebot4_ws/install/custom_interfaces/lib/python3.12/site-packages:/opt/ros/jazzy/lib/python3.12/site-packages', 'COLCON': '1', 'VTE_VERSION': '7600', 'MEMORY_PRESSURE_WRITE': 'c29tZSAyMDAwMDAgMjAwMDAwMAA=', 'CMAKE_PREFIX_PATH': '/home/cnutter/turtlebot4_ws/install/lab_bringup:/home/cnutter/turtlebot4_ws/install/final_bringup:/home/cnutter/turtlebot4_ws/install/custom_interfaces:/opt/ros/jazzy/opt/gz_sim_vendor:/opt/ros/jazzy/opt/gz_sensors_vendor:/opt/ros/jazzy/opt/gz_physics_vendor:/opt/ros/jazzy/opt/sdformat_vendor:/opt/ros/jazzy/opt/gz_gui_vendor:/opt/ros/jazzy/opt/gz_transport_vendor:/opt/ros/jazzy/opt/gz_rendering_vendor:/opt/ros/jazzy/opt/gz_plugin_vendor:/opt/ros/jazzy/opt/gz_fuel_tools_vendor:/opt/ros/jazzy/opt/gz_msgs_vendor:/opt/ros/jazzy/opt/gz_common_vendor:/opt/ros/jazzy/opt/gz_math_vendor:/opt/ros/jazzy/opt/gz_utils_vendor:/opt/ros/jazzy/opt/gz_tools_vendor:/opt/ros/jazzy/opt/gz_ogre_next_vendor:/opt/ros/jazzy/opt/gz_dartsim_vendor:/opt/ros/jazzy/opt/gz_cmake_vendor'}, 'shell': False}
[1.322501] (lab1_pkg) Command: {'cmd': ['/usr/bin/python3', '-W', 'ignore:setup.py install is deprecated', '-W', 'ignore:easy_install command is deprecated', 'setup.py', 'egg_info', '--egg-base', '../../build/lab1_pkg', 'build', '--build-base', '/home/cnutter/turtlebot4_ws/build/lab1_pkg/build', 'install', '--record', '/home/cnutter/turtlebot4_ws/build/lab1_pkg/install.log', '--single-version-externally-managed', 'install_data'], 'cwd': '/home/cnutter/turtlebot4_ws/src/lab1_pkg', 'env': {'USER': 'cnutter@plu.edu', 'GZ_SIM_RESOURCE_PATH': '/opt/ros/jazzy/share', 'GZ_CONFIG_PATH': '/opt/ros/jazzy/opt/gz_sim_vendor/share/gz:/opt/ros/jazzy/opt/sdformat_vendor/share/gz:/opt/ros/jazzy/opt/gz_gui_vendor/share/gz:/opt/ros/jazzy/opt/gz_transport_vendor/share/gz:/opt/ros/jazzy/opt/gz_rendering_vendor/share/gz:/opt/ros/jazzy/opt/gz_plugin_vendor/share/gz:/opt/ros/jazzy/opt/gz_fuel_tools_vendor/share/gz:/opt/ros/jazzy/opt/gz_msgs_vendor/share/gz:/opt/ros/jazzy/opt/gz_common_vendor/share/gz', 'XDG_SESSION_TYPE': 'wayland', 'CLUTTER_DISABLE_MIPMAPPED_TEXT': '1', 'SHLVL': '1', 'LD_LIBRARY_PATH': '/home/cnutter/turtlebot4_ws/install/custom_interfaces/lib:/opt/ros/jazzy/opt/gz_sim_vendor/lib:/opt/ros/jazzy/opt/gz_sensors_vendor/lib:/opt/ros/jazzy/opt/gz_physics_vendor/lib:/opt/ros/jazzy/opt/sdformat_vendor/lib:/opt/ros/jazzy/opt/rviz_ogre_vendor/lib:/opt/ros/jazzy/lib/x86_64-linux-gnu:/opt/ros/jazzy/opt/gz_gui_vendor/lib:/opt/ros/jazzy/opt/gz_transport_vendor/lib:/opt/ros/jazzy/opt/gz_rendering_vendor/lib:/opt/ros/jazzy/opt/gz_plugin_vendor/lib:/opt/ros/jazzy/opt/gz_fuel_tools_vendor/lib:/opt/ros/jazzy/opt/gz_msgs_vendor/lib:/opt/ros/jazzy/opt/gz_common_vendor/lib:/opt/ros/jazzy/opt/gz_math_vendor/lib:/opt/ros/jazzy/opt/gz_utils_vendor/lib:/opt/ros/jazzy/opt/gz_tools_vendor/lib:/opt/ros/jazzy/opt/gz_ogre_next_vendor/lib:/opt/ros/jazzy/opt/gz_dartsim_vendor/lib:/opt/ros/jazzy/opt/gz_cmake_vendor/lib:/opt/ros/jazzy/lib', 'OLDPWD': '/home/cnutter', 'HOME': '/home/cnutter', 'DESKTOP_SESSION': 'ubuntu', 'GTK_MODULES': 'gail:atk-bridge', 'GNOME_SHELL_SESSION_MODE': 'ubuntu', 'ROS_PYTHON_VERSION': '3', 'SYSTEMD_EXEC_PID': '28407', 'DBUS_SESSION_BUS_ADDRESS': 'unix:path=/run/user/481847517/bus', 'GSM_SKIP_SSH_AGENT_WORKAROUND': 'true', 'COLORTERM': 'truecolor', 'CONDA_CHANGEPS1': 'no', 'WAYLAND_DISPLAY': 'wayland-0', 'ROS_DISTRO': 'jazzy', 'COLCON_PREFIX_PATH': '/home/cnutter/turtlebot4_ws/install', 'LOGNAME': 'cnutter@plu.edu', '_': '/usr/bin/colcon', 'MEMORY_PRESSURE_WATCH': '/sys/fs/cgroup/user.slice/user-481847517.slice/user@481847517.service/session.slice/org.gnome.Shell@wayland.service/memory.pressure', 'XDG_SESSION_CLASS': 'user', 'ROS_VERSION': '2', 'USERNAME': 'cnutter@plu.edu', 'TERM': 'xterm-256color', 'PROMPT_EOL_MARK': '', 'ROS_SUPER_CLIENT': 'True', 'GNOME_DESKTOP_SESSION_ID': 'this-is-deprecated', 'PATH': '/opt/ros/jazzy/opt/gz_msgs_vendor/bin:/opt/ros/jazzy/opt/gz_tools_vendor/bin:/opt/ros/jazzy/opt/gz_ogre_next_vendor/bin:/opt/ros/jazzy/bin:/usr/local/sbin:/usr/local/bin:/usr/sbin:/usr/bin:/sbin:/bin:/usr/games:/usr/local/games:/snap/bin:/snap/bin', 'SESSION_MANAGER': 'local/csci20122:@/tmp/.ICE-unix/28375,unix/csci20122:/tmp/.ICE-unix/28375', 'GNOME_TERMINAL_SCREEN': '/org/gnome/Terminal/screen/d1815c0c_3a98_4119_8e51_c4952ecb9ec0', 'XDG_MENU_PREFIX': 'gnome-', 'GNOME_SETUP_DISPLAY': ':1', 'XDG_RUNTIME_DIR': '/run/user/481847517', 'DISPLAY': ':0', 'XDG_CURRENT_DESKTOP': 'ubuntu:GNOME', 'LANG': 'en_US.UTF-8', 'RMW_IMPLEMENTATION': 'rmw_fastrtps_cpp', 'XDG_SESSION_DESKTOP': 'ubuntu', 'GNOME_TERMINAL_SERVICE': ':1.132', 'XMODIFIERS': '@im=ibus', 'XAUTHORITY': '/run/user/481847517/.mutter-Xwaylandauth.BBP1O3', 'SSH_AUTH_SOCK': '/run/user/481847517/keyring/ssh', 'AMENT_PREFIX_PATH': '/home/cnutter/turtlebot4_ws/install/lab_bringup:/home/cnutter/turtlebot4_ws/install/lab5_pkg:/home/cnutter/turtlebot4_ws/install/final_bringup:/home/cnutter/turtlebot4_ws/install/lab3_pkg:/home/cnutter/turtlebot4_ws/install/lab2_pkg:/home/cnutter/turtlebot4_ws/install/lab1_pkg:/home/cnutter/turtlebot4_ws/install/final:/home/cnutter/turtlebot4_ws/install/custom_interfaces:/opt/ros/jazzy', 'ROS_DOMAIN_ID': '0', 'KRB5CCNAME': 'FILE:/tmp/krb5cc_481847517_OSmN3a', 'SHELL': '/bin/zsh', 'ROS_DISCOVERY_SERVER': '10.5.113.101:11811', 'QT_ACCESSIBILITY': '1', 'GDMSESSION': 'ubuntu', 'QT_IM_MODULE': 'ibus', 'ROS_AUTOMATIC_DISCOVERY_RANGE': 'SUBNET', 'PWD': '/home/cnutter/turtlebot4_ws/build/lab1_pkg', 'XDG_DATA_DIRS': '/usr/local/share/:/usr/share/:/var/lib/snapd/desktop', 'VIRTUAL_ENV_DISABLE_PROMPT': '12', 'PYTHONPATH': '/home/cnutter/turtlebot4_ws/build/lab1_pkg/prefix_override:/usr/lib/python3/dist-packages/colcon_core/task/python/colcon_distutils_commands:/home/cnutter/turtlebot4_ws/install/lab1_pkg/lib/python3.12/site-packages:/home/cnutter/turtlebot4_ws/install/lab5_pkg/lib/python3.12/site-packages:/home/cnutter/turtlebot4_ws/install/lab3_pkg/lib/python3.12/site-packages:/home/cnutter/turtlebot4_ws/install/lab2_pkg/lib/python3.12/site-packages:/home/cnutter/turtlebot4_ws/install/lab1_pkg/lib/python3.12/site-packages:/home/cnutter/turtlebot4_ws/install/final/lib/python3.12/site-packages:/home/cnutter/turtlebot4_ws/install/custom_interfaces/lib/python3.12/site-packages:/opt/ros/jazzy/lib/python3.12/site-packages', 'COLCON': '1', 'VTE_VERSION': '7600', 'MEMORY_PRESSURE_WRITE': 'c29tZSAyMDAwMDAgMjAwMDAwMAA=', 'CMAKE_PREFIX_PATH': '/home/cnutter/turtlebot4_ws/install/lab_bringup:/home/cnutter/turtlebot4_ws/install/final_bringup:/home/cnutter/turtlebot4_ws/install/custom_interfaces:/opt/ros/jazzy/opt/gz_sim_vendor:/opt/ros/jazzy/opt/gz_sensors_vendor:/opt/ros/jazzy/opt/gz_physics_vendor:/opt/ros/jazzy/opt/sdformat_vendor:/opt/ros/jazzy/opt/gz_gui_vendor:/opt/ros/jazzy/opt/gz_transport_vendor:/opt/ros/jazzy/opt/gz_rendering_vendor:/opt/ros/jazzy/opt/gz_plugin_vendor:/opt/ros/jazzy/opt/gz_fuel_tools_vendor:/opt/ros/jazzy/opt/gz_msgs_vendor:/opt/ros/jazzy/opt/gz_common_vendor:/opt/ros/jazzy/opt/gz_math_vendor:/opt/ros/jazzy/opt/gz_utils_vendor:/opt/ros/jazzy/opt/gz_tools_vendor:/opt/ros/jazzy/opt/gz_ogre_next_vendor:/opt/ros/jazzy/opt/gz_dartsim_vendor:/opt/ros/jazzy/opt/gz_cmake_vendor'}, 'shell': False}
[1.402238] (-) TimerEvent: {}
[1.502484] (-) TimerEvent: {}
[1.602682] (-) TimerEvent: {}
[1.627033] (lab1_pkg) StdoutLine: {'line': b'running egg_info\n'}
[1.627628] (lab2_pkg) StdoutLine: {'line': b'running egg_info\n'}
[1.652896] (lab1_pkg) StdoutLine: {'line': b'writing ../../build/lab1_pkg/lab1_pkg.egg-info/PKG-INFO\n'}
[1.653157] (lab1_pkg) StdoutLine: {'line': b'writing dependency_links to ../../build/lab1_pkg/lab1_pkg.egg-info/dependency_links.txt\n'}
[1.653354] (lab1_pkg) StdoutLine: {'line': b'writing entry points to ../../build/lab1_pkg/lab1_pkg.egg-info/entry_points.txt\n'}
[1.653569] (lab1_pkg) StdoutLine: {'line': b'writing requirements to ../../build/lab1_pkg/lab1_pkg.egg-info/requires.txt\n'}
[1.653748] (lab1_pkg) StdoutLine: {'line': b'writing top-level names to ../../build/lab1_pkg/lab1_pkg.egg-info/top_level.txt\n'}
[1.662689] (lab2_pkg) StdoutLine: {'line': b'writing ../../build/lab2_pkg/lab2_pkg.egg-info/PKG-INFO\n'}
[1.662959] (lab2_pkg) StdoutLine: {'line': b'writing dependency_links to ../../build/lab2_pkg/lab2_pkg.egg-info/dependency_links.txt\n'}
[1.663151] (lab2_pkg) StdoutLine: {'line': b'writing entry points to ../../build/lab2_pkg/lab2_pkg.egg-info/entry_points.txt\n'}
[1.663306] (lab2_pkg) StdoutLine: {'line': b'writing requirements to ../../build/lab2_pkg/lab2_pkg.egg-info/requires.txt\n'}
[1.663466] (lab2_pkg) StdoutLine: {'line': b'writing top-level names to ../../build/lab2_pkg/lab2_pkg.egg-info/top_level.txt\n'}
[1.689598] (lab2_pkg) StdoutLine: {'line': b"reading manifest file '../../build/lab2_pkg/lab2_pkg.egg-info/SOURCES.txt'\n"}
[1.690250] (lab2_pkg) StdoutLine: {'line': b"writing manifest file '../../build/lab2_pkg/lab2_pkg.egg-info/SOURCES.txt'\n"}
[1.690440] (lab2_pkg) StdoutLine: {'line': b'running build\n'}
[1.690555] (lab2_pkg) StdoutLine: {'line': b'running install\n'}
[1.697438] (lab2_pkg) StdoutLine: {'line': b'running install_data\n'}
[1.697590] (lab2_pkg) StdoutLine: {'line': b'running install_egg_info\n'}
[1.702750] (-) TimerEvent: {}
[1.711527] (lab1_pkg) StdoutLine: {'line': b"reading manifest file '../../build/lab1_pkg/lab1_pkg.egg-info/SOURCES.txt'\n"}
[1.712352] (lab1_pkg) StdoutLine: {'line': b"writing manifest file '../../build/lab1_pkg/lab1_pkg.egg-info/SOURCES.txt'\n"}
[1.712536] (lab1_pkg) StdoutLine: {'line': b'running build\n'}
[1.712639] (lab1_pkg) StdoutLine: {'line': b'running build_py\n'}
[1.712926] (lab1_pkg) StdoutLine: {'line': b'running install\n'}
[1.718176] (lab1_pkg) StdoutLine: {'line': b'running install_lib\n'}
[1.744167] (lab1_pkg) StdoutLine: {'line': b'running install_data\n'}
[1.744333] (lab1_pkg) StdoutLine: {'line': b'running install_egg_info\n'}
[1.761832] (lab2_pkg) StdoutLine: {'line': b"removing '/home/cnutter/turtlebot4_ws/install/lab2_pkg/lib/python3.12/site-packages/lab2_pkg-0.0.0-py3.12.egg-info' (and everything under it)\n"}
[1.762160] (lab2_pkg) StdoutLine: {'line': b'Copying ../../build/lab2_pkg/lab2_pkg.egg-info to /home/cnutter/turtlebot4_ws/install/lab2_pkg/lib/python3.12/site-packages/lab2_pkg-0.0.0-py3.12.egg-info\n'}
[1.765282] (lab2_pkg) StdoutLine: {'line': b'running install_scripts\n'}
[1.772142] (lab1_pkg) StdoutLine: {'line': b"removing '/home/cnutter/turtlebot4_ws/install/lab1_pkg/lib/python3.12/site-packages/lab1_pkg-0.0.0-py3.12.egg-info' (and everything under it)\n"}
[1.772389] (lab1_pkg) StdoutLine: {'line': b'Copying ../../build/lab1_pkg/lab1_pkg.egg-info to /home/cnutter/turtlebot4_ws/install/lab1_pkg/lib/python3.12/site-packages/lab1_pkg-0.0.0-py3.12.egg-info\n'}
[1.774986] (lab1_pkg) StdoutLine: {'line': b'running install_scripts\n'}
[1.802835] (-) TimerEvent: {}
[1.903070] (-) TimerEvent: {}
[1.934783] (lab1_pkg) StdoutLine: {'line': b'Installing speed_behavior_node script to /home/cnutter/turtlebot4_ws/install/lab1_pkg/lib/lab1_pkg\n'}
[1.935121] (lab1_pkg) StdoutLine: {'line': b"writing list of installed files to '/home/cnutter/turtlebot4_ws/build/lab1_pkg/install.log'\n"}
[1.938588] (lab2_pkg) StdoutLine: {'line': b'Installing SCOD script to /home/cnutter/turtlebot4_ws/install/lab2_pkg/lib/lab2_pkg\n'}
[1.938871] (lab2_pkg) StdoutLine: {'line': b"writing list of installed files to '/home/cnutter/turtlebot4_ws/build/lab2_pkg/install.log'\n"}
[1.963352] (lab1_pkg) CommandEnded: {'returncode': 0}
[1.969467] (lab1_pkg) JobEnded: {'identifier': 'lab1_pkg', 'rc': 0}
[1.971541] (lab2_pkg) CommandEnded: {'returncode': 0}
[1.979796] (lab2_pkg) JobEnded: {'identifier': 'lab2_pkg', 'rc': 0}
[2.003208] (-) TimerEvent: {}
[2.023028] (lab5_pkg) Command: {'cmd': ['/usr/bin/python3', '-W', 'ignore:setup.py install is deprecated', '-W', 'ignore:easy_install command is deprecated', 'setup.py', 'egg_info', '--egg-base', '../../build/lab5_pkg', 'build', '--build-base', '/home/cnutter/turtlebot4_ws/build/lab5_pkg/build', 'install', '--record', '/home/cnutter/turtlebot4_ws/build/lab5_pkg/install.log', '--single-version-externally-managed', 'install_data'], 'cwd': '/home/cnutter/turtlebot4_ws/src/lab5_pkg', 'env': {'USER': 'cnutter@plu.edu', 'GZ_SIM_RESOURCE_PATH': '/opt/ros/jazzy/share', 'GZ_CONFIG_PATH': '/opt/ros/jazzy/opt/gz_sim_vendor/share/gz:/opt/ros/jazzy/opt/sdformat_vendor/share/gz:/opt/ros/jazzy/opt/gz_gui_vendor/share/gz:/opt/ros/jazzy/opt/gz_transport_vendor/share/gz:/opt/ros/jazzy/opt/gz_rendering_vendor/share/gz:/opt/ros/jazzy/opt/gz_plugin_vendor/share/gz:/opt/ros/jazzy/opt/gz_fuel_tools_vendor/share/gz:/opt/ros/jazzy/opt/gz_msgs_vendor/share/gz:/opt/ros/jazzy/opt/gz_common_vendor/share/gz', 'XDG_SESSION_TYPE': 'wayland', 'CLUTTER_DISABLE_MIPMAPPED_TEXT': '1', 'SHLVL': '1', 'LD_LIBRARY_PATH': '/home/cnutter/turtlebot4_ws/install/custom_interfaces/lib:/opt/ros/jazzy/opt/gz_sim_vendor/lib:/opt/ros/jazzy/opt/gz_sensors_vendor/lib:/opt/ros/jazzy/opt/gz_physics_vendor/lib:/opt/ros/jazzy/opt/sdformat_vendor/lib:/opt/ros/jazzy/opt/rviz_ogre_vendor/lib:/opt/ros/jazzy/lib/x86_64-linux-gnu:/opt/ros/jazzy/opt/gz_gui_vendor/lib:/opt/ros/jazzy/opt/gz_transport_vendor/lib:/opt/ros/jazzy/opt/gz_rendering_vendor/lib:/opt/ros/jazzy/opt/gz_plugin_vendor/lib:/opt/ros/jazzy/opt/gz_fuel_tools_vendor/lib:/opt/ros/jazzy/opt/gz_msgs_vendor/lib:/opt/ros/jazzy/opt/gz_common_vendor/lib:/opt/ros/jazzy/opt/gz_math_vendor/lib:/opt/ros/jazzy/opt/gz_utils_vendor/lib:/opt/ros/jazzy/opt/gz_tools_vendor/lib:/opt/ros/jazzy/opt/gz_ogre_next_vendor/lib:/opt/ros/jazzy/opt/gz_dartsim_vendor/lib:/opt/ros/jazzy/opt/gz_cmake_vendor/lib:/opt/ros/jazzy/lib', 'OLDPWD': '/home/cnutter', 'HOME': '/home/cnutter', 'DESKTOP_SESSION': 'ubuntu', 'GTK_MODULES': 'gail:atk-bridge', 'GNOME_SHELL_SESSION_MODE': 'ubuntu', 'ROS_PYTHON_VERSION': '3', 'SYSTEMD_EXEC_PID': '28407', 'DBUS_SESSION_BUS_ADDRESS': 'unix:path=/run/user/481847517/bus', 'GSM_SKIP_SSH_AGENT_WORKAROUND': 'true', 'COLORTERM': 'truecolor', 'CONDA_CHANGEPS1': 'no', 'WAYLAND_DISPLAY': 'wayland-0', 'ROS_DISTRO': 'jazzy', 'COLCON_PREFIX_PATH': '/home/cnutter/turtlebot4_ws/install', 'LOGNAME': 'cnutter@plu.edu', '_': '/usr/bin/colcon', 'MEMORY_PRESSURE_WATCH': '/sys/fs/cgroup/user.slice/user-481847517.slice/user@481847517.service/session.slice/org.gnome.Shell@wayland.service/memory.pressure', 'XDG_SESSION_CLASS': 'user', 'ROS_VERSION': '2', 'USERNAME': 'cnutter@plu.edu', 'TERM': 'xterm-256color', 'PROMPT_EOL_MARK': '', 'ROS_SUPER_CLIENT': 'True', 'GNOME_DESKTOP_SESSION_ID': 'this-is-deprecated', 'PATH': '/opt/ros/jazzy/opt/gz_msgs_vendor/bin:/opt/ros/jazzy/opt/gz_tools_vendor/bin:/opt/ros/jazzy/opt/gz_ogre_next_vendor/bin:/opt/ros/jazzy/bin:/usr/local/sbin:/usr/local/bin:/usr/sbin:/usr/bin:/sbin:/bin:/usr/games:/usr/local/games:/snap/bin:/snap/bin', 'SESSION_MANAGER': 'local/csci20122:@/tmp/.ICE-unix/28375,unix/csci20122:/tmp/.ICE-unix/28375', 'GNOME_TERMINAL_SCREEN': '/org/gnome/Terminal/screen/d1815c0c_3a98_4119_8e51_c4952ecb9ec0', 'XDG_MENU_PREFIX': 'gnome-', 'GNOME_SETUP_DISPLAY': ':1', 'XDG_RUNTIME_DIR': '/run/user/481847517', 'DISPLAY': ':0', 'XDG_CURRENT_DESKTOP': 'ubuntu:GNOME', 'LANG': 'en_US.UTF-8', 'RMW_IMPLEMENTATION': 'rmw_fastrtps_cpp', 'XDG_SESSION_DESKTOP': 'ubuntu', 'GNOME_TERMINAL_SERVICE': ':1.132', 'XMODIFIERS': '@im=ibus', 'XAUTHORITY': '/run/user/481847517/.mutter-Xwaylandauth.BBP1O3', 'SSH_AUTH_SOCK': '/run/user/481847517/keyring/ssh', 'AMENT_PREFIX_PATH': '/home/cnutter/turtlebot4_ws/install/lab_bringup:/home/cnutter/turtlebot4_ws/install/lab5_pkg:/home/cnutter/turtlebot4_ws/install/final_bringup:/home/cnutter/turtlebot4_ws/install/lab3_pkg:/home/cnutter/turtlebot4_ws/install/lab2_pkg:/home/cnutter/turtlebot4_ws/install/lab1_pkg:/home/cnutter/turtlebot4_ws/install/final:/home/cnutter/turtlebot4_ws/install/custom_interfaces:/opt/ros/jazzy', 'ROS_DOMAIN_ID': '0', 'KRB5CCNAME': 'FILE:/tmp/krb5cc_481847517_OSmN3a', 'SHELL': '/bin/zsh', 'ROS_DISCOVERY_SERVER': '10.5.113.101:11811', 'QT_ACCESSIBILITY': '1', 'GDMSESSION': 'ubuntu', 'QT_IM_MODULE': 'ibus', 'ROS_AUTOMATIC_DISCOVERY_RANGE': 'SUBNET', 'PWD': '/home/cnutter/turtlebot4_ws/build/lab5_pkg', 'XDG_DATA_DIRS': '/usr/local/share/:/usr/share/:/var/lib/snapd/desktop', 'VIRTUAL_ENV_DISABLE_PROMPT': '12', 'PYTHONPATH': '/home/cnutter/turtlebot4_ws/build/lab5_pkg/prefix_override:/usr/lib/python3/dist-packages/colcon_core/task/python/colcon_distutils_commands:/home/cnutter/turtlebot4_ws/install/lab5_pkg/lib/python3.12/site-packages:/home/cnutter/turtlebot4_ws/install/custom_interfaces/lib/python3.12/site-packages:/home/cnutter/turtlebot4_ws/install/lab5_pkg/lib/python3.12/site-packages:/home/cnutter/turtlebot4_ws/install/lab3_pkg/lib/python3.12/site-packages:/home/cnutter/turtlebot4_ws/install/lab2_pkg/lib/python3.12/site-packages:/home/cnutter/turtlebot4_ws/install/lab1_pkg/lib/python3.12/site-packages:/home/cnutter/turtlebot4_ws/install/final/lib/python3.12/site-packages:/opt/ros/jazzy/lib/python3.12/site-packages', 'COLCON': '1', 'VTE_VERSION': '7600', 'MEMORY_PRESSURE_WRITE': 'c29tZSAyMDAwMDAgMjAwMDAwMAA=', 'CMAKE_PREFIX_PATH': '/home/cnutter/turtlebot4_ws/install/custom_interfaces:/home/cnutter/turtlebot4_ws/install/lab_bringup:/home/cnutter/turtlebot4_ws/install/final_bringup:/opt/ros/jazzy/opt/gz_sim_vendor:/opt/ros/jazzy/opt/gz_sensors_vendor:/opt/ros/jazzy/opt/gz_physics_vendor:/opt/ros/jazzy/opt/sdformat_vendor:/opt/ros/jazzy/opt/gz_gui_vendor:/opt/ros/jazzy/opt/gz_transport_vendor:/opt/ros/jazzy/opt/gz_rendering_vendor:/opt/ros/jazzy/opt/gz_plugin_vendor:/opt/ros/jazzy/opt/gz_fuel_tools_vendor:/opt/ros/jazzy/opt/gz_msgs_vendor:/opt/ros/jazzy/opt/gz_common_vendor:/opt/ros/jazzy/opt/gz_math_vendor:/opt/ros/jazzy/opt/gz_utils_vendor:/opt/ros/jazzy/opt/gz_tools_vendor:/opt/ros/jazzy/opt/gz_ogre_next_vendor:/opt/ros/jazzy/opt/gz_dartsim_vendor:/opt/ros/jazzy/opt/gz_cmake_vendor'}, 'shell': False}
[2.047588] (final) Command: {'cmd': ['/usr/bin/python3', '-W', 'ignore:setup.py install is deprecated', '-W', 'ignore:easy_install command is deprecated', 'setup.py', 'egg_info', '--egg-base', '../../build/final', 'build', '--build-base', '/home/cnutter/turtlebot4_ws/build/final/build', 'install', '--record', '/home/cnutter/turtlebot4_ws/build/final/install.log', '--single-version-externally-managed', 'install_data'], 'cwd': '/home/cnutter/turtlebot4_ws/src/final', 'env': {'USER': 'cnutter@plu.edu', 'GZ_SIM_RESOURCE_PATH': '/opt/ros/jazzy/share', 'GZ_CONFIG_PATH': '/opt/ros/jazzy/opt/gz_sim_vendor/share/gz:/opt/ros/jazzy/opt/sdformat_vendor/share/gz:/opt/ros/jazzy/opt/gz_gui_vendor/share/gz:/opt/ros/jazzy/opt/gz_transport_vendor/share/gz:/opt/ros/jazzy/opt/gz_rendering_vendor/share/gz:/opt/ros/jazzy/opt/gz_plugin_vendor/share/gz:/opt/ros/jazzy/opt/gz_fuel_tools_vendor/share/gz:/opt/ros/jazzy/opt/gz_msgs_vendor/share/gz:/opt/ros/jazzy/opt/gz_common_vendor/share/gz', 'XDG_SESSION_TYPE': 'wayland', 'CLUTTER_DISABLE_MIPMAPPED_TEXT': '1', 'SHLVL': '1', 'LD_LIBRARY_PATH': '/home/cnutter/turtlebot4_ws/install/custom_interfaces/lib:/opt/ros/jazzy/opt/gz_sim_vendor/lib:/opt/ros/jazzy/opt/gz_sensors_vendor/lib:/opt/ros/jazzy/opt/gz_physics_vendor/lib:/opt/ros/jazzy/opt/sdformat_vendor/lib:/opt/ros/jazzy/opt/rviz_ogre_vendor/lib:/opt/ros/jazzy/lib/x86_64-linux-gnu:/opt/ros/jazzy/opt/gz_gui_vendor/lib:/opt/ros/jazzy/opt/gz_transport_vendor/lib:/opt/ros/jazzy/opt/gz_rendering_vendor/lib:/opt/ros/jazzy/opt/gz_plugin_vendor/lib:/opt/ros/jazzy/opt/gz_fuel_tools_vendor/lib:/opt/ros/jazzy/opt/gz_msgs_vendor/lib:/opt/ros/jazzy/opt/gz_common_vendor/lib:/opt/ros/jazzy/opt/gz_math_vendor/lib:/opt/ros/jazzy/opt/gz_utils_vendor/lib:/opt/ros/jazzy/opt/gz_tools_vendor/lib:/opt/ros/jazzy/opt/gz_ogre_next_vendor/lib:/opt/ros/jazzy/opt/gz_dartsim_vendor/lib:/opt/ros/jazzy/opt/gz_cmake_vendor/lib:/opt/ros/jazzy/lib', 'OLDPWD': '/home/cnutter', 'HOME': '/home/cnutter', 'DESKTOP_SESSION': 'ubuntu', 'GTK_MODULES': 'gail:atk-bridge', 'GNOME_SHELL_SESSION_MODE': 'ubuntu', 'ROS_PYTHON_VERSION': '3', 'SYSTEMD_EXEC_PID': '28407', 'DBUS_SESSION_BUS_ADDRESS': 'unix:path=/run/user/481847517/bus', 'GSM_SKIP_SSH_AGENT_WORKAROUND': 'true', 'COLORTERM': 'truecolor', 'CONDA_CHANGEPS1': 'no', 'WAYLAND_DISPLAY': 'wayland-0', 'ROS_DISTRO': 'jazzy', 'COLCON_PREFIX_PATH': '/home/cnutter/turtlebot4_ws/install', 'LOGNAME': 'cnutter@plu.edu', '_': '/usr/bin/colcon', 'MEMORY_PRESSURE_WATCH': '/sys/fs/cgroup/user.slice/user-481847517.slice/user@481847517.service/session.slice/org.gnome.Shell@wayland.service/memory.pressure', 'XDG_SESSION_CLASS': 'user', 'ROS_VERSION': '2', 'USERNAME': 'cnutter@plu.edu', 'TERM': 'xterm-256color', 'PROMPT_EOL_MARK': '', 'ROS_SUPER_CLIENT': 'True', 'GNOME_DESKTOP_SESSION_ID': 'this-is-deprecated', 'PATH': '/opt/ros/jazzy/opt/gz_msgs_vendor/bin:/opt/ros/jazzy/opt/gz_tools_vendor/bin:/opt/ros/jazzy/opt/gz_ogre_next_vendor/bin:/opt/ros/jazzy/bin:/usr/local/sbin:/usr/local/bin:/usr/sbin:/usr/bin:/sbin:/bin:/usr/games:/usr/local/games:/snap/bin:/snap/bin', 'SESSION_MANAGER': 'local/csci20122:@/tmp/.ICE-unix/28375,unix/csci20122:/tmp/.ICE-unix/28375', 'GNOME_TERMINAL_SCREEN': '/org/gnome/Terminal/screen/d1815c0c_3a98_4119_8e51_c4952ecb9ec0', 'XDG_MENU_PREFIX': 'gnome-', 'GNOME_SETUP_DISPLAY': ':1', 'XDG_RUNTIME_DIR': '/run/user/481847517', 'DISPLAY': ':0', 'XDG_CURRENT_DESKTOP': 'ubuntu:GNOME', 'LANG': 'en_US.UTF-8', 'RMW_IMPLEMENTATION': 'rmw_fastrtps_cpp', 'XDG_SESSION_DESKTOP': 'ubuntu', 'GNOME_TERMINAL_SERVICE': ':1.132', 'XMODIFIERS': '@im=ibus', 'XAUTHORITY': '/run/user/481847517/.mutter-Xwaylandauth.BBP1O3', 'SSH_AUTH_SOCK': '/run/user/481847517/keyring/ssh', 'AMENT_PREFIX_PATH': '/home/cnutter/turtlebot4_ws/install/lab_bringup:/home/cnutter/turtlebot4_ws/install/lab5_pkg:/home/cnutter/turtlebot4_ws/install/final_bringup:/home/cnutter/turtlebot4_ws/install/lab3_pkg:/home/cnutter/turtlebot4_ws/install/lab2_pkg:/home/cnutter/turtlebot4_ws/install/lab1_pkg:/home/cnutter/turtlebot4_ws/install/final:/home/cnutter/turtlebot4_ws/install/custom_interfaces:/opt/ros/jazzy', 'ROS_DOMAIN_ID': '0', 'KRB5CCNAME': 'FILE:/tmp/krb5cc_481847517_OSmN3a', 'SHELL': '/bin/zsh', 'ROS_DISCOVERY_SERVER': '10.5.113.101:11811', 'QT_ACCESSIBILITY': '1', 'GDMSESSION': 'ubuntu', 'QT_IM_MODULE': 'ibus', 'ROS_AUTOMATIC_DISCOVERY_RANGE': 'SUBNET', 'PWD': '/home/cnutter/turtlebot4_ws/build/final', 'XDG_DATA_DIRS': '/usr/local/share/:/usr/share/:/var/lib/snapd/desktop', 'VIRTUAL_ENV_DISABLE_PROMPT': '12', 'PYTHONPATH': '/home/cnutter/turtlebot4_ws/build/final/prefix_override:/usr/lib/python3/dist-packages/colcon_core/task/python/colcon_distutils_commands:/home/cnutter/turtlebot4_ws/install/final/lib/python3.12/site-packages:/home/cnutter/turtlebot4_ws/install/custom_interfaces/lib/python3.12/site-packages:/home/cnutter/turtlebot4_ws/install/lab5_pkg/lib/python3.12/site-packages:/home/cnutter/turtlebot4_ws/install/lab3_pkg/lib/python3.12/site-packages:/home/cnutter/turtlebot4_ws/install/lab2_pkg/lib/python3.12/site-packages:/home/cnutter/turtlebot4_ws/install/lab1_pkg/lib/python3.12/site-packages:/home/cnutter/turtlebot4_ws/install/final/lib/python3.12/site-packages:/opt/ros/jazzy/lib/python3.12/site-packages', 'COLCON': '1', 'VTE_VERSION': '7600', 'MEMORY_PRESSURE_WRITE': 'c29tZSAyMDAwMDAgMjAwMDAwMAA=', 'CMAKE_PREFIX_PATH': '/home/cnutter/turtlebot4_ws/install/custom_interfaces:/home/cnutter/turtlebot4_ws/install/lab_bringup:/home/cnutter/turtlebot4_ws/install/final_bringup:/opt/ros/jazzy/opt/gz_sim_vendor:/opt/ros/jazzy/opt/gz_sensors_vendor:/opt/ros/jazzy/opt/gz_physics_vendor:/opt/ros/jazzy/opt/sdformat_vendor:/opt/ros/jazzy/opt/gz_gui_vendor:/opt/ros/jazzy/opt/gz_transport_vendor:/opt/ros/jazzy/opt/gz_rendering_vendor:/opt/ros/jazzy/opt/gz_plugin_vendor:/opt/ros/jazzy/opt/gz_fuel_tools_vendor:/opt/ros/jazzy/opt/gz_msgs_vendor:/opt/ros/jazzy/opt/gz_common_vendor:/opt/ros/jazzy/opt/gz_math_vendor:/opt/ros/jazzy/opt/gz_utils_vendor:/opt/ros/jazzy/opt/gz_tools_vendor:/opt/ros/jazzy/opt/gz_ogre_next_vendor:/opt/ros/jazzy/opt/gz_dartsim_vendor:/opt/ros/jazzy/opt/gz_cmake_vendor'}, 'shell': False}
[2.057315] (lab3_pkg) Command: {'cmd': ['/usr/bin/python3', '-W', 'ignore:setup.py install is deprecated', '-W', 'ignore:easy_install command is deprecated', 'setup.py', 'egg_info', '--egg-base', '../../build/lab3_pkg', 'build', '--build-base', '/home/cnutter/turtlebot4_ws/build/lab3_pkg/build', 'install', '--record', '/home/cnutter/turtlebot4_ws/build/lab3_pkg/install.log', '--single-version-externally-managed', 'install_data'], 'cwd': '/home/cnutter/turtlebot4_ws/src/lab3_pkg', 'env': {'USER': 'cnutter@plu.edu', 'GZ_SIM_RESOURCE_PATH': '/opt/ros/jazzy/share', 'GZ_CONFIG_PATH': '/opt/ros/jazzy/opt/gz_sim_vendor/share/gz:/opt/ros/jazzy/opt/sdformat_vendor/share/gz:/opt/ros/jazzy/opt/gz_gui_vendor/share/gz:/opt/ros/jazzy/opt/gz_transport_vendor/share/gz:/opt/ros/jazzy/opt/gz_rendering_vendor/share/gz:/opt/ros/jazzy/opt/gz_plugin_vendor/share/gz:/opt/ros/jazzy/opt/gz_fuel_tools_vendor/share/gz:/opt/ros/jazzy/opt/gz_msgs_vendor/share/gz:/opt/ros/jazzy/opt/gz_common_vendor/share/gz', 'XDG_SESSION_TYPE': 'wayland', 'CLUTTER_DISABLE_MIPMAPPED_TEXT': '1', 'SHLVL': '1', 'LD_LIBRARY_PATH': '/home/cnutter/turtlebot4_ws/install/custom_interfaces/lib:/opt/ros/jazzy/opt/gz_sim_vendor/lib:/opt/ros/jazzy/opt/gz_sensors_vendor/lib:/opt/ros/jazzy/opt/gz_physics_vendor/lib:/opt/ros/jazzy/opt/sdformat_vendor/lib:/opt/ros/jazzy/opt/rviz_ogre_vendor/lib:/opt/ros/jazzy/lib/x86_64-linux-gnu:/opt/ros/jazzy/opt/gz_gui_vendor/lib:/opt/ros/jazzy/opt/gz_transport_vendor/lib:/opt/ros/jazzy/opt/gz_rendering_vendor/lib:/opt/ros/jazzy/opt/gz_plugin_vendor/lib:/opt/ros/jazzy/opt/gz_fuel_tools_vendor/lib:/opt/ros/jazzy/opt/gz_msgs_vendor/lib:/opt/ros/jazzy/opt/gz_common_vendor/lib:/opt/ros/jazzy/opt/gz_math_vendor/lib:/opt/ros/jazzy/opt/gz_utils_vendor/lib:/opt/ros/jazzy/opt/gz_tools_vendor/lib:/opt/ros/jazzy/opt/gz_ogre_next_vendor/lib:/opt/ros/jazzy/opt/gz_dartsim_vendor/lib:/opt/ros/jazzy/opt/gz_cmake_vendor/lib:/opt/ros/jazzy/lib', 'OLDPWD': '/home/cnutter', 'HOME': '/home/cnutter', 'DESKTOP_SESSION': 'ubuntu', 'GTK_MODULES': 'gail:atk-bridge', 'GNOME_SHELL_SESSION_MODE': 'ubuntu', 'ROS_PYTHON_VERSION': '3', 'SYSTEMD_EXEC_PID': '28407', 'DBUS_SESSION_BUS_ADDRESS': 'unix:path=/run/user/481847517/bus', 'GSM_SKIP_SSH_AGENT_WORKAROUND': 'true', 'COLORTERM': 'truecolor', 'CONDA_CHANGEPS1': 'no', 'WAYLAND_DISPLAY': 'wayland-0', 'ROS_DISTRO': 'jazzy', 'COLCON_PREFIX_PATH': '/home/cnutter/turtlebot4_ws/install', 'LOGNAME': 'cnutter@plu.edu', '_': '/usr/bin/colcon', 'MEMORY_PRESSURE_WATCH': '/sys/fs/cgroup/user.slice/user-481847517.slice/user@481847517.service/session.slice/org.gnome.Shell@wayland.service/memory.pressure', 'XDG_SESSION_CLASS': 'user', 'ROS_VERSION': '2', 'USERNAME': 'cnutter@plu.edu', 'TERM': 'xterm-256color', 'PROMPT_EOL_MARK': '', 'ROS_SUPER_CLIENT': 'True', 'GNOME_DESKTOP_SESSION_ID': 'this-is-deprecated', 'PATH': '/opt/ros/jazzy/opt/gz_msgs_vendor/bin:/opt/ros/jazzy/opt/gz_tools_vendor/bin:/opt/ros/jazzy/opt/gz_ogre_next_vendor/bin:/opt/ros/jazzy/bin:/usr/local/sbin:/usr/local/bin:/usr/sbin:/usr/bin:/sbin:/bin:/usr/games:/usr/local/games:/snap/bin:/snap/bin', 'SESSION_MANAGER': 'local/csci20122:@/tmp/.ICE-unix/28375,unix/csci20122:/tmp/.ICE-unix/28375', 'GNOME_TERMINAL_SCREEN': '/org/gnome/Terminal/screen/d1815c0c_3a98_4119_8e51_c4952ecb9ec0', 'XDG_MENU_PREFIX': 'gnome-', 'GNOME_SETUP_DISPLAY': ':1', 'XDG_RUNTIME_DIR': '/run/user/481847517', 'DISPLAY': ':0', 'XDG_CURRENT_DESKTOP': 'ubuntu:GNOME', 'LANG': 'en_US.UTF-8', 'RMW_IMPLEMENTATION': 'rmw_fastrtps_cpp', 'XDG_SESSION_DESKTOP': 'ubuntu', 'GNOME_TERMINAL_SERVICE': ':1.132', 'XMODIFIERS': '@im=ibus', 'XAUTHORITY': '/run/user/481847517/.mutter-Xwaylandauth.BBP1O3', 'SSH_AUTH_SOCK': '/run/user/481847517/keyring/ssh', 'AMENT_PREFIX_PATH': '/home/cnutter/turtlebot4_ws/install/lab_bringup:/home/cnutter/turtlebot4_ws/install/lab5_pkg:/home/cnutter/turtlebot4_ws/install/final_bringup:/home/cnutter/turtlebot4_ws/install/lab3_pkg:/home/cnutter/turtlebot4_ws/install/lab2_pkg:/home/cnutter/turtlebot4_ws/install/lab1_pkg:/home/cnutter/turtlebot4_ws/install/final:/home/cnutter/turtlebot4_ws/install/custom_interfaces:/opt/ros/jazzy', 'ROS_DOMAIN_ID': '0', 'KRB5CCNAME': 'FILE:/tmp/krb5cc_481847517_OSmN3a', 'SHELL': '/bin/zsh', 'ROS_DISCOVERY_SERVER': '10.5.113.101:11811', 'QT_ACCESSIBILITY': '1', 'GDMSESSION': 'ubuntu', 'QT_IM_MODULE': 'ibus', 'ROS_AUTOMATIC_DISCOVERY_RANGE': 'SUBNET', 'PWD': '/home/cnutter/turtlebot4_ws/build/lab3_pkg', 'XDG_DATA_DIRS': '/usr/local/share/:/usr/share/:/var/lib/snapd/desktop', 'VIRTUAL_ENV_DISABLE_PROMPT': '12', 'PYTHONPATH': '/home/cnutter/turtlebot4_ws/build/lab3_pkg/prefix_override:/usr/lib/python3/dist-packages/colcon_core/task/python/colcon_distutils_commands:/home/cnutter/turtlebot4_ws/install/lab3_pkg/lib/python3.12/site-packages:/home/cnutter/turtlebot4_ws/install/custom_interfaces/lib/python3.12/site-packages:/home/cnutter/turtlebot4_ws/install/lab5_pkg/lib/python3.12/site-packages:/home/cnutter/turtlebot4_ws/install/lab3_pkg/lib/python3.12/site-packages:/home/cnutter/turtlebot4_ws/install/lab2_pkg/lib/python3.12/site-packages:/home/cnutter/turtlebot4_ws/install/lab1_pkg/lib/python3.12/site-packages:/home/cnutter/turtlebot4_ws/install/final/lib/python3.12/site-packages:/opt/ros/jazzy/lib/python3.12/site-packages', 'COLCON': '1', 'VTE_VERSION': '7600', 'MEMORY_PRESSURE_WRITE': 'c29tZSAyMDAwMDAgMjAwMDAwMAA=', 'CMAKE_PREFIX_PATH': '/home/cnutter/turtlebot4_ws/install/custom_interfaces:/home/cnutter/turtlebot4_ws/install/lab_bringup:/home/cnutter/turtlebot4_ws/install/final_bringup:/opt/ros/jazzy/opt/gz_sim_vendor:/opt/ros/jazzy/opt/gz_sensors_vendor:/opt/ros/jazzy/opt/gz_physics_vendor:/opt/ros/jazzy/opt/sdformat_vendor:/opt/ros/jazzy/opt/gz_gui_vendor:/opt/ros/jazzy/opt/gz_transport_vendor:/opt/ros/jazzy/opt/gz_rendering_vendor:/opt/ros/jazzy/opt/gz_plugin_vendor:/opt/ros/jazzy/opt/gz_fuel_tools_vendor:/opt/ros/jazzy/opt/gz_msgs_vendor:/opt/ros/jazzy/opt/gz_common_vendor:/opt/ros/jazzy/opt/gz_math_vendor:/opt/ros/jazzy/opt/gz_utils_vendor:/opt/ros/jazzy/opt/gz_tools_vendor:/opt/ros/jazzy/opt/gz_ogre_next_vendor:/opt/ros/jazzy/opt/gz_dartsim_vendor:/opt/ros/jazzy/opt/gz_cmake_vendor'}, 'shell': False}
[2.103301] (-) TimerEvent: {}
[2.203531] (-) TimerEvent: {}
[2.303792] (-) TimerEvent: {}
[2.325775] (lab5_pkg) StdoutLine: {'line': b'running egg_info\n'}
[2.344605] (final) StdoutLine: {'line': b'running egg_info\n'}
[2.350509] (lab5_pkg) StdoutLine: {'line': b'writing ../../build/lab5_pkg/lab5_pkg.egg-info/PKG-INFO\n'}
[2.350726] (lab5_pkg) StdoutLine: {'line': b'writing dependency_links to ../../build/lab5_pkg/lab5_pkg.egg-info/dependency_links.txt\n'}
[2.350970] (lab5_pkg) StdoutLine: {'line': b'writing entry points to ../../build/lab5_pkg/lab5_pkg.egg-info/entry_points.txt\n'}
[2.351121] (lab5_pkg) StdoutLine: {'line': b'writing requirements to ../../build/lab5_pkg/lab5_pkg.egg-info/requires.txt\n'}
[2.351299] (lab5_pkg) StdoutLine: {'line': b'writing top-level names to ../../build/lab5_pkg/lab5_pkg.egg-info/top_level.txt\n'}
[2.354457] (lab3_pkg) StdoutLine: {'line': b'running egg_info\n'}
[2.369931] (final) StdoutLine: {'line': b'writing ../../build/final/final.egg-info/PKG-INFO\n'}
[2.370107] (final) StdoutLine: {'line': b'writing dependency_links to ../../build/final/final.egg-info/dependency_links.txt\n'}
[2.370339] (final) StdoutLine: {'line': b'writing entry points to ../../build/final/final.egg-info/entry_points.txt\n'}
[2.370492] (final) StdoutLine: {'line': b'writing requirements to ../../build/final/final.egg-info/requires.txt\n'}
[2.370642] (final) StdoutLine: {'line': b'writing top-level names to ../../build/final/final.egg-info/top_level.txt\n'}
[2.379308] (lab3_pkg) StdoutLine: {'line': b'writing ../../build/lab3_pkg/lab3_pkg.egg-info/PKG-INFO\n'}
[2.379492] (lab3_pkg) StdoutLine: {'line': b'writing dependency_links to ../../build/lab3_pkg/lab3_pkg.egg-info/dependency_links.txt\n'}
[2.379679] (lab3_pkg) StdoutLine: {'line': b'writing entry points to ../../build/lab3_pkg/lab3_pkg.egg-info/entry_points.txt\n'}
[2.379852] (lab3_pkg) StdoutLine: {'line': b'writing requirements to ../../build/lab3_pkg/lab3_pkg.egg-info/requires.txt\n'}
[2.379995] (lab3_pkg) StdoutLine: {'line': b'writing top-level names to ../../build/lab3_pkg/lab3_pkg.egg-info/top_level.txt\n'}
[2.402349] (lab5_pkg) StdoutLine: {'line': b"reading manifest file '../../build/lab5_pkg/lab5_pkg.egg-info/SOURCES.txt'\n"}
[2.403031] (lab5_pkg) StdoutLine: {'line': b"writing manifest file '../../build/lab5_pkg/lab5_pkg.egg-info/SOURCES.txt'\n"}
[2.403194] (lab5_pkg) StdoutLine: {'line': b'running build\n'}
[2.403341] (lab5_pkg) StdoutLine: {'line': b'running build_py\n'}
[2.403556] (lab5_pkg) StdoutLine: {'line': b'running install\n'}
[2.403857] (-) TimerEvent: {}
[2.408877] (lab5_pkg) StdoutLine: {'line': b'running install_lib\n'}
[2.421393] (final) StdoutLine: {'line': b"reading manifest file '../../build/final/final.egg-info/SOURCES.txt'\n"}
[2.422044] (final) StdoutLine: {'line': b"writing manifest file '../../build/final/final.egg-info/SOURCES.txt'\n"}
[2.422200] (final) StdoutLine: {'line': b'running build\n'}
[2.422343] (final) StdoutLine: {'line': b'running build_py\n'}
[2.422470] (final) StdoutLine: {'line': b'copying final/color_vision.py -> /home/cnutter/turtlebot4_ws/build/final/build/lib/final\n'}
[2.422735] (final) StdoutLine: {'line': b'running install\n'}
[2.427821] (final) StdoutLine: {'line': b'running install_lib\n'}
[2.428973] (lab3_pkg) StdoutLine: {'line': b"reading manifest file '../../build/lab3_pkg/lab3_pkg.egg-info/SOURCES.txt'\n"}
[2.429646] (lab3_pkg) StdoutLine: {'line': b"writing manifest file '../../build/lab3_pkg/lab3_pkg.egg-info/SOURCES.txt'\n"}
[2.429806] (lab3_pkg) StdoutLine: {'line': b'running build\n'}
[2.429952] (lab3_pkg) StdoutLine: {'line': b'running build_py\n'}
[2.430116] (lab3_pkg) StdoutLine: {'line': b'running install\n'}
[2.434554] (lab5_pkg) StdoutLine: {'line': b'running install_data\n'}
[2.434714] (lab5_pkg) StdoutLine: {'line': b'running install_egg_info\n'}
[2.435121] (lab3_pkg) StdoutLine: {'line': b'running install_lib\n'}
[2.452774] (final) StdoutLine: {'line': b'copying /home/cnutter/turtlebot4_ws/build/final/build/lib/final/color_vision.py -> /home/cnutter/turtlebot4_ws/install/final/lib/python3.12/site-packages/final\n'}
[2.453487] (final) StdoutLine: {'line': b'byte-compiling /home/cnutter/turtlebot4_ws/install/final/lib/python3.12/site-packages/final/color_vision.py to color_vision.cpython-312.pyc\n'}
[2.456666] (final) StdoutLine: {'line': b'running install_data\n'}
[2.456836] (final) StdoutLine: {'line': b'running install_egg_info\n'}
[2.460837] (lab3_pkg) StdoutLine: {'line': b'running install_data\n'}
[2.460967] (lab3_pkg) StdoutLine: {'line': b'running install_egg_info\n'}
[2.461861] (lab5_pkg) StdoutLine: {'line': b"removing '/home/cnutter/turtlebot4_ws/install/lab5_pkg/lib/python3.12/site-packages/lab5_pkg-0.0.0-py3.12.egg-info' (and everything under it)\n"}
[2.462136] (lab5_pkg) StdoutLine: {'line': b'Copying ../../build/lab5_pkg/lab5_pkg.egg-info to /home/cnutter/turtlebot4_ws/install/lab5_pkg/lib/python3.12/site-packages/lab5_pkg-0.0.0-py3.12.egg-info\n'}
[2.463998] (lab5_pkg) StdoutLine: {'line': b'running install_scripts\n'}
[2.484297] (final) StdoutLine: {'line': b"removing '/home/cnutter/turtlebot4_ws/install/final/lib/python3.12/site-packages/final-0.0.0-py3.12.egg-info' (and everything under it)\n"}
[2.484499] (final) StdoutLine: {'line': b'Copying ../../build/final/final.egg-info to /home/cnutter/turtlebot4_ws/install/final/lib/python3.12/site-packages/final-0.0.0-py3.12.egg-info\n'}
[2.487093] (lab3_pkg) StdoutLine: {'line': b"removing '/home/cnutter/turtlebot4_ws/install/lab3_pkg/lib/python3.12/site-packages/lab3_pkg-0.0.0-py3.12.egg-info' (and everything under it)\n"}
[2.487322] (lab3_pkg) StdoutLine: {'line': b'Copying ../../build/lab3_pkg/lab3_pkg.egg-info to /home/cnutter/turtlebot4_ws/install/lab3_pkg/lib/python3.12/site-packages/lab3_pkg-0.0.0-py3.12.egg-info\n'}
[2.488883] (final) StdoutLine: {'line': b'running install_scripts\n'}
[2.489875] (lab3_pkg) StdoutLine: {'line': b'running install_scripts\n'}
[2.503964] (-) TimerEvent: {}
[2.604166] (-) TimerEvent: {}
[2.624676] (lab5_pkg) StdoutLine: {'line': b'Installing go_to_goal_client script to /home/cnutter/turtlebot4_ws/install/lab5_pkg/lib/lab5_pkg\n'}
[2.624927] (lab5_pkg) StdoutLine: {'line': b'Installing go_to_goal_server script to /home/cnutter/turtlebot4_ws/install/lab5_pkg/lib/lab5_pkg\n'}
[2.625212] (lab5_pkg) StdoutLine: {'line': b"writing list of installed files to '/home/cnutter/turtlebot4_ws/build/lab5_pkg/install.log'\n"}
[2.646428] (lab5_pkg) CommandEnded: {'returncode': 0}
[2.648681] (lab3_pkg) StdoutLine: {'line': b'Installing SCOD_server script to /home/cnutter/turtlebot4_ws/install/lab3_pkg/lib/lab3_pkg\n'}
[2.648976] (lab3_pkg) StdoutLine: {'line': b'Installing set_cap_client_node script to /home/cnutter/turtlebot4_ws/install/lab3_pkg/lib/lab3_pkg\n'}
[2.649328] (lab3_pkg) StdoutLine: {'line': b"writing list of installed files to '/home/cnutter/turtlebot4_ws/build/lab3_pkg/install.log'\n"}
[2.652478] (lab5_pkg) JobEnded: {'identifier': 'lab5_pkg', 'rc': 0}
[2.657006] (final) StdoutLine: {'line': b'Installing color_vision script to /home/cnutter/turtlebot4_ws/install/final/lib/final\n'}
[2.657276] (final) StdoutLine: {'line': b'Installing get_obs script to /home/cnutter/turtlebot4_ws/install/final/lib/final\n'}
[2.657505] (final) StdoutLine: {'line': b'Installing go_to_goal script to /home/cnutter/turtlebot4_ws/install/final/lib/final\n'}
[2.657739] (final) StdoutLine: {'line': b'Installing goal_client script to /home/cnutter/turtlebot4_ws/install/final/lib/final\n'}
[2.658482] (final) StdoutLine: {'line': b"writing list of installed files to '/home/cnutter/turtlebot4_ws/build/final/install.log'\n"}
[2.680345] (lab3_pkg) CommandEnded: {'returncode': 0}
[2.685516] (lab3_pkg) JobEnded: {'identifier': 'lab3_pkg', 'rc': 0}
[2.686719] (lab_bringup) JobStarted: {'identifier': 'lab_bringup'}
[2.691640] (final) CommandEnded: {'returncode': 0}
[2.697702] (final) JobEnded: {'identifier': 'final', 'rc': 0}
[2.698878] (final_bringup) JobStarted: {'identifier': 'final_bringup'}
[2.704421] (-) TimerEvent: {}
[2.709336] (lab_bringup) JobProgress: {'identifier': 'lab_bringup', 'progress': 'cmake'}
[2.710063] (lab_bringup) JobProgress: {'identifier': 'lab_bringup', 'progress': 'build'}
[2.710355] (lab_bringup) Command: {'cmd': ['/usr/bin/cmake', '--build', '/home/cnutter/turtlebot4_ws/build/lab_bringup', '--', '-j16', '-l16'], 'cwd': '/home/cnutter/turtlebot4_ws/build/lab_bringup', 'env': OrderedDict({'USER': 'cnutter@plu.edu', 'GZ_SIM_RESOURCE_PATH': '/opt/ros/jazzy/share', 'GZ_CONFIG_PATH': '/opt/ros/jazzy/opt/gz_sim_vendor/share/gz:/opt/ros/jazzy/opt/sdformat_vendor/share/gz:/opt/ros/jazzy/opt/gz_gui_vendor/share/gz:/opt/ros/jazzy/opt/gz_transport_vendor/share/gz:/opt/ros/jazzy/opt/gz_rendering_vendor/share/gz:/opt/ros/jazzy/opt/gz_plugin_vendor/share/gz:/opt/ros/jazzy/opt/gz_fuel_tools_vendor/share/gz:/opt/ros/jazzy/opt/gz_msgs_vendor/share/gz:/opt/ros/jazzy/opt/gz_common_vendor/share/gz', 'XDG_SESSION_TYPE': 'wayland', 'CLUTTER_DISABLE_MIPMAPPED_TEXT': '1', 'SHLVL': '1', 'LD_LIBRARY_PATH': '/home/cnutter/turtlebot4_ws/install/custom_interfaces/lib:/opt/ros/jazzy/opt/gz_sim_vendor/lib:/opt/ros/jazzy/opt/gz_sensors_vendor/lib:/opt/ros/jazzy/opt/gz_physics_vendor/lib:/opt/ros/jazzy/opt/sdformat_vendor/lib:/opt/ros/jazzy/opt/rviz_ogre_vendor/lib:/opt/ros/jazzy/lib/x86_64-linux-gnu:/opt/ros/jazzy/opt/gz_gui_vendor/lib:/opt/ros/jazzy/opt/gz_transport_vendor/lib:/opt/ros/jazzy/opt/gz_rendering_vendor/lib:/opt/ros/jazzy/opt/gz_plugin_vendor/lib:/opt/ros/jazzy/opt/gz_fuel_tools_vendor/lib:/opt/ros/jazzy/opt/gz_msgs_vendor/lib:/opt/ros/jazzy/opt/gz_common_vendor/lib:/opt/ros/jazzy/opt/gz_math_vendor/lib:/opt/ros/jazzy/opt/gz_utils_vendor/lib:/opt/ros/jazzy/opt/gz_tools_vendor/lib:/opt/ros/jazzy/opt/gz_ogre_next_vendor/lib:/opt/ros/jazzy/opt/gz_dartsim_vendor/lib:/opt/ros/jazzy/opt/gz_cmake_vendor/lib:/opt/ros/jazzy/lib', 'OLDPWD': '/home/cnutter', 'HOME': '/home/cnutter', 'DESKTOP_SESSION': 'ubuntu', 'GTK_MODULES': 'gail:atk-bridge', 'GNOME_SHELL_SESSION_MODE': 'ubuntu', 'ROS_PYTHON_VERSION': '3', 'SYSTEMD_EXEC_PID': '28407', 'DBUS_SESSION_BUS_ADDRESS': 'unix:path=/run/user/481847517/bus', 'GSM_SKIP_SSH_AGENT_WORKAROUND': 'true', 'COLORTERM': 'truecolor', 'CONDA_CHANGEPS1': 'no', 'WAYLAND_DISPLAY': 'wayland-0', 'ROS_DISTRO': 'jazzy', 'COLCON_PREFIX_PATH': '/home/cnutter/turtlebot4_ws/install', 'LOGNAME': 'cnutter@plu.edu', '_': '/usr/bin/colcon', 'MEMORY_PRESSURE_WATCH': '/sys/fs/cgroup/user.slice/user-481847517.slice/user@481847517.service/session.slice/org.gnome.Shell@wayland.service/memory.pressure', 'XDG_SESSION_CLASS': 'user', 'ROS_VERSION': '2', 'USERNAME': 'cnutter@plu.edu', 'TERM': 'xterm-256color', 'PROMPT_EOL_MARK': '', 'ROS_SUPER_CLIENT': 'True', 'GNOME_DESKTOP_SESSION_ID': 'this-is-deprecated', 'PATH': '/opt/ros/jazzy/opt/gz_msgs_vendor/bin:/opt/ros/jazzy/opt/gz_tools_vendor/bin:/opt/ros/jazzy/opt/gz_ogre_next_vendor/bin:/opt/ros/jazzy/bin:/usr/local/sbin:/usr/local/bin:/usr/sbin:/usr/bin:/sbin:/bin:/usr/games:/usr/local/games:/snap/bin:/snap/bin', 'SESSION_MANAGER': 'local/csci20122:@/tmp/.ICE-unix/28375,unix/csci20122:/tmp/.ICE-unix/28375', 'GNOME_TERMINAL_SCREEN': '/org/gnome/Terminal/screen/d1815c0c_3a98_4119_8e51_c4952ecb9ec0', 'XDG_MENU_PREFIX': 'gnome-', 'GNOME_SETUP_DISPLAY': ':1', 'XDG_RUNTIME_DIR': '/run/user/481847517', 'DISPLAY': ':0', 'XDG_CURRENT_DESKTOP': 'ubuntu:GNOME', 'LANG': 'en_US.UTF-8', 'RMW_IMPLEMENTATION': 'rmw_fastrtps_cpp', 'XDG_SESSION_DESKTOP': 'ubuntu', 'GNOME_TERMINAL_SERVICE': ':1.132', 'XMODIFIERS': '@im=ibus', 'XAUTHORITY': '/run/user/481847517/.mutter-Xwaylandauth.BBP1O3', 'SSH_AUTH_SOCK': '/run/user/481847517/keyring/ssh', 'AMENT_PREFIX_PATH': '/home/cnutter/turtlebot4_ws/install/lab3_pkg:/home/cnutter/turtlebot4_ws/install/lab_bringup:/home/cnutter/turtlebot4_ws/install/lab5_pkg:/home/cnutter/turtlebot4_ws/install/final_bringup:/home/cnutter/turtlebot4_ws/install/lab2_pkg:/home/cnutter/turtlebot4_ws/install/lab1_pkg:/home/cnutter/turtlebot4_ws/install/final:/home/cnutter/turtlebot4_ws/install/custom_interfaces:/opt/ros/jazzy', 'ROS_DOMAIN_ID': '0', 'KRB5CCNAME': 'FILE:/tmp/krb5cc_481847517_OSmN3a', 'SHELL': '/bin/zsh', 'ROS_DISCOVERY_SERVER': '10.5.113.101:11811', 'QT_ACCESSIBILITY': '1', 'GDMSESSION': 'ubuntu', 'QT_IM_MODULE': 'ibus', 'ROS_AUTOMATIC_DISCOVERY_RANGE': 'SUBNET', 'PWD': '/home/cnutter/turtlebot4_ws/build/lab_bringup', 'XDG_DATA_DIRS': '/usr/local/share/:/usr/share/:/var/lib/snapd/desktop', 'VIRTUAL_ENV_DISABLE_PROMPT': '12', 'PYTHONPATH': '/home/cnutter/turtlebot4_ws/install/lab3_pkg/lib/python3.12/site-packages:/home/cnutter/turtlebot4_ws/install/custom_interfaces/lib/python3.12/site-packages:/home/cnutter/turtlebot4_ws/install/lab5_pkg/lib/python3.12/site-packages:/home/cnutter/turtlebot4_ws/install/lab2_pkg/lib/python3.12/site-packages:/home/cnutter/turtlebot4_ws/install/lab1_pkg/lib/python3.12/site-packages:/home/cnutter/turtlebot4_ws/install/final/lib/python3.12/site-packages:/opt/ros/jazzy/lib/python3.12/site-packages', 'COLCON': '1', 'VTE_VERSION': '7600', 'MEMORY_PRESSURE_WRITE': 'c29tZSAyMDAwMDAgMjAwMDAwMAA=', 'CMAKE_PREFIX_PATH': '/home/cnutter/turtlebot4_ws/install/custom_interfaces:/home/cnutter/turtlebot4_ws/install/lab_bringup:/home/cnutter/turtlebot4_ws/install/final_bringup:/opt/ros/jazzy/opt/gz_sim_vendor:/opt/ros/jazzy/opt/gz_sensors_vendor:/opt/ros/jazzy/opt/gz_physics_vendor:/opt/ros/jazzy/opt/sdformat_vendor:/opt/ros/jazzy/opt/gz_gui_vendor:/opt/ros/jazzy/opt/gz_transport_vendor:/opt/ros/jazzy/opt/gz_rendering_vendor:/opt/ros/jazzy/opt/gz_plugin_vendor:/opt/ros/jazzy/opt/gz_fuel_tools_vendor:/opt/ros/jazzy/opt/gz_msgs_vendor:/opt/ros/jazzy/opt/gz_common_vendor:/opt/ros/jazzy/opt/gz_math_vendor:/opt/ros/jazzy/opt/gz_utils_vendor:/opt/ros/jazzy/opt/gz_tools_vendor:/opt/ros/jazzy/opt/gz_ogre_next_vendor:/opt/ros/jazzy/opt/gz_dartsim_vendor:/opt/ros/jazzy/opt/gz_cmake_vendor:/home/cnutter/turtlebot4_ws/install/lab5_pkg:/home/cnutter/turtlebot4_ws/install/lab3_pkg:/home/cnutter/turtlebot4_ws/install/lab2_pkg:/home/cnutter/turtlebot4_ws/install/lab1_pkg:/home/cnutter/turtlebot4_ws/install/final:/opt/ros/jazzy'}), 'shell': False}
[2.717565] (final_bringup) JobProgress: {'identifier': 'final_bringup', 'progress': 'cmake'}
[2.718092] (final_bringup) JobProgress: {'identifier': 'final_bringup', 'progress': 'build'}
[2.718302] (final_bringup) Command: {'cmd': ['/usr/bin/cmake', '--build', '/home/cnutter/turtlebot4_ws/build/final_bringup', '--', '-j16', '-l16'], 'cwd': '/home/cnutter/turtlebot4_ws/build/final_bringup', 'env': OrderedDict({'USER': 'cnutter@plu.edu', 'GZ_SIM_RESOURCE_PATH': '/opt/ros/jazzy/share', 'GZ_CONFIG_PATH': '/opt/ros/jazzy/opt/gz_sim_vendor/share/gz:/opt/ros/jazzy/opt/sdformat_vendor/share/gz:/opt/ros/jazzy/opt/gz_gui_vendor/share/gz:/opt/ros/jazzy/opt/gz_transport_vendor/share/gz:/opt/ros/jazzy/opt/gz_rendering_vendor/share/gz:/opt/ros/jazzy/opt/gz_plugin_vendor/share/gz:/opt/ros/jazzy/opt/gz_fuel_tools_vendor/share/gz:/opt/ros/jazzy/opt/gz_msgs_vendor/share/gz:/opt/ros/jazzy/opt/gz_common_vendor/share/gz', 'XDG_SESSION_TYPE': 'wayland', 'CLUTTER_DISABLE_MIPMAPPED_TEXT': '1', 'SHLVL': '1', 'LD_LIBRARY_PATH': '/home/cnutter/turtlebot4_ws/install/custom_interfaces/lib:/opt/ros/jazzy/opt/gz_sim_vendor/lib:/opt/ros/jazzy/opt/gz_sensors_vendor/lib:/opt/ros/jazzy/opt/gz_physics_vendor/lib:/opt/ros/jazzy/opt/sdformat_vendor/lib:/opt/ros/jazzy/opt/rviz_ogre_vendor/lib:/opt/ros/jazzy/lib/x86_64-linux-gnu:/opt/ros/jazzy/opt/gz_gui_vendor/lib:/opt/ros/jazzy/opt/gz_transport_vendor/lib:/opt/ros/jazzy/opt/gz_rendering_vendor/lib:/opt/ros/jazzy/opt/gz_plugin_vendor/lib:/opt/ros/jazzy/opt/gz_fuel_tools_vendor/lib:/opt/ros/jazzy/opt/gz_msgs_vendor/lib:/opt/ros/jazzy/opt/gz_common_vendor/lib:/opt/ros/jazzy/opt/gz_math_vendor/lib:/opt/ros/jazzy/opt/gz_utils_vendor/lib:/opt/ros/jazzy/opt/gz_tools_vendor/lib:/opt/ros/jazzy/opt/gz_ogre_next_vendor/lib:/opt/ros/jazzy/opt/gz_dartsim_vendor/lib:/opt/ros/jazzy/opt/gz_cmake_vendor/lib:/opt/ros/jazzy/lib', 'OLDPWD': '/home/cnutter', 'HOME': '/home/cnutter', 'DESKTOP_SESSION': 'ubuntu', 'GTK_MODULES': 'gail:atk-bridge', 'GNOME_SHELL_SESSION_MODE': 'ubuntu', 'ROS_PYTHON_VERSION': '3', 'SYSTEMD_EXEC_PID': '28407', 'DBUS_SESSION_BUS_ADDRESS': 'unix:path=/run/user/481847517/bus', 'GSM_SKIP_SSH_AGENT_WORKAROUND': 'true', 'COLORTERM': 'truecolor', 'CONDA_CHANGEPS1': 'no', 'WAYLAND_DISPLAY': 'wayland-0', 'ROS_DISTRO': 'jazzy', 'COLCON_PREFIX_PATH': '/home/cnutter/turtlebot4_ws/install', 'LOGNAME': 'cnutter@plu.edu', '_': '/usr/bin/colcon', 'MEMORY_PRESSURE_WATCH': '/sys/fs/cgroup/user.slice/user-481847517.slice/user@481847517.service/session.slice/org.gnome.Shell@wayland.service/memory.pressure', 'XDG_SESSION_CLASS': 'user', 'ROS_VERSION': '2', 'USERNAME': 'cnutter@plu.edu', 'TERM': 'xterm-256color', 'PROMPT_EOL_MARK': '', 'ROS_SUPER_CLIENT': 'True', 'GNOME_DESKTOP_SESSION_ID': 'this-is-deprecated', 'PATH': '/opt/ros/jazzy/opt/gz_msgs_vendor/bin:/opt/ros/jazzy/opt/gz_tools_vendor/bin:/opt/ros/jazzy/opt/gz_ogre_next_vendor/bin:/opt/ros/jazzy/bin:/usr/local/sbin:/usr/local/bin:/usr/sbin:/usr/bin:/sbin:/bin:/usr/games:/usr/local/games:/snap/bin:/snap/bin', 'SESSION_MANAGER': 'local/csci20122:@/tmp/.ICE-unix/28375,unix/csci20122:/tmp/.ICE-unix/28375', 'GNOME_TERMINAL_SCREEN': '/org/gnome/Terminal/screen/d1815c0c_3a98_4119_8e51_c4952ecb9ec0', 'XDG_MENU_PREFIX': 'gnome-', 'GNOME_SETUP_DISPLAY': ':1', 'XDG_RUNTIME_DIR': '/run/user/481847517', 'DISPLAY': ':0', 'XDG_CURRENT_DESKTOP': 'ubuntu:GNOME', 'LANG': 'en_US.UTF-8', 'RMW_IMPLEMENTATION': 'rmw_fastrtps_cpp', 'XDG_SESSION_DESKTOP': 'ubuntu', 'GNOME_TERMINAL_SERVICE': ':1.132', 'XMODIFIERS': '@im=ibus', 'XAUTHORITY': '/run/user/481847517/.mutter-Xwaylandauth.BBP1O3', 'SSH_AUTH_SOCK': '/run/user/481847517/keyring/ssh', 'AMENT_PREFIX_PATH': '/home/cnutter/turtlebot4_ws/install/lab3_pkg:/home/cnutter/turtlebot4_ws/install/final:/home/cnutter/turtlebot4_ws/install/lab_bringup:/home/cnutter/turtlebot4_ws/install/lab5_pkg:/home/cnutter/turtlebot4_ws/install/final_bringup:/home/cnutter/turtlebot4_ws/install/lab2_pkg:/home/cnutter/turtlebot4_ws/install/lab1_pkg:/home/cnutter/turtlebot4_ws/install/custom_interfaces:/opt/ros/jazzy', 'ROS_DOMAIN_ID': '0', 'KRB5CCNAME': 'FILE:/tmp/krb5cc_481847517_OSmN3a', 'SHELL': '/bin/zsh', 'ROS_DISCOVERY_SERVER': '10.5.113.101:11811', 'QT_ACCESSIBILITY': '1', 'GDMSESSION': 'ubuntu', 'QT_IM_MODULE': 'ibus', 'ROS_AUTOMATIC_DISCOVERY_RANGE': 'SUBNET', 'PWD': '/home/cnutter/turtlebot4_ws/build/final_bringup', 'XDG_DATA_DIRS': '/usr/local/share/:/usr/share/:/var/lib/snapd/desktop', 'VIRTUAL_ENV_DISABLE_PROMPT': '12', 'PYTHONPATH': '/home/cnutter/turtlebot4_ws/install/lab3_pkg/lib/python3.12/site-packages:/home/cnutter/turtlebot4_ws/install/final/lib/python3.12/site-packages:/home/cnutter/turtlebot4_ws/install/custom_interfaces/lib/python3.12/site-packages:/home/cnutter/turtlebot4_ws/install/lab5_pkg/lib/python3.12/site-packages:/home/cnutter/turtlebot4_ws/install/lab2_pkg/lib/python3.12/site-packages:/home/cnutter/turtlebot4_ws/install/lab1_pkg/lib/python3.12/site-packages:/opt/ros/jazzy/lib/python3.12/site-packages', 'COLCON': '1', 'VTE_VERSION': '7600', 'MEMORY_PRESSURE_WRITE': 'c29tZSAyMDAwMDAgMjAwMDAwMAA=', 'CMAKE_PREFIX_PATH': '/home/cnutter/turtlebot4_ws/install/custom_interfaces:/home/cnutter/turtlebot4_ws/install/lab_bringup:/home/cnutter/turtlebot4_ws/install/final_bringup:/opt/ros/jazzy/opt/gz_sim_vendor:/opt/ros/jazzy/opt/gz_sensors_vendor:/opt/ros/jazzy/opt/gz_physics_vendor:/opt/ros/jazzy/opt/sdformat_vendor:/opt/ros/jazzy/opt/gz_gui_vendor:/opt/ros/jazzy/opt/gz_transport_vendor:/opt/ros/jazzy/opt/gz_rendering_vendor:/opt/ros/jazzy/opt/gz_plugin_vendor:/opt/ros/jazzy/opt/gz_fuel_tools_vendor:/opt/ros/jazzy/opt/gz_msgs_vendor:/opt/ros/jazzy/opt/gz_common_vendor:/opt/ros/jazzy/opt/gz_math_vendor:/opt/ros/jazzy/opt/gz_utils_vendor:/opt/ros/jazzy/opt/gz_tools_vendor:/opt/ros/jazzy/opt/gz_ogre_next_vendor:/opt/ros/jazzy/opt/gz_dartsim_vendor:/opt/ros/jazzy/opt/gz_cmake_vendor:/home/cnutter/turtlebot4_ws/install/lab5_pkg:/home/cnutter/turtlebot4_ws/install/lab3_pkg:/home/cnutter/turtlebot4_ws/install/lab2_pkg:/home/cnutter/turtlebot4_ws/install/lab1_pkg:/home/cnutter/turtlebot4_ws/install/final:/opt/ros/jazzy'}), 'shell': False}
[2.749639] (lab_bringup) CommandEnded: {'returncode': 0}
[2.750165] (lab_bringup) JobProgress: {'identifier': 'lab_bringup', 'progress': 'install'}
[2.750461] (lab_bringup) Command: {'cmd': ['/usr/bin/cmake', '--install', '/home/cnutter/turtlebot4_ws/build/lab_bringup'], 'cwd': '/home/cnutter/turtlebot4_ws/build/lab_bringup', 'env': OrderedDict({'USER': 'cnutter@plu.edu', 'GZ_SIM_RESOURCE_PATH': '/opt/ros/jazzy/share', 'GZ_CONFIG_PATH': '/opt/ros/jazzy/opt/gz_sim_vendor/share/gz:/opt/ros/jazzy/opt/sdformat_vendor/share/gz:/opt/ros/jazzy/opt/gz_gui_vendor/share/gz:/opt/ros/jazzy/opt/gz_transport_vendor/share/gz:/opt/ros/jazzy/opt/gz_rendering_vendor/share/gz:/opt/ros/jazzy/opt/gz_plugin_vendor/share/gz:/opt/ros/jazzy/opt/gz_fuel_tools_vendor/share/gz:/opt/ros/jazzy/opt/gz_msgs_vendor/share/gz:/opt/ros/jazzy/opt/gz_common_vendor/share/gz', 'XDG_SESSION_TYPE': 'wayland', 'CLUTTER_DISABLE_MIPMAPPED_TEXT': '1', 'SHLVL': '1', 'LD_LIBRARY_PATH': '/home/cnutter/turtlebot4_ws/install/custom_interfaces/lib:/opt/ros/jazzy/opt/gz_sim_vendor/lib:/opt/ros/jazzy/opt/gz_sensors_vendor/lib:/opt/ros/jazzy/opt/gz_physics_vendor/lib:/opt/ros/jazzy/opt/sdformat_vendor/lib:/opt/ros/jazzy/opt/rviz_ogre_vendor/lib:/opt/ros/jazzy/lib/x86_64-linux-gnu:/opt/ros/jazzy/opt/gz_gui_vendor/lib:/opt/ros/jazzy/opt/gz_transport_vendor/lib:/opt/ros/jazzy/opt/gz_rendering_vendor/lib:/opt/ros/jazzy/opt/gz_plugin_vendor/lib:/opt/ros/jazzy/opt/gz_fuel_tools_vendor/lib:/opt/ros/jazzy/opt/gz_msgs_vendor/lib:/opt/ros/jazzy/opt/gz_common_vendor/lib:/opt/ros/jazzy/opt/gz_math_vendor/lib:/opt/ros/jazzy/opt/gz_utils_vendor/lib:/opt/ros/jazzy/opt/gz_tools_vendor/lib:/opt/ros/jazzy/opt/gz_ogre_next_vendor/lib:/opt/ros/jazzy/opt/gz_dartsim_vendor/lib:/opt/ros/jazzy/opt/gz_cmake_vendor/lib:/opt/ros/jazzy/lib', 'OLDPWD': '/home/cnutter', 'HOME': '/home/cnutter', 'DESKTOP_SESSION': 'ubuntu', 'GTK_MODULES': 'gail:atk-bridge', 'GNOME_SHELL_SESSION_MODE': 'ubuntu', 'ROS_PYTHON_VERSION': '3', 'SYSTEMD_EXEC_PID': '28407', 'DBUS_SESSION_BUS_ADDRESS': 'unix:path=/run/user/481847517/bus', 'GSM_SKIP_SSH_AGENT_WORKAROUND': 'true', 'COLORTERM': 'truecolor', 'CONDA_CHANGEPS1': 'no', 'WAYLAND_DISPLAY': 'wayland-0', 'ROS_DISTRO': 'jazzy', 'COLCON_PREFIX_PATH': '/home/cnutter/turtlebot4_ws/install', 'LOGNAME': 'cnutter@plu.edu', '_': '/usr/bin/colcon', 'MEMORY_PRESSURE_WATCH': '/sys/fs/cgroup/user.slice/user-481847517.slice/user@481847517.service/session.slice/org.gnome.Shell@wayland.service/memory.pressure', 'XDG_SESSION_CLASS': 'user', 'ROS_VERSION': '2', 'USERNAME': 'cnutter@plu.edu', 'TERM': 'xterm-256color', 'PROMPT_EOL_MARK': '', 'ROS_SUPER_CLIENT': 'True', 'GNOME_DESKTOP_SESSION_ID': 'this-is-deprecated', 'PATH': '/opt/ros/jazzy/opt/gz_msgs_vendor/bin:/opt/ros/jazzy/opt/gz_tools_vendor/bin:/opt/ros/jazzy/opt/gz_ogre_next_vendor/bin:/opt/ros/jazzy/bin:/usr/local/sbin:/usr/local/bin:/usr/sbin:/usr/bin:/sbin:/bin:/usr/games:/usr/local/games:/snap/bin:/snap/bin', 'SESSION_MANAGER': 'local/csci20122:@/tmp/.ICE-unix/28375,unix/csci20122:/tmp/.ICE-unix/28375', 'GNOME_TERMINAL_SCREEN': '/org/gnome/Terminal/screen/d1815c0c_3a98_4119_8e51_c4952ecb9ec0', 'XDG_MENU_PREFIX': 'gnome-', 'GNOME_SETUP_DISPLAY': ':1', 'XDG_RUNTIME_DIR': '/run/user/481847517', 'DISPLAY': ':0', 'XDG_CURRENT_DESKTOP': 'ubuntu:GNOME', 'LANG': 'en_US.UTF-8', 'RMW_IMPLEMENTATION': 'rmw_fastrtps_cpp', 'XDG_SESSION_DESKTOP': 'ubuntu', 'GNOME_TERMINAL_SERVICE': ':1.132', 'XMODIFIERS': '@im=ibus', 'XAUTHORITY': '/run/user/481847517/.mutter-Xwaylandauth.BBP1O3', 'SSH_AUTH_SOCK': '/run/user/481847517/keyring/ssh', 'AMENT_PREFIX_PATH': '/home/cnutter/turtlebot4_ws/install/lab3_pkg:/home/cnutter/turtlebot4_ws/install/lab_bringup:/home/cnutter/turtlebot4_ws/install/lab5_pkg:/home/cnutter/turtlebot4_ws/install/final_bringup:/home/cnutter/turtlebot4_ws/install/lab2_pkg:/home/cnutter/turtlebot4_ws/install/lab1_pkg:/home/cnutter/turtlebot4_ws/install/final:/home/cnutter/turtlebot4_ws/install/custom_interfaces:/opt/ros/jazzy', 'ROS_DOMAIN_ID': '0', 'KRB5CCNAME': 'FILE:/tmp/krb5cc_481847517_OSmN3a', 'SHELL': '/bin/zsh', 'ROS_DISCOVERY_SERVER': '10.5.113.101:11811', 'QT_ACCESSIBILITY': '1', 'GDMSESSION': 'ubuntu', 'QT_IM_MODULE': 'ibus', 'ROS_AUTOMATIC_DISCOVERY_RANGE': 'SUBNET', 'PWD': '/home/cnutter/turtlebot4_ws/build/lab_bringup', 'XDG_DATA_DIRS': '/usr/local/share/:/usr/share/:/var/lib/snapd/desktop', 'VIRTUAL_ENV_DISABLE_PROMPT': '12', 'PYTHONPATH': '/home/cnutter/turtlebot4_ws/install/lab3_pkg/lib/python3.12/site-packages:/home/cnutter/turtlebot4_ws/install/custom_interfaces/lib/python3.12/site-packages:/home/cnutter/turtlebot4_ws/install/lab5_pkg/lib/python3.12/site-packages:/home/cnutter/turtlebot4_ws/install/lab2_pkg/lib/python3.12/site-packages:/home/cnutter/turtlebot4_ws/install/lab1_pkg/lib/python3.12/site-packages:/home/cnutter/turtlebot4_ws/install/final/lib/python3.12/site-packages:/opt/ros/jazzy/lib/python3.12/site-packages', 'COLCON': '1', 'VTE_VERSION': '7600', 'MEMORY_PRESSURE_WRITE': 'c29tZSAyMDAwMDAgMjAwMDAwMAA=', 'CMAKE_PREFIX_PATH': '/home/cnutter/turtlebot4_ws/install/custom_interfaces:/home/cnutter/turtlebot4_ws/install/lab_bringup:/home/cnutter/turtlebot4_ws/install/final_bringup:/opt/ros/jazzy/opt/gz_sim_vendor:/opt/ros/jazzy/opt/gz_sensors_vendor:/opt/ros/jazzy/opt/gz_physics_vendor:/opt/ros/jazzy/opt/sdformat_vendor:/opt/ros/jazzy/opt/gz_gui_vendor:/opt/ros/jazzy/opt/gz_transport_vendor:/opt/ros/jazzy/opt/gz_rendering_vendor:/opt/ros/jazzy/opt/gz_plugin_vendor:/opt/ros/jazzy/opt/gz_fuel_tools_vendor:/opt/ros/jazzy/opt/gz_msgs_vendor:/opt/ros/jazzy/opt/gz_common_vendor:/opt/ros/jazzy/opt/gz_math_vendor:/opt/ros/jazzy/opt/gz_utils_vendor:/opt/ros/jazzy/opt/gz_tools_vendor:/opt/ros/jazzy/opt/gz_ogre_next_vendor:/opt/ros/jazzy/opt/gz_dartsim_vendor:/opt/ros/jazzy/opt/gz_cmake_vendor:/home/cnutter/turtlebot4_ws/install/lab5_pkg:/home/cnutter/turtlebot4_ws/install/lab3_pkg:/home/cnutter/turtlebot4_ws/install/lab2_pkg:/home/cnutter/turtlebot4_ws/install/lab1_pkg:/home/cnutter/turtlebot4_ws/install/final:/opt/ros/jazzy'}), 'shell': False}
[2.754999] (final_bringup) CommandEnded: {'returncode': 0}
[2.755491] (final_bringup) JobProgress: {'identifier': 'final_bringup', 'progress': 'install'}
[2.755763] (final_bringup) Command: {'cmd': ['/usr/bin/cmake', '--install', '/home/cnutter/turtlebot4_ws/build/final_bringup'], 'cwd': '/home/cnutter/turtlebot4_ws/build/final_bringup', 'env': OrderedDict({'USER': 'cnutter@plu.edu', 'GZ_SIM_RESOURCE_PATH': '/opt/ros/jazzy/share', 'GZ_CONFIG_PATH': '/opt/ros/jazzy/opt/gz_sim_vendor/share/gz:/opt/ros/jazzy/opt/sdformat_vendor/share/gz:/opt/ros/jazzy/opt/gz_gui_vendor/share/gz:/opt/ros/jazzy/opt/gz_transport_vendor/share/gz:/opt/ros/jazzy/opt/gz_rendering_vendor/share/gz:/opt/ros/jazzy/opt/gz_plugin_vendor/share/gz:/opt/ros/jazzy/opt/gz_fuel_tools_vendor/share/gz:/opt/ros/jazzy/opt/gz_msgs_vendor/share/gz:/opt/ros/jazzy/opt/gz_common_vendor/share/gz', 'XDG_SESSION_TYPE': 'wayland', 'CLUTTER_DISABLE_MIPMAPPED_TEXT': '1', 'SHLVL': '1', 'LD_LIBRARY_PATH': '/home/cnutter/turtlebot4_ws/install/custom_interfaces/lib:/opt/ros/jazzy/opt/gz_sim_vendor/lib:/opt/ros/jazzy/opt/gz_sensors_vendor/lib:/opt/ros/jazzy/opt/gz_physics_vendor/lib:/opt/ros/jazzy/opt/sdformat_vendor/lib:/opt/ros/jazzy/opt/rviz_ogre_vendor/lib:/opt/ros/jazzy/lib/x86_64-linux-gnu:/opt/ros/jazzy/opt/gz_gui_vendor/lib:/opt/ros/jazzy/opt/gz_transport_vendor/lib:/opt/ros/jazzy/opt/gz_rendering_vendor/lib:/opt/ros/jazzy/opt/gz_plugin_vendor/lib:/opt/ros/jazzy/opt/gz_fuel_tools_vendor/lib:/opt/ros/jazzy/opt/gz_msgs_vendor/lib:/opt/ros/jazzy/opt/gz_common_vendor/lib:/opt/ros/jazzy/opt/gz_math_vendor/lib:/opt/ros/jazzy/opt/gz_utils_vendor/lib:/opt/ros/jazzy/opt/gz_tools_vendor/lib:/opt/ros/jazzy/opt/gz_ogre_next_vendor/lib:/opt/ros/jazzy/opt/gz_dartsim_vendor/lib:/opt/ros/jazzy/opt/gz_cmake_vendor/lib:/opt/ros/jazzy/lib', 'OLDPWD': '/home/cnutter', 'HOME': '/home/cnutter', 'DESKTOP_SESSION': 'ubuntu', 'GTK_MODULES': 'gail:atk-bridge', 'GNOME_SHELL_SESSION_MODE': 'ubuntu', 'ROS_PYTHON_VERSION': '3', 'SYSTEMD_EXEC_PID': '28407', 'DBUS_SESSION_BUS_ADDRESS': 'unix:path=/run/user/481847517/bus', 'GSM_SKIP_SSH_AGENT_WORKAROUND': 'true', 'COLORTERM': 'truecolor', 'CONDA_CHANGEPS1': 'no', 'WAYLAND_DISPLAY': 'wayland-0', 'ROS_DISTRO': 'jazzy', 'COLCON_PREFIX_PATH': '/home/cnutter/turtlebot4_ws/install', 'LOGNAME': 'cnutter@plu.edu', '_': '/usr/bin/colcon', 'MEMORY_PRESSURE_WATCH': '/sys/fs/cgroup/user.slice/user-481847517.slice/user@481847517.service/session.slice/org.gnome.Shell@wayland.service/memory.pressure', 'XDG_SESSION_CLASS': 'user', 'ROS_VERSION': '2', 'USERNAME': 'cnutter@plu.edu', 'TERM': 'xterm-256color', 'PROMPT_EOL_MARK': '', 'ROS_SUPER_CLIENT': 'True', 'GNOME_DESKTOP_SESSION_ID': 'this-is-deprecated', 'PATH': '/opt/ros/jazzy/opt/gz_msgs_vendor/bin:/opt/ros/jazzy/opt/gz_tools_vendor/bin:/opt/ros/jazzy/opt/gz_ogre_next_vendor/bin:/opt/ros/jazzy/bin:/usr/local/sbin:/usr/local/bin:/usr/sbin:/usr/bin:/sbin:/bin:/usr/games:/usr/local/games:/snap/bin:/snap/bin', 'SESSION_MANAGER': 'local/csci20122:@/tmp/.ICE-unix/28375,unix/csci20122:/tmp/.ICE-unix/28375', 'GNOME_TERMINAL_SCREEN': '/org/gnome/Terminal/screen/d1815c0c_3a98_4119_8e51_c4952ecb9ec0', 'XDG_MENU_PREFIX': 'gnome-', 'GNOME_SETUP_DISPLAY': ':1', 'XDG_RUNTIME_DIR': '/run/user/481847517', 'DISPLAY': ':0', 'XDG_CURRENT_DESKTOP': 'ubuntu:GNOME', 'LANG': 'en_US.UTF-8', 'RMW_IMPLEMENTATION': 'rmw_fastrtps_cpp', 'XDG_SESSION_DESKTOP': 'ubuntu', 'GNOME_TERMINAL_SERVICE': ':1.132', 'XMODIFIERS': '@im=ibus', 'XAUTHORITY': '/run/user/481847517/.mutter-Xwaylandauth.BBP1O3', 'SSH_AUTH_SOCK': '/run/user/481847517/keyring/ssh', 'AMENT_PREFIX_PATH': '/home/cnutter/turtlebot4_ws/install/lab3_pkg:/home/cnutter/turtlebot4_ws/install/final:/home/cnutter/turtlebot4_ws/install/lab_bringup:/home/cnutter/turtlebot4_ws/install/lab5_pkg:/home/cnutter/turtlebot4_ws/install/final_bringup:/home/cnutter/turtlebot4_ws/install/lab2_pkg:/home/cnutter/turtlebot4_ws/install/lab1_pkg:/home/cnutter/turtlebot4_ws/install/custom_interfaces:/opt/ros/jazzy', 'ROS_DOMAIN_ID': '0', 'KRB5CCNAME': 'FILE:/tmp/krb5cc_481847517_OSmN3a', 'SHELL': '/bin/zsh', 'ROS_DISCOVERY_SERVER': '10.5.113.101:11811', 'QT_ACCESSIBILITY': '1', 'GDMSESSION': 'ubuntu', 'QT_IM_MODULE': 'ibus', 'ROS_AUTOMATIC_DISCOVERY_RANGE': 'SUBNET', 'PWD': '/home/cnutter/turtlebot4_ws/build/final_bringup', 'XDG_DATA_DIRS': '/usr/local/share/:/usr/share/:/var/lib/snapd/desktop', 'VIRTUAL_ENV_DISABLE_PROMPT': '12', 'PYTHONPATH': '/home/cnutter/turtlebot4_ws/install/lab3_pkg/lib/python3.12/site-packages:/home/cnutter/turtlebot4_ws/install/final/lib/python3.12/site-packages:/home/cnutter/turtlebot4_ws/install/custom_interfaces/lib/python3.12/site-packages:/home/cnutter/turtlebot4_ws/install/lab5_pkg/lib/python3.12/site-packages:/home/cnutter/turtlebot4_ws/install/lab2_pkg/lib/python3.12/site-packages:/home/cnutter/turtlebot4_ws/install/lab1_pkg/lib/python3.12/site-packages:/opt/ros/jazzy/lib/python3.12/site-packages', 'COLCON': '1', 'VTE_VERSION': '7600', 'MEMORY_PRESSURE_WRITE': 'c29tZSAyMDAwMDAgMjAwMDAwMAA=', 'CMAKE_PREFIX_PATH': '/home/cnutter/turtlebot4_ws/install/custom_interfaces:/home/cnutter/turtlebot4_ws/install/lab_bringup:/home/cnutter/turtlebot4_ws/install/final_bringup:/opt/ros/jazzy/opt/gz_sim_vendor:/opt/ros/jazzy/opt/gz_sensors_vendor:/opt/ros/jazzy/opt/gz_physics_vendor:/opt/ros/jazzy/opt/sdformat_vendor:/opt/ros/jazzy/opt/gz_gui_vendor:/opt/ros/jazzy/opt/gz_transport_vendor:/opt/ros/jazzy/opt/gz_rendering_vendor:/opt/ros/jazzy/opt/gz_plugin_vendor:/opt/ros/jazzy/opt/gz_fuel_tools_vendor:/opt/ros/jazzy/opt/gz_msgs_vendor:/opt/ros/jazzy/opt/gz_common_vendor:/opt/ros/jazzy/opt/gz_math_vendor:/opt/ros/jazzy/opt/gz_utils_vendor:/opt/ros/jazzy/opt/gz_tools_vendor:/opt/ros/jazzy/opt/gz_ogre_next_vendor:/opt/ros/jazzy/opt/gz_dartsim_vendor:/opt/ros/jazzy/opt/gz_cmake_vendor:/home/cnutter/turtlebot4_ws/install/lab5_pkg:/home/cnutter/turtlebot4_ws/install/lab3_pkg:/home/cnutter/turtlebot4_ws/install/lab2_pkg:/home/cnutter/turtlebot4_ws/install/lab1_pkg:/home/cnutter/turtlebot4_ws/install/final:/opt/ros/jazzy'}), 'shell': False}
[2.757837] (lab_bringup) StdoutLine: {'line': b'-- Install configuration: ""\n'}
[2.757996] (lab_bringup) StdoutLine: {'line': b'-- Up-to-date: /home/cnutter/turtlebot4_ws/install/lab_bringup/share/lab_bringup//launch\n'}
[2.758111] (lab_bringup) StdoutLine: {'line': b'-- Up-to-date: /home/cnutter/turtlebot4_ws/install/lab_bringup/share/lab_bringup//launch/lab4.launch.xml\n'}
[2.758229] (lab_bringup) StdoutLine: {'line': b'-- Up-to-date: /home/cnutter/turtlebot4_ws/install/lab_bringup/share/lab_bringup//launch/lab3.launch.xml\n'}
[2.758335] (lab_bringup) StdoutLine: {'line': b'-- Up-to-date: /home/cnutter/turtlebot4_ws/install/lab_bringup/share/lab_bringup//launch/lab5.launch.xml\n'}
[2.758451] (lab_bringup) StdoutLine: {'line': b'-- Up-to-date: /home/cnutter/turtlebot4_ws/install/lab_bringup/share/ament_index/resource_index/package_run_dependencies/lab_bringup\n'}
[2.758538] (lab_bringup) StdoutLine: {'line': b'-- Up-to-date: /home/cnutter/turtlebot4_ws/install/lab_bringup/share/ament_index/resource_index/parent_prefix_path/lab_bringup\n'}
[2.758609] (lab_bringup) StdoutLine: {'line': b'-- Up-to-date: /home/cnutter/turtlebot4_ws/install/lab_bringup/share/lab_bringup/environment/ament_prefix_path.sh\n'}
[2.758688] (lab_bringup) StdoutLine: {'line': b'-- Up-to-date: /home/cnutter/turtlebot4_ws/install/lab_bringup/share/lab_bringup/environment/ament_prefix_path.dsv\n'}
[2.758768] (lab_bringup) StdoutLine: {'line': b'-- Up-to-date: /home/cnutter/turtlebot4_ws/install/lab_bringup/share/lab_bringup/environment/path.sh\n'}
[2.758855] (lab_bringup) StdoutLine: {'line': b'-- Up-to-date: /home/cnutter/turtlebot4_ws/install/lab_bringup/share/lab_bringup/environment/path.dsv\n'}
[2.758962] (lab_bringup) StdoutLine: {'line': b'-- Up-to-date: /home/cnutter/turtlebot4_ws/install/lab_bringup/share/lab_bringup/local_setup.bash\n'}
[2.759054] (lab_bringup) StdoutLine: {'line': b'-- Up-to-date: /home/cnutter/turtlebot4_ws/install/lab_bringup/share/lab_bringup/local_setup.sh\n'}
[2.759125] (lab_bringup) StdoutLine: {'line': b'-- Up-to-date: /home/cnutter/turtlebot4_ws/install/lab_bringup/share/lab_bringup/local_setup.zsh\n'}
[2.759198] (lab_bringup) StdoutLine: {'line': b'-- Up-to-date: /home/cnutter/turtlebot4_ws/install/lab_bringup/share/lab_bringup/local_setup.dsv\n'}
[2.759268] (lab_bringup) StdoutLine: {'line': b'-- Installing: /home/cnutter/turtlebot4_ws/install/lab_bringup/share/lab_bringup/package.dsv\n'}
[2.759342] (lab_bringup) StdoutLine: {'line': b'-- Up-to-date: /home/cnutter/turtlebot4_ws/install/lab_bringup/share/ament_index/resource_index/packages/lab_bringup\n'}
[2.759411] (lab_bringup) StdoutLine: {'line': b'-- Up-to-date: /home/cnutter/turtlebot4_ws/install/lab_bringup/share/lab_bringup/cmake/lab_bringupConfig.cmake\n'}
[2.759484] (lab_bringup) StdoutLine: {'line': b'-- Up-to-date: /home/cnutter/turtlebot4_ws/install/lab_bringup/share/lab_bringup/cmake/lab_bringupConfig-version.cmake\n'}
[2.759560] (lab_bringup) StdoutLine: {'line': b'-- Up-to-date: /home/cnutter/turtlebot4_ws/install/lab_bringup/share/lab_bringup/package.xml\n'}
[2.760173] (lab_bringup) CommandEnded: {'returncode': 0}
[2.764370] (final_bringup) StdoutLine: {'line': b'-- Install configuration: ""\n'}
[2.764639] (final_bringup) StdoutLine: {'line': b'-- Up-to-date: /home/cnutter/turtlebot4_ws/install/final_bringup/share/final_bringup//launch\n'}
[2.764949] (final_bringup) StdoutLine: {'line': b'-- Up-to-date: /home/cnutter/turtlebot4_ws/install/final_bringup/share/final_bringup//launch/final.launch.xml\n'}
[2.765054] (final_bringup) StdoutLine: {'line': b'-- Up-to-date: /home/cnutter/turtlebot4_ws/install/final_bringup/share/ament_index/resource_index/package_run_dependencies/final_bringup\n'}
[2.765258] (final_bringup) StdoutLine: {'line': b'-- Up-to-date: /home/cnutter/turtlebot4_ws/install/final_bringup/share/ament_index/resource_index/parent_prefix_path/final_bringup\n'}
[2.765503] (final_bringup) StdoutLine: {'line': b'-- Up-to-date: /home/cnutter/turtlebot4_ws/install/final_bringup/share/final_bringup/environment/ament_prefix_path.sh\n'}
[2.765750] (final_bringup) StdoutLine: {'line': b'-- Up-to-date: /home/cnutter/turtlebot4_ws/install/final_bringup/share/final_bringup/environment/ament_prefix_path.dsv\n'}
[2.765935] (final_bringup) StdoutLine: {'line': b'-- Up-to-date: /home/cnutter/turtlebot4_ws/install/final_bringup/share/final_bringup/environment/path.sh\n'}
[2.766097] (final_bringup) StdoutLine: {'line': b'-- Up-to-date: /home/cnutter/turtlebot4_ws/install/final_bringup/share/final_bringup/environment/path.dsv\n'}
[2.766299] (final_bringup) StdoutLine: {'line': b'-- Up-to-date: /home/cnutter/turtlebot4_ws/install/final_bringup/share/final_bringup/local_setup.bash\n'}
[2.766435] (final_bringup) StdoutLine: {'line': b'-- Up-to-date: /home/cnutter/turtlebot4_ws/install/final_bringup/share/final_bringup/local_setup.sh\n'}
[2.766642] (final_bringup) StdoutLine: {'line': b'-- Up-to-date: /home/cnutter/turtlebot4_ws/install/final_bringup/share/final_bringup/local_setup.zsh\n'}
[2.766906] (final_bringup) StdoutLine: {'line': b'-- Up-to-date: /home/cnutter/turtlebot4_ws/install/final_bringup/share/final_bringup/local_setup.dsv\n'}
[2.767282] (final_bringup) StdoutLine: {'line': b'-- Installing: /home/cnutter/turtlebot4_ws/install/final_bringup/share/final_bringup/package.dsv\n'}
[2.767754] (final_bringup) StdoutLine: {'line': b'-- Up-to-date: /home/cnutter/turtlebot4_ws/install/final_bringup/share/ament_index/resource_index/packages/final_bringup\n'}
[2.768136] (final_bringup) StdoutLine: {'line': b'-- Up-to-date: /home/cnutter/turtlebot4_ws/install/final_bringup/share/final_bringup/cmake/final_bringupConfig.cmake\n'}
[2.768325] (final_bringup) StdoutLine: {'line': b'-- Up-to-date: /home/cnutter/turtlebot4_ws/install/final_bringup/share/final_bringup/cmake/final_bringupConfig-version.cmake\n'}
[2.768502] (final_bringup) StdoutLine: {'line': b'-- Up-to-date: /home/cnutter/turtlebot4_ws/install/final_bringup/share/final_bringup/package.xml\n'}
[2.804513] (-) TimerEvent: {}
[2.819364] (lab_bringup) JobEnded: {'identifier': 'lab_bringup', 'rc': 0}
[2.821013] (final_bringup) CommandEnded: {'returncode': 0}
[2.885097] (final_bringup) JobEnded: {'identifier': 'final_bringup', 'rc': 0}
[2.886061] (-) EventReactorShutdown: {}
