[0.000000] (-) TimerEvent: {}
[0.000232] (custom_interfaces) JobQueued: {'identifier': 'custom_interfaces', 'dependencies': OrderedDict()}
[0.000271] (lab1_pkg) JobQueued: {'identifier': 'lab1_pkg', 'dependencies': OrderedDict()}
[0.000320] (lab2_pkg) JobQueued: {'identifier': 'lab2_pkg', 'dependencies': OrderedDict()}
[0.000349] (final) JobQueued: {'identifier': 'final', 'dependencies': OrderedDict({'custom_interfaces': '/home/cnutter/turtlebot4_ws/install/custom_interfaces'})}
[0.000394] (lab3_pkg) JobQueued: {'identifier': 'lab3_pkg', 'dependencies': OrderedDict({'custom_interfaces': '/home/cnutter/turtlebot4_ws/install/custom_interfaces'})}
[0.000427] (lab5_pkg) JobQueued: {'identifier': 'lab5_pkg', 'dependencies': OrderedDict({'custom_interfaces': '/home/cnutter/turtlebot4_ws/install/custom_interfaces'})}
[0.000460] (final_bringup) JobQueued: {'identifier': 'final_bringup', 'dependencies': OrderedDict({'custom_interfaces': '/home/cnutter/turtlebot4_ws/install/custom_interfaces', 'final': '/home/cnutter/turtlebot4_ws/install/final', 'lab3_pkg': '/home/cnutter/turtlebot4_ws/install/lab3_pkg'})}
[0.000507] (lab_bringup) JobQueued: {'identifier': 'lab_bringup', 'dependencies': OrderedDict({'custom_interfaces': '/home/cnutter/turtlebot4_ws/install/custom_interfaces', 'lab3_pkg': '/home/cnutter/turtlebot4_ws/install/lab3_pkg'})}
[0.000538] (custom_interfaces) JobStarted: {'identifier': 'custom_interfaces'}
[0.006528] (lab1_pkg) JobStarted: {'identifier': 'lab1_pkg'}
[0.012882] (lab2_pkg) JobStarted: {'identifier': 'lab2_pkg'}
[0.019657] (custom_interfaces) JobProgress: {'identifier': 'custom_interfaces', 'progress': 'cmake'}
[0.020377] (custom_interfaces) JobProgress: {'identifier': 'custom_interfaces', 'progress': 'build'}
[0.020927] (custom_interfaces) Command: {'cmd': ['/usr/bin/cmake', '--build', '/home/cnutter/turtlebot4_ws/build/custom_interfaces', '--', '-j16', '-l16'], 'cwd': '/home/cnutter/turtlebot4_ws/build/custom_interfaces', 'env': OrderedDict({'USER': 'cnutter@plu.edu', 'GZ_SIM_RESOURCE_PATH': '/opt/ros/jazzy/share', 'GZ_CONFIG_PATH': '/opt/ros/jazzy/opt/gz_sim_vendor/share/gz:/opt/ros/jazzy/opt/sdformat_vendor/share/gz:/opt/ros/jazzy/opt/gz_gui_vendor/share/gz:/opt/ros/jazzy/opt/gz_transport_vendor/share/gz:/opt/ros/jazzy/opt/gz_rendering_vendor/share/gz:/opt/ros/jazzy/opt/gz_plugin_vendor/share/gz:/opt/ros/jazzy/opt/gz_fuel_tools_vendor/share/gz:/opt/ros/jazzy/opt/gz_msgs_vendor/share/gz:/opt/ros/jazzy/opt/gz_common_vendor/share/gz', 'XDG_SESSION_TYPE': 'wayland', 'CLUTTER_DISABLE_MIPMAPPED_TEXT': '1', 'SHLVL': '1', 'LD_LIBRARY_PATH': '/home/cnutter/turtlebot4_ws/install/custom_interfaces/lib:/opt/ros/jazzy/opt/gz_sim_vendor/lib:/opt/ros/jazzy/opt/gz_sensors_vendor/lib:/opt/ros/jazzy/opt/gz_physics_vendor/lib:/opt/ros/jazzy/opt/sdformat_vendor/lib:/opt/ros/jazzy/opt/rviz_ogre_vendor/lib:/opt/ros/jazzy/lib/x86_64-linux-gnu:/opt/ros/jazzy/opt/gz_gui_vendor/lib:/opt/ros/jazzy/opt/gz_transport_vendor/lib:/opt/ros/jazzy/opt/gz_rendering_vendor/lib:/opt/ros/jazzy/opt/gz_plugin_vendor/lib:/opt/ros/jazzy/opt/gz_fuel_tools_vendor/lib:/opt/ros/jazzy/opt/gz_msgs_vendor/lib:/opt/ros/jazzy/opt/gz_common_vendor/lib:/opt/ros/jazzy/opt/gz_math_vendor/lib:/opt/ros/jazzy/opt/gz_utils_vendor/lib:/opt/ros/jazzy/opt/gz_tools_vendor/lib:/opt/ros/jazzy/opt/gz_ogre_next_vendor/lib:/opt/ros/jazzy/opt/gz_dartsim_vendor/lib:/opt/ros/jazzy/opt/gz_cmake_vendor/lib:/opt/ros/jazzy/lib', 'OLDPWD': '/home/cnutter', 'HOME': '/home/cnutter', 'DESKTOP_SESSION': 'ubuntu', 'GTK_MODULES': 'gail:atk-bridge', 'GNOME_SHELL_SESSION_MODE': 'ubuntu', 'ROS_PYTHON_VERSION': '3', 'SYSTEMD_EXEC_PID': '28407', 'DBUS_SESSION_BUS_ADDRESS': 'unix:path=/run/user/481847517/bus', 'GSM_SKIP_SSH_AGENT_WORKAROUND': 'true', 'COLORTERM': 'truecolor', 'CONDA_CHANGEPS1': 'no', 'WAYLAND_DISPLAY': 'wayland-0', 'ROS_DISTRO': 'jazzy', 'COLCON_PREFIX_PATH': '/home/cnutter/turtlebot4_ws/install', 'LOGNAME': 'cnutter@plu.edu', '_': '/usr/bin/colcon', 'MEMORY_PRESSURE_WATCH': '/sys/fs/cgroup/user.slice/user-481847517.slice/user@481847517.service/session.slice/org.gnome.Shell@wayland.service/memory.pressure', 'XDG_SESSION_CLASS': 'user', 'ROS_VERSION': '2', 'USERNAME': 'cnutter@plu.edu', 'TERM': 'xterm-256color', 'PROMPT_EOL_MARK': '', 'ROS_SUPER_CLIENT': 'True', 'GNOME_DESKTOP_SESSION_ID': 'this-is-deprecated', 'PATH': '/opt/ros/jazzy/opt/gz_msgs_vendor/bin:/opt/ros/jazzy/opt/gz_tools_vendor/bin:/opt/ros/jazzy/opt/gz_ogre_next_vendor/bin:/opt/ros/jazzy/bin:/usr/local/sbin:/usr/local/bin:/usr/sbin:/usr/bin:/sbin:/bin:/usr/games:/usr/local/games:/snap/bin:/snap/bin', 'SESSION_MANAGER': 'local/csci20122:@/tmp/.ICE-unix/28375,unix/csci20122:/tmp/.ICE-unix/28375', 'GNOME_TERMINAL_SCREEN': '/org/gnome/Terminal/screen/d1815c0c_3a98_4119_8e51_c4952ecb9ec0', 'XDG_MENU_PREFIX': 'gnome-', 'GNOME_SETUP_DISPLAY': ':1', 'XDG_RUNTIME_DIR': '/run/user/481847517', 'DISPLAY': ':0', 'XDG_CURRENT_DESKTOP': 'ubuntu:GNOME', 'LANG': 'en_US.UTF-8', 'RMW_IMPLEMENTATION': 'rmw_fastrtps_cpp', 'XDG_SESSION_DESKTOP': 'ubuntu', 'GNOME_TERMINAL_SERVICE': ':1.132', 'XMODIFIERS': '@im=ibus', 'XAUTHORITY': '/run/user/481847517/.mutter-Xwaylandauth.BBP1O3', 'SSH_AUTH_SOCK': '/run/user/481847517/keyring/ssh', 'AMENT_PREFIX_PATH': '/home/cnutter/turtlebot4_ws/install/lab_bringup:/home/cnutter/turtlebot4_ws/install/lab5_pkg:/home/cnutter/turtlebot4_ws/install/final_bringup:/home/cnutter/turtlebot4_ws/install/lab3_pkg:/home/cnutter/turtlebot4_ws/install/lab2_pkg:/home/cnutter/turtlebot4_ws/install/lab1_pkg:/home/cnutter/turtlebot4_ws/install/final:/home/cnutter/turtlebot4_ws/install/custom_interfaces:/opt/ros/jazzy', 'ROS_DOMAIN_ID': '0', 'KRB5CCNAME': 'FILE:/tmp/krb5cc_481847517_OSmN3a', 'SHELL': '/bin/zsh', 'ROS_DISCOVERY_SERVER': '10.5.113.101:11811', 'QT_ACCESSIBILITY': '1', 'GDMSESSION': 'ubuntu', 'QT_IM_MODULE': 'ibus', 'ROS_AUTOMATIC_DISCOVERY_RANGE': 'SUBNET', 'PWD': '/home/cnutter/turtlebot4_ws/build/custom_interfaces', 'XDG_DATA_DIRS': '/usr/local/share/:/usr/share/:/var/lib/snapd/desktop', 'VIRTUAL_ENV_DISABLE_PROMPT': '12', 'PYTHONPATH': '/home/cnutter/turtlebot4_ws/install/lab5_pkg/lib/python3.12/site-packages:/home/cnutter/turtlebot4_ws/install/lab3_pkg/lib/python3.12/site-packages:/home/cnutter/turtlebot4_ws/install/lab2_pkg/lib/python3.12/site-packages:/home/cnutter/turtlebot4_ws/install/lab1_pkg/lib/python3.12/site-packages:/home/cnutter/turtlebot4_ws/install/final/lib/python3.12/site-packages:/home/cnutter/turtlebot4_ws/install/custom_interfaces/lib/python3.12/site-packages:/opt/ros/jazzy/lib/python3.12/site-packages', 'COLCON': '1', 'VTE_VERSION': '7600', 'MEMORY_PRESSURE_WRITE': 'c29tZSAyMDAwMDAgMjAwMDAwMAA=', 'CMAKE_PREFIX_PATH': '/home/cnutter/turtlebot4_ws/install/lab_bringup:/home/cnutter/turtlebot4_ws/install/final_bringup:/home/cnutter/turtlebot4_ws/install/custom_interfaces:/opt/ros/jazzy/opt/gz_sim_vendor:/opt/ros/jazzy/opt/gz_sensors_vendor:/opt/ros/jazzy/opt/gz_physics_vendor:/opt/ros/jazzy/opt/sdformat_vendor:/opt/ros/jazzy/opt/gz_gui_vendor:/opt/ros/jazzy/opt/gz_transport_vendor:/opt/ros/jazzy/opt/gz_rendering_vendor:/opt/ros/jazzy/opt/gz_plugin_vendor:/opt/ros/jazzy/opt/gz_fuel_tools_vendor:/opt/ros/jazzy/opt/gz_msgs_vendor:/opt/ros/jazzy/opt/gz_common_vendor:/opt/ros/jazzy/opt/gz_math_vendor:/opt/ros/jazzy/opt/gz_utils_vendor:/opt/ros/jazzy/opt/gz_tools_vendor:/opt/ros/jazzy/opt/gz_ogre_next_vendor:/opt/ros/jazzy/opt/gz_dartsim_vendor:/opt/ros/jazzy/opt/gz_cmake_vendor:/home/cnutter/turtlebot4_ws/install/lab5_pkg:/home/cnutter/turtlebot4_ws/install/lab3_pkg:/home/cnutter/turtlebot4_ws/install/lab2_pkg:/home/cnutter/turtlebot4_ws/install/lab1_pkg:/home/cnutter/turtlebot4_ws/install/final:/opt/ros/jazzy'}), 'shell': False}
[0.099673] (-) TimerEvent: {}
[0.199893] (-) TimerEvent: {}
[0.268235] (custom_interfaces) StdoutLine: {'line': b'[  1%] Built target custom_interfaces__rs\n'}
[0.268642] (custom_interfaces) StdoutLine: {'line': b'[  3%] Built target custom_interfaces__rosidl_generator_type_description\n'}
[0.268745] (custom_interfaces) StdoutLine: {'line': b'[  3%] Built target ament_cmake_python_copy_custom_interfaces\n'}
[0.268826] (custom_interfaces) StdoutLine: {'line': b'[  5%] Built target custom_interfaces__cpp\n'}
[0.268907] (custom_interfaces) StdoutLine: {'line': b'[ 25%] Built target custom_interfaces__rosidl_generator_c\n'}
[0.268987] (custom_interfaces) StdoutLine: {'line': b'[ 54%] Built target custom_interfaces__rosidl_typesupport_fastrtps_c\n'}
[0.269066] (custom_interfaces) StdoutLine: {'line': b'[ 56%] Built target custom_interfaces__rosidl_typesupport_cpp\n'}
[0.269140] (custom_interfaces) StdoutLine: {'line': b'[ 60%] Built target custom_interfaces__rosidl_typesupport_c\n'}
[0.269214] (custom_interfaces) StdoutLine: {'line': b'[ 65%] Built target custom_interfaces__rosidl_typesupport_introspection_c\n'}
[0.269297] (custom_interfaces) StdoutLine: {'line': b'[ 70%] Built target custom_interfaces__rosidl_typesupport_introspection_cpp\n'}
[0.269371] (custom_interfaces) StdoutLine: {'line': b'[ 80%] Built target custom_interfaces__rosidl_typesupport_fastrtps_cpp\n'}
[0.269445] (custom_interfaces) StdoutLine: {'line': b'[ 80%] Built target custom_interfaces\n'}
[0.269525] (custom_interfaces) StdoutLine: {'line': b'[ 81%] Built target custom_interfaces__py\n'}
[0.269611] (custom_interfaces) StdoutLine: {'line': b'[ 89%] Built target custom_interfaces__rosidl_generator_py\n'}
[0.269687] (custom_interfaces) StdoutLine: {'line': b'[100%] Built target custom_interfaces_s__rosidl_typesupport_c\n'}
[0.269760] (custom_interfaces) StdoutLine: {'line': b'[100%] Built target custom_interfaces_s__rosidl_typesupport_fastrtps_c\n'}
[0.269839] (custom_interfaces) StdoutLine: {'line': b'[100%] Built target custom_interfaces_s__rosidl_typesupport_introspection_c\n'}
[0.300004] (-) TimerEvent: {}
[0.363644] (custom_interfaces) StdoutLine: {'line': b'running egg_info\n'}
[0.388504] (custom_interfaces) StdoutLine: {'line': b'writing custom_interfaces.egg-info/PKG-INFO\n'}
[0.388732] (custom_interfaces) StdoutLine: {'line': b'writing dependency_links to custom_interfaces.egg-info/dependency_links.txt\n'}
[0.388960] (custom_interfaces) StdoutLine: {'line': b'writing top-level names to custom_interfaces.egg-info/top_level.txt\n'}
[0.400070] (-) TimerEvent: {}
[0.464388] (custom_interfaces) StdoutLine: {'line': b"reading manifest file 'custom_interfaces.egg-info/SOURCES.txt'\n"}
[0.464898] (custom_interfaces) StdoutLine: {'line': b"writing manifest file 'custom_interfaces.egg-info/SOURCES.txt'\n"}
[0.486792] (custom_interfaces) StdoutLine: {'line': b'[100%] Built target ament_cmake_python_build_custom_interfaces_egg\n'}
[0.500146] (-) TimerEvent: {}
[0.508275] (custom_interfaces) CommandEnded: {'returncode': 0}
[0.508862] (custom_interfaces) JobProgress: {'identifier': 'custom_interfaces', 'progress': 'install'}
[0.517172] (custom_interfaces) Command: {'cmd': ['/usr/bin/cmake', '--install', '/home/cnutter/turtlebot4_ws/build/custom_interfaces'], 'cwd': '/home/cnutter/turtlebot4_ws/build/custom_interfaces', 'env': OrderedDict({'USER': 'cnutter@plu.edu', 'GZ_SIM_RESOURCE_PATH': '/opt/ros/jazzy/share', 'GZ_CONFIG_PATH': '/opt/ros/jazzy/opt/gz_sim_vendor/share/gz:/opt/ros/jazzy/opt/sdformat_vendor/share/gz:/opt/ros/jazzy/opt/gz_gui_vendor/share/gz:/opt/ros/jazzy/opt/gz_transport_vendor/share/gz:/opt/ros/jazzy/opt/gz_rendering_vendor/share/gz:/opt/ros/jazzy/opt/gz_plugin_vendor/share/gz:/opt/ros/jazzy/opt/gz_fuel_tools_vendor/share/gz:/opt/ros/jazzy/opt/gz_msgs_vendor/share/gz:/opt/ros/jazzy/opt/gz_common_vendor/share/gz', 'XDG_SESSION_TYPE': 'wayland', 'CLUTTER_DISABLE_MIPMAPPED_TEXT': '1', 'SHLVL': '1', 'LD_LIBRARY_PATH': '/home/cnutter/turtlebot4_ws/install/custom_interfaces/lib:/opt/ros/jazzy/opt/gz_sim_vendor/lib:/opt/ros/jazzy/opt/gz_sensors_vendor/lib:/opt/ros/jazzy/opt/gz_physics_vendor/lib:/opt/ros/jazzy/opt/sdformat_vendor/lib:/opt/ros/jazzy/opt/rviz_ogre_vendor/lib:/opt/ros/jazzy/lib/x86_64-linux-gnu:/opt/ros/jazzy/opt/gz_gui_vendor/lib:/opt/ros/jazzy/opt/gz_transport_vendor/lib:/opt/ros/jazzy/opt/gz_rendering_vendor/lib:/opt/ros/jazzy/opt/gz_plugin_vendor/lib:/opt/ros/jazzy/opt/gz_fuel_tools_vendor/lib:/opt/ros/jazzy/opt/gz_msgs_vendor/lib:/opt/ros/jazzy/opt/gz_common_vendor/lib:/opt/ros/jazzy/opt/gz_math_vendor/lib:/opt/ros/jazzy/opt/gz_utils_vendor/lib:/opt/ros/jazzy/opt/gz_tools_vendor/lib:/opt/ros/jazzy/opt/gz_ogre_next_vendor/lib:/opt/ros/jazzy/opt/gz_dartsim_vendor/lib:/opt/ros/jazzy/opt/gz_cmake_vendor/lib:/opt/ros/jazzy/lib', 'OLDPWD': '/home/cnutter', 'HOME': '/home/cnutter', 'DESKTOP_SESSION': 'ubuntu', 'GTK_MODULES': 'gail:atk-bridge', 'GNOME_SHELL_SESSION_MODE': 'ubuntu', 'ROS_PYTHON_VERSION': '3', 'SYSTEMD_EXEC_PID': '28407', 'DBUS_SESSION_BUS_ADDRESS': 'unix:path=/run/user/481847517/bus', 'GSM_SKIP_SSH_AGENT_WORKAROUND': 'true', 'COLORTERM': 'truecolor', 'CONDA_CHANGEPS1': 'no', 'WAYLAND_DISPLAY': 'wayland-0', 'ROS_DISTRO': 'jazzy', 'COLCON_PREFIX_PATH': '/home/cnutter/turtlebot4_ws/install', 'LOGNAME': 'cnutter@plu.edu', '_': '/usr/bin/colcon', 'MEMORY_PRESSURE_WATCH': '/sys/fs/cgroup/user.slice/user-481847517.slice/user@481847517.service/session.slice/org.gnome.Shell@wayland.service/memory.pressure', 'XDG_SESSION_CLASS': 'user', 'ROS_VERSION': '2', 'USERNAME': 'cnutter@plu.edu', 'TERM': 'xterm-256color', 'PROMPT_EOL_MARK': '', 'ROS_SUPER_CLIENT': 'True', 'GNOME_DESKTOP_SESSION_ID': 'this-is-deprecated', 'PATH': '/opt/ros/jazzy/opt/gz_msgs_vendor/bin:/opt/ros/jazzy/opt/gz_tools_vendor/bin:/opt/ros/jazzy/opt/gz_ogre_next_vendor/bin:/opt/ros/jazzy/bin:/usr/local/sbin:/usr/local/bin:/usr/sbin:/usr/bin:/sbin:/bin:/usr/games:/usr/local/games:/snap/bin:/snap/bin', 'SESSION_MANAGER': 'local/csci20122:@/tmp/.ICE-unix/28375,unix/csci20122:/tmp/.ICE-unix/28375', 'GNOME_TERMINAL_SCREEN': '/org/gnome/Terminal/screen/d1815c0c_3a98_4119_8e51_c4952ecb9ec0', 'XDG_MENU_PREFIX': 'gnome-', 'GNOME_SETUP_DISPLAY': ':1', 'XDG_RUNTIME_DIR': '/run/user/481847517', 'DISPLAY': ':0', 'XDG_CURRENT_DESKTOP': 'ubuntu:GNOME', 'LANG': 'en_US.UTF-8', 'RMW_IMPLEMENTATION': 'rmw_fastrtps_cpp', 'XDG_SESSION_DESKTOP': 'ubuntu', 'GNOME_TERMINAL_SERVICE': ':1.132', 'XMODIFIERS': '@im=ibus', 'XAUTHORITY': '/run/user/481847517/.mutter-Xwaylandauth.BBP1O3', 'SSH_AUTH_SOCK': '/run/user/481847517/keyring/ssh', 'AMENT_PREFIX_PATH': '/home/cnutter/turtlebot4_ws/install/lab_bringup:/home/cnutter/turtlebot4_ws/install/lab5_pkg:/home/cnutter/turtlebot4_ws/install/final_bringup:/home/cnutter/turtlebot4_ws/install/lab3_pkg:/home/cnutter/turtlebot4_ws/install/lab2_pkg:/home/cnutter/turtlebot4_ws/install/lab1_pkg:/home/cnutter/turtlebot4_ws/install/final:/home/cnutter/turtlebot4_ws/install/custom_interfaces:/opt/ros/jazzy', 'ROS_DOMAIN_ID': '0', 'KRB5CCNAME': 'FILE:/tmp/krb5cc_481847517_OSmN3a', 'SHELL': '/bin/zsh', 'ROS_DISCOVERY_SERVER': '10.5.113.101:11811', 'QT_ACCESSIBILITY': '1', 'GDMSESSION': 'ubuntu', 'QT_IM_MODULE': 'ibus', 'ROS_AUTOMATIC_DISCOVERY_RANGE': 'SUBNET', 'PWD': '/home/cnutter/turtlebot4_ws/build/custom_interfaces', 'XDG_DATA_DIRS': '/usr/local/share/:/usr/share/:/var/lib/snapd/desktop', 'VIRTUAL_ENV_DISABLE_PROMPT': '12', 'PYTHONPATH': '/home/cnutter/turtlebot4_ws/install/lab5_pkg/lib/python3.12/site-packages:/home/cnutter/turtlebot4_ws/install/lab3_pkg/lib/python3.12/site-packages:/home/cnutter/turtlebot4_ws/install/lab2_pkg/lib/python3.12/site-packages:/home/cnutter/turtlebot4_ws/install/lab1_pkg/lib/python3.12/site-packages:/home/cnutter/turtlebot4_ws/install/final/lib/python3.12/site-packages:/home/cnutter/turtlebot4_ws/install/custom_interfaces/lib/python3.12/site-packages:/opt/ros/jazzy/lib/python3.12/site-packages', 'COLCON': '1', 'VTE_VERSION': '7600', 'MEMORY_PRESSURE_WRITE': 'c29tZSAyMDAwMDAgMjAwMDAwMAA=', 'CMAKE_PREFIX_PATH': '/home/cnutter/turtlebot4_ws/install/lab_bringup:/home/cnutter/turtlebot4_ws/install/final_bringup:/home/cnutter/turtlebot4_ws/install/custom_interfaces:/opt/ros/jazzy/opt/gz_sim_vendor:/opt/ros/jazzy/opt/gz_sensors_vendor:/opt/ros/jazzy/opt/gz_physics_vendor:/opt/ros/jazzy/opt/sdformat_vendor:/opt/ros/jazzy/opt/gz_gui_vendor:/opt/ros/jazzy/opt/gz_transport_vendor:/opt/ros/jazzy/opt/gz_rendering_vendor:/opt/ros/jazzy/opt/gz_plugin_vendor:/opt/ros/jazzy/opt/gz_fuel_tools_vendor:/opt/ros/jazzy/opt/gz_msgs_vendor:/opt/ros/jazzy/opt/gz_common_vendor:/opt/ros/jazzy/opt/gz_math_vendor:/opt/ros/jazzy/opt/gz_utils_vendor:/opt/ros/jazzy/opt/gz_tools_vendor:/opt/ros/jazzy/opt/gz_ogre_next_vendor:/opt/ros/jazzy/opt/gz_dartsim_vendor:/opt/ros/jazzy/opt/gz_cmake_vendor:/home/cnutter/turtlebot4_ws/install/lab5_pkg:/home/cnutter/turtlebot4_ws/install/lab3_pkg:/home/cnutter/turtlebot4_ws/install/lab2_pkg:/home/cnutter/turtlebot4_ws/install/lab1_pkg:/home/cnutter/turtlebot4_ws/install/final:/opt/ros/jazzy'}), 'shell': False}
[0.526221] (custom_interfaces) StdoutLine: {'line': b'-- Install configuration: ""\n'}
[0.526524] (custom_interfaces) StdoutLine: {'line': b'-- Up-to-date: /home/cnutter/turtlebot4_ws/install/custom_interfaces/share/ament_index/resource_index/rosidl_interfaces/custom_interfaces\n'}
[0.526749] (custom_interfaces) StdoutLine: {'line': b'-- Up-to-date: /home/cnutter/turtlebot4_ws/install/custom_interfaces/share/custom_interfaces/msg/ObsList.json\n'}
[0.526954] (custom_interfaces) StdoutLine: {'line': b'-- Up-to-date: /home/cnutter/turtlebot4_ws/install/custom_interfaces/share/custom_interfaces/srv/SetCap.json\n'}
[0.527121] (custom_interfaces) StdoutLine: {'line': b'-- Up-to-date: /home/cnutter/turtlebot4_ws/install/custom_interfaces/share/custom_interfaces/action/RobotGoal.json\n'}
[0.527251] (custom_interfaces) StdoutLine: {'line': b'-- Up-to-date: /home/cnutter/turtlebot4_ws/install/custom_interfaces/include/custom_interfaces/custom_interfaces\n'}
[0.527394] (custom_interfaces) StdoutLine: {'line': b'-- Up-to-date: /home/cnutter/turtlebot4_ws/install/custom_interfaces/include/custom_interfaces/custom_interfaces/srv\n'}
[0.527515] (custom_interfaces) StdoutLine: {'line': b'-- Up-to-date: /home/cnutter/turtlebot4_ws/install/custom_interfaces/include/custom_interfaces/custom_interfaces/srv/detail\n'}
[0.527656] (custom_interfaces) StdoutLine: {'line': b'-- Up-to-date: /home/cnutter/turtlebot4_ws/install/custom_interfaces/include/custom_interfaces/custom_interfaces/srv/detail/set_cap__type_support.h\n'}
[0.527811] (custom_interfaces) StdoutLine: {'line': b'-- Up-to-date: /home/cnutter/turtlebot4_ws/install/custom_interfaces/include/custom_interfaces/custom_interfaces/srv/detail/set_cap__description.c\n'}
[0.527979] (custom_interfaces) StdoutLine: {'line': b'-- Up-to-date: /home/cnutter/turtlebot4_ws/install/custom_interfaces/include/custom_interfaces/custom_interfaces/srv/detail/set_cap__type_support.c\n'}
[0.528106] (custom_interfaces) StdoutLine: {'line': b'-- Up-to-date: /home/cnutter/turtlebot4_ws/install/custom_interfaces/include/custom_interfaces/custom_interfaces/srv/detail/set_cap__functions.c\n'}
[0.528238] (custom_interfaces) StdoutLine: {'line': b'-- Up-to-date: /home/cnutter/turtlebot4_ws/install/custom_interfaces/include/custom_interfaces/custom_interfaces/srv/detail/set_cap__functions.h\n'}
[0.528366] (custom_interfaces) StdoutLine: {'line': b'-- Up-to-date: /home/cnutter/turtlebot4_ws/install/custom_interfaces/include/custom_interfaces/custom_interfaces/srv/detail/set_cap__struct.h\n'}
[0.528501] (custom_interfaces) StdoutLine: {'line': b'-- Up-to-date: /home/cnutter/turtlebot4_ws/install/custom_interfaces/include/custom_interfaces/custom_interfaces/srv/set_cap.h\n'}
[0.528677] (custom_interfaces) StdoutLine: {'line': b'-- Up-to-date: /home/cnutter/turtlebot4_ws/install/custom_interfaces/include/custom_interfaces/custom_interfaces/action\n'}
[0.528844] (custom_interfaces) StdoutLine: {'line': b'-- Up-to-date: /home/cnutter/turtlebot4_ws/install/custom_interfaces/include/custom_interfaces/custom_interfaces/action/detail\n'}
[0.528983] (custom_interfaces) StdoutLine: {'line': b'-- Up-to-date: /home/cnutter/turtlebot4_ws/install/custom_interfaces/include/custom_interfaces/custom_interfaces/action/detail/robot_goal__struct.h\n'}
[0.529116] (custom_interfaces) StdoutLine: {'line': b'-- Up-to-date: /home/cnutter/turtlebot4_ws/install/custom_interfaces/include/custom_interfaces/custom_interfaces/action/detail/robot_goal__functions.c\n'}
[0.529241] (custom_interfaces) StdoutLine: {'line': b'-- Up-to-date: /home/cnutter/turtlebot4_ws/install/custom_interfaces/include/custom_interfaces/custom_interfaces/action/detail/robot_goal__description.c\n'}
[0.529388] (custom_interfaces) StdoutLine: {'line': b'-- Up-to-date: /home/cnutter/turtlebot4_ws/install/custom_interfaces/include/custom_interfaces/custom_interfaces/action/detail/robot_goal__functions.h\n'}
[0.529527] (custom_interfaces) StdoutLine: {'line': b'-- Up-to-date: /home/cnutter/turtlebot4_ws/install/custom_interfaces/include/custom_interfaces/custom_interfaces/action/detail/robot_goal__type_support.h\n'}
[0.529706] (custom_interfaces) StdoutLine: {'line': b'-- Up-to-date: /home/cnutter/turtlebot4_ws/install/custom_interfaces/include/custom_interfaces/custom_interfaces/action/detail/robot_goal__type_support.c\n'}
[0.529893] (custom_interfaces) StdoutLine: {'line': b'-- Up-to-date: /home/cnutter/turtlebot4_ws/install/custom_interfaces/include/custom_interfaces/custom_interfaces/action/robot_goal.h\n'}
[0.530069] (custom_interfaces) StdoutLine: {'line': b'-- Up-to-date: /home/cnutter/turtlebot4_ws/install/custom_interfaces/include/custom_interfaces/custom_interfaces/msg\n'}
[0.530248] (custom_interfaces) StdoutLine: {'line': b'-- Up-to-date: /home/cnutter/turtlebot4_ws/install/custom_interfaces/include/custom_interfaces/custom_interfaces/msg/obs_list.h\n'}
[0.530398] (custom_interfaces) StdoutLine: {'line': b'-- Up-to-date: /home/cnutter/turtlebot4_ws/install/custom_interfaces/include/custom_interfaces/custom_interfaces/msg/rosidl_generator_c__visibility_control.h\n'}
[0.530538] (custom_interfaces) StdoutLine: {'line': b'-- Up-to-date: /home/cnutter/turtlebot4_ws/install/custom_interfaces/include/custom_interfaces/custom_interfaces/msg/detail\n'}
[0.530694] (custom_interfaces) StdoutLine: {'line': b'-- Up-to-date: /home/cnutter/turtlebot4_ws/install/custom_interfaces/include/custom_interfaces/custom_interfaces/msg/detail/obs_list__functions.h\n'}
[0.530872] (custom_interfaces) StdoutLine: {'line': b'-- Up-to-date: /home/cnutter/turtlebot4_ws/install/custom_interfaces/include/custom_interfaces/custom_interfaces/msg/detail/obs_list__functions.c\n'}
[0.531013] (custom_interfaces) StdoutLine: {'line': b'-- Up-to-date: /home/cnutter/turtlebot4_ws/install/custom_interfaces/include/custom_interfaces/custom_interfaces/msg/detail/obs_list__type_support.c\n'}
[0.531154] (custom_interfaces) StdoutLine: {'line': b'-- Up-to-date: /home/cnutter/turtlebot4_ws/install/custom_interfaces/include/custom_interfaces/custom_interfaces/msg/detail/obs_list__type_support.h\n'}
[0.531286] (custom_interfaces) StdoutLine: {'line': b'-- Up-to-date: /home/cnutter/turtlebot4_ws/install/custom_interfaces/include/custom_interfaces/custom_interfaces/msg/detail/obs_list__struct.h\n'}
[0.531427] (custom_interfaces) StdoutLine: {'line': b'-- Up-to-date: /home/cnutter/turtlebot4_ws/install/custom_interfaces/include/custom_interfaces/custom_interfaces/msg/detail/obs_list__description.c\n'}
[0.531589] (custom_interfaces) StdoutLine: {'line': b'-- Up-to-date: /home/cnutter/turtlebot4_ws/install/custom_interfaces/share/custom_interfaces/environment/library_path.sh\n'}
[0.531728] (custom_interfaces) StdoutLine: {'line': b'-- Up-to-date: /home/cnutter/turtlebot4_ws/install/custom_interfaces/share/custom_interfaces/environment/library_path.dsv\n'}
[0.531855] (custom_interfaces) StdoutLine: {'line': b'-- Up-to-date: /home/cnutter/turtlebot4_ws/install/custom_interfaces/lib/libcustom_interfaces__rosidl_generator_c.so\n'}
[0.532008] (custom_interfaces) StdoutLine: {'line': b'-- Up-to-date: /home/cnutter/turtlebot4_ws/install/custom_interfaces/include/custom_interfaces/custom_interfaces\n'}
[0.532139] (custom_interfaces) StdoutLine: {'line': b'-- Up-to-date: /home/cnutter/turtlebot4_ws/install/custom_interfaces/include/custom_interfaces/custom_interfaces/srv\n'}
[0.532271] (custom_interfaces) StdoutLine: {'line': b'-- Up-to-date: /home/cnutter/turtlebot4_ws/install/custom_interfaces/include/custom_interfaces/custom_interfaces/srv/detail\n'}
[0.532399] (custom_interfaces) StdoutLine: {'line': b'-- Up-to-date: /home/cnutter/turtlebot4_ws/install/custom_interfaces/include/custom_interfaces/custom_interfaces/srv/detail/set_cap__rosidl_typesupport_fastrtps_c.h\n'}
[0.532528] (custom_interfaces) StdoutLine: {'line': b'-- Up-to-date: /home/cnutter/turtlebot4_ws/install/custom_interfaces/include/custom_interfaces/custom_interfaces/action\n'}
[0.532647] (custom_interfaces) StdoutLine: {'line': b'-- Up-to-date: /home/cnutter/turtlebot4_ws/install/custom_interfaces/include/custom_interfaces/custom_interfaces/action/detail\n'}
[0.532772] (custom_interfaces) StdoutLine: {'line': b'-- Up-to-date: /home/cnutter/turtlebot4_ws/install/custom_interfaces/include/custom_interfaces/custom_interfaces/action/detail/robot_goal__rosidl_typesupport_fastrtps_c.h\n'}
[0.532900] (custom_interfaces) StdoutLine: {'line': b'-- Up-to-date: /home/cnutter/turtlebot4_ws/install/custom_interfaces/include/custom_interfaces/custom_interfaces/msg\n'}
[0.533027] (custom_interfaces) StdoutLine: {'line': b'-- Up-to-date: /home/cnutter/turtlebot4_ws/install/custom_interfaces/include/custom_interfaces/custom_interfaces/msg/rosidl_typesupport_fastrtps_c__visibility_control.h\n'}
[0.533153] (custom_interfaces) StdoutLine: {'line': b'-- Up-to-date: /home/cnutter/turtlebot4_ws/install/custom_interfaces/include/custom_interfaces/custom_interfaces/msg/detail\n'}
[0.533283] (custom_interfaces) StdoutLine: {'line': b'-- Up-to-date: /home/cnutter/turtlebot4_ws/install/custom_interfaces/include/custom_interfaces/custom_interfaces/msg/detail/obs_list__rosidl_typesupport_fastrtps_c.h\n'}
[0.533412] (custom_interfaces) StdoutLine: {'line': b'-- Up-to-date: /home/cnutter/turtlebot4_ws/install/custom_interfaces/lib/libcustom_interfaces__rosidl_typesupport_fastrtps_c.so\n'}
[0.533540] (custom_interfaces) StdoutLine: {'line': b'-- Up-to-date: /home/cnutter/turtlebot4_ws/install/custom_interfaces/include/custom_interfaces/custom_interfaces\n'}
[0.533676] (custom_interfaces) StdoutLine: {'line': b'-- Up-to-date: /home/cnutter/turtlebot4_ws/install/custom_interfaces/include/custom_interfaces/custom_interfaces/srv\n'}
[0.533829] (custom_interfaces) StdoutLine: {'line': b'-- Up-to-date: /home/cnutter/turtlebot4_ws/install/custom_interfaces/include/custom_interfaces/custom_interfaces/srv/detail\n'}
[0.533961] (custom_interfaces) StdoutLine: {'line': b'-- Up-to-date: /home/cnutter/turtlebot4_ws/install/custom_interfaces/include/custom_interfaces/custom_interfaces/srv/detail/set_cap__type_support.c\n'}
[0.534130] (custom_interfaces) StdoutLine: {'line': b'-- Up-to-date: /home/cnutter/turtlebot4_ws/install/custom_interfaces/include/custom_interfaces/custom_interfaces/srv/detail/set_cap__rosidl_typesupport_introspection_c.h\n'}
[0.534308] (custom_interfaces) StdoutLine: {'line': b'-- Up-to-date: /home/cnutter/turtlebot4_ws/install/custom_interfaces/include/custom_interfaces/custom_interfaces/action\n'}
[0.534471] (custom_interfaces) StdoutLine: {'line': b'-- Up-to-date: /home/cnutter/turtlebot4_ws/install/custom_interfaces/include/custom_interfaces/custom_interfaces/action/detail\n'}
[0.534642] (custom_interfaces) StdoutLine: {'line': b'-- Up-to-date: /home/cnutter/turtlebot4_ws/install/custom_interfaces/include/custom_interfaces/custom_interfaces/action/detail/robot_goal__rosidl_typesupport_introspection_c.h\n'}
[0.534778] (custom_interfaces) StdoutLine: {'line': b'-- Up-to-date: /home/cnutter/turtlebot4_ws/install/custom_interfaces/include/custom_interfaces/custom_interfaces/action/detail/robot_goal__type_support.c\n'}
[0.534899] (custom_interfaces) StdoutLine: {'line': b'-- Up-to-date: /home/cnutter/turtlebot4_ws/install/custom_interfaces/include/custom_interfaces/custom_interfaces/msg\n'}
[0.535019] (custom_interfaces) StdoutLine: {'line': b'-- Up-to-date: /home/cnutter/turtlebot4_ws/install/custom_interfaces/include/custom_interfaces/custom_interfaces/msg/detail\n'}
[0.535146] (custom_interfaces) StdoutLine: {'line': b'-- Up-to-date: /home/cnutter/turtlebot4_ws/install/custom_interfaces/include/custom_interfaces/custom_interfaces/msg/detail/obs_list__rosidl_typesupport_introspection_c.h\n'}
[0.535269] (custom_interfaces) StdoutLine: {'line': b'-- Up-to-date: /home/cnutter/turtlebot4_ws/install/custom_interfaces/include/custom_interfaces/custom_interfaces/msg/detail/obs_list__type_support.c\n'}
[0.535399] (custom_interfaces) StdoutLine: {'line': b'-- Up-to-date: /home/cnutter/turtlebot4_ws/install/custom_interfaces/include/custom_interfaces/custom_interfaces/msg/rosidl_typesupport_introspection_c__visibility_control.h\n'}
[0.535519] (custom_interfaces) StdoutLine: {'line': b'-- Up-to-date: /home/cnutter/turtlebot4_ws/install/custom_interfaces/lib/libcustom_interfaces__rosidl_typesupport_introspection_c.so\n'}
[0.535648] (custom_interfaces) StdoutLine: {'line': b'-- Up-to-date: /home/cnutter/turtlebot4_ws/install/custom_interfaces/lib/libcustom_interfaces__rosidl_typesupport_c.so\n'}
[0.535775] (custom_interfaces) StdoutLine: {'line': b'-- Up-to-date: /home/cnutter/turtlebot4_ws/install/custom_interfaces/include/custom_interfaces/custom_interfaces\n'}
[0.535902] (custom_interfaces) StdoutLine: {'line': b'-- Up-to-date: /home/cnutter/turtlebot4_ws/install/custom_interfaces/include/custom_interfaces/custom_interfaces/srv\n'}
[0.536029] (custom_interfaces) StdoutLine: {'line': b'-- Up-to-date: /home/cnutter/turtlebot4_ws/install/custom_interfaces/include/custom_interfaces/custom_interfaces/srv/detail\n'}
[0.536153] (custom_interfaces) StdoutLine: {'line': b'-- Up-to-date: /home/cnutter/turtlebot4_ws/install/custom_interfaces/include/custom_interfaces/custom_interfaces/srv/detail/set_cap__traits.hpp\n'}
[0.536278] (custom_interfaces) StdoutLine: {'line': b'-- Up-to-date: /home/cnutter/turtlebot4_ws/install/custom_interfaces/include/custom_interfaces/custom_interfaces/srv/detail/set_cap__struct.hpp\n'}
[0.536404] (custom_interfaces) StdoutLine: {'line': b'-- Up-to-date: /home/cnutter/turtlebot4_ws/install/custom_interfaces/include/custom_interfaces/custom_interfaces/srv/detail/set_cap__builder.hpp\n'}
[0.536531] (custom_interfaces) StdoutLine: {'line': b'-- Up-to-date: /home/cnutter/turtlebot4_ws/install/custom_interfaces/include/custom_interfaces/custom_interfaces/srv/detail/set_cap__type_support.hpp\n'}
[0.536669] (custom_interfaces) StdoutLine: {'line': b'-- Up-to-date: /home/cnutter/turtlebot4_ws/install/custom_interfaces/include/custom_interfaces/custom_interfaces/srv/set_cap.hpp\n'}
[0.536797] (custom_interfaces) StdoutLine: {'line': b'-- Up-to-date: /home/cnutter/turtlebot4_ws/install/custom_interfaces/include/custom_interfaces/custom_interfaces/action\n'}
[0.536925] (custom_interfaces) StdoutLine: {'line': b'-- Up-to-date: /home/cnutter/turtlebot4_ws/install/custom_interfaces/include/custom_interfaces/custom_interfaces/action/detail\n'}
[0.537053] (custom_interfaces) StdoutLine: {'line': b'-- Up-to-date: /home/cnutter/turtlebot4_ws/install/custom_interfaces/include/custom_interfaces/custom_interfaces/action/detail/robot_goal__struct.hpp\n'}
[0.537184] (custom_interfaces) StdoutLine: {'line': b'-- Up-to-date: /home/cnutter/turtlebot4_ws/install/custom_interfaces/include/custom_interfaces/custom_interfaces/action/detail/robot_goal__type_support.hpp\n'}
[0.537312] (custom_interfaces) StdoutLine: {'line': b'-- Up-to-date: /home/cnutter/turtlebot4_ws/install/custom_interfaces/include/custom_interfaces/custom_interfaces/action/detail/robot_goal__traits.hpp\n'}
[0.537433] (custom_interfaces) StdoutLine: {'line': b'-- Up-to-date: /home/cnutter/turtlebot4_ws/install/custom_interfaces/include/custom_interfaces/custom_interfaces/action/detail/robot_goal__builder.hpp\n'}
[0.537558] (custom_interfaces) StdoutLine: {'line': b'-- Up-to-date: /home/cnutter/turtlebot4_ws/install/custom_interfaces/include/custom_interfaces/custom_interfaces/action/robot_goal.hpp\n'}
[0.537690] (custom_interfaces) StdoutLine: {'line': b'-- Up-to-date: /home/cnutter/turtlebot4_ws/install/custom_interfaces/include/custom_interfaces/custom_interfaces/msg\n'}
[0.537826] (custom_interfaces) StdoutLine: {'line': b'-- Up-to-date: /home/cnutter/turtlebot4_ws/install/custom_interfaces/include/custom_interfaces/custom_interfaces/msg/detail\n'}
[0.537954] (custom_interfaces) StdoutLine: {'line': b'-- Up-to-date: /home/cnutter/turtlebot4_ws/install/custom_interfaces/include/custom_interfaces/custom_interfaces/msg/detail/obs_list__builder.hpp\n'}
[0.538084] (custom_interfaces) StdoutLine: {'line': b'-- Up-to-date: /home/cnutter/turtlebot4_ws/install/custom_interfaces/include/custom_interfaces/custom_interfaces/msg/detail/obs_list__traits.hpp\n'}
[0.538206] (custom_interfaces) StdoutLine: {'line': b'-- Up-to-date: /home/cnutter/turtlebot4_ws/install/custom_interfaces/include/custom_interfaces/custom_interfaces/msg/detail/obs_list__struct.hpp\n'}
[0.538335] (custom_interfaces) StdoutLine: {'line': b'-- Up-to-date: /home/cnutter/turtlebot4_ws/install/custom_interfaces/include/custom_interfaces/custom_interfaces/msg/detail/obs_list__type_support.hpp\n'}
[0.538453] (custom_interfaces) StdoutLine: {'line': b'-- Up-to-date: /home/cnutter/turtlebot4_ws/install/custom_interfaces/include/custom_interfaces/custom_interfaces/msg/rosidl_generator_cpp__visibility_control.hpp\n'}
[0.538569] (custom_interfaces) StdoutLine: {'line': b'-- Up-to-date: /home/cnutter/turtlebot4_ws/install/custom_interfaces/include/custom_interfaces/custom_interfaces/msg/obs_list.hpp\n'}
[0.538688] (custom_interfaces) StdoutLine: {'line': b'-- Up-to-date: /home/cnutter/turtlebot4_ws/install/custom_interfaces/include/custom_interfaces/custom_interfaces\n'}
[0.538817] (custom_interfaces) StdoutLine: {'line': b'-- Up-to-date: /home/cnutter/turtlebot4_ws/install/custom_interfaces/include/custom_interfaces/custom_interfaces/srv\n'}
[0.538943] (custom_interfaces) StdoutLine: {'line': b'-- Up-to-date: /home/cnutter/turtlebot4_ws/install/custom_interfaces/include/custom_interfaces/custom_interfaces/srv/detail\n'}
[0.539072] (custom_interfaces) StdoutLine: {'line': b'-- Up-to-date: /home/cnutter/turtlebot4_ws/install/custom_interfaces/include/custom_interfaces/custom_interfaces/srv/detail/set_cap__rosidl_typesupport_fastrtps_cpp.hpp\n'}
[0.539193] (custom_interfaces) StdoutLine: {'line': b'-- Up-to-date: /home/cnutter/turtlebot4_ws/install/custom_interfaces/include/custom_interfaces/custom_interfaces/srv/detail/dds_fastrtps\n'}
[0.539319] (custom_interfaces) StdoutLine: {'line': b'-- Up-to-date: /home/cnutter/turtlebot4_ws/install/custom_interfaces/include/custom_interfaces/custom_interfaces/action\n'}
[0.539444] (custom_interfaces) StdoutLine: {'line': b'-- Up-to-date: /home/cnutter/turtlebot4_ws/install/custom_interfaces/include/custom_interfaces/custom_interfaces/action/detail\n'}
[0.539567] (custom_interfaces) StdoutLine: {'line': b'-- Up-to-date: /home/cnutter/turtlebot4_ws/install/custom_interfaces/include/custom_interfaces/custom_interfaces/action/detail/robot_goal__rosidl_typesupport_fastrtps_cpp.hpp\n'}
[0.539697] (custom_interfaces) StdoutLine: {'line': b'-- Up-to-date: /home/cnutter/turtlebot4_ws/install/custom_interfaces/include/custom_interfaces/custom_interfaces/action/detail/dds_fastrtps\n'}
[0.539812] (custom_interfaces) StdoutLine: {'line': b'-- Up-to-date: /home/cnutter/turtlebot4_ws/install/custom_interfaces/include/custom_interfaces/custom_interfaces/msg\n'}
[0.539938] (custom_interfaces) StdoutLine: {'line': b'-- Up-to-date: /home/cnutter/turtlebot4_ws/install/custom_interfaces/include/custom_interfaces/custom_interfaces/msg/rosidl_typesupport_fastrtps_cpp__visibility_control.h\n'}
[0.540065] (custom_interfaces) StdoutLine: {'line': b'-- Up-to-date: /home/cnutter/turtlebot4_ws/install/custom_interfaces/include/custom_interfaces/custom_interfaces/msg/detail\n'}
[0.540192] (custom_interfaces) StdoutLine: {'line': b'-- Up-to-date: /home/cnutter/turtlebot4_ws/install/custom_interfaces/include/custom_interfaces/custom_interfaces/msg/detail/obs_list__rosidl_typesupport_fastrtps_cpp.hpp\n'}
[0.540315] (custom_interfaces) StdoutLine: {'line': b'-- Up-to-date: /home/cnutter/turtlebot4_ws/install/custom_interfaces/include/custom_interfaces/custom_interfaces/msg/detail/dds_fastrtps\n'}
[0.540447] (custom_interfaces) StdoutLine: {'line': b'-- Up-to-date: /home/cnutter/turtlebot4_ws/install/custom_interfaces/lib/libcustom_interfaces__rosidl_typesupport_fastrtps_cpp.so\n'}
[0.540570] (custom_interfaces) StdoutLine: {'line': b'-- Up-to-date: /home/cnutter/turtlebot4_ws/install/custom_interfaces/include/custom_interfaces/custom_interfaces\n'}
[0.540711] (custom_interfaces) StdoutLine: {'line': b'-- Up-to-date: /home/cnutter/turtlebot4_ws/install/custom_interfaces/include/custom_interfaces/custom_interfaces/srv\n'}
[0.540833] (custom_interfaces) StdoutLine: {'line': b'-- Up-to-date: /home/cnutter/turtlebot4_ws/install/custom_interfaces/include/custom_interfaces/custom_interfaces/srv/detail\n'}
[0.540958] (custom_interfaces) StdoutLine: {'line': b'-- Up-to-date: /home/cnutter/turtlebot4_ws/install/custom_interfaces/include/custom_interfaces/custom_interfaces/srv/detail/set_cap__rosidl_typesupport_introspection_cpp.hpp\n'}
[0.541078] (custom_interfaces) StdoutLine: {'line': b'-- Up-to-date: /home/cnutter/turtlebot4_ws/install/custom_interfaces/include/custom_interfaces/custom_interfaces/srv/detail/set_cap__type_support.cpp\n'}
[0.541196] (custom_interfaces) StdoutLine: {'line': b'-- Up-to-date: /home/cnutter/turtlebot4_ws/install/custom_interfaces/include/custom_interfaces/custom_interfaces/action\n'}
[0.541318] (custom_interfaces) StdoutLine: {'line': b'-- Up-to-date: /home/cnutter/turtlebot4_ws/install/custom_interfaces/include/custom_interfaces/custom_interfaces/action/detail\n'}
[0.541456] (custom_interfaces) StdoutLine: {'line': b'-- Up-to-date: /home/cnutter/turtlebot4_ws/install/custom_interfaces/include/custom_interfaces/custom_interfaces/action/detail/robot_goal__rosidl_typesupport_introspection_cpp.hpp\n'}
[0.541580] (custom_interfaces) StdoutLine: {'line': b'-- Up-to-date: /home/cnutter/turtlebot4_ws/install/custom_interfaces/include/custom_interfaces/custom_interfaces/action/detail/robot_goal__type_support.cpp\n'}
[0.541713] (custom_interfaces) StdoutLine: {'line': b'-- Up-to-date: /home/cnutter/turtlebot4_ws/install/custom_interfaces/include/custom_interfaces/custom_interfaces/msg\n'}
[0.541838] (custom_interfaces) StdoutLine: {'line': b'-- Up-to-date: /home/cnutter/turtlebot4_ws/install/custom_interfaces/include/custom_interfaces/custom_interfaces/msg/detail\n'}
[0.541963] (custom_interfaces) StdoutLine: {'line': b'-- Up-to-date: /home/cnutter/turtlebot4_ws/install/custom_interfaces/include/custom_interfaces/custom_interfaces/msg/detail/obs_list__rosidl_typesupport_introspection_cpp.hpp\n'}
[0.542092] (custom_interfaces) StdoutLine: {'line': b'-- Up-to-date: /home/cnutter/turtlebot4_ws/install/custom_interfaces/include/custom_interfaces/custom_interfaces/msg/detail/obs_list__type_support.cpp\n'}
[0.542216] (custom_interfaces) StdoutLine: {'line': b'-- Up-to-date: /home/cnutter/turtlebot4_ws/install/custom_interfaces/lib/libcustom_interfaces__rosidl_typesupport_introspection_cpp.so\n'}
[0.542345] (custom_interfaces) StdoutLine: {'line': b'-- Up-to-date: /home/cnutter/turtlebot4_ws/install/custom_interfaces/lib/libcustom_interfaces__rosidl_typesupport_cpp.so\n'}
[0.542472] (custom_interfaces) StdoutLine: {'line': b'-- Up-to-date: /home/cnutter/turtlebot4_ws/install/custom_interfaces/share/custom_interfaces/environment/pythonpath.sh\n'}
[0.542608] (custom_interfaces) StdoutLine: {'line': b'-- Up-to-date: /home/cnutter/turtlebot4_ws/install/custom_interfaces/share/custom_interfaces/environment/pythonpath.dsv\n'}
[0.542724] (custom_interfaces) StdoutLine: {'line': b'-- Up-to-date: /home/cnutter/turtlebot4_ws/install/custom_interfaces/lib/python3.12/site-packages/custom_interfaces-0.0.0-py3.12.egg-info\n'}
[0.542850] (custom_interfaces) StdoutLine: {'line': b'-- Installing: /home/cnutter/turtlebot4_ws/install/custom_interfaces/lib/python3.12/site-packages/custom_interfaces-0.0.0-py3.12.egg-info/SOURCES.txt\n'}
[0.542967] (custom_interfaces) StdoutLine: {'line': b'-- Installing: /home/cnutter/turtlebot4_ws/install/custom_interfaces/lib/python3.12/site-packages/custom_interfaces-0.0.0-py3.12.egg-info/dependency_links.txt\n'}
[0.543084] (custom_interfaces) StdoutLine: {'line': b'-- Installing: /home/cnutter/turtlebot4_ws/install/custom_interfaces/lib/python3.12/site-packages/custom_interfaces-0.0.0-py3.12.egg-info/PKG-INFO\n'}
[0.543200] (custom_interfaces) StdoutLine: {'line': b'-- Installing: /home/cnutter/turtlebot4_ws/install/custom_interfaces/lib/python3.12/site-packages/custom_interfaces-0.0.0-py3.12.egg-info/top_level.txt\n'}
[0.543320] (custom_interfaces) StdoutLine: {'line': b'-- Up-to-date: /home/cnutter/turtlebot4_ws/install/custom_interfaces/lib/python3.12/site-packages/custom_interfaces\n'}
[0.543436] (custom_interfaces) StdoutLine: {'line': b'-- Up-to-date: /home/cnutter/turtlebot4_ws/install/custom_interfaces/lib/python3.12/site-packages/custom_interfaces/custom_interfaces_s__rosidl_typesupport_c.so\n'}
[0.543552] (custom_interfaces) StdoutLine: {'line': b'-- Up-to-date: /home/cnutter/turtlebot4_ws/install/custom_interfaces/lib/python3.12/site-packages/custom_interfaces/custom_interfaces_s__rosidl_typesupport_fastrtps_c.so\n'}
[0.543674] (custom_interfaces) StdoutLine: {'line': b'-- Up-to-date: /home/cnutter/turtlebot4_ws/install/custom_interfaces/lib/python3.12/site-packages/custom_interfaces/__init__.py\n'}
[0.543788] (custom_interfaces) StdoutLine: {'line': b'-- Up-to-date: /home/cnutter/turtlebot4_ws/install/custom_interfaces/lib/python3.12/site-packages/custom_interfaces/custom_interfaces_s__rosidl_typesupport_introspection_c.so\n'}
[0.543904] (custom_interfaces) StdoutLine: {'line': b'-- Up-to-date: /home/cnutter/turtlebot4_ws/install/custom_interfaces/lib/python3.12/site-packages/custom_interfaces/srv\n'}
[0.544020] (custom_interfaces) StdoutLine: {'line': b'-- Up-to-date: /home/cnutter/turtlebot4_ws/install/custom_interfaces/lib/python3.12/site-packages/custom_interfaces/srv/_set_cap.py\n'}
[0.544150] (custom_interfaces) StdoutLine: {'line': b'-- Up-to-date: /home/cnutter/turtlebot4_ws/install/custom_interfaces/lib/python3.12/site-packages/custom_interfaces/srv/__init__.py\n'}
[0.544271] (custom_interfaces) StdoutLine: {'line': b'-- Up-to-date: /home/cnutter/turtlebot4_ws/install/custom_interfaces/lib/python3.12/site-packages/custom_interfaces/srv/_set_cap_s.c\n'}
[0.544390] (custom_interfaces) StdoutLine: {'line': b'-- Up-to-date: /home/cnutter/turtlebot4_ws/install/custom_interfaces/lib/python3.12/site-packages/custom_interfaces/_custom_interfaces_s.ep.rosidl_typesupport_introspection_c.c\n'}
[0.544518] (custom_interfaces) StdoutLine: {'line': b'-- Up-to-date: /home/cnutter/turtlebot4_ws/install/custom_interfaces/lib/python3.12/site-packages/custom_interfaces/action\n'}
[0.544650] (custom_interfaces) StdoutLine: {'line': b'-- Up-to-date: /home/cnutter/turtlebot4_ws/install/custom_interfaces/lib/python3.12/site-packages/custom_interfaces/action/_robot_goal.py\n'}
[0.544769] (custom_interfaces) StdoutLine: {'line': b'-- Up-to-date: /home/cnutter/turtlebot4_ws/install/custom_interfaces/lib/python3.12/site-packages/custom_interfaces/action/__init__.py\n'}
[0.544889] (custom_interfaces) StdoutLine: {'line': b'-- Up-to-date: /home/cnutter/turtlebot4_ws/install/custom_interfaces/lib/python3.12/site-packages/custom_interfaces/action/_robot_goal_s.c\n'}
[0.545024] (custom_interfaces) StdoutLine: {'line': b'-- Up-to-date: /home/cnutter/turtlebot4_ws/install/custom_interfaces/lib/python3.12/site-packages/custom_interfaces/msg\n'}
[0.545154] (custom_interfaces) StdoutLine: {'line': b'-- Up-to-date: /home/cnutter/turtlebot4_ws/install/custom_interfaces/lib/python3.12/site-packages/custom_interfaces/msg/_obs_list.py\n'}
[0.545278] (custom_interfaces) StdoutLine: {'line': b'-- Up-to-date: /home/cnutter/turtlebot4_ws/install/custom_interfaces/lib/python3.12/site-packages/custom_interfaces/msg/__init__.py\n'}
[0.545384] (custom_interfaces) StdoutLine: {'line': b'-- Up-to-date: /home/cnutter/turtlebot4_ws/install/custom_interfaces/lib/python3.12/site-packages/custom_interfaces/msg/_obs_list_s.c\n'}
[0.545507] (custom_interfaces) StdoutLine: {'line': b'-- Up-to-date: /home/cnutter/turtlebot4_ws/install/custom_interfaces/lib/python3.12/site-packages/custom_interfaces/_custom_interfaces_s.ep.rosidl_typesupport_fastrtps_c.c\n'}
[0.545643] (custom_interfaces) StdoutLine: {'line': b'-- Up-to-date: /home/cnutter/turtlebot4_ws/install/custom_interfaces/lib/python3.12/site-packages/custom_interfaces/_custom_interfaces_s.ep.rosidl_typesupport_c.c\n'}
[0.564966] (custom_interfaces) StdoutLine: {'line': b"Listing '/home/cnutter/turtlebot4_ws/install/custom_interfaces/lib/python3.12/site-packages/custom_interfaces'...\n"}
[0.565198] (custom_interfaces) StdoutLine: {'line': b"Listing '/home/cnutter/turtlebot4_ws/install/custom_interfaces/lib/python3.12/site-packages/custom_interfaces/action'...\n"}
[0.565327] (custom_interfaces) StdoutLine: {'line': b"Listing '/home/cnutter/turtlebot4_ws/install/custom_interfaces/lib/python3.12/site-packages/custom_interfaces/msg'...\n"}
[0.565456] (custom_interfaces) StdoutLine: {'line': b"Listing '/home/cnutter/turtlebot4_ws/install/custom_interfaces/lib/python3.12/site-packages/custom_interfaces/srv'...\n"}
[0.569035] (custom_interfaces) StdoutLine: {'line': b'-- Up-to-date: /home/cnutter/turtlebot4_ws/install/custom_interfaces/lib/python3.12/site-packages/custom_interfaces/custom_interfaces_s__rosidl_typesupport_fastrtps_c.so\n'}
[0.569314] (custom_interfaces) StdoutLine: {'line': b'-- Up-to-date: /home/cnutter/turtlebot4_ws/install/custom_interfaces/lib/python3.12/site-packages/custom_interfaces/custom_interfaces_s__rosidl_typesupport_introspection_c.so\n'}
[0.569594] (custom_interfaces) StdoutLine: {'line': b'-- Up-to-date: /home/cnutter/turtlebot4_ws/install/custom_interfaces/lib/python3.12/site-packages/custom_interfaces/custom_interfaces_s__rosidl_typesupport_c.so\n'}
[0.569913] (custom_interfaces) StdoutLine: {'line': b'-- Up-to-date: /home/cnutter/turtlebot4_ws/install/custom_interfaces/lib/libcustom_interfaces__rosidl_generator_py.so\n'}
[0.570140] (custom_interfaces) StdoutLine: {'line': b'-- Up-to-date: /home/cnutter/turtlebot4_ws/install/custom_interfaces/share/ament_index/resource_index/rust_packages/custom_interfaces\n'}
[0.570310] (custom_interfaces) StdoutLine: {'line': b'-- Up-to-date: /home/cnutter/turtlebot4_ws/install/custom_interfaces/share/custom_interfaces/rust\n'}
[0.570481] (custom_interfaces) StdoutLine: {'line': b'-- Up-to-date: /home/cnutter/turtlebot4_ws/install/custom_interfaces/share/custom_interfaces/rust/src\n'}
[0.570655] (custom_interfaces) StdoutLine: {'line': b'-- Up-to-date: /home/cnutter/turtlebot4_ws/install/custom_interfaces/share/custom_interfaces/rust/src/srv.rs\n'}
[0.570828] (custom_interfaces) StdoutLine: {'line': b'-- Up-to-date: /home/cnutter/turtlebot4_ws/install/custom_interfaces/share/custom_interfaces/rust/src/srv\n'}
[0.570988] (custom_interfaces) StdoutLine: {'line': b'-- Up-to-date: /home/cnutter/turtlebot4_ws/install/custom_interfaces/share/custom_interfaces/rust/src/srv/rmw.rs\n'}
[0.571140] (custom_interfaces) StdoutLine: {'line': b'-- Up-to-date: /home/cnutter/turtlebot4_ws/install/custom_interfaces/share/custom_interfaces/rust/src/action.rs\n'}
[0.571297] (custom_interfaces) StdoutLine: {'line': b'-- Up-to-date: /home/cnutter/turtlebot4_ws/install/custom_interfaces/share/custom_interfaces/rust/src/action\n'}
[0.571451] (custom_interfaces) StdoutLine: {'line': b'-- Up-to-date: /home/cnutter/turtlebot4_ws/install/custom_interfaces/share/custom_interfaces/rust/src/action/rmw.rs\n'}
[0.571594] (custom_interfaces) StdoutLine: {'line': b'-- Up-to-date: /home/cnutter/turtlebot4_ws/install/custom_interfaces/share/custom_interfaces/rust/src/msg\n'}
[0.571729] (custom_interfaces) StdoutLine: {'line': b'-- Up-to-date: /home/cnutter/turtlebot4_ws/install/custom_interfaces/share/custom_interfaces/rust/src/msg/rmw.rs\n'}
[0.571867] (custom_interfaces) StdoutLine: {'line': b'-- Up-to-date: /home/cnutter/turtlebot4_ws/install/custom_interfaces/share/custom_interfaces/rust/src/lib.rs\n'}
[0.571996] (custom_interfaces) StdoutLine: {'line': b'-- Up-to-date: /home/cnutter/turtlebot4_ws/install/custom_interfaces/share/custom_interfaces/rust/src/msg.rs\n'}
[0.572132] (custom_interfaces) StdoutLine: {'line': b'-- Up-to-date: /home/cnutter/turtlebot4_ws/install/custom_interfaces/share/custom_interfaces/rust/build.rs\n'}
[0.572265] (custom_interfaces) StdoutLine: {'line': b'-- Up-to-date: /home/cnutter/turtlebot4_ws/install/custom_interfaces/share/custom_interfaces/rust/Cargo.toml\n'}
[0.572406] (custom_interfaces) StdoutLine: {'line': b'-- Up-to-date: /home/cnutter/turtlebot4_ws/install/custom_interfaces/share/custom_interfaces/msg/ObsList.idl\n'}
[0.572540] (custom_interfaces) StdoutLine: {'line': b'-- Up-to-date: /home/cnutter/turtlebot4_ws/install/custom_interfaces/share/custom_interfaces/srv/SetCap.idl\n'}
[0.572689] (custom_interfaces) StdoutLine: {'line': b'-- Up-to-date: /home/cnutter/turtlebot4_ws/install/custom_interfaces/share/custom_interfaces/action/RobotGoal.idl\n'}
[0.572840] (custom_interfaces) StdoutLine: {'line': b'-- Up-to-date: /home/cnutter/turtlebot4_ws/install/custom_interfaces/share/custom_interfaces/msg/ObsList.msg\n'}
[0.572969] (custom_interfaces) StdoutLine: {'line': b'-- Up-to-date: /home/cnutter/turtlebot4_ws/install/custom_interfaces/share/custom_interfaces/srv/SetCap.srv\n'}
[0.573103] (custom_interfaces) StdoutLine: {'line': b'-- Up-to-date: /home/cnutter/turtlebot4_ws/install/custom_interfaces/share/custom_interfaces/action/RobotGoal.action\n'}
[0.573256] (custom_interfaces) StdoutLine: {'line': b'-- Up-to-date: /home/cnutter/turtlebot4_ws/install/custom_interfaces/share/ament_index/resource_index/package_run_dependencies/custom_interfaces\n'}
[0.573394] (custom_interfaces) StdoutLine: {'line': b'-- Up-to-date: /home/cnutter/turtlebot4_ws/install/custom_interfaces/share/ament_index/resource_index/parent_prefix_path/custom_interfaces\n'}
[0.573537] (custom_interfaces) StdoutLine: {'line': b'-- Up-to-date: /home/cnutter/turtlebot4_ws/install/custom_interfaces/share/custom_interfaces/environment/ament_prefix_path.sh\n'}
[0.573697] (custom_interfaces) StdoutLine: {'line': b'-- Up-to-date: /home/cnutter/turtlebot4_ws/install/custom_interfaces/share/custom_interfaces/environment/ament_prefix_path.dsv\n'}
[0.573825] (custom_interfaces) StdoutLine: {'line': b'-- Up-to-date: /home/cnutter/turtlebot4_ws/install/custom_interfaces/share/custom_interfaces/environment/path.sh\n'}
[0.573974] (custom_interfaces) StdoutLine: {'line': b'-- Up-to-date: /home/cnutter/turtlebot4_ws/install/custom_interfaces/share/custom_interfaces/environment/path.dsv\n'}
[0.574147] (custom_interfaces) StdoutLine: {'line': b'-- Up-to-date: /home/cnutter/turtlebot4_ws/install/custom_interfaces/share/custom_interfaces/local_setup.bash\n'}
[0.574287] (custom_interfaces) StdoutLine: {'line': b'-- Up-to-date: /home/cnutter/turtlebot4_ws/install/custom_interfaces/share/custom_interfaces/local_setup.sh\n'}
[0.574440] (custom_interfaces) StdoutLine: {'line': b'-- Up-to-date: /home/cnutter/turtlebot4_ws/install/custom_interfaces/share/custom_interfaces/local_setup.zsh\n'}
[0.574569] (custom_interfaces) StdoutLine: {'line': b'-- Up-to-date: /home/cnutter/turtlebot4_ws/install/custom_interfaces/share/custom_interfaces/local_setup.dsv\n'}
[0.574699] (custom_interfaces) StdoutLine: {'line': b'-- Installing: /home/cnutter/turtlebot4_ws/install/custom_interfaces/share/custom_interfaces/package.dsv\n'}
[0.574821] (custom_interfaces) StdoutLine: {'line': b'-- Up-to-date: /home/cnutter/turtlebot4_ws/install/custom_interfaces/share/ament_index/resource_index/packages/custom_interfaces\n'}
[0.574940] (custom_interfaces) StdoutLine: {'line': b'-- Up-to-date: /home/cnutter/turtlebot4_ws/install/custom_interfaces/share/custom_interfaces/cmake/export_custom_interfaces__rosidl_generator_cExport.cmake\n'}
[0.575056] (custom_interfaces) StdoutLine: {'line': b'-- Up-to-date: /home/cnutter/turtlebot4_ws/install/custom_interfaces/share/custom_interfaces/cmake/export_custom_interfaces__rosidl_generator_cExport-noconfig.cmake\n'}
[0.575171] (custom_interfaces) StdoutLine: {'line': b'-- Up-to-date: /home/cnutter/turtlebot4_ws/install/custom_interfaces/share/custom_interfaces/cmake/export_custom_interfaces__rosidl_typesupport_fastrtps_cExport.cmake\n'}
[0.575294] (custom_interfaces) StdoutLine: {'line': b'-- Up-to-date: /home/cnutter/turtlebot4_ws/install/custom_interfaces/share/custom_interfaces/cmake/export_custom_interfaces__rosidl_typesupport_fastrtps_cExport-noconfig.cmake\n'}
[0.575428] (custom_interfaces) StdoutLine: {'line': b'-- Up-to-date: /home/cnutter/turtlebot4_ws/install/custom_interfaces/share/custom_interfaces/cmake/custom_interfaces__rosidl_typesupport_introspection_cExport.cmake\n'}
[0.575559] (custom_interfaces) StdoutLine: {'line': b'-- Up-to-date: /home/cnutter/turtlebot4_ws/install/custom_interfaces/share/custom_interfaces/cmake/custom_interfaces__rosidl_typesupport_introspection_cExport-noconfig.cmake\n'}
[0.575728] (custom_interfaces) StdoutLine: {'line': b'-- Up-to-date: /home/cnutter/turtlebot4_ws/install/custom_interfaces/share/custom_interfaces/cmake/custom_interfaces__rosidl_typesupport_cExport.cmake\n'}
[0.576211] (custom_interfaces) StdoutLine: {'line': b'-- Up-to-date: /home/cnutter/turtlebot4_ws/install/custom_interfaces/share/custom_interfaces/cmake/custom_interfaces__rosidl_typesupport_cExport-noconfig.cmake\n'}
[0.576650] (custom_interfaces) StdoutLine: {'line': b'-- Up-to-date: /home/cnutter/turtlebot4_ws/install/custom_interfaces/share/custom_interfaces/cmake/export_custom_interfaces__rosidl_generator_cppExport.cmake\n'}
[0.576862] (custom_interfaces) StdoutLine: {'line': b'-- Up-to-date: /home/cnutter/turtlebot4_ws/install/custom_interfaces/share/custom_interfaces/cmake/export_custom_interfaces__rosidl_typesupport_fastrtps_cppExport.cmake\n'}
[0.577073] (custom_interfaces) StdoutLine: {'line': b'-- Up-to-date: /home/cnutter/turtlebot4_ws/install/custom_interfaces/share/custom_interfaces/cmake/export_custom_interfaces__rosidl_typesupport_fastrtps_cppExport-noconfig.cmake\n'}
[0.577309] (custom_interfaces) StdoutLine: {'line': b'-- Up-to-date: /home/cnutter/turtlebot4_ws/install/custom_interfaces/share/custom_interfaces/cmake/custom_interfaces__rosidl_typesupport_introspection_cppExport.cmake\n'}
[0.577701] (custom_interfaces) StdoutLine: {'line': b'-- Up-to-date: /home/cnutter/turtlebot4_ws/install/custom_interfaces/share/custom_interfaces/cmake/custom_interfaces__rosidl_typesupport_introspection_cppExport-noconfig.cmake\n'}
[0.577894] (custom_interfaces) StdoutLine: {'line': b'-- Up-to-date: /home/cnutter/turtlebot4_ws/install/custom_interfaces/share/custom_interfaces/cmake/custom_interfaces__rosidl_typesupport_cppExport.cmake\n'}
[0.578156] (custom_interfaces) StdoutLine: {'line': b'-- Up-to-date: /home/cnutter/turtlebot4_ws/install/custom_interfaces/share/custom_interfaces/cmake/custom_interfaces__rosidl_typesupport_cppExport-noconfig.cmake\n'}
[0.578347] (custom_interfaces) StdoutLine: {'line': b'-- Up-to-date: /home/cnutter/turtlebot4_ws/install/custom_interfaces/share/custom_interfaces/cmake/export_custom_interfaces__rosidl_generator_pyExport.cmake\n'}
[0.578611] (custom_interfaces) StdoutLine: {'line': b'-- Up-to-date: /home/cnutter/turtlebot4_ws/install/custom_interfaces/share/custom_interfaces/cmake/export_custom_interfaces__rosidl_generator_pyExport-noconfig.cmake\n'}
[0.578868] (custom_interfaces) StdoutLine: {'line': b'-- Up-to-date: /home/cnutter/turtlebot4_ws/install/custom_interfaces/share/custom_interfaces/cmake/rosidl_cmake-extras.cmake\n'}
[0.579069] (custom_interfaces) StdoutLine: {'line': b'-- Up-to-date: /home/cnutter/turtlebot4_ws/install/custom_interfaces/share/custom_interfaces/cmake/ament_cmake_export_dependencies-extras.cmake\n'}
[0.579350] (custom_interfaces) StdoutLine: {'line': b'-- Up-to-date: /home/cnutter/turtlebot4_ws/install/custom_interfaces/share/custom_interfaces/cmake/ament_cmake_export_include_directories-extras.cmake\n'}
[0.579647] (custom_interfaces) StdoutLine: {'line': b'-- Up-to-date: /home/cnutter/turtlebot4_ws/install/custom_interfaces/share/custom_interfaces/cmake/ament_cmake_export_libraries-extras.cmake\n'}
[0.579929] (custom_interfaces) StdoutLine: {'line': b'-- Up-to-date: /home/cnutter/turtlebot4_ws/install/custom_interfaces/share/custom_interfaces/cmake/ament_cmake_export_targets-extras.cmake\n'}
[0.580548] (custom_interfaces) StdoutLine: {'line': b'-- Up-to-date: /home/cnutter/turtlebot4_ws/install/custom_interfaces/share/custom_interfaces/cmake/rosidl_cmake_export_typesupport_targets-extras.cmake\n'}
[0.580922] (custom_interfaces) StdoutLine: {'line': b'-- Up-to-date: /home/cnutter/turtlebot4_ws/install/custom_interfaces/share/custom_interfaces/cmake/rosidl_cmake_export_typesupport_libraries-extras.cmake\n'}
[0.581123] (custom_interfaces) StdoutLine: {'line': b'-- Up-to-date: /home/cnutter/turtlebot4_ws/install/custom_interfaces/share/custom_interfaces/cmake/custom_interfacesConfig.cmake\n'}
[0.581461] (custom_interfaces) StdoutLine: {'line': b'-- Up-to-date: /home/cnutter/turtlebot4_ws/install/custom_interfaces/share/custom_interfaces/cmake/custom_interfacesConfig-version.cmake\n'}
[0.581659] (custom_interfaces) StdoutLine: {'line': b'-- Up-to-date: /home/cnutter/turtlebot4_ws/install/custom_interfaces/share/custom_interfaces/package.xml\n'}
[0.581817] (custom_interfaces) CommandEnded: {'returncode': 0}
[0.600226] (-) TimerEvent: {}
[0.636030] (custom_interfaces) JobEnded: {'identifier': 'custom_interfaces', 'rc': 0}
[0.637173] (lab3_pkg) JobStarted: {'identifier': 'lab3_pkg'}
[0.644399] (final) JobStarted: {'identifier': 'final'}
[0.652234] (lab5_pkg) JobStarted: {'identifier': 'lab5_pkg'}
[0.700308] (-) TimerEvent: {}
[0.800521] (-) TimerEvent: {}
[0.900732] (-) TimerEvent: {}
[1.000973] (-) TimerEvent: {}
[1.101238] (-) TimerEvent: {}
[1.201515] (-) TimerEvent: {}
[1.301776] (-) TimerEvent: {}
[1.326825] (lab1_pkg) Command: {'cmd': ['/usr/bin/python3', '-W', 'ignore:setup.py install is deprecated', '-W', 'ignore:easy_install command is deprecated', 'setup.py', 'egg_info', '--egg-base', '../../build/lab1_pkg', 'build', '--build-base', '/home/cnutter/turtlebot4_ws/build/lab1_pkg/build', 'install', '--record', '/home/cnutter/turtlebot4_ws/build/lab1_pkg/install.log', '--single-version-externally-managed', 'install_data'], 'cwd': '/home/cnutter/turtlebot4_ws/src/lab1_pkg', 'env': {'USER': 'cnutter@plu.edu', 'GZ_SIM_RESOURCE_PATH': '/opt/ros/jazzy/share', 'GZ_CONFIG_PATH': '/opt/ros/jazzy/opt/gz_sim_vendor/share/gz:/opt/ros/jazzy/opt/sdformat_vendor/share/gz:/opt/ros/jazzy/opt/gz_gui_vendor/share/gz:/opt/ros/jazzy/opt/gz_transport_vendor/share/gz:/opt/ros/jazzy/opt/gz_rendering_vendor/share/gz:/opt/ros/jazzy/opt/gz_plugin_vendor/share/gz:/opt/ros/jazzy/opt/gz_fuel_tools_vendor/share/gz:/opt/ros/jazzy/opt/gz_msgs_vendor/share/gz:/opt/ros/jazzy/opt/gz_common_vendor/share/gz', 'XDG_SESSION_TYPE': 'wayland', 'CLUTTER_DISABLE_MIPMAPPED_TEXT': '1', 'SHLVL': '1', 'LD_LIBRARY_PATH': '/home/cnutter/turtlebot4_ws/install/custom_interfaces/lib:/opt/ros/jazzy/opt/gz_sim_vendor/lib:/opt/ros/jazzy/opt/gz_sensors_vendor/lib:/opt/ros/jazzy/opt/gz_physics_vendor/lib:/opt/ros/jazzy/opt/sdformat_vendor/lib:/opt/ros/jazzy/opt/rviz_ogre_vendor/lib:/opt/ros/jazzy/lib/x86_64-linux-gnu:/opt/ros/jazzy/opt/gz_gui_vendor/lib:/opt/ros/jazzy/opt/gz_transport_vendor/lib:/opt/ros/jazzy/opt/gz_rendering_vendor/lib:/opt/ros/jazzy/opt/gz_plugin_vendor/lib:/opt/ros/jazzy/opt/gz_fuel_tools_vendor/lib:/opt/ros/jazzy/opt/gz_msgs_vendor/lib:/opt/ros/jazzy/opt/gz_common_vendor/lib:/opt/ros/jazzy/opt/gz_math_vendor/lib:/opt/ros/jazzy/opt/gz_utils_vendor/lib:/opt/ros/jazzy/opt/gz_tools_vendor/lib:/opt/ros/jazzy/opt/gz_ogre_next_vendor/lib:/opt/ros/jazzy/opt/gz_dartsim_vendor/lib:/opt/ros/jazzy/opt/gz_cmake_vendor/lib:/opt/ros/jazzy/lib', 'OLDPWD': '/home/cnutter', 'HOME': '/home/cnutter', 'DESKTOP_SESSION': 'ubuntu', 'GTK_MODULES': 'gail:atk-bridge', 'GNOME_SHELL_SESSION_MODE': 'ubuntu', 'ROS_PYTHON_VERSION': '3', 'SYSTEMD_EXEC_PID': '28407', 'DBUS_SESSION_BUS_ADDRESS': 'unix:path=/run/user/481847517/bus', 'GSM_SKIP_SSH_AGENT_WORKAROUND': 'true', 'COLORTERM': 'truecolor', 'CONDA_CHANGEPS1': 'no', 'WAYLAND_DISPLAY': 'wayland-0', 'ROS_DISTRO': 'jazzy', 'COLCON_PREFIX_PATH': '/home/cnutter/turtlebot4_ws/install', 'LOGNAME': 'cnutter@plu.edu', '_': '/usr/bin/colcon', 'MEMORY_PRESSURE_WATCH': '/sys/fs/cgroup/user.slice/user-481847517.slice/user@481847517.service/session.slice/org.gnome.Shell@wayland.service/memory.pressure', 'XDG_SESSION_CLASS': 'user', 'ROS_VERSION': '2', 'USERNAME': 'cnutter@plu.edu', 'TERM': 'xterm-256color', 'PROMPT_EOL_MARK': '', 'ROS_SUPER_CLIENT': 'True', 'GNOME_DESKTOP_SESSION_ID': 'this-is-deprecated', 'PATH': '/opt/ros/jazzy/opt/gz_msgs_vendor/bin:/opt/ros/jazzy/opt/gz_tools_vendor/bin:/opt/ros/jazzy/opt/gz_ogre_next_vendor/bin:/opt/ros/jazzy/bin:/usr/local/sbin:/usr/local/bin:/usr/sbin:/usr/bin:/sbin:/bin:/usr/games:/usr/local/games:/snap/bin:/snap/bin', 'SESSION_MANAGER': 'local/csci20122:@/tmp/.ICE-unix/28375,unix/csci20122:/tmp/.ICE-unix/28375', 'GNOME_TERMINAL_SCREEN': '/org/gnome/Terminal/screen/d1815c0c_3a98_4119_8e51_c4952ecb9ec0', 'XDG_MENU_PREFIX': 'gnome-', 'GNOME_SETUP_DISPLAY': ':1', 'XDG_RUNTIME_DIR': '/run/user/481847517', 'DISPLAY': ':0', 'XDG_CURRENT_DESKTOP': 'ubuntu:GNOME', 'LANG': 'en_US.UTF-8', 'RMW_IMPLEMENTATION': 'rmw_fastrtps_cpp', 'XDG_SESSION_DESKTOP': 'ubuntu', 'GNOME_TERMINAL_SERVICE': ':1.132', 'XMODIFIERS': '@im=ibus', 'XAUTHORITY': '/run/user/481847517/.mutter-Xwaylandauth.BBP1O3', 'SSH_AUTH_SOCK': '/run/user/481847517/keyring/ssh', 'AMENT_PREFIX_PATH': '/home/cnutter/turtlebot4_ws/install/lab_bringup:/home/cnutter/turtlebot4_ws/install/lab5_pkg:/home/cnutter/turtlebot4_ws/install/final_bringup:/home/cnutter/turtlebot4_ws/install/lab3_pkg:/home/cnutter/turtlebot4_ws/install/lab2_pkg:/home/cnutter/turtlebot4_ws/install/lab1_pkg:/home/cnutter/turtlebot4_ws/install/final:/home/cnutter/turtlebot4_ws/install/custom_interfaces:/opt/ros/jazzy', 'ROS_DOMAIN_ID': '0', 'KRB5CCNAME': 'FILE:/tmp/krb5cc_481847517_OSmN3a', 'SHELL': '/bin/zsh', 'ROS_DISCOVERY_SERVER': '10.5.113.101:11811', 'QT_ACCESSIBILITY': '1', 'GDMSESSION': 'ubuntu', 'QT_IM_MODULE': 'ibus', 'ROS_AUTOMATIC_DISCOVERY_RANGE': 'SUBNET', 'PWD': '/home/cnutter/turtlebot4_ws/build/lab1_pkg', 'XDG_DATA_DIRS': '/usr/local/share/:/usr/share/:/var/lib/snapd/desktop', 'VIRTUAL_ENV_DISABLE_PROMPT': '12', 'PYTHONPATH': '/home/cnutter/turtlebot4_ws/build/lab1_pkg/prefix_override:/usr/lib/python3/dist-packages/colcon_core/task/python/colcon_distutils_commands:/home/cnutter/turtlebot4_ws/install/lab1_pkg/lib/python3.12/site-packages:/home/cnutter/turtlebot4_ws/install/lab5_pkg/lib/python3.12/site-packages:/home/cnutter/turtlebot4_ws/install/lab3_pkg/lib/python3.12/site-packages:/home/cnutter/turtlebot4_ws/install/lab2_pkg/lib/python3.12/site-packages:/home/cnutter/turtlebot4_ws/install/lab1_pkg/lib/python3.12/site-packages:/home/cnutter/turtlebot4_ws/install/final/lib/python3.12/site-packages:/home/cnutter/turtlebot4_ws/install/custom_interfaces/lib/python3.12/site-packages:/opt/ros/jazzy/lib/python3.12/site-packages', 'COLCON': '1', 'VTE_VERSION': '7600', 'MEMORY_PRESSURE_WRITE': 'c29tZSAyMDAwMDAgMjAwMDAwMAA=', 'CMAKE_PREFIX_PATH': '/home/cnutter/turtlebot4_ws/install/lab_bringup:/home/cnutter/turtlebot4_ws/install/final_bringup:/home/cnutter/turtlebot4_ws/install/custom_interfaces:/opt/ros/jazzy/opt/gz_sim_vendor:/opt/ros/jazzy/opt/gz_sensors_vendor:/opt/ros/jazzy/opt/gz_physics_vendor:/opt/ros/jazzy/opt/sdformat_vendor:/opt/ros/jazzy/opt/gz_gui_vendor:/opt/ros/jazzy/opt/gz_transport_vendor:/opt/ros/jazzy/opt/gz_rendering_vendor:/opt/ros/jazzy/opt/gz_plugin_vendor:/opt/ros/jazzy/opt/gz_fuel_tools_vendor:/opt/ros/jazzy/opt/gz_msgs_vendor:/opt/ros/jazzy/opt/gz_common_vendor:/opt/ros/jazzy/opt/gz_math_vendor:/opt/ros/jazzy/opt/gz_utils_vendor:/opt/ros/jazzy/opt/gz_tools_vendor:/opt/ros/jazzy/opt/gz_ogre_next_vendor:/opt/ros/jazzy/opt/gz_dartsim_vendor:/opt/ros/jazzy/opt/gz_cmake_vendor'}, 'shell': False}
[1.328831] (lab2_pkg) Command: {'cmd': ['/usr/bin/python3', '-W', 'ignore:setup.py install is deprecated', '-W', 'ignore:easy_install command is deprecated', 'setup.py', 'egg_info', '--egg-base', '../../build/lab2_pkg', 'build', '--build-base', '/home/cnutter/turtlebot4_ws/build/lab2_pkg/build', 'install', '--record', '/home/cnutter/turtlebot4_ws/build/lab2_pkg/install.log', '--single-version-externally-managed', 'install_data'], 'cwd': '/home/cnutter/turtlebot4_ws/src/lab2_pkg', 'env': {'USER': 'cnutter@plu.edu', 'GZ_SIM_RESOURCE_PATH': '/opt/ros/jazzy/share', 'GZ_CONFIG_PATH': '/opt/ros/jazzy/opt/gz_sim_vendor/share/gz:/opt/ros/jazzy/opt/sdformat_vendor/share/gz:/opt/ros/jazzy/opt/gz_gui_vendor/share/gz:/opt/ros/jazzy/opt/gz_transport_vendor/share/gz:/opt/ros/jazzy/opt/gz_rendering_vendor/share/gz:/opt/ros/jazzy/opt/gz_plugin_vendor/share/gz:/opt/ros/jazzy/opt/gz_fuel_tools_vendor/share/gz:/opt/ros/jazzy/opt/gz_msgs_vendor/share/gz:/opt/ros/jazzy/opt/gz_common_vendor/share/gz', 'XDG_SESSION_TYPE': 'wayland', 'CLUTTER_DISABLE_MIPMAPPED_TEXT': '1', 'SHLVL': '1', 'LD_LIBRARY_PATH': '/home/cnutter/turtlebot4_ws/install/custom_interfaces/lib:/opt/ros/jazzy/opt/gz_sim_vendor/lib:/opt/ros/jazzy/opt/gz_sensors_vendor/lib:/opt/ros/jazzy/opt/gz_physics_vendor/lib:/opt/ros/jazzy/opt/sdformat_vendor/lib:/opt/ros/jazzy/opt/rviz_ogre_vendor/lib:/opt/ros/jazzy/lib/x86_64-linux-gnu:/opt/ros/jazzy/opt/gz_gui_vendor/lib:/opt/ros/jazzy/opt/gz_transport_vendor/lib:/opt/ros/jazzy/opt/gz_rendering_vendor/lib:/opt/ros/jazzy/opt/gz_plugin_vendor/lib:/opt/ros/jazzy/opt/gz_fuel_tools_vendor/lib:/opt/ros/jazzy/opt/gz_msgs_vendor/lib:/opt/ros/jazzy/opt/gz_common_vendor/lib:/opt/ros/jazzy/opt/gz_math_vendor/lib:/opt/ros/jazzy/opt/gz_utils_vendor/lib:/opt/ros/jazzy/opt/gz_tools_vendor/lib:/opt/ros/jazzy/opt/gz_ogre_next_vendor/lib:/opt/ros/jazzy/opt/gz_dartsim_vendor/lib:/opt/ros/jazzy/opt/gz_cmake_vendor/lib:/opt/ros/jazzy/lib', 'OLDPWD': '/home/cnutter', 'HOME': '/home/cnutter', 'DESKTOP_SESSION': 'ubuntu', 'GTK_MODULES': 'gail:atk-bridge', 'GNOME_SHELL_SESSION_MODE': 'ubuntu', 'ROS_PYTHON_VERSION': '3', 'SYSTEMD_EXEC_PID': '28407', 'DBUS_SESSION_BUS_ADDRESS': 'unix:path=/run/user/481847517/bus', 'GSM_SKIP_SSH_AGENT_WORKAROUND': 'true', 'COLORTERM': 'truecolor', 'CONDA_CHANGEPS1': 'no', 'WAYLAND_DISPLAY': 'wayland-0', 'ROS_DISTRO': 'jazzy', 'COLCON_PREFIX_PATH': '/home/cnutter/turtlebot4_ws/install', 'LOGNAME': 'cnutter@plu.edu', '_': '/usr/bin/colcon', 'MEMORY_PRESSURE_WATCH': '/sys/fs/cgroup/user.slice/user-481847517.slice/user@481847517.service/session.slice/org.gnome.Shell@wayland.service/memory.pressure', 'XDG_SESSION_CLASS': 'user', 'ROS_VERSION': '2', 'USERNAME': 'cnutter@plu.edu', 'TERM': 'xterm-256color', 'PROMPT_EOL_MARK': '', 'ROS_SUPER_CLIENT': 'True', 'GNOME_DESKTOP_SESSION_ID': 'this-is-deprecated', 'PATH': '/opt/ros/jazzy/opt/gz_msgs_vendor/bin:/opt/ros/jazzy/opt/gz_tools_vendor/bin:/opt/ros/jazzy/opt/gz_ogre_next_vendor/bin:/opt/ros/jazzy/bin:/usr/local/sbin:/usr/local/bin:/usr/sbin:/usr/bin:/sbin:/bin:/usr/games:/usr/local/games:/snap/bin:/snap/bin', 'SESSION_MANAGER': 'local/csci20122:@/tmp/.ICE-unix/28375,unix/csci20122:/tmp/.ICE-unix/28375', 'GNOME_TERMINAL_SCREEN': '/org/gnome/Terminal/screen/d1815c0c_3a98_4119_8e51_c4952ecb9ec0', 'XDG_MENU_PREFIX': 'gnome-', 'GNOME_SETUP_DISPLAY': ':1', 'XDG_RUNTIME_DIR': '/run/user/481847517', 'DISPLAY': ':0', 'XDG_CURRENT_DESKTOP': 'ubuntu:GNOME', 'LANG': 'en_US.UTF-8', 'RMW_IMPLEMENTATION': 'rmw_fastrtps_cpp', 'XDG_SESSION_DESKTOP': 'ubuntu', 'GNOME_TERMINAL_SERVICE': ':1.132', 'XMODIFIERS': '@im=ibus', 'XAUTHORITY': '/run/user/481847517/.mutter-Xwaylandauth.BBP1O3', 'SSH_AUTH_SOCK': '/run/user/481847517/keyring/ssh', 'AMENT_PREFIX_PATH': '/home/cnutter/turtlebot4_ws/install/lab_bringup:/home/cnutter/turtlebot4_ws/install/lab5_pkg:/home/cnutter/turtlebot4_ws/install/final_bringup:/home/cnutter/turtlebot4_ws/install/lab3_pkg:/home/cnutter/turtlebot4_ws/install/lab2_pkg:/home/cnutter/turtlebot4_ws/install/lab1_pkg:/home/cnutter/turtlebot4_ws/install/final:/home/cnutter/turtlebot4_ws/install/custom_interfaces:/opt/ros/jazzy', 'ROS_DOMAIN_ID': '0', 'KRB5CCNAME': 'FILE:/tmp/krb5cc_481847517_OSmN3a', 'SHELL': '/bin/zsh', 'ROS_DISCOVERY_SERVER': '10.5.113.101:11811', 'QT_ACCESSIBILITY': '1', 'GDMSESSION': 'ubuntu', 'QT_IM_MODULE': 'ibus', 'ROS_AUTOMATIC_DISCOVERY_RANGE': 'SUBNET', 'PWD': '/home/cnutter/turtlebot4_ws/build/lab2_pkg', 'XDG_DATA_DIRS': '/usr/local/share/:/usr/share/:/var/lib/snapd/desktop', 'VIRTUAL_ENV_DISABLE_PROMPT': '12', 'PYTHONPATH': '/home/cnutter/turtlebot4_ws/build/lab2_pkg/prefix_override:/usr/lib/python3/dist-packages/colcon_core/task/python/colcon_distutils_commands:/home/cnutter/turtlebot4_ws/install/lab2_pkg/lib/python3.12/site-packages:/home/cnutter/turtlebot4_ws/install/lab5_pkg/lib/python3.12/site-packages:/home/cnutter/turtlebot4_ws/install/lab3_pkg/lib/python3.12/site-packages:/home/cnutter/turtlebot4_ws/install/lab2_pkg/lib/python3.12/site-packages:/home/cnutter/turtlebot4_ws/install/lab1_pkg/lib/python3.12/site-packages:/home/cnutter/turtlebot4_ws/install/final/lib/python3.12/site-packages:/home/cnutter/turtlebot4_ws/install/custom_interfaces/lib/python3.12/site-packages:/opt/ros/jazzy/lib/python3.12/site-packages', 'COLCON': '1', 'VTE_VERSION': '7600', 'MEMORY_PRESSURE_WRITE': 'c29tZSAyMDAwMDAgMjAwMDAwMAA=', 'CMAKE_PREFIX_PATH': '/home/cnutter/turtlebot4_ws/install/lab_bringup:/home/cnutter/turtlebot4_ws/install/final_bringup:/home/cnutter/turtlebot4_ws/install/custom_interfaces:/opt/ros/jazzy/opt/gz_sim_vendor:/opt/ros/jazzy/opt/gz_sensors_vendor:/opt/ros/jazzy/opt/gz_physics_vendor:/opt/ros/jazzy/opt/sdformat_vendor:/opt/ros/jazzy/opt/gz_gui_vendor:/opt/ros/jazzy/opt/gz_transport_vendor:/opt/ros/jazzy/opt/gz_rendering_vendor:/opt/ros/jazzy/opt/gz_plugin_vendor:/opt/ros/jazzy/opt/gz_fuel_tools_vendor:/opt/ros/jazzy/opt/gz_msgs_vendor:/opt/ros/jazzy/opt/gz_common_vendor:/opt/ros/jazzy/opt/gz_math_vendor:/opt/ros/jazzy/opt/gz_utils_vendor:/opt/ros/jazzy/opt/gz_tools_vendor:/opt/ros/jazzy/opt/gz_ogre_next_vendor:/opt/ros/jazzy/opt/gz_dartsim_vendor:/opt/ros/jazzy/opt/gz_cmake_vendor'}, 'shell': False}
[1.401891] (-) TimerEvent: {}
[1.502107] (-) TimerEvent: {}
[1.602311] (-) TimerEvent: {}
[1.636313] (lab2_pkg) StdoutLine: {'line': b'running egg_info\n'}
[1.639396] (lab1_pkg) StdoutLine: {'line': b'running egg_info\n'}
[1.662351] (lab2_pkg) StdoutLine: {'line': b'writing ../../build/lab2_pkg/lab2_pkg.egg-info/PKG-INFO\n'}
[1.662564] (lab2_pkg) StdoutLine: {'line': b'writing dependency_links to ../../build/lab2_pkg/lab2_pkg.egg-info/dependency_links.txt\n'}
[1.662774] (lab2_pkg) StdoutLine: {'line': b'writing entry points to ../../build/lab2_pkg/lab2_pkg.egg-info/entry_points.txt\n'}
[1.662972] (lab2_pkg) StdoutLine: {'line': b'writing requirements to ../../build/lab2_pkg/lab2_pkg.egg-info/requires.txt\n'}
[1.663122] (lab2_pkg) StdoutLine: {'line': b'writing top-level names to ../../build/lab2_pkg/lab2_pkg.egg-info/top_level.txt\n'}
[1.664522] (lab1_pkg) StdoutLine: {'line': b'writing ../../build/lab1_pkg/lab1_pkg.egg-info/PKG-INFO\n'}
[1.664765] (lab1_pkg) StdoutLine: {'line': b'writing dependency_links to ../../build/lab1_pkg/lab1_pkg.egg-info/dependency_links.txt\n'}
[1.664963] (lab1_pkg) StdoutLine: {'line': b'writing entry points to ../../build/lab1_pkg/lab1_pkg.egg-info/entry_points.txt\n'}
[1.665155] (lab1_pkg) StdoutLine: {'line': b'writing requirements to ../../build/lab1_pkg/lab1_pkg.egg-info/requires.txt\n'}
[1.665302] (lab1_pkg) StdoutLine: {'line': b'writing top-level names to ../../build/lab1_pkg/lab1_pkg.egg-info/top_level.txt\n'}
[1.688959] (lab2_pkg) StdoutLine: {'line': b"reading manifest file '../../build/lab2_pkg/lab2_pkg.egg-info/SOURCES.txt'\n"}
[1.689540] (lab2_pkg) StdoutLine: {'line': b"writing manifest file '../../build/lab2_pkg/lab2_pkg.egg-info/SOURCES.txt'\n"}
[1.689674] (lab2_pkg) StdoutLine: {'line': b'running build\n'}
[1.689862] (lab2_pkg) StdoutLine: {'line': b'running install\n'}
[1.695593] (lab2_pkg) StdoutLine: {'line': b'running install_data\n'}
[1.695784] (lab2_pkg) StdoutLine: {'line': b'running install_egg_info\n'}
[1.702381] (-) TimerEvent: {}
[1.715542] (lab1_pkg) StdoutLine: {'line': b"reading manifest file '../../build/lab1_pkg/lab1_pkg.egg-info/SOURCES.txt'\n"}
[1.716166] (lab1_pkg) StdoutLine: {'line': b"writing manifest file '../../build/lab1_pkg/lab1_pkg.egg-info/SOURCES.txt'\n"}
[1.716341] (lab1_pkg) StdoutLine: {'line': b'running build\n'}
[1.716472] (lab1_pkg) StdoutLine: {'line': b'running build_py\n'}
[1.716615] (lab1_pkg) StdoutLine: {'line': b'running install\n'}
[1.721686] (lab1_pkg) StdoutLine: {'line': b'running install_lib\n'}
[1.746747] (lab1_pkg) StdoutLine: {'line': b'running install_data\n'}
[1.746983] (lab1_pkg) StdoutLine: {'line': b'running install_egg_info\n'}
[1.749532] (lab2_pkg) StdoutLine: {'line': b"removing '/home/cnutter/turtlebot4_ws/install/lab2_pkg/lib/python3.12/site-packages/lab2_pkg-0.0.0-py3.12.egg-info' (and everything under it)\n"}
[1.749776] (lab2_pkg) StdoutLine: {'line': b'Copying ../../build/lab2_pkg/lab2_pkg.egg-info to /home/cnutter/turtlebot4_ws/install/lab2_pkg/lib/python3.12/site-packages/lab2_pkg-0.0.0-py3.12.egg-info\n'}
[1.753202] (lab2_pkg) StdoutLine: {'line': b'running install_scripts\n'}
[1.774494] (lab1_pkg) StdoutLine: {'line': b"removing '/home/cnutter/turtlebot4_ws/install/lab1_pkg/lib/python3.12/site-packages/lab1_pkg-0.0.0-py3.12.egg-info' (and everything under it)\n"}
[1.774768] (lab1_pkg) StdoutLine: {'line': b'Copying ../../build/lab1_pkg/lab1_pkg.egg-info to /home/cnutter/turtlebot4_ws/install/lab1_pkg/lib/python3.12/site-packages/lab1_pkg-0.0.0-py3.12.egg-info\n'}
[1.777821] (lab1_pkg) StdoutLine: {'line': b'running install_scripts\n'}
[1.802459] (-) TimerEvent: {}
[1.902661] (-) TimerEvent: {}
[1.911767] (lab2_pkg) StdoutLine: {'line': b'Installing SCOD script to /home/cnutter/turtlebot4_ws/install/lab2_pkg/lib/lab2_pkg\n'}
[1.912032] (lab2_pkg) StdoutLine: {'line': b"writing list of installed files to '/home/cnutter/turtlebot4_ws/build/lab2_pkg/install.log'\n"}
[1.933225] (lab2_pkg) CommandEnded: {'returncode': 0}
[1.939235] (lab2_pkg) JobEnded: {'identifier': 'lab2_pkg', 'rc': 0}
[1.944790] (lab1_pkg) StdoutLine: {'line': b'Installing speed_behavior_node script to /home/cnutter/turtlebot4_ws/install/lab1_pkg/lib/lab1_pkg\n'}
[1.945124] (lab1_pkg) StdoutLine: {'line': b"writing list of installed files to '/home/cnutter/turtlebot4_ws/build/lab1_pkg/install.log'\n"}
[1.965159] (lab1_pkg) CommandEnded: {'returncode': 0}
[1.970969] (lab1_pkg) JobEnded: {'identifier': 'lab1_pkg', 'rc': 0}
[2.002746] (-) TimerEvent: {}
[2.006995] (lab3_pkg) Command: {'cmd': ['/usr/bin/python3', '-W', 'ignore:setup.py install is deprecated', '-W', 'ignore:easy_install command is deprecated', 'setup.py', 'egg_info', '--egg-base', '../../build/lab3_pkg', 'build', '--build-base', '/home/cnutter/turtlebot4_ws/build/lab3_pkg/build', 'install', '--record', '/home/cnutter/turtlebot4_ws/build/lab3_pkg/install.log', '--single-version-externally-managed', 'install_data'], 'cwd': '/home/cnutter/turtlebot4_ws/src/lab3_pkg', 'env': {'USER': 'cnutter@plu.edu', 'GZ_SIM_RESOURCE_PATH': '/opt/ros/jazzy/share', 'GZ_CONFIG_PATH': '/opt/ros/jazzy/opt/gz_sim_vendor/share/gz:/opt/ros/jazzy/opt/sdformat_vendor/share/gz:/opt/ros/jazzy/opt/gz_gui_vendor/share/gz:/opt/ros/jazzy/opt/gz_transport_vendor/share/gz:/opt/ros/jazzy/opt/gz_rendering_vendor/share/gz:/opt/ros/jazzy/opt/gz_plugin_vendor/share/gz:/opt/ros/jazzy/opt/gz_fuel_tools_vendor/share/gz:/opt/ros/jazzy/opt/gz_msgs_vendor/share/gz:/opt/ros/jazzy/opt/gz_common_vendor/share/gz', 'XDG_SESSION_TYPE': 'wayland', 'CLUTTER_DISABLE_MIPMAPPED_TEXT': '1', 'SHLVL': '1', 'LD_LIBRARY_PATH': '/home/cnutter/turtlebot4_ws/install/custom_interfaces/lib:/opt/ros/jazzy/opt/gz_sim_vendor/lib:/opt/ros/jazzy/opt/gz_sensors_vendor/lib:/opt/ros/jazzy/opt/gz_physics_vendor/lib:/opt/ros/jazzy/opt/sdformat_vendor/lib:/opt/ros/jazzy/opt/rviz_ogre_vendor/lib:/opt/ros/jazzy/lib/x86_64-linux-gnu:/opt/ros/jazzy/opt/gz_gui_vendor/lib:/opt/ros/jazzy/opt/gz_transport_vendor/lib:/opt/ros/jazzy/opt/gz_rendering_vendor/lib:/opt/ros/jazzy/opt/gz_plugin_vendor/lib:/opt/ros/jazzy/opt/gz_fuel_tools_vendor/lib:/opt/ros/jazzy/opt/gz_msgs_vendor/lib:/opt/ros/jazzy/opt/gz_common_vendor/lib:/opt/ros/jazzy/opt/gz_math_vendor/lib:/opt/ros/jazzy/opt/gz_utils_vendor/lib:/opt/ros/jazzy/opt/gz_tools_vendor/lib:/opt/ros/jazzy/opt/gz_ogre_next_vendor/lib:/opt/ros/jazzy/opt/gz_dartsim_vendor/lib:/opt/ros/jazzy/opt/gz_cmake_vendor/lib:/opt/ros/jazzy/lib', 'OLDPWD': '/home/cnutter', 'HOME': '/home/cnutter', 'DESKTOP_SESSION': 'ubuntu', 'GTK_MODULES': 'gail:atk-bridge', 'GNOME_SHELL_SESSION_MODE': 'ubuntu', 'ROS_PYTHON_VERSION': '3', 'SYSTEMD_EXEC_PID': '28407', 'DBUS_SESSION_BUS_ADDRESS': 'unix:path=/run/user/481847517/bus', 'GSM_SKIP_SSH_AGENT_WORKAROUND': 'true', 'COLORTERM': 'truecolor', 'CONDA_CHANGEPS1': 'no', 'WAYLAND_DISPLAY': 'wayland-0', 'ROS_DISTRO': 'jazzy', 'COLCON_PREFIX_PATH': '/home/cnutter/turtlebot4_ws/install', 'LOGNAME': 'cnutter@plu.edu', '_': '/usr/bin/colcon', 'MEMORY_PRESSURE_WATCH': '/sys/fs/cgroup/user.slice/user-481847517.slice/user@481847517.service/session.slice/org.gnome.Shell@wayland.service/memory.pressure', 'XDG_SESSION_CLASS': 'user', 'ROS_VERSION': '2', 'USERNAME': 'cnutter@plu.edu', 'TERM': 'xterm-256color', 'PROMPT_EOL_MARK': '', 'ROS_SUPER_CLIENT': 'True', 'GNOME_DESKTOP_SESSION_ID': 'this-is-deprecated', 'PATH': '/opt/ros/jazzy/opt/gz_msgs_vendor/bin:/opt/ros/jazzy/opt/gz_tools_vendor/bin:/opt/ros/jazzy/opt/gz_ogre_next_vendor/bin:/opt/ros/jazzy/bin:/usr/local/sbin:/usr/local/bin:/usr/sbin:/usr/bin:/sbin:/bin:/usr/games:/usr/local/games:/snap/bin:/snap/bin', 'SESSION_MANAGER': 'local/csci20122:@/tmp/.ICE-unix/28375,unix/csci20122:/tmp/.ICE-unix/28375', 'GNOME_TERMINAL_SCREEN': '/org/gnome/Terminal/screen/d1815c0c_3a98_4119_8e51_c4952ecb9ec0', 'XDG_MENU_PREFIX': 'gnome-', 'GNOME_SETUP_DISPLAY': ':1', 'XDG_RUNTIME_DIR': '/run/user/481847517', 'DISPLAY': ':0', 'XDG_CURRENT_DESKTOP': 'ubuntu:GNOME', 'LANG': 'en_US.UTF-8', 'RMW_IMPLEMENTATION': 'rmw_fastrtps_cpp', 'XDG_SESSION_DESKTOP': 'ubuntu', 'GNOME_TERMINAL_SERVICE': ':1.132', 'XMODIFIERS': '@im=ibus', 'XAUTHORITY': '/run/user/481847517/.mutter-Xwaylandauth.BBP1O3', 'SSH_AUTH_SOCK': '/run/user/481847517/keyring/ssh', 'AMENT_PREFIX_PATH': '/home/cnutter/turtlebot4_ws/install/lab_bringup:/home/cnutter/turtlebot4_ws/install/lab5_pkg:/home/cnutter/turtlebot4_ws/install/final_bringup:/home/cnutter/turtlebot4_ws/install/lab3_pkg:/home/cnutter/turtlebot4_ws/install/lab2_pkg:/home/cnutter/turtlebot4_ws/install/lab1_pkg:/home/cnutter/turtlebot4_ws/install/final:/home/cnutter/turtlebot4_ws/install/custom_interfaces:/opt/ros/jazzy', 'ROS_DOMAIN_ID': '0', 'KRB5CCNAME': 'FILE:/tmp/krb5cc_481847517_OSmN3a', 'SHELL': '/bin/zsh', 'ROS_DISCOVERY_SERVER': '10.5.113.101:11811', 'QT_ACCESSIBILITY': '1', 'GDMSESSION': 'ubuntu', 'QT_IM_MODULE': 'ibus', 'ROS_AUTOMATIC_DISCOVERY_RANGE': 'SUBNET', 'PWD': '/home/cnutter/turtlebot4_ws/build/lab3_pkg', 'XDG_DATA_DIRS': '/usr/local/share/:/usr/share/:/var/lib/snapd/desktop', 'VIRTUAL_ENV_DISABLE_PROMPT': '12', 'PYTHONPATH': '/home/cnutter/turtlebot4_ws/build/lab3_pkg/prefix_override:/usr/lib/python3/dist-packages/colcon_core/task/python/colcon_distutils_commands:/home/cnutter/turtlebot4_ws/install/lab3_pkg/lib/python3.12/site-packages:/home/cnutter/turtlebot4_ws/install/custom_interfaces/lib/python3.12/site-packages:/home/cnutter/turtlebot4_ws/install/lab5_pkg/lib/python3.12/site-packages:/home/cnutter/turtlebot4_ws/install/lab3_pkg/lib/python3.12/site-packages:/home/cnutter/turtlebot4_ws/install/lab2_pkg/lib/python3.12/site-packages:/home/cnutter/turtlebot4_ws/install/lab1_pkg/lib/python3.12/site-packages:/home/cnutter/turtlebot4_ws/install/final/lib/python3.12/site-packages:/opt/ros/jazzy/lib/python3.12/site-packages', 'COLCON': '1', 'VTE_VERSION': '7600', 'MEMORY_PRESSURE_WRITE': 'c29tZSAyMDAwMDAgMjAwMDAwMAA=', 'CMAKE_PREFIX_PATH': '/home/cnutter/turtlebot4_ws/install/custom_interfaces:/home/cnutter/turtlebot4_ws/install/lab_bringup:/home/cnutter/turtlebot4_ws/install/final_bringup:/opt/ros/jazzy/opt/gz_sim_vendor:/opt/ros/jazzy/opt/gz_sensors_vendor:/opt/ros/jazzy/opt/gz_physics_vendor:/opt/ros/jazzy/opt/sdformat_vendor:/opt/ros/jazzy/opt/gz_gui_vendor:/opt/ros/jazzy/opt/gz_transport_vendor:/opt/ros/jazzy/opt/gz_rendering_vendor:/opt/ros/jazzy/opt/gz_plugin_vendor:/opt/ros/jazzy/opt/gz_fuel_tools_vendor:/opt/ros/jazzy/opt/gz_msgs_vendor:/opt/ros/jazzy/opt/gz_common_vendor:/opt/ros/jazzy/opt/gz_math_vendor:/opt/ros/jazzy/opt/gz_utils_vendor:/opt/ros/jazzy/opt/gz_tools_vendor:/opt/ros/jazzy/opt/gz_ogre_next_vendor:/opt/ros/jazzy/opt/gz_dartsim_vendor:/opt/ros/jazzy/opt/gz_cmake_vendor'}, 'shell': False}
[2.049276] (lab5_pkg) Command: {'cmd': ['/usr/bin/python3', '-W', 'ignore:setup.py install is deprecated', '-W', 'ignore:easy_install command is deprecated', 'setup.py', 'egg_info', '--egg-base', '../../build/lab5_pkg', 'build', '--build-base', '/home/cnutter/turtlebot4_ws/build/lab5_pkg/build', 'install', '--record', '/home/cnutter/turtlebot4_ws/build/lab5_pkg/install.log', '--single-version-externally-managed', 'install_data'], 'cwd': '/home/cnutter/turtlebot4_ws/src/lab5_pkg', 'env': {'USER': 'cnutter@plu.edu', 'GZ_SIM_RESOURCE_PATH': '/opt/ros/jazzy/share', 'GZ_CONFIG_PATH': '/opt/ros/jazzy/opt/gz_sim_vendor/share/gz:/opt/ros/jazzy/opt/sdformat_vendor/share/gz:/opt/ros/jazzy/opt/gz_gui_vendor/share/gz:/opt/ros/jazzy/opt/gz_transport_vendor/share/gz:/opt/ros/jazzy/opt/gz_rendering_vendor/share/gz:/opt/ros/jazzy/opt/gz_plugin_vendor/share/gz:/opt/ros/jazzy/opt/gz_fuel_tools_vendor/share/gz:/opt/ros/jazzy/opt/gz_msgs_vendor/share/gz:/opt/ros/jazzy/opt/gz_common_vendor/share/gz', 'XDG_SESSION_TYPE': 'wayland', 'CLUTTER_DISABLE_MIPMAPPED_TEXT': '1', 'SHLVL': '1', 'LD_LIBRARY_PATH': '/home/cnutter/turtlebot4_ws/install/custom_interfaces/lib:/opt/ros/jazzy/opt/gz_sim_vendor/lib:/opt/ros/jazzy/opt/gz_sensors_vendor/lib:/opt/ros/jazzy/opt/gz_physics_vendor/lib:/opt/ros/jazzy/opt/sdformat_vendor/lib:/opt/ros/jazzy/opt/rviz_ogre_vendor/lib:/opt/ros/jazzy/lib/x86_64-linux-gnu:/opt/ros/jazzy/opt/gz_gui_vendor/lib:/opt/ros/jazzy/opt/gz_transport_vendor/lib:/opt/ros/jazzy/opt/gz_rendering_vendor/lib:/opt/ros/jazzy/opt/gz_plugin_vendor/lib:/opt/ros/jazzy/opt/gz_fuel_tools_vendor/lib:/opt/ros/jazzy/opt/gz_msgs_vendor/lib:/opt/ros/jazzy/opt/gz_common_vendor/lib:/opt/ros/jazzy/opt/gz_math_vendor/lib:/opt/ros/jazzy/opt/gz_utils_vendor/lib:/opt/ros/jazzy/opt/gz_tools_vendor/lib:/opt/ros/jazzy/opt/gz_ogre_next_vendor/lib:/opt/ros/jazzy/opt/gz_dartsim_vendor/lib:/opt/ros/jazzy/opt/gz_cmake_vendor/lib:/opt/ros/jazzy/lib', 'OLDPWD': '/home/cnutter', 'HOME': '/home/cnutter', 'DESKTOP_SESSION': 'ubuntu', 'GTK_MODULES': 'gail:atk-bridge', 'GNOME_SHELL_SESSION_MODE': 'ubuntu', 'ROS_PYTHON_VERSION': '3', 'SYSTEMD_EXEC_PID': '28407', 'DBUS_SESSION_BUS_ADDRESS': 'unix:path=/run/user/481847517/bus', 'GSM_SKIP_SSH_AGENT_WORKAROUND': 'true', 'COLORTERM': 'truecolor', 'CONDA_CHANGEPS1': 'no', 'WAYLAND_DISPLAY': 'wayland-0', 'ROS_DISTRO': 'jazzy', 'COLCON_PREFIX_PATH': '/home/cnutter/turtlebot4_ws/install', 'LOGNAME': 'cnutter@plu.edu', '_': '/usr/bin/colcon', 'MEMORY_PRESSURE_WATCH': '/sys/fs/cgroup/user.slice/user-481847517.slice/user@481847517.service/session.slice/org.gnome.Shell@wayland.service/memory.pressure', 'XDG_SESSION_CLASS': 'user', 'ROS_VERSION': '2', 'USERNAME': 'cnutter@plu.edu', 'TERM': 'xterm-256color', 'PROMPT_EOL_MARK': '', 'ROS_SUPER_CLIENT': 'True', 'GNOME_DESKTOP_SESSION_ID': 'this-is-deprecated', 'PATH': '/opt/ros/jazzy/opt/gz_msgs_vendor/bin:/opt/ros/jazzy/opt/gz_tools_vendor/bin:/opt/ros/jazzy/opt/gz_ogre_next_vendor/bin:/opt/ros/jazzy/bin:/usr/local/sbin:/usr/local/bin:/usr/sbin:/usr/bin:/sbin:/bin:/usr/games:/usr/local/games:/snap/bin:/snap/bin', 'SESSION_MANAGER': 'local/csci20122:@/tmp/.ICE-unix/28375,unix/csci20122:/tmp/.ICE-unix/28375', 'GNOME_TERMINAL_SCREEN': '/org/gnome/Terminal/screen/d1815c0c_3a98_4119_8e51_c4952ecb9ec0', 'XDG_MENU_PREFIX': 'gnome-', 'GNOME_SETUP_DISPLAY': ':1', 'XDG_RUNTIME_DIR': '/run/user/481847517', 'DISPLAY': ':0', 'XDG_CURRENT_DESKTOP': 'ubuntu:GNOME', 'LANG': 'en_US.UTF-8', 'RMW_IMPLEMENTATION': 'rmw_fastrtps_cpp', 'XDG_SESSION_DESKTOP': 'ubuntu', 'GNOME_TERMINAL_SERVICE': ':1.132', 'XMODIFIERS': '@im=ibus', 'XAUTHORITY': '/run/user/481847517/.mutter-Xwaylandauth.BBP1O3', 'SSH_AUTH_SOCK': '/run/user/481847517/keyring/ssh', 'AMENT_PREFIX_PATH': '/home/cnutter/turtlebot4_ws/install/lab_bringup:/home/cnutter/turtlebot4_ws/install/lab5_pkg:/home/cnutter/turtlebot4_ws/install/final_bringup:/home/cnutter/turtlebot4_ws/install/lab3_pkg:/home/cnutter/turtlebot4_ws/install/lab2_pkg:/home/cnutter/turtlebot4_ws/install/lab1_pkg:/home/cnutter/turtlebot4_ws/install/final:/home/cnutter/turtlebot4_ws/install/custom_interfaces:/opt/ros/jazzy', 'ROS_DOMAIN_ID': '0', 'KRB5CCNAME': 'FILE:/tmp/krb5cc_481847517_OSmN3a', 'SHELL': '/bin/zsh', 'ROS_DISCOVERY_SERVER': '10.5.113.101:11811', 'QT_ACCESSIBILITY': '1', 'GDMSESSION': 'ubuntu', 'QT_IM_MODULE': 'ibus', 'ROS_AUTOMATIC_DISCOVERY_RANGE': 'SUBNET', 'PWD': '/home/cnutter/turtlebot4_ws/build/lab5_pkg', 'XDG_DATA_DIRS': '/usr/local/share/:/usr/share/:/var/lib/snapd/desktop', 'VIRTUAL_ENV_DISABLE_PROMPT': '12', 'PYTHONPATH': '/home/cnutter/turtlebot4_ws/build/lab5_pkg/prefix_override:/usr/lib/python3/dist-packages/colcon_core/task/python/colcon_distutils_commands:/home/cnutter/turtlebot4_ws/install/lab5_pkg/lib/python3.12/site-packages:/home/cnutter/turtlebot4_ws/install/custom_interfaces/lib/python3.12/site-packages:/home/cnutter/turtlebot4_ws/install/lab5_pkg/lib/python3.12/site-packages:/home/cnutter/turtlebot4_ws/install/lab3_pkg/lib/python3.12/site-packages:/home/cnutter/turtlebot4_ws/install/lab2_pkg/lib/python3.12/site-packages:/home/cnutter/turtlebot4_ws/install/lab1_pkg/lib/python3.12/site-packages:/home/cnutter/turtlebot4_ws/install/final/lib/python3.12/site-packages:/opt/ros/jazzy/lib/python3.12/site-packages', 'COLCON': '1', 'VTE_VERSION': '7600', 'MEMORY_PRESSURE_WRITE': 'c29tZSAyMDAwMDAgMjAwMDAwMAA=', 'CMAKE_PREFIX_PATH': '/home/cnutter/turtlebot4_ws/install/custom_interfaces:/home/cnutter/turtlebot4_ws/install/lab_bringup:/home/cnutter/turtlebot4_ws/install/final_bringup:/opt/ros/jazzy/opt/gz_sim_vendor:/opt/ros/jazzy/opt/gz_sensors_vendor:/opt/ros/jazzy/opt/gz_physics_vendor:/opt/ros/jazzy/opt/sdformat_vendor:/opt/ros/jazzy/opt/gz_gui_vendor:/opt/ros/jazzy/opt/gz_transport_vendor:/opt/ros/jazzy/opt/gz_rendering_vendor:/opt/ros/jazzy/opt/gz_plugin_vendor:/opt/ros/jazzy/opt/gz_fuel_tools_vendor:/opt/ros/jazzy/opt/gz_msgs_vendor:/opt/ros/jazzy/opt/gz_common_vendor:/opt/ros/jazzy/opt/gz_math_vendor:/opt/ros/jazzy/opt/gz_utils_vendor:/opt/ros/jazzy/opt/gz_tools_vendor:/opt/ros/jazzy/opt/gz_ogre_next_vendor:/opt/ros/jazzy/opt/gz_dartsim_vendor:/opt/ros/jazzy/opt/gz_cmake_vendor'}, 'shell': False}
[2.052453] (final) Command: {'cmd': ['/usr/bin/python3', '-W', 'ignore:setup.py install is deprecated', '-W', 'ignore:easy_install command is deprecated', 'setup.py', 'egg_info', '--egg-base', '../../build/final', 'build', '--build-base', '/home/cnutter/turtlebot4_ws/build/final/build', 'install', '--record', '/home/cnutter/turtlebot4_ws/build/final/install.log', '--single-version-externally-managed', 'install_data'], 'cwd': '/home/cnutter/turtlebot4_ws/src/final', 'env': {'USER': 'cnutter@plu.edu', 'GZ_SIM_RESOURCE_PATH': '/opt/ros/jazzy/share', 'GZ_CONFIG_PATH': '/opt/ros/jazzy/opt/gz_sim_vendor/share/gz:/opt/ros/jazzy/opt/sdformat_vendor/share/gz:/opt/ros/jazzy/opt/gz_gui_vendor/share/gz:/opt/ros/jazzy/opt/gz_transport_vendor/share/gz:/opt/ros/jazzy/opt/gz_rendering_vendor/share/gz:/opt/ros/jazzy/opt/gz_plugin_vendor/share/gz:/opt/ros/jazzy/opt/gz_fuel_tools_vendor/share/gz:/opt/ros/jazzy/opt/gz_msgs_vendor/share/gz:/opt/ros/jazzy/opt/gz_common_vendor/share/gz', 'XDG_SESSION_TYPE': 'wayland', 'CLUTTER_DISABLE_MIPMAPPED_TEXT': '1', 'SHLVL': '1', 'LD_LIBRARY_PATH': '/home/cnutter/turtlebot4_ws/install/custom_interfaces/lib:/opt/ros/jazzy/opt/gz_sim_vendor/lib:/opt/ros/jazzy/opt/gz_sensors_vendor/lib:/opt/ros/jazzy/opt/gz_physics_vendor/lib:/opt/ros/jazzy/opt/sdformat_vendor/lib:/opt/ros/jazzy/opt/rviz_ogre_vendor/lib:/opt/ros/jazzy/lib/x86_64-linux-gnu:/opt/ros/jazzy/opt/gz_gui_vendor/lib:/opt/ros/jazzy/opt/gz_transport_vendor/lib:/opt/ros/jazzy/opt/gz_rendering_vendor/lib:/opt/ros/jazzy/opt/gz_plugin_vendor/lib:/opt/ros/jazzy/opt/gz_fuel_tools_vendor/lib:/opt/ros/jazzy/opt/gz_msgs_vendor/lib:/opt/ros/jazzy/opt/gz_common_vendor/lib:/opt/ros/jazzy/opt/gz_math_vendor/lib:/opt/ros/jazzy/opt/gz_utils_vendor/lib:/opt/ros/jazzy/opt/gz_tools_vendor/lib:/opt/ros/jazzy/opt/gz_ogre_next_vendor/lib:/opt/ros/jazzy/opt/gz_dartsim_vendor/lib:/opt/ros/jazzy/opt/gz_cmake_vendor/lib:/opt/ros/jazzy/lib', 'OLDPWD': '/home/cnutter', 'HOME': '/home/cnutter', 'DESKTOP_SESSION': 'ubuntu', 'GTK_MODULES': 'gail:atk-bridge', 'GNOME_SHELL_SESSION_MODE': 'ubuntu', 'ROS_PYTHON_VERSION': '3', 'SYSTEMD_EXEC_PID': '28407', 'DBUS_SESSION_BUS_ADDRESS': 'unix:path=/run/user/481847517/bus', 'GSM_SKIP_SSH_AGENT_WORKAROUND': 'true', 'COLORTERM': 'truecolor', 'CONDA_CHANGEPS1': 'no', 'WAYLAND_DISPLAY': 'wayland-0', 'ROS_DISTRO': 'jazzy', 'COLCON_PREFIX_PATH': '/home/cnutter/turtlebot4_ws/install', 'LOGNAME': 'cnutter@plu.edu', '_': '/usr/bin/colcon', 'MEMORY_PRESSURE_WATCH': '/sys/fs/cgroup/user.slice/user-481847517.slice/user@481847517.service/session.slice/org.gnome.Shell@wayland.service/memory.pressure', 'XDG_SESSION_CLASS': 'user', 'ROS_VERSION': '2', 'USERNAME': 'cnutter@plu.edu', 'TERM': 'xterm-256color', 'PROMPT_EOL_MARK': '', 'ROS_SUPER_CLIENT': 'True', 'GNOME_DESKTOP_SESSION_ID': 'this-is-deprecated', 'PATH': '/opt/ros/jazzy/opt/gz_msgs_vendor/bin:/opt/ros/jazzy/opt/gz_tools_vendor/bin:/opt/ros/jazzy/opt/gz_ogre_next_vendor/bin:/opt/ros/jazzy/bin:/usr/local/sbin:/usr/local/bin:/usr/sbin:/usr/bin:/sbin:/bin:/usr/games:/usr/local/games:/snap/bin:/snap/bin', 'SESSION_MANAGER': 'local/csci20122:@/tmp/.ICE-unix/28375,unix/csci20122:/tmp/.ICE-unix/28375', 'GNOME_TERMINAL_SCREEN': '/org/gnome/Terminal/screen/d1815c0c_3a98_4119_8e51_c4952ecb9ec0', 'XDG_MENU_PREFIX': 'gnome-', 'GNOME_SETUP_DISPLAY': ':1', 'XDG_RUNTIME_DIR': '/run/user/481847517', 'DISPLAY': ':0', 'XDG_CURRENT_DESKTOP': 'ubuntu:GNOME', 'LANG': 'en_US.UTF-8', 'RMW_IMPLEMENTATION': 'rmw_fastrtps_cpp', 'XDG_SESSION_DESKTOP': 'ubuntu', 'GNOME_TERMINAL_SERVICE': ':1.132', 'XMODIFIERS': '@im=ibus', 'XAUTHORITY': '/run/user/481847517/.mutter-Xwaylandauth.BBP1O3', 'SSH_AUTH_SOCK': '/run/user/481847517/keyring/ssh', 'AMENT_PREFIX_PATH': '/home/cnutter/turtlebot4_ws/install/lab_bringup:/home/cnutter/turtlebot4_ws/install/lab5_pkg:/home/cnutter/turtlebot4_ws/install/final_bringup:/home/cnutter/turtlebot4_ws/install/lab3_pkg:/home/cnutter/turtlebot4_ws/install/lab2_pkg:/home/cnutter/turtlebot4_ws/install/lab1_pkg:/home/cnutter/turtlebot4_ws/install/final:/home/cnutter/turtlebot4_ws/install/custom_interfaces:/opt/ros/jazzy', 'ROS_DOMAIN_ID': '0', 'KRB5CCNAME': 'FILE:/tmp/krb5cc_481847517_OSmN3a', 'SHELL': '/bin/zsh', 'ROS_DISCOVERY_SERVER': '10.5.113.101:11811', 'QT_ACCESSIBILITY': '1', 'GDMSESSION': 'ubuntu', 'QT_IM_MODULE': 'ibus', 'ROS_AUTOMATIC_DISCOVERY_RANGE': 'SUBNET', 'PWD': '/home/cnutter/turtlebot4_ws/build/final', 'XDG_DATA_DIRS': '/usr/local/share/:/usr/share/:/var/lib/snapd/desktop', 'VIRTUAL_ENV_DISABLE_PROMPT': '12', 'PYTHONPATH': '/home/cnutter/turtlebot4_ws/build/final/prefix_override:/usr/lib/python3/dist-packages/colcon_core/task/python/colcon_distutils_commands:/home/cnutter/turtlebot4_ws/install/final/lib/python3.12/site-packages:/home/cnutter/turtlebot4_ws/install/custom_interfaces/lib/python3.12/site-packages:/home/cnutter/turtlebot4_ws/install/lab5_pkg/lib/python3.12/site-packages:/home/cnutter/turtlebot4_ws/install/lab3_pkg/lib/python3.12/site-packages:/home/cnutter/turtlebot4_ws/install/lab2_pkg/lib/python3.12/site-packages:/home/cnutter/turtlebot4_ws/install/lab1_pkg/lib/python3.12/site-packages:/home/cnutter/turtlebot4_ws/install/final/lib/python3.12/site-packages:/opt/ros/jazzy/lib/python3.12/site-packages', 'COLCON': '1', 'VTE_VERSION': '7600', 'MEMORY_PRESSURE_WRITE': 'c29tZSAyMDAwMDAgMjAwMDAwMAA=', 'CMAKE_PREFIX_PATH': '/home/cnutter/turtlebot4_ws/install/custom_interfaces:/home/cnutter/turtlebot4_ws/install/lab_bringup:/home/cnutter/turtlebot4_ws/install/final_bringup:/opt/ros/jazzy/opt/gz_sim_vendor:/opt/ros/jazzy/opt/gz_sensors_vendor:/opt/ros/jazzy/opt/gz_physics_vendor:/opt/ros/jazzy/opt/sdformat_vendor:/opt/ros/jazzy/opt/gz_gui_vendor:/opt/ros/jazzy/opt/gz_transport_vendor:/opt/ros/jazzy/opt/gz_rendering_vendor:/opt/ros/jazzy/opt/gz_plugin_vendor:/opt/ros/jazzy/opt/gz_fuel_tools_vendor:/opt/ros/jazzy/opt/gz_msgs_vendor:/opt/ros/jazzy/opt/gz_common_vendor:/opt/ros/jazzy/opt/gz_math_vendor:/opt/ros/jazzy/opt/gz_utils_vendor:/opt/ros/jazzy/opt/gz_tools_vendor:/opt/ros/jazzy/opt/gz_ogre_next_vendor:/opt/ros/jazzy/opt/gz_dartsim_vendor:/opt/ros/jazzy/opt/gz_cmake_vendor'}, 'shell': False}
[2.102826] (-) TimerEvent: {}
[2.203070] (-) TimerEvent: {}
[2.303293] (-) TimerEvent: {}
[2.308298] (lab3_pkg) StdoutLine: {'line': b'running egg_info\n'}
[2.333050] (lab3_pkg) StdoutLine: {'line': b'writing ../../build/lab3_pkg/lab3_pkg.egg-info/PKG-INFO\n'}
[2.333267] (lab3_pkg) StdoutLine: {'line': b'writing dependency_links to ../../build/lab3_pkg/lab3_pkg.egg-info/dependency_links.txt\n'}
[2.333451] (lab3_pkg) StdoutLine: {'line': b'writing entry points to ../../build/lab3_pkg/lab3_pkg.egg-info/entry_points.txt\n'}
[2.333606] (lab3_pkg) StdoutLine: {'line': b'writing requirements to ../../build/lab3_pkg/lab3_pkg.egg-info/requires.txt\n'}
[2.333749] (lab3_pkg) StdoutLine: {'line': b'writing top-level names to ../../build/lab3_pkg/lab3_pkg.egg-info/top_level.txt\n'}
[2.338242] (final) StdoutLine: {'line': b'running egg_info\n'}
[2.339469] (lab5_pkg) StdoutLine: {'line': b'running egg_info\n'}
[2.361963] (final) StdoutLine: {'line': b'writing ../../build/final/final.egg-info/PKG-INFO\n'}
[2.362205] (final) StdoutLine: {'line': b'writing dependency_links to ../../build/final/final.egg-info/dependency_links.txt\n'}
[2.362344] (final) StdoutLine: {'line': b'writing entry points to ../../build/final/final.egg-info/entry_points.txt\n'}
[2.362508] (final) StdoutLine: {'line': b'writing requirements to ../../build/final/final.egg-info/requires.txt\n'}
[2.362693] (final) StdoutLine: {'line': b'writing top-level names to ../../build/final/final.egg-info/top_level.txt\n'}
[2.363358] (lab5_pkg) StdoutLine: {'line': b'writing ../../build/lab5_pkg/lab5_pkg.egg-info/PKG-INFO\n'}
[2.363619] (lab5_pkg) StdoutLine: {'line': b'writing dependency_links to ../../build/lab5_pkg/lab5_pkg.egg-info/dependency_links.txt\n'}
[2.363836] (lab5_pkg) StdoutLine: {'line': b'writing entry points to ../../build/lab5_pkg/lab5_pkg.egg-info/entry_points.txt\n'}
[2.364013] (lab5_pkg) StdoutLine: {'line': b'writing requirements to ../../build/lab5_pkg/lab5_pkg.egg-info/requires.txt\n'}
[2.364157] (lab5_pkg) StdoutLine: {'line': b'writing top-level names to ../../build/lab5_pkg/lab5_pkg.egg-info/top_level.txt\n'}
[2.384719] (lab3_pkg) StdoutLine: {'line': b"reading manifest file '../../build/lab3_pkg/lab3_pkg.egg-info/SOURCES.txt'\n"}
[2.385399] (lab3_pkg) StdoutLine: {'line': b"writing manifest file '../../build/lab3_pkg/lab3_pkg.egg-info/SOURCES.txt'\n"}
[2.385577] (lab3_pkg) StdoutLine: {'line': b'running build\n'}
[2.385725] (lab3_pkg) StdoutLine: {'line': b'running build_py\n'}
[2.385967] (lab3_pkg) StdoutLine: {'line': b'running install\n'}
[2.391079] (lab3_pkg) StdoutLine: {'line': b'running install_lib\n'}
[2.403359] (-) TimerEvent: {}
[2.411738] (final) StdoutLine: {'line': b"reading manifest file '../../build/final/final.egg-info/SOURCES.txt'\n"}
[2.412377] (final) StdoutLine: {'line': b"writing manifest file '../../build/final/final.egg-info/SOURCES.txt'\n"}
[2.412578] (final) StdoutLine: {'line': b'running build\n'}
[2.412718] (final) StdoutLine: {'line': b'running build_py\n'}
[2.412947] (final) StdoutLine: {'line': b'running install\n'}
[2.415243] (lab5_pkg) StdoutLine: {'line': b"reading manifest file '../../build/lab5_pkg/lab5_pkg.egg-info/SOURCES.txt'\n"}
[2.415870] (lab5_pkg) StdoutLine: {'line': b"writing manifest file '../../build/lab5_pkg/lab5_pkg.egg-info/SOURCES.txt'\n"}
[2.416037] (lab5_pkg) StdoutLine: {'line': b'running build\n'}
[2.416169] (lab5_pkg) StdoutLine: {'line': b'running build_py\n'}
[2.416319] (lab5_pkg) StdoutLine: {'line': b'running install\n'}
[2.418157] (lab3_pkg) StdoutLine: {'line': b'running install_data\n'}
[2.418321] (lab3_pkg) StdoutLine: {'line': b'running install_egg_info\n'}
[2.418840] (final) StdoutLine: {'line': b'running install_lib\n'}
[2.421245] (lab5_pkg) StdoutLine: {'line': b'running install_lib\n'}
[2.443433] (final) StdoutLine: {'line': b'running install_data\n'}
[2.443607] (final) StdoutLine: {'line': b'copying package.xml -> /home/cnutter/turtlebot4_ws/install/final/share/final\n'}
[2.443756] (final) StdoutLine: {'line': b'running install_egg_info\n'}
[2.444429] (lab3_pkg) StdoutLine: {'line': b"removing '/home/cnutter/turtlebot4_ws/install/lab3_pkg/lib/python3.12/site-packages/lab3_pkg-0.0.0-py3.12.egg-info' (and everything under it)\n"}
[2.444746] (lab3_pkg) StdoutLine: {'line': b'Copying ../../build/lab3_pkg/lab3_pkg.egg-info to /home/cnutter/turtlebot4_ws/install/lab3_pkg/lib/python3.12/site-packages/lab3_pkg-0.0.0-py3.12.egg-info\n'}
[2.446094] (lab5_pkg) StdoutLine: {'line': b'running install_data\n'}
[2.446218] (lab5_pkg) StdoutLine: {'line': b'running install_egg_info\n'}
[2.447448] (lab3_pkg) StdoutLine: {'line': b'running install_scripts\n'}
[2.471140] (final) StdoutLine: {'line': b"removing '/home/cnutter/turtlebot4_ws/install/final/lib/python3.12/site-packages/final-0.0.0-py3.12.egg-info' (and everything under it)\n"}
[2.471351] (final) StdoutLine: {'line': b'Copying ../../build/final/final.egg-info to /home/cnutter/turtlebot4_ws/install/final/lib/python3.12/site-packages/final-0.0.0-py3.12.egg-info\n'}
[2.472169] (lab5_pkg) StdoutLine: {'line': b"removing '/home/cnutter/turtlebot4_ws/install/lab5_pkg/lib/python3.12/site-packages/lab5_pkg-0.0.0-py3.12.egg-info' (and everything under it)\n"}
[2.472397] (lab5_pkg) StdoutLine: {'line': b'Copying ../../build/lab5_pkg/lab5_pkg.egg-info to /home/cnutter/turtlebot4_ws/install/lab5_pkg/lib/python3.12/site-packages/lab5_pkg-0.0.0-py3.12.egg-info\n'}
[2.473875] (lab5_pkg) StdoutLine: {'line': b'running install_scripts\n'}
[2.476097] (final) StdoutLine: {'line': b'running install_scripts\n'}
[2.503444] (-) TimerEvent: {}
[2.603635] (-) TimerEvent: {}
[2.611824] (lab3_pkg) StdoutLine: {'line': b'Installing SCOD_server script to /home/cnutter/turtlebot4_ws/install/lab3_pkg/lib/lab3_pkg\n'}
[2.612073] (lab3_pkg) StdoutLine: {'line': b'Installing set_cap_client_node script to /home/cnutter/turtlebot4_ws/install/lab3_pkg/lib/lab3_pkg\n'}
[2.612389] (lab3_pkg) StdoutLine: {'line': b"writing list of installed files to '/home/cnutter/turtlebot4_ws/build/lab3_pkg/install.log'\n"}
[2.632207] (lab3_pkg) CommandEnded: {'returncode': 0}
[2.633360] (lab5_pkg) StdoutLine: {'line': b'Installing go_to_goal_client script to /home/cnutter/turtlebot4_ws/install/lab5_pkg/lib/lab5_pkg\n'}
[2.633751] (final) StdoutLine: {'line': b'Installing color_vision script to /home/cnutter/turtlebot4_ws/install/final/lib/final\n'}
[2.634090] (lab5_pkg) StdoutLine: {'line': b'Installing go_to_goal_server script to /home/cnutter/turtlebot4_ws/install/lab5_pkg/lib/lab5_pkg\n'}
[2.635334] (final) StdoutLine: {'line': b'Installing get_obs script to /home/cnutter/turtlebot4_ws/install/final/lib/final\n'}
[2.635790] (final) StdoutLine: {'line': b'Installing go_to_goal script to /home/cnutter/turtlebot4_ws/install/final/lib/final\n'}
[2.635964] (lab5_pkg) StdoutLine: {'line': b"writing list of installed files to '/home/cnutter/turtlebot4_ws/build/lab5_pkg/install.log'\n"}
[2.636097] (final) StdoutLine: {'line': b'Installing goal_client script to /home/cnutter/turtlebot4_ws/install/final/lib/final\n'}
[2.636195] (final) StdoutLine: {'line': b"writing list of installed files to '/home/cnutter/turtlebot4_ws/build/final/install.log'\n"}
[2.641382] (lab3_pkg) JobEnded: {'identifier': 'lab3_pkg', 'rc': 0}
[2.642899] (lab_bringup) JobStarted: {'identifier': 'lab_bringup'}
[2.656925] (lab_bringup) JobProgress: {'identifier': 'lab_bringup', 'progress': 'cmake'}
[2.657645] (lab_bringup) JobProgress: {'identifier': 'lab_bringup', 'progress': 'build'}
[2.658128] (lab_bringup) Command: {'cmd': ['/usr/bin/cmake', '--build', '/home/cnutter/turtlebot4_ws/build/lab_bringup', '--', '-j16', '-l16'], 'cwd': '/home/cnutter/turtlebot4_ws/build/lab_bringup', 'env': OrderedDict({'USER': 'cnutter@plu.edu', 'GZ_SIM_RESOURCE_PATH': '/opt/ros/jazzy/share', 'GZ_CONFIG_PATH': '/opt/ros/jazzy/opt/gz_sim_vendor/share/gz:/opt/ros/jazzy/opt/sdformat_vendor/share/gz:/opt/ros/jazzy/opt/gz_gui_vendor/share/gz:/opt/ros/jazzy/opt/gz_transport_vendor/share/gz:/opt/ros/jazzy/opt/gz_rendering_vendor/share/gz:/opt/ros/jazzy/opt/gz_plugin_vendor/share/gz:/opt/ros/jazzy/opt/gz_fuel_tools_vendor/share/gz:/opt/ros/jazzy/opt/gz_msgs_vendor/share/gz:/opt/ros/jazzy/opt/gz_common_vendor/share/gz', 'XDG_SESSION_TYPE': 'wayland', 'CLUTTER_DISABLE_MIPMAPPED_TEXT': '1', 'SHLVL': '1', 'LD_LIBRARY_PATH': '/home/cnutter/turtlebot4_ws/install/custom_interfaces/lib:/opt/ros/jazzy/opt/gz_sim_vendor/lib:/opt/ros/jazzy/opt/gz_sensors_vendor/lib:/opt/ros/jazzy/opt/gz_physics_vendor/lib:/opt/ros/jazzy/opt/sdformat_vendor/lib:/opt/ros/jazzy/opt/rviz_ogre_vendor/lib:/opt/ros/jazzy/lib/x86_64-linux-gnu:/opt/ros/jazzy/opt/gz_gui_vendor/lib:/opt/ros/jazzy/opt/gz_transport_vendor/lib:/opt/ros/jazzy/opt/gz_rendering_vendor/lib:/opt/ros/jazzy/opt/gz_plugin_vendor/lib:/opt/ros/jazzy/opt/gz_fuel_tools_vendor/lib:/opt/ros/jazzy/opt/gz_msgs_vendor/lib:/opt/ros/jazzy/opt/gz_common_vendor/lib:/opt/ros/jazzy/opt/gz_math_vendor/lib:/opt/ros/jazzy/opt/gz_utils_vendor/lib:/opt/ros/jazzy/opt/gz_tools_vendor/lib:/opt/ros/jazzy/opt/gz_ogre_next_vendor/lib:/opt/ros/jazzy/opt/gz_dartsim_vendor/lib:/opt/ros/jazzy/opt/gz_cmake_vendor/lib:/opt/ros/jazzy/lib', 'OLDPWD': '/home/cnutter', 'HOME': '/home/cnutter', 'DESKTOP_SESSION': 'ubuntu', 'GTK_MODULES': 'gail:atk-bridge', 'GNOME_SHELL_SESSION_MODE': 'ubuntu', 'ROS_PYTHON_VERSION': '3', 'SYSTEMD_EXEC_PID': '28407', 'DBUS_SESSION_BUS_ADDRESS': 'unix:path=/run/user/481847517/bus', 'GSM_SKIP_SSH_AGENT_WORKAROUND': 'true', 'COLORTERM': 'truecolor', 'CONDA_CHANGEPS1': 'no', 'WAYLAND_DISPLAY': 'wayland-0', 'ROS_DISTRO': 'jazzy', 'COLCON_PREFIX_PATH': '/home/cnutter/turtlebot4_ws/install', 'LOGNAME': 'cnutter@plu.edu', '_': '/usr/bin/colcon', 'MEMORY_PRESSURE_WATCH': '/sys/fs/cgroup/user.slice/user-481847517.slice/user@481847517.service/session.slice/org.gnome.Shell@wayland.service/memory.pressure', 'XDG_SESSION_CLASS': 'user', 'ROS_VERSION': '2', 'USERNAME': 'cnutter@plu.edu', 'TERM': 'xterm-256color', 'PROMPT_EOL_MARK': '', 'ROS_SUPER_CLIENT': 'True', 'GNOME_DESKTOP_SESSION_ID': 'this-is-deprecated', 'PATH': '/opt/ros/jazzy/opt/gz_msgs_vendor/bin:/opt/ros/jazzy/opt/gz_tools_vendor/bin:/opt/ros/jazzy/opt/gz_ogre_next_vendor/bin:/opt/ros/jazzy/bin:/usr/local/sbin:/usr/local/bin:/usr/sbin:/usr/bin:/sbin:/bin:/usr/games:/usr/local/games:/snap/bin:/snap/bin', 'SESSION_MANAGER': 'local/csci20122:@/tmp/.ICE-unix/28375,unix/csci20122:/tmp/.ICE-unix/28375', 'GNOME_TERMINAL_SCREEN': '/org/gnome/Terminal/screen/d1815c0c_3a98_4119_8e51_c4952ecb9ec0', 'XDG_MENU_PREFIX': 'gnome-', 'GNOME_SETUP_DISPLAY': ':1', 'XDG_RUNTIME_DIR': '/run/user/481847517', 'DISPLAY': ':0', 'XDG_CURRENT_DESKTOP': 'ubuntu:GNOME', 'LANG': 'en_US.UTF-8', 'RMW_IMPLEMENTATION': 'rmw_fastrtps_cpp', 'XDG_SESSION_DESKTOP': 'ubuntu', 'GNOME_TERMINAL_SERVICE': ':1.132', 'XMODIFIERS': '@im=ibus', 'XAUTHORITY': '/run/user/481847517/.mutter-Xwaylandauth.BBP1O3', 'SSH_AUTH_SOCK': '/run/user/481847517/keyring/ssh', 'AMENT_PREFIX_PATH': '/home/cnutter/turtlebot4_ws/install/lab3_pkg:/home/cnutter/turtlebot4_ws/install/lab_bringup:/home/cnutter/turtlebot4_ws/install/lab5_pkg:/home/cnutter/turtlebot4_ws/install/final_bringup:/home/cnutter/turtlebot4_ws/install/lab2_pkg:/home/cnutter/turtlebot4_ws/install/lab1_pkg:/home/cnutter/turtlebot4_ws/install/final:/home/cnutter/turtlebot4_ws/install/custom_interfaces:/opt/ros/jazzy', 'ROS_DOMAIN_ID': '0', 'KRB5CCNAME': 'FILE:/tmp/krb5cc_481847517_OSmN3a', 'SHELL': '/bin/zsh', 'ROS_DISCOVERY_SERVER': '10.5.113.101:11811', 'QT_ACCESSIBILITY': '1', 'GDMSESSION': 'ubuntu', 'QT_IM_MODULE': 'ibus', 'ROS_AUTOMATIC_DISCOVERY_RANGE': 'SUBNET', 'PWD': '/home/cnutter/turtlebot4_ws/build/lab_bringup', 'XDG_DATA_DIRS': '/usr/local/share/:/usr/share/:/var/lib/snapd/desktop', 'VIRTUAL_ENV_DISABLE_PROMPT': '12', 'PYTHONPATH': '/home/cnutter/turtlebot4_ws/install/lab3_pkg/lib/python3.12/site-packages:/home/cnutter/turtlebot4_ws/install/custom_interfaces/lib/python3.12/site-packages:/home/cnutter/turtlebot4_ws/install/lab5_pkg/lib/python3.12/site-packages:/home/cnutter/turtlebot4_ws/install/lab2_pkg/lib/python3.12/site-packages:/home/cnutter/turtlebot4_ws/install/lab1_pkg/lib/python3.12/site-packages:/home/cnutter/turtlebot4_ws/install/final/lib/python3.12/site-packages:/opt/ros/jazzy/lib/python3.12/site-packages', 'COLCON': '1', 'VTE_VERSION': '7600', 'MEMORY_PRESSURE_WRITE': 'c29tZSAyMDAwMDAgMjAwMDAwMAA=', 'CMAKE_PREFIX_PATH': '/home/cnutter/turtlebot4_ws/install/custom_interfaces:/home/cnutter/turtlebot4_ws/install/lab_bringup:/home/cnutter/turtlebot4_ws/install/final_bringup:/opt/ros/jazzy/opt/gz_sim_vendor:/opt/ros/jazzy/opt/gz_sensors_vendor:/opt/ros/jazzy/opt/gz_physics_vendor:/opt/ros/jazzy/opt/sdformat_vendor:/opt/ros/jazzy/opt/gz_gui_vendor:/opt/ros/jazzy/opt/gz_transport_vendor:/opt/ros/jazzy/opt/gz_rendering_vendor:/opt/ros/jazzy/opt/gz_plugin_vendor:/opt/ros/jazzy/opt/gz_fuel_tools_vendor:/opt/ros/jazzy/opt/gz_msgs_vendor:/opt/ros/jazzy/opt/gz_common_vendor:/opt/ros/jazzy/opt/gz_math_vendor:/opt/ros/jazzy/opt/gz_utils_vendor:/opt/ros/jazzy/opt/gz_tools_vendor:/opt/ros/jazzy/opt/gz_ogre_next_vendor:/opt/ros/jazzy/opt/gz_dartsim_vendor:/opt/ros/jazzy/opt/gz_cmake_vendor:/home/cnutter/turtlebot4_ws/install/lab5_pkg:/home/cnutter/turtlebot4_ws/install/lab3_pkg:/home/cnutter/turtlebot4_ws/install/lab2_pkg:/home/cnutter/turtlebot4_ws/install/lab1_pkg:/home/cnutter/turtlebot4_ws/install/final:/opt/ros/jazzy'}), 'shell': False}
[2.676603] (lab5_pkg) CommandEnded: {'returncode': 0}
[2.683662] (lab5_pkg) JobEnded: {'identifier': 'lab5_pkg', 'rc': 0}
[2.685449] (final) CommandEnded: {'returncode': 0}
[2.692915] (final) JobEnded: {'identifier': 'final', 'rc': 0}
[2.694122] (final_bringup) JobStarted: {'identifier': 'final_bringup'}
[2.703795] (-) TimerEvent: {}
[2.704152] (lab_bringup) CommandEnded: {'returncode': 0}
[2.704761] (lab_bringup) JobProgress: {'identifier': 'lab_bringup', 'progress': 'install'}
[2.705056] (lab_bringup) Command: {'cmd': ['/usr/bin/cmake', '--install', '/home/cnutter/turtlebot4_ws/build/lab_bringup'], 'cwd': '/home/cnutter/turtlebot4_ws/build/lab_bringup', 'env': OrderedDict({'USER': 'cnutter@plu.edu', 'GZ_SIM_RESOURCE_PATH': '/opt/ros/jazzy/share', 'GZ_CONFIG_PATH': '/opt/ros/jazzy/opt/gz_sim_vendor/share/gz:/opt/ros/jazzy/opt/sdformat_vendor/share/gz:/opt/ros/jazzy/opt/gz_gui_vendor/share/gz:/opt/ros/jazzy/opt/gz_transport_vendor/share/gz:/opt/ros/jazzy/opt/gz_rendering_vendor/share/gz:/opt/ros/jazzy/opt/gz_plugin_vendor/share/gz:/opt/ros/jazzy/opt/gz_fuel_tools_vendor/share/gz:/opt/ros/jazzy/opt/gz_msgs_vendor/share/gz:/opt/ros/jazzy/opt/gz_common_vendor/share/gz', 'XDG_SESSION_TYPE': 'wayland', 'CLUTTER_DISABLE_MIPMAPPED_TEXT': '1', 'SHLVL': '1', 'LD_LIBRARY_PATH': '/home/cnutter/turtlebot4_ws/install/custom_interfaces/lib:/opt/ros/jazzy/opt/gz_sim_vendor/lib:/opt/ros/jazzy/opt/gz_sensors_vendor/lib:/opt/ros/jazzy/opt/gz_physics_vendor/lib:/opt/ros/jazzy/opt/sdformat_vendor/lib:/opt/ros/jazzy/opt/rviz_ogre_vendor/lib:/opt/ros/jazzy/lib/x86_64-linux-gnu:/opt/ros/jazzy/opt/gz_gui_vendor/lib:/opt/ros/jazzy/opt/gz_transport_vendor/lib:/opt/ros/jazzy/opt/gz_rendering_vendor/lib:/opt/ros/jazzy/opt/gz_plugin_vendor/lib:/opt/ros/jazzy/opt/gz_fuel_tools_vendor/lib:/opt/ros/jazzy/opt/gz_msgs_vendor/lib:/opt/ros/jazzy/opt/gz_common_vendor/lib:/opt/ros/jazzy/opt/gz_math_vendor/lib:/opt/ros/jazzy/opt/gz_utils_vendor/lib:/opt/ros/jazzy/opt/gz_tools_vendor/lib:/opt/ros/jazzy/opt/gz_ogre_next_vendor/lib:/opt/ros/jazzy/opt/gz_dartsim_vendor/lib:/opt/ros/jazzy/opt/gz_cmake_vendor/lib:/opt/ros/jazzy/lib', 'OLDPWD': '/home/cnutter', 'HOME': '/home/cnutter', 'DESKTOP_SESSION': 'ubuntu', 'GTK_MODULES': 'gail:atk-bridge', 'GNOME_SHELL_SESSION_MODE': 'ubuntu', 'ROS_PYTHON_VERSION': '3', 'SYSTEMD_EXEC_PID': '28407', 'DBUS_SESSION_BUS_ADDRESS': 'unix:path=/run/user/481847517/bus', 'GSM_SKIP_SSH_AGENT_WORKAROUND': 'true', 'COLORTERM': 'truecolor', 'CONDA_CHANGEPS1': 'no', 'WAYLAND_DISPLAY': 'wayland-0', 'ROS_DISTRO': 'jazzy', 'COLCON_PREFIX_PATH': '/home/cnutter/turtlebot4_ws/install', 'LOGNAME': 'cnutter@plu.edu', '_': '/usr/bin/colcon', 'MEMORY_PRESSURE_WATCH': '/sys/fs/cgroup/user.slice/user-481847517.slice/user@481847517.service/session.slice/org.gnome.Shell@wayland.service/memory.pressure', 'XDG_SESSION_CLASS': 'user', 'ROS_VERSION': '2', 'USERNAME': 'cnutter@plu.edu', 'TERM': 'xterm-256color', 'PROMPT_EOL_MARK': '', 'ROS_SUPER_CLIENT': 'True', 'GNOME_DESKTOP_SESSION_ID': 'this-is-deprecated', 'PATH': '/opt/ros/jazzy/opt/gz_msgs_vendor/bin:/opt/ros/jazzy/opt/gz_tools_vendor/bin:/opt/ros/jazzy/opt/gz_ogre_next_vendor/bin:/opt/ros/jazzy/bin:/usr/local/sbin:/usr/local/bin:/usr/sbin:/usr/bin:/sbin:/bin:/usr/games:/usr/local/games:/snap/bin:/snap/bin', 'SESSION_MANAGER': 'local/csci20122:@/tmp/.ICE-unix/28375,unix/csci20122:/tmp/.ICE-unix/28375', 'GNOME_TERMINAL_SCREEN': '/org/gnome/Terminal/screen/d1815c0c_3a98_4119_8e51_c4952ecb9ec0', 'XDG_MENU_PREFIX': 'gnome-', 'GNOME_SETUP_DISPLAY': ':1', 'XDG_RUNTIME_DIR': '/run/user/481847517', 'DISPLAY': ':0', 'XDG_CURRENT_DESKTOP': 'ubuntu:GNOME', 'LANG': 'en_US.UTF-8', 'RMW_IMPLEMENTATION': 'rmw_fastrtps_cpp', 'XDG_SESSION_DESKTOP': 'ubuntu', 'GNOME_TERMINAL_SERVICE': ':1.132', 'XMODIFIERS': '@im=ibus', 'XAUTHORITY': '/run/user/481847517/.mutter-Xwaylandauth.BBP1O3', 'SSH_AUTH_SOCK': '/run/user/481847517/keyring/ssh', 'AMENT_PREFIX_PATH': '/home/cnutter/turtlebot4_ws/install/lab3_pkg:/home/cnutter/turtlebot4_ws/install/lab_bringup:/home/cnutter/turtlebot4_ws/install/lab5_pkg:/home/cnutter/turtlebot4_ws/install/final_bringup:/home/cnutter/turtlebot4_ws/install/lab2_pkg:/home/cnutter/turtlebot4_ws/install/lab1_pkg:/home/cnutter/turtlebot4_ws/install/final:/home/cnutter/turtlebot4_ws/install/custom_interfaces:/opt/ros/jazzy', 'ROS_DOMAIN_ID': '0', 'KRB5CCNAME': 'FILE:/tmp/krb5cc_481847517_OSmN3a', 'SHELL': '/bin/zsh', 'ROS_DISCOVERY_SERVER': '10.5.113.101:11811', 'QT_ACCESSIBILITY': '1', 'GDMSESSION': 'ubuntu', 'QT_IM_MODULE': 'ibus', 'ROS_AUTOMATIC_DISCOVERY_RANGE': 'SUBNET', 'PWD': '/home/cnutter/turtlebot4_ws/build/lab_bringup', 'XDG_DATA_DIRS': '/usr/local/share/:/usr/share/:/var/lib/snapd/desktop', 'VIRTUAL_ENV_DISABLE_PROMPT': '12', 'PYTHONPATH': '/home/cnutter/turtlebot4_ws/install/lab3_pkg/lib/python3.12/site-packages:/home/cnutter/turtlebot4_ws/install/custom_interfaces/lib/python3.12/site-packages:/home/cnutter/turtlebot4_ws/install/lab5_pkg/lib/python3.12/site-packages:/home/cnutter/turtlebot4_ws/install/lab2_pkg/lib/python3.12/site-packages:/home/cnutter/turtlebot4_ws/install/lab1_pkg/lib/python3.12/site-packages:/home/cnutter/turtlebot4_ws/install/final/lib/python3.12/site-packages:/opt/ros/jazzy/lib/python3.12/site-packages', 'COLCON': '1', 'VTE_VERSION': '7600', 'MEMORY_PRESSURE_WRITE': 'c29tZSAyMDAwMDAgMjAwMDAwMAA=', 'CMAKE_PREFIX_PATH': '/home/cnutter/turtlebot4_ws/install/custom_interfaces:/home/cnutter/turtlebot4_ws/install/lab_bringup:/home/cnutter/turtlebot4_ws/install/final_bringup:/opt/ros/jazzy/opt/gz_sim_vendor:/opt/ros/jazzy/opt/gz_sensors_vendor:/opt/ros/jazzy/opt/gz_physics_vendor:/opt/ros/jazzy/opt/sdformat_vendor:/opt/ros/jazzy/opt/gz_gui_vendor:/opt/ros/jazzy/opt/gz_transport_vendor:/opt/ros/jazzy/opt/gz_rendering_vendor:/opt/ros/jazzy/opt/gz_plugin_vendor:/opt/ros/jazzy/opt/gz_fuel_tools_vendor:/opt/ros/jazzy/opt/gz_msgs_vendor:/opt/ros/jazzy/opt/gz_common_vendor:/opt/ros/jazzy/opt/gz_math_vendor:/opt/ros/jazzy/opt/gz_utils_vendor:/opt/ros/jazzy/opt/gz_tools_vendor:/opt/ros/jazzy/opt/gz_ogre_next_vendor:/opt/ros/jazzy/opt/gz_dartsim_vendor:/opt/ros/jazzy/opt/gz_cmake_vendor:/home/cnutter/turtlebot4_ws/install/lab5_pkg:/home/cnutter/turtlebot4_ws/install/lab3_pkg:/home/cnutter/turtlebot4_ws/install/lab2_pkg:/home/cnutter/turtlebot4_ws/install/lab1_pkg:/home/cnutter/turtlebot4_ws/install/final:/opt/ros/jazzy'}), 'shell': False}
[2.707963] (final_bringup) JobProgress: {'identifier': 'final_bringup', 'progress': 'cmake'}
[2.708494] (final_bringup) JobProgress: {'identifier': 'final_bringup', 'progress': 'build'}
[2.708733] (final_bringup) Command: {'cmd': ['/usr/bin/cmake', '--build', '/home/cnutter/turtlebot4_ws/build/final_bringup', '--', '-j16', '-l16'], 'cwd': '/home/cnutter/turtlebot4_ws/build/final_bringup', 'env': OrderedDict({'USER': 'cnutter@plu.edu', 'GZ_SIM_RESOURCE_PATH': '/opt/ros/jazzy/share', 'GZ_CONFIG_PATH': '/opt/ros/jazzy/opt/gz_sim_vendor/share/gz:/opt/ros/jazzy/opt/sdformat_vendor/share/gz:/opt/ros/jazzy/opt/gz_gui_vendor/share/gz:/opt/ros/jazzy/opt/gz_transport_vendor/share/gz:/opt/ros/jazzy/opt/gz_rendering_vendor/share/gz:/opt/ros/jazzy/opt/gz_plugin_vendor/share/gz:/opt/ros/jazzy/opt/gz_fuel_tools_vendor/share/gz:/opt/ros/jazzy/opt/gz_msgs_vendor/share/gz:/opt/ros/jazzy/opt/gz_common_vendor/share/gz', 'XDG_SESSION_TYPE': 'wayland', 'CLUTTER_DISABLE_MIPMAPPED_TEXT': '1', 'SHLVL': '1', 'LD_LIBRARY_PATH': '/home/cnutter/turtlebot4_ws/install/custom_interfaces/lib:/opt/ros/jazzy/opt/gz_sim_vendor/lib:/opt/ros/jazzy/opt/gz_sensors_vendor/lib:/opt/ros/jazzy/opt/gz_physics_vendor/lib:/opt/ros/jazzy/opt/sdformat_vendor/lib:/opt/ros/jazzy/opt/rviz_ogre_vendor/lib:/opt/ros/jazzy/lib/x86_64-linux-gnu:/opt/ros/jazzy/opt/gz_gui_vendor/lib:/opt/ros/jazzy/opt/gz_transport_vendor/lib:/opt/ros/jazzy/opt/gz_rendering_vendor/lib:/opt/ros/jazzy/opt/gz_plugin_vendor/lib:/opt/ros/jazzy/opt/gz_fuel_tools_vendor/lib:/opt/ros/jazzy/opt/gz_msgs_vendor/lib:/opt/ros/jazzy/opt/gz_common_vendor/lib:/opt/ros/jazzy/opt/gz_math_vendor/lib:/opt/ros/jazzy/opt/gz_utils_vendor/lib:/opt/ros/jazzy/opt/gz_tools_vendor/lib:/opt/ros/jazzy/opt/gz_ogre_next_vendor/lib:/opt/ros/jazzy/opt/gz_dartsim_vendor/lib:/opt/ros/jazzy/opt/gz_cmake_vendor/lib:/opt/ros/jazzy/lib', 'OLDPWD': '/home/cnutter', 'HOME': '/home/cnutter', 'DESKTOP_SESSION': 'ubuntu', 'GTK_MODULES': 'gail:atk-bridge', 'GNOME_SHELL_SESSION_MODE': 'ubuntu', 'ROS_PYTHON_VERSION': '3', 'SYSTEMD_EXEC_PID': '28407', 'DBUS_SESSION_BUS_ADDRESS': 'unix:path=/run/user/481847517/bus', 'GSM_SKIP_SSH_AGENT_WORKAROUND': 'true', 'COLORTERM': 'truecolor', 'CONDA_CHANGEPS1': 'no', 'WAYLAND_DISPLAY': 'wayland-0', 'ROS_DISTRO': 'jazzy', 'COLCON_PREFIX_PATH': '/home/cnutter/turtlebot4_ws/install', 'LOGNAME': 'cnutter@plu.edu', '_': '/usr/bin/colcon', 'MEMORY_PRESSURE_WATCH': '/sys/fs/cgroup/user.slice/user-481847517.slice/user@481847517.service/session.slice/org.gnome.Shell@wayland.service/memory.pressure', 'XDG_SESSION_CLASS': 'user', 'ROS_VERSION': '2', 'USERNAME': 'cnutter@plu.edu', 'TERM': 'xterm-256color', 'PROMPT_EOL_MARK': '', 'ROS_SUPER_CLIENT': 'True', 'GNOME_DESKTOP_SESSION_ID': 'this-is-deprecated', 'PATH': '/opt/ros/jazzy/opt/gz_msgs_vendor/bin:/opt/ros/jazzy/opt/gz_tools_vendor/bin:/opt/ros/jazzy/opt/gz_ogre_next_vendor/bin:/opt/ros/jazzy/bin:/usr/local/sbin:/usr/local/bin:/usr/sbin:/usr/bin:/sbin:/bin:/usr/games:/usr/local/games:/snap/bin:/snap/bin', 'SESSION_MANAGER': 'local/csci20122:@/tmp/.ICE-unix/28375,unix/csci20122:/tmp/.ICE-unix/28375', 'GNOME_TERMINAL_SCREEN': '/org/gnome/Terminal/screen/d1815c0c_3a98_4119_8e51_c4952ecb9ec0', 'XDG_MENU_PREFIX': 'gnome-', 'GNOME_SETUP_DISPLAY': ':1', 'XDG_RUNTIME_DIR': '/run/user/481847517', 'DISPLAY': ':0', 'XDG_CURRENT_DESKTOP': 'ubuntu:GNOME', 'LANG': 'en_US.UTF-8', 'RMW_IMPLEMENTATION': 'rmw_fastrtps_cpp', 'XDG_SESSION_DESKTOP': 'ubuntu', 'GNOME_TERMINAL_SERVICE': ':1.132', 'XMODIFIERS': '@im=ibus', 'XAUTHORITY': '/run/user/481847517/.mutter-Xwaylandauth.BBP1O3', 'SSH_AUTH_SOCK': '/run/user/481847517/keyring/ssh', 'AMENT_PREFIX_PATH': '/home/cnutter/turtlebot4_ws/install/lab3_pkg:/home/cnutter/turtlebot4_ws/install/final:/home/cnutter/turtlebot4_ws/install/lab_bringup:/home/cnutter/turtlebot4_ws/install/lab5_pkg:/home/cnutter/turtlebot4_ws/install/final_bringup:/home/cnutter/turtlebot4_ws/install/lab2_pkg:/home/cnutter/turtlebot4_ws/install/lab1_pkg:/home/cnutter/turtlebot4_ws/install/custom_interfaces:/opt/ros/jazzy', 'ROS_DOMAIN_ID': '0', 'KRB5CCNAME': 'FILE:/tmp/krb5cc_481847517_OSmN3a', 'SHELL': '/bin/zsh', 'ROS_DISCOVERY_SERVER': '10.5.113.101:11811', 'QT_ACCESSIBILITY': '1', 'GDMSESSION': 'ubuntu', 'QT_IM_MODULE': 'ibus', 'ROS_AUTOMATIC_DISCOVERY_RANGE': 'SUBNET', 'PWD': '/home/cnutter/turtlebot4_ws/build/final_bringup', 'XDG_DATA_DIRS': '/usr/local/share/:/usr/share/:/var/lib/snapd/desktop', 'VIRTUAL_ENV_DISABLE_PROMPT': '12', 'PYTHONPATH': '/home/cnutter/turtlebot4_ws/install/lab3_pkg/lib/python3.12/site-packages:/home/cnutter/turtlebot4_ws/install/final/lib/python3.12/site-packages:/home/cnutter/turtlebot4_ws/install/custom_interfaces/lib/python3.12/site-packages:/home/cnutter/turtlebot4_ws/install/lab5_pkg/lib/python3.12/site-packages:/home/cnutter/turtlebot4_ws/install/lab2_pkg/lib/python3.12/site-packages:/home/cnutter/turtlebot4_ws/install/lab1_pkg/lib/python3.12/site-packages:/opt/ros/jazzy/lib/python3.12/site-packages', 'COLCON': '1', 'VTE_VERSION': '7600', 'MEMORY_PRESSURE_WRITE': 'c29tZSAyMDAwMDAgMjAwMDAwMAA=', 'CMAKE_PREFIX_PATH': '/home/cnutter/turtlebot4_ws/install/custom_interfaces:/home/cnutter/turtlebot4_ws/install/lab_bringup:/home/cnutter/turtlebot4_ws/install/final_bringup:/opt/ros/jazzy/opt/gz_sim_vendor:/opt/ros/jazzy/opt/gz_sensors_vendor:/opt/ros/jazzy/opt/gz_physics_vendor:/opt/ros/jazzy/opt/sdformat_vendor:/opt/ros/jazzy/opt/gz_gui_vendor:/opt/ros/jazzy/opt/gz_transport_vendor:/opt/ros/jazzy/opt/gz_rendering_vendor:/opt/ros/jazzy/opt/gz_plugin_vendor:/opt/ros/jazzy/opt/gz_fuel_tools_vendor:/opt/ros/jazzy/opt/gz_msgs_vendor:/opt/ros/jazzy/opt/gz_common_vendor:/opt/ros/jazzy/opt/gz_math_vendor:/opt/ros/jazzy/opt/gz_utils_vendor:/opt/ros/jazzy/opt/gz_tools_vendor:/opt/ros/jazzy/opt/gz_ogre_next_vendor:/opt/ros/jazzy/opt/gz_dartsim_vendor:/opt/ros/jazzy/opt/gz_cmake_vendor:/home/cnutter/turtlebot4_ws/install/lab5_pkg:/home/cnutter/turtlebot4_ws/install/lab3_pkg:/home/cnutter/turtlebot4_ws/install/lab2_pkg:/home/cnutter/turtlebot4_ws/install/lab1_pkg:/home/cnutter/turtlebot4_ws/install/final:/opt/ros/jazzy'}), 'shell': False}
[2.714519] (lab_bringup) StdoutLine: {'line': b'-- Install configuration: ""\n'}
[2.714720] (lab_bringup) StdoutLine: {'line': b'-- Up-to-date: /home/cnutter/turtlebot4_ws/install/lab_bringup/share/lab_bringup//launch\n'}
[2.714824] (lab_bringup) StdoutLine: {'line': b'-- Up-to-date: /home/cnutter/turtlebot4_ws/install/lab_bringup/share/lab_bringup//launch/lab4.launch.xml\n'}
[2.714956] (lab_bringup) StdoutLine: {'line': b'-- Up-to-date: /home/cnutter/turtlebot4_ws/install/lab_bringup/share/lab_bringup//launch/lab3.launch.xml\n'}
[2.715078] (lab_bringup) StdoutLine: {'line': b'-- Up-to-date: /home/cnutter/turtlebot4_ws/install/lab_bringup/share/lab_bringup//launch/lab5.launch.xml\n'}
[2.715157] (lab_bringup) StdoutLine: {'line': b'-- Up-to-date: /home/cnutter/turtlebot4_ws/install/lab_bringup/share/ament_index/resource_index/package_run_dependencies/lab_bringup\n'}
[2.715263] (lab_bringup) StdoutLine: {'line': b'-- Up-to-date: /home/cnutter/turtlebot4_ws/install/lab_bringup/share/ament_index/resource_index/parent_prefix_path/lab_bringup\n'}
[2.715347] (lab_bringup) StdoutLine: {'line': b'-- Up-to-date: /home/cnutter/turtlebot4_ws/install/lab_bringup/share/lab_bringup/environment/ament_prefix_path.sh\n'}
[2.715469] (lab_bringup) StdoutLine: {'line': b'-- Up-to-date: /home/cnutter/turtlebot4_ws/install/lab_bringup/share/lab_bringup/environment/ament_prefix_path.dsv\n'}
[2.715570] (lab_bringup) StdoutLine: {'line': b'-- Up-to-date: /home/cnutter/turtlebot4_ws/install/lab_bringup/share/lab_bringup/environment/path.sh\n'}
[2.715682] (lab_bringup) StdoutLine: {'line': b'-- Up-to-date: /home/cnutter/turtlebot4_ws/install/lab_bringup/share/lab_bringup/environment/path.dsv\n'}
[2.715773] (lab_bringup) StdoutLine: {'line': b'-- Up-to-date: /home/cnutter/turtlebot4_ws/install/lab_bringup/share/lab_bringup/local_setup.bash\n'}
[2.715856] (lab_bringup) StdoutLine: {'line': b'-- Up-to-date: /home/cnutter/turtlebot4_ws/install/lab_bringup/share/lab_bringup/local_setup.sh\n'}
[2.715929] (lab_bringup) StdoutLine: {'line': b'-- Up-to-date: /home/cnutter/turtlebot4_ws/install/lab_bringup/share/lab_bringup/local_setup.zsh\n'}
[2.716025] (lab_bringup) StdoutLine: {'line': b'-- Up-to-date: /home/cnutter/turtlebot4_ws/install/lab_bringup/share/lab_bringup/local_setup.dsv\n'}
[2.716134] (lab_bringup) StdoutLine: {'line': b'-- Installing: /home/cnutter/turtlebot4_ws/install/lab_bringup/share/lab_bringup/package.dsv\n'}
[2.716210] (lab_bringup) StdoutLine: {'line': b'-- Up-to-date: /home/cnutter/turtlebot4_ws/install/lab_bringup/share/ament_index/resource_index/packages/lab_bringup\n'}
[2.716323] (lab_bringup) StdoutLine: {'line': b'-- Up-to-date: /home/cnutter/turtlebot4_ws/install/lab_bringup/share/lab_bringup/cmake/lab_bringupConfig.cmake\n'}
[2.716405] (lab_bringup) StdoutLine: {'line': b'-- Up-to-date: /home/cnutter/turtlebot4_ws/install/lab_bringup/share/lab_bringup/cmake/lab_bringupConfig-version.cmake\n'}
[2.716488] (lab_bringup) StdoutLine: {'line': b'-- Up-to-date: /home/cnutter/turtlebot4_ws/install/lab_bringup/share/lab_bringup/package.xml\n'}
[2.717087] (lab_bringup) CommandEnded: {'returncode': 0}
[2.777631] (lab_bringup) JobEnded: {'identifier': 'lab_bringup', 'rc': 0}
[2.778951] (final_bringup) CommandEnded: {'returncode': 0}
[2.779930] (final_bringup) JobProgress: {'identifier': 'final_bringup', 'progress': 'install'}
[2.779960] (final_bringup) Command: {'cmd': ['/usr/bin/cmake', '--install', '/home/cnutter/turtlebot4_ws/build/final_bringup'], 'cwd': '/home/cnutter/turtlebot4_ws/build/final_bringup', 'env': OrderedDict({'USER': 'cnutter@plu.edu', 'GZ_SIM_RESOURCE_PATH': '/opt/ros/jazzy/share', 'GZ_CONFIG_PATH': '/opt/ros/jazzy/opt/gz_sim_vendor/share/gz:/opt/ros/jazzy/opt/sdformat_vendor/share/gz:/opt/ros/jazzy/opt/gz_gui_vendor/share/gz:/opt/ros/jazzy/opt/gz_transport_vendor/share/gz:/opt/ros/jazzy/opt/gz_rendering_vendor/share/gz:/opt/ros/jazzy/opt/gz_plugin_vendor/share/gz:/opt/ros/jazzy/opt/gz_fuel_tools_vendor/share/gz:/opt/ros/jazzy/opt/gz_msgs_vendor/share/gz:/opt/ros/jazzy/opt/gz_common_vendor/share/gz', 'XDG_SESSION_TYPE': 'wayland', 'CLUTTER_DISABLE_MIPMAPPED_TEXT': '1', 'SHLVL': '1', 'LD_LIBRARY_PATH': '/home/cnutter/turtlebot4_ws/install/custom_interfaces/lib:/opt/ros/jazzy/opt/gz_sim_vendor/lib:/opt/ros/jazzy/opt/gz_sensors_vendor/lib:/opt/ros/jazzy/opt/gz_physics_vendor/lib:/opt/ros/jazzy/opt/sdformat_vendor/lib:/opt/ros/jazzy/opt/rviz_ogre_vendor/lib:/opt/ros/jazzy/lib/x86_64-linux-gnu:/opt/ros/jazzy/opt/gz_gui_vendor/lib:/opt/ros/jazzy/opt/gz_transport_vendor/lib:/opt/ros/jazzy/opt/gz_rendering_vendor/lib:/opt/ros/jazzy/opt/gz_plugin_vendor/lib:/opt/ros/jazzy/opt/gz_fuel_tools_vendor/lib:/opt/ros/jazzy/opt/gz_msgs_vendor/lib:/opt/ros/jazzy/opt/gz_common_vendor/lib:/opt/ros/jazzy/opt/gz_math_vendor/lib:/opt/ros/jazzy/opt/gz_utils_vendor/lib:/opt/ros/jazzy/opt/gz_tools_vendor/lib:/opt/ros/jazzy/opt/gz_ogre_next_vendor/lib:/opt/ros/jazzy/opt/gz_dartsim_vendor/lib:/opt/ros/jazzy/opt/gz_cmake_vendor/lib:/opt/ros/jazzy/lib', 'OLDPWD': '/home/cnutter', 'HOME': '/home/cnutter', 'DESKTOP_SESSION': 'ubuntu', 'GTK_MODULES': 'gail:atk-bridge', 'GNOME_SHELL_SESSION_MODE': 'ubuntu', 'ROS_PYTHON_VERSION': '3', 'SYSTEMD_EXEC_PID': '28407', 'DBUS_SESSION_BUS_ADDRESS': 'unix:path=/run/user/481847517/bus', 'GSM_SKIP_SSH_AGENT_WORKAROUND': 'true', 'COLORTERM': 'truecolor', 'CONDA_CHANGEPS1': 'no', 'WAYLAND_DISPLAY': 'wayland-0', 'ROS_DISTRO': 'jazzy', 'COLCON_PREFIX_PATH': '/home/cnutter/turtlebot4_ws/install', 'LOGNAME': 'cnutter@plu.edu', '_': '/usr/bin/colcon', 'MEMORY_PRESSURE_WATCH': '/sys/fs/cgroup/user.slice/user-481847517.slice/user@481847517.service/session.slice/org.gnome.Shell@wayland.service/memory.pressure', 'XDG_SESSION_CLASS': 'user', 'ROS_VERSION': '2', 'USERNAME': 'cnutter@plu.edu', 'TERM': 'xterm-256color', 'PROMPT_EOL_MARK': '', 'ROS_SUPER_CLIENT': 'True', 'GNOME_DESKTOP_SESSION_ID': 'this-is-deprecated', 'PATH': '/opt/ros/jazzy/opt/gz_msgs_vendor/bin:/opt/ros/jazzy/opt/gz_tools_vendor/bin:/opt/ros/jazzy/opt/gz_ogre_next_vendor/bin:/opt/ros/jazzy/bin:/usr/local/sbin:/usr/local/bin:/usr/sbin:/usr/bin:/sbin:/bin:/usr/games:/usr/local/games:/snap/bin:/snap/bin', 'SESSION_MANAGER': 'local/csci20122:@/tmp/.ICE-unix/28375,unix/csci20122:/tmp/.ICE-unix/28375', 'GNOME_TERMINAL_SCREEN': '/org/gnome/Terminal/screen/d1815c0c_3a98_4119_8e51_c4952ecb9ec0', 'XDG_MENU_PREFIX': 'gnome-', 'GNOME_SETUP_DISPLAY': ':1', 'XDG_RUNTIME_DIR': '/run/user/481847517', 'DISPLAY': ':0', 'XDG_CURRENT_DESKTOP': 'ubuntu:GNOME', 'LANG': 'en_US.UTF-8', 'RMW_IMPLEMENTATION': 'rmw_fastrtps_cpp', 'XDG_SESSION_DESKTOP': 'ubuntu', 'GNOME_TERMINAL_SERVICE': ':1.132', 'XMODIFIERS': '@im=ibus', 'XAUTHORITY': '/run/user/481847517/.mutter-Xwaylandauth.BBP1O3', 'SSH_AUTH_SOCK': '/run/user/481847517/keyring/ssh', 'AMENT_PREFIX_PATH': '/home/cnutter/turtlebot4_ws/install/lab3_pkg:/home/cnutter/turtlebot4_ws/install/final:/home/cnutter/turtlebot4_ws/install/lab_bringup:/home/cnutter/turtlebot4_ws/install/lab5_pkg:/home/cnutter/turtlebot4_ws/install/final_bringup:/home/cnutter/turtlebot4_ws/install/lab2_pkg:/home/cnutter/turtlebot4_ws/install/lab1_pkg:/home/cnutter/turtlebot4_ws/install/custom_interfaces:/opt/ros/jazzy', 'ROS_DOMAIN_ID': '0', 'KRB5CCNAME': 'FILE:/tmp/krb5cc_481847517_OSmN3a', 'SHELL': '/bin/zsh', 'ROS_DISCOVERY_SERVER': '10.5.113.101:11811', 'QT_ACCESSIBILITY': '1', 'GDMSESSION': 'ubuntu', 'QT_IM_MODULE': 'ibus', 'ROS_AUTOMATIC_DISCOVERY_RANGE': 'SUBNET', 'PWD': '/home/cnutter/turtlebot4_ws/build/final_bringup', 'XDG_DATA_DIRS': '/usr/local/share/:/usr/share/:/var/lib/snapd/desktop', 'VIRTUAL_ENV_DISABLE_PROMPT': '12', 'PYTHONPATH': '/home/cnutter/turtlebot4_ws/install/lab3_pkg/lib/python3.12/site-packages:/home/cnutter/turtlebot4_ws/install/final/lib/python3.12/site-packages:/home/cnutter/turtlebot4_ws/install/custom_interfaces/lib/python3.12/site-packages:/home/cnutter/turtlebot4_ws/install/lab5_pkg/lib/python3.12/site-packages:/home/cnutter/turtlebot4_ws/install/lab2_pkg/lib/python3.12/site-packages:/home/cnutter/turtlebot4_ws/install/lab1_pkg/lib/python3.12/site-packages:/opt/ros/jazzy/lib/python3.12/site-packages', 'COLCON': '1', 'VTE_VERSION': '7600', 'MEMORY_PRESSURE_WRITE': 'c29tZSAyMDAwMDAgMjAwMDAwMAA=', 'CMAKE_PREFIX_PATH': '/home/cnutter/turtlebot4_ws/install/custom_interfaces:/home/cnutter/turtlebot4_ws/install/lab_bringup:/home/cnutter/turtlebot4_ws/install/final_bringup:/opt/ros/jazzy/opt/gz_sim_vendor:/opt/ros/jazzy/opt/gz_sensors_vendor:/opt/ros/jazzy/opt/gz_physics_vendor:/opt/ros/jazzy/opt/sdformat_vendor:/opt/ros/jazzy/opt/gz_gui_vendor:/opt/ros/jazzy/opt/gz_transport_vendor:/opt/ros/jazzy/opt/gz_rendering_vendor:/opt/ros/jazzy/opt/gz_plugin_vendor:/opt/ros/jazzy/opt/gz_fuel_tools_vendor:/opt/ros/jazzy/opt/gz_msgs_vendor:/opt/ros/jazzy/opt/gz_common_vendor:/opt/ros/jazzy/opt/gz_math_vendor:/opt/ros/jazzy/opt/gz_utils_vendor:/opt/ros/jazzy/opt/gz_tools_vendor:/opt/ros/jazzy/opt/gz_ogre_next_vendor:/opt/ros/jazzy/opt/gz_dartsim_vendor:/opt/ros/jazzy/opt/gz_cmake_vendor:/home/cnutter/turtlebot4_ws/install/lab5_pkg:/home/cnutter/turtlebot4_ws/install/lab3_pkg:/home/cnutter/turtlebot4_ws/install/lab2_pkg:/home/cnutter/turtlebot4_ws/install/lab1_pkg:/home/cnutter/turtlebot4_ws/install/final:/opt/ros/jazzy'}), 'shell': False}
[2.788710] (final_bringup) StdoutLine: {'line': b'-- Install configuration: ""\n'}
[2.788908] (final_bringup) StdoutLine: {'line': b'-- Up-to-date: /home/cnutter/turtlebot4_ws/install/final_bringup/share/final_bringup//launch\n'}
[2.789024] (final_bringup) StdoutLine: {'line': b'-- Up-to-date: /home/cnutter/turtlebot4_ws/install/final_bringup/share/final_bringup//launch/final.launch.xml\n'}
[2.789126] (final_bringup) StdoutLine: {'line': b'-- Up-to-date: /home/cnutter/turtlebot4_ws/install/final_bringup/share/ament_index/resource_index/package_run_dependencies/final_bringup\n'}
[2.789221] (final_bringup) StdoutLine: {'line': b'-- Up-to-date: /home/cnutter/turtlebot4_ws/install/final_bringup/share/ament_index/resource_index/parent_prefix_path/final_bringup\n'}
[2.789314] (final_bringup) StdoutLine: {'line': b'-- Up-to-date: /home/cnutter/turtlebot4_ws/install/final_bringup/share/final_bringup/environment/ament_prefix_path.sh\n'}
[2.789387] (final_bringup) StdoutLine: {'line': b'-- Up-to-date: /home/cnutter/turtlebot4_ws/install/final_bringup/share/final_bringup/environment/ament_prefix_path.dsv\n'}
[2.789482] (final_bringup) StdoutLine: {'line': b'-- Up-to-date: /home/cnutter/turtlebot4_ws/install/final_bringup/share/final_bringup/environment/path.sh\n'}
[2.789581] (final_bringup) StdoutLine: {'line': b'-- Up-to-date: /home/cnutter/turtlebot4_ws/install/final_bringup/share/final_bringup/environment/path.dsv\n'}
[2.789817] (final_bringup) StdoutLine: {'line': b'-- Up-to-date: /home/cnutter/turtlebot4_ws/install/final_bringup/share/final_bringup/local_setup.bash\n'}
[2.789909] (final_bringup) StdoutLine: {'line': b'-- Up-to-date: /home/cnutter/turtlebot4_ws/install/final_bringup/share/final_bringup/local_setup.sh\n'}
[2.789982] (final_bringup) StdoutLine: {'line': b'-- Up-to-date: /home/cnutter/turtlebot4_ws/install/final_bringup/share/final_bringup/local_setup.zsh\n'}
[2.790058] (final_bringup) StdoutLine: {'line': b'-- Up-to-date: /home/cnutter/turtlebot4_ws/install/final_bringup/share/final_bringup/local_setup.dsv\n'}
[2.790129] (final_bringup) StdoutLine: {'line': b'-- Installing: /home/cnutter/turtlebot4_ws/install/final_bringup/share/final_bringup/package.dsv\n'}
[2.790201] (final_bringup) StdoutLine: {'line': b'-- Up-to-date: /home/cnutter/turtlebot4_ws/install/final_bringup/share/ament_index/resource_index/packages/final_bringup\n'}
[2.790271] (final_bringup) StdoutLine: {'line': b'-- Up-to-date: /home/cnutter/turtlebot4_ws/install/final_bringup/share/final_bringup/cmake/final_bringupConfig.cmake\n'}
[2.790341] (final_bringup) StdoutLine: {'line': b'-- Up-to-date: /home/cnutter/turtlebot4_ws/install/final_bringup/share/final_bringup/cmake/final_bringupConfig-version.cmake\n'}
[2.790414] (final_bringup) StdoutLine: {'line': b'-- Up-to-date: /home/cnutter/turtlebot4_ws/install/final_bringup/share/final_bringup/package.xml\n'}
[2.791081] (final_bringup) CommandEnded: {'returncode': 0}
[2.803861] (-) TimerEvent: {}
[2.839283] (final_bringup) JobEnded: {'identifier': 'final_bringup', 'rc': 0}
[2.840102] (-) EventReactorShutdown: {}
