[0.000000] (-) TimerEvent: {}
[0.000313] (custom_interfaces) JobQueued: {'identifier': 'custom_interfaces', 'dependencies': OrderedDict()}
[0.000437] (lab1_pkg) JobQueued: {'identifier': 'lab1_pkg', 'dependencies': OrderedDict()}
[0.000572] (lab2_pkg) JobQueued: {'identifier': 'lab2_pkg', 'dependencies': OrderedDict()}
[0.000630] (final) JobQueued: {'identifier': 'final', 'dependencies': OrderedDict({'custom_interfaces': '/home/gbonham/turtlebot4_ws/install/custom_interfaces'})}
[0.000662] (lab3_pkg) JobQueued: {'identifier': 'lab3_pkg', 'dependencies': OrderedDict({'custom_interfaces': '/home/gbonham/turtlebot4_ws/install/custom_interfaces'})}
[0.000734] (lab5_pkg) JobQueued: {'identifier': 'lab5_pkg', 'dependencies': OrderedDict({'custom_interfaces': '/home/gbonham/turtlebot4_ws/install/custom_interfaces'})}
[0.000761] (final_bringup) JobQueued: {'identifier': 'final_bringup', 'dependencies': OrderedDict({'custom_interfaces': '/home/gbonham/turtlebot4_ws/install/custom_interfaces', 'final': '/home/gbonham/turtlebot4_ws/install/final', 'lab3_pkg': '/home/gbonham/turtlebot4_ws/install/lab3_pkg'})}
[0.000793] (lab_bringup) JobQueued: {'identifier': 'lab_bringup', 'dependencies': OrderedDict({'custom_interfaces': '/home/gbonham/turtlebot4_ws/install/custom_interfaces', 'lab3_pkg': '/home/gbonham/turtlebot4_ws/install/lab3_pkg'})}
[0.000829] (custom_interfaces) JobStarted: {'identifier': 'custom_interfaces'}
[0.003463] (lab1_pkg) JobStarted: {'identifier': 'lab1_pkg'}
[0.006908] (lab2_pkg) JobStarted: {'identifier': 'lab2_pkg'}
[0.010773] (custom_interfaces) JobProgress: {'identifier': 'custom_interfaces', 'progress': 'cmake'}
[0.011414] (custom_interfaces) JobProgress: {'identifier': 'custom_interfaces', 'progress': 'build'}
[0.011890] (custom_interfaces) Command: {'cmd': ['/usr/bin/cmake', '--build', '/home/gbonham/turtlebot4_ws/build/custom_interfaces', '--', '-j16', '-l16'], 'cwd': '/home/gbonham/turtlebot4_ws/build/custom_interfaces', 'env': OrderedDict({'GJS_DEBUG_TOPICS': 'JS ERROR;JS LOG', 'PYTHON_BASIC_REPL': '1', 'USER': 'gbonham', 'XDG_SESSION_TYPE': 'wayland', 'GIT_ASKPASS': '/usr/share/code/resources/app/extensions/git/dist/askpass.sh', 'SHLVL': '1', 'CLUTTER_DISABLE_MIPMAPPED_TEXT': '1', 'HOME': '/home/gbonham', 'OLDPWD': '/home/gbonham/turtlebot4_ws/src', 'CHROME_DESKTOP': 'code.desktop', 'DESKTOP_SESSION': 'ubuntu', 'TERM_PROGRAM_VERSION': '1.120.0', 'GIO_LAUNCHED_DESKTOP_FILE': '/usr/share/applications/code.desktop', 'GTK_MODULES': 'gail:atk-bridge', 'GNOME_SHELL_SESSION_MODE': 'ubuntu', 'VSCODE_GIT_ASKPASS_MAIN': '/usr/share/code/resources/app/extensions/git/dist/askpass-main.js', 'MANAGERPID': '11241', 'VSCODE_GIT_ASKPASS_NODE': '/usr/share/code/code', 'DBUS_SESSION_BUS_ADDRESS': 'unix:path=/run/user/481853705/bus', 'GSM_SKIP_SSH_AGENT_WORKAROUND': 'true', 'SYSTEMD_EXEC_PID': '11518', 'PYDEVD_DISABLE_FILE_VALIDATION': '1', 'BUNDLED_DEBUGPY_PATH': '/home/gbonham/.vscode/extensions/ms-python.debugpy-2026.6.0-linux-x64/bundled/libs/debugpy', 'VSCODE_PYTHON_AUTOACTIVATE_GUARD': '1', 'GIO_LAUNCHED_DESKTOP_FILE_PID': '12574', 'COLORTERM': 'truecolor', 'CONDA_CHANGEPS1': 'no', 'WAYLAND_DISPLAY': 'wayland-0', 'LOGNAME': 'gbonham', '_': '/usr/bin/colcon', 'JOURNAL_STREAM': '9:142776', 'XDG_SESSION_CLASS': 'user', 'MEMORY_PRESSURE_WATCH': '/sys/fs/cgroup/user.slice/user-481853705.slice/user@481853705.service/session.slice/org.gnome.Shell@wayland.service/memory.pressure', 'USER_ZDOTDIR': '/home/gbonham', 'USERNAME': 'gbonham', 'PROMPT_EOL_MARK': '', 'TERM': 'xterm-256color', 'GNOME_DESKTOP_SESSION_ID': 'this-is-deprecated', 'FC_FONTATIONS': '1', 'PATH': '/usr/local/sbin:/usr/local/bin:/usr/sbin:/usr/bin:/sbin:/bin:/usr/games:/usr/local/games:/snap/bin:/snap/bin:/home/gbonham/.vscode/extensions/ms-python.debugpy-2026.6.0-linux-x64/bundled/scripts/noConfigScripts', 'SESSION_MANAGER': 'local/csci20121:@/tmp/.ICE-unix/11486,unix/csci20121:/tmp/.ICE-unix/11486', 'INVOCATION_ID': '94b2f98f34ad4cab8b432345032ed79e', 'XDG_RUNTIME_DIR': '/run/user/481853705', 'XDG_MENU_PREFIX': 'gnome-', 'GNOME_SETUP_DISPLAY': ':1', 'GDK_BACKEND': 'wayland', 'DISPLAY': ':0', 'LANG': 'en_US.UTF-8', 'XDG_CURRENT_DESKTOP': 'ubuntu:GNOME', 'VSCODE_DEBUGPY_ADAPTER_ENDPOINTS': '/home/gbonham/.vscode/extensions/ms-python.debugpy-2026.6.0-linux-x64/.noConfigDebugAdapterEndpoints/endpoint-e34322725a0427c1.txt', 'PYTHONSTARTUP': '/home/gbonham/.config/Code/User/workspaceStorage/164fb482c0335d43507560d0f344279e/ms-python.python/pythonrc.py', 'VSCODE_INJECTION': '1', 'XDG_SESSION_DESKTOP': 'ubuntu', 'XMODIFIERS': '@im=ibus', 'XAUTHORITY': '/run/user/481853705/.mutter-Xwaylandauth.D1YEP3', 'TERM_PROGRAM': 'vscode', 'VSCODE_GIT_IPC_HANDLE': '/run/user/481853705/vscode-git-91e7995aaf.sock', 'SSH_AUTH_SOCK': '/run/user/481853705/keyring/ssh', 'SHELL': '/bin/zsh', 'KRB5CCNAME': 'FILE:/tmp/krb5cc_481853705_1BZ2iU', 'QT_ACCESSIBILITY': '1', 'GDMSESSION': 'ubuntu', 'GJS_DEBUG_OUTPUT': 'stderr', 'QT_IM_MODULE': 'ibus', 'VSCODE_GIT_ASKPASS_EXTRA_ARGS': '', 'PWD': '/home/gbonham/turtlebot4_ws/build/custom_interfaces', 'XDG_DATA_DIRS': '/usr/local/share/:/usr/share/:/var/lib/snapd/desktop', 'ZDOTDIR': '/home/gbonham', 'VIRTUAL_ENV_DISABLE_PROMPT': '12', 'COLCON': '1', 'MEMORY_PRESSURE_WRITE': 'c29tZSAyMDAwMDAgMjAwMDAwMAA='}), 'shell': False}
[0.099859] (-) TimerEvent: {}
[0.200138] (-) TimerEvent: {}
[0.219368] (custom_interfaces) StdoutLine: {'line': b'[  3%] Built target custom_interfaces__rosidl_generator_type_description\n'}
[0.219952] (custom_interfaces) StdoutLine: {'line': b'[  3%] Built target custom_interfaces__rs\n'}
[0.220088] (custom_interfaces) StdoutLine: {'line': b'[  3%] Built target ament_cmake_python_copy_custom_interfaces\n'}
[0.220212] (custom_interfaces) StdoutLine: {'line': b'[  4%] Built target custom_interfaces__cpp\n'}
[0.220334] (custom_interfaces) StdoutLine: {'line': b'[ 26%] Built target custom_interfaces__rosidl_generator_c\n'}
[0.220454] (custom_interfaces) StdoutLine: {'line': b'[ 67%] Built target custom_interfaces__rosidl_typesupport_introspection_c\n'}
[0.220575] (custom_interfaces) StdoutLine: {'line': b'[ 69%] Built target custom_interfaces__rosidl_typesupport_fastrtps_c\n'}
[0.220703] (custom_interfaces) StdoutLine: {'line': b'[ 73%] Built target custom_interfaces__rosidl_typesupport_cpp\n'}
[0.220827] (custom_interfaces) StdoutLine: {'line': b'[ 78%] Built target custom_interfaces__rosidl_typesupport_introspection_cpp\n'}
[0.220945] (custom_interfaces) StdoutLine: {'line': b'[ 78%] Built target custom_interfaces__rosidl_typesupport_fastrtps_cpp\n'}
[0.221065] (custom_interfaces) StdoutLine: {'line': b'[ 81%] Built target custom_interfaces__rosidl_typesupport_c\n'}
[0.221186] (custom_interfaces) StdoutLine: {'line': b'[ 81%] Built target custom_interfaces\n'}
[0.221305] (custom_interfaces) StdoutLine: {'line': b'[ 83%] Built target custom_interfaces__py\n'}
[0.221424] (custom_interfaces) StdoutLine: {'line': b'[ 90%] Built target custom_interfaces__rosidl_generator_py\n'}
[0.221542] (custom_interfaces) StdoutLine: {'line': b'[ 96%] Built target custom_interfaces_s__rosidl_typesupport_c\n'}
[0.221797] (custom_interfaces) StdoutLine: {'line': b'[ 96%] Built target custom_interfaces_s__rosidl_typesupport_introspection_c\n'}
[0.222018] (custom_interfaces) StdoutLine: {'line': b'[100%] Built target custom_interfaces_s__rosidl_typesupport_fastrtps_c\n'}
[0.295296] (custom_interfaces) StdoutLine: {'line': b'running egg_info\n'}
[0.300239] (-) TimerEvent: {}
[0.313099] (custom_interfaces) StdoutLine: {'line': b'writing custom_interfaces.egg-info/PKG-INFO\n'}
[0.313331] (custom_interfaces) StdoutLine: {'line': b'writing dependency_links to custom_interfaces.egg-info/dependency_links.txt\n'}
[0.313535] (custom_interfaces) StdoutLine: {'line': b'writing top-level names to custom_interfaces.egg-info/top_level.txt\n'}
[0.356457] (custom_interfaces) StdoutLine: {'line': b"reading manifest file 'custom_interfaces.egg-info/SOURCES.txt'\n"}
[0.357286] (custom_interfaces) StdoutLine: {'line': b"writing manifest file 'custom_interfaces.egg-info/SOURCES.txt'\n"}
[0.382278] (custom_interfaces) StdoutLine: {'line': b'[100%] Built target ament_cmake_python_build_custom_interfaces_egg\n'}
[0.397621] (custom_interfaces) CommandEnded: {'returncode': 0}
[0.398224] (custom_interfaces) JobProgress: {'identifier': 'custom_interfaces', 'progress': 'install'}
[0.400313] (-) TimerEvent: {}
[0.405773] (custom_interfaces) Command: {'cmd': ['/usr/bin/cmake', '--install', '/home/gbonham/turtlebot4_ws/build/custom_interfaces'], 'cwd': '/home/gbonham/turtlebot4_ws/build/custom_interfaces', 'env': OrderedDict({'GJS_DEBUG_TOPICS': 'JS ERROR;JS LOG', 'PYTHON_BASIC_REPL': '1', 'USER': 'gbonham', 'XDG_SESSION_TYPE': 'wayland', 'GIT_ASKPASS': '/usr/share/code/resources/app/extensions/git/dist/askpass.sh', 'SHLVL': '1', 'CLUTTER_DISABLE_MIPMAPPED_TEXT': '1', 'HOME': '/home/gbonham', 'OLDPWD': '/home/gbonham/turtlebot4_ws/src', 'CHROME_DESKTOP': 'code.desktop', 'DESKTOP_SESSION': 'ubuntu', 'TERM_PROGRAM_VERSION': '1.120.0', 'GIO_LAUNCHED_DESKTOP_FILE': '/usr/share/applications/code.desktop', 'GTK_MODULES': 'gail:atk-bridge', 'GNOME_SHELL_SESSION_MODE': 'ubuntu', 'VSCODE_GIT_ASKPASS_MAIN': '/usr/share/code/resources/app/extensions/git/dist/askpass-main.js', 'MANAGERPID': '11241', 'VSCODE_GIT_ASKPASS_NODE': '/usr/share/code/code', 'DBUS_SESSION_BUS_ADDRESS': 'unix:path=/run/user/481853705/bus', 'GSM_SKIP_SSH_AGENT_WORKAROUND': 'true', 'SYSTEMD_EXEC_PID': '11518', 'PYDEVD_DISABLE_FILE_VALIDATION': '1', 'BUNDLED_DEBUGPY_PATH': '/home/gbonham/.vscode/extensions/ms-python.debugpy-2026.6.0-linux-x64/bundled/libs/debugpy', 'VSCODE_PYTHON_AUTOACTIVATE_GUARD': '1', 'GIO_LAUNCHED_DESKTOP_FILE_PID': '12574', 'COLORTERM': 'truecolor', 'CONDA_CHANGEPS1': 'no', 'WAYLAND_DISPLAY': 'wayland-0', 'LOGNAME': 'gbonham', '_': '/usr/bin/colcon', 'JOURNAL_STREAM': '9:142776', 'XDG_SESSION_CLASS': 'user', 'MEMORY_PRESSURE_WATCH': '/sys/fs/cgroup/user.slice/user-481853705.slice/user@481853705.service/session.slice/org.gnome.Shell@wayland.service/memory.pressure', 'USER_ZDOTDIR': '/home/gbonham', 'USERNAME': 'gbonham', 'PROMPT_EOL_MARK': '', 'TERM': 'xterm-256color', 'GNOME_DESKTOP_SESSION_ID': 'this-is-deprecated', 'FC_FONTATIONS': '1', 'PATH': '/usr/local/sbin:/usr/local/bin:/usr/sbin:/usr/bin:/sbin:/bin:/usr/games:/usr/local/games:/snap/bin:/snap/bin:/home/gbonham/.vscode/extensions/ms-python.debugpy-2026.6.0-linux-x64/bundled/scripts/noConfigScripts', 'SESSION_MANAGER': 'local/csci20121:@/tmp/.ICE-unix/11486,unix/csci20121:/tmp/.ICE-unix/11486', 'INVOCATION_ID': '94b2f98f34ad4cab8b432345032ed79e', 'XDG_RUNTIME_DIR': '/run/user/481853705', 'XDG_MENU_PREFIX': 'gnome-', 'GNOME_SETUP_DISPLAY': ':1', 'GDK_BACKEND': 'wayland', 'DISPLAY': ':0', 'LANG': 'en_US.UTF-8', 'XDG_CURRENT_DESKTOP': 'ubuntu:GNOME', 'VSCODE_DEBUGPY_ADAPTER_ENDPOINTS': '/home/gbonham/.vscode/extensions/ms-python.debugpy-2026.6.0-linux-x64/.noConfigDebugAdapterEndpoints/endpoint-e34322725a0427c1.txt', 'PYTHONSTARTUP': '/home/gbonham/.config/Code/User/workspaceStorage/164fb482c0335d43507560d0f344279e/ms-python.python/pythonrc.py', 'VSCODE_INJECTION': '1', 'XDG_SESSION_DESKTOP': 'ubuntu', 'XMODIFIERS': '@im=ibus', 'XAUTHORITY': '/run/user/481853705/.mutter-Xwaylandauth.D1YEP3', 'TERM_PROGRAM': 'vscode', 'VSCODE_GIT_IPC_HANDLE': '/run/user/481853705/vscode-git-91e7995aaf.sock', 'SSH_AUTH_SOCK': '/run/user/481853705/keyring/ssh', 'SHELL': '/bin/zsh', 'KRB5CCNAME': 'FILE:/tmp/krb5cc_481853705_1BZ2iU', 'QT_ACCESSIBILITY': '1', 'GDMSESSION': 'ubuntu', 'GJS_DEBUG_OUTPUT': 'stderr', 'QT_IM_MODULE': 'ibus', 'VSCODE_GIT_ASKPASS_EXTRA_ARGS': '', 'PWD': '/home/gbonham/turtlebot4_ws/build/custom_interfaces', 'XDG_DATA_DIRS': '/usr/local/share/:/usr/share/:/var/lib/snapd/desktop', 'ZDOTDIR': '/home/gbonham', 'VIRTUAL_ENV_DISABLE_PROMPT': '12', 'COLCON': '1', 'MEMORY_PRESSURE_WRITE': 'c29tZSAyMDAwMDAgMjAwMDAwMAA='}), 'shell': False}
[0.414572] (custom_interfaces) StdoutLine: {'line': b'-- Install configuration: ""\n'}
[0.414876] (custom_interfaces) StdoutLine: {'line': b'-- Up-to-date: /home/gbonham/turtlebot4_ws/install/custom_interfaces/share/ament_index/resource_index/rosidl_interfaces/custom_interfaces\n'}
[0.415066] (custom_interfaces) StdoutLine: {'line': b'-- Up-to-date: /home/gbonham/turtlebot4_ws/install/custom_interfaces/share/custom_interfaces/msg/TransLoc.json\n'}
[0.415296] (custom_interfaces) StdoutLine: {'line': b'-- Up-to-date: /home/gbonham/turtlebot4_ws/install/custom_interfaces/share/custom_interfaces/msg/ObsList.json\n'}
[0.415524] (custom_interfaces) StdoutLine: {'line': b'-- Up-to-date: /home/gbonham/turtlebot4_ws/install/custom_interfaces/share/custom_interfaces/srv/SetCap.json\n'}
[0.415742] (custom_interfaces) StdoutLine: {'line': b'-- Up-to-date: /home/gbonham/turtlebot4_ws/install/custom_interfaces/share/custom_interfaces/action/RobotGoal.json\n'}
[0.415886] (custom_interfaces) StdoutLine: {'line': b'-- Up-to-date: /home/gbonham/turtlebot4_ws/install/custom_interfaces/include/custom_interfaces/custom_interfaces\n'}
[0.416027] (custom_interfaces) StdoutLine: {'line': b'-- Up-to-date: /home/gbonham/turtlebot4_ws/install/custom_interfaces/include/custom_interfaces/custom_interfaces/action\n'}
[0.416159] (custom_interfaces) StdoutLine: {'line': b'-- Up-to-date: /home/gbonham/turtlebot4_ws/install/custom_interfaces/include/custom_interfaces/custom_interfaces/action/detail\n'}
[0.416351] (custom_interfaces) StdoutLine: {'line': b'-- Up-to-date: /home/gbonham/turtlebot4_ws/install/custom_interfaces/include/custom_interfaces/custom_interfaces/action/detail/robot_goal__struct.h\n'}
[0.416527] (custom_interfaces) StdoutLine: {'line': b'-- Up-to-date: /home/gbonham/turtlebot4_ws/install/custom_interfaces/include/custom_interfaces/custom_interfaces/action/detail/robot_goal__type_support.c\n'}
[0.416689] (custom_interfaces) StdoutLine: {'line': b'-- Up-to-date: /home/gbonham/turtlebot4_ws/install/custom_interfaces/include/custom_interfaces/custom_interfaces/action/detail/robot_goal__functions.h\n'}
[0.416816] (custom_interfaces) StdoutLine: {'line': b'-- Up-to-date: /home/gbonham/turtlebot4_ws/install/custom_interfaces/include/custom_interfaces/custom_interfaces/action/detail/robot_goal__functions.c\n'}
[0.416962] (custom_interfaces) StdoutLine: {'line': b'-- Up-to-date: /home/gbonham/turtlebot4_ws/install/custom_interfaces/include/custom_interfaces/custom_interfaces/action/detail/robot_goal__description.c\n'}
[0.417061] (custom_interfaces) StdoutLine: {'line': b'-- Up-to-date: /home/gbonham/turtlebot4_ws/install/custom_interfaces/include/custom_interfaces/custom_interfaces/action/detail/robot_goal__type_support.h\n'}
[0.417245] (custom_interfaces) StdoutLine: {'line': b'-- Up-to-date: /home/gbonham/turtlebot4_ws/install/custom_interfaces/include/custom_interfaces/custom_interfaces/action/robot_goal.h\n'}
[0.417482] (custom_interfaces) StdoutLine: {'line': b'-- Up-to-date: /home/gbonham/turtlebot4_ws/install/custom_interfaces/include/custom_interfaces/custom_interfaces/msg\n'}
[0.417616] (custom_interfaces) StdoutLine: {'line': b'-- Up-to-date: /home/gbonham/turtlebot4_ws/install/custom_interfaces/include/custom_interfaces/custom_interfaces/msg/detail\n'}
[0.417759] (custom_interfaces) StdoutLine: {'line': b'-- Up-to-date: /home/gbonham/turtlebot4_ws/install/custom_interfaces/include/custom_interfaces/custom_interfaces/msg/detail/obs_list__functions.c\n'}
[0.417888] (custom_interfaces) StdoutLine: {'line': b'-- Up-to-date: /home/gbonham/turtlebot4_ws/install/custom_interfaces/include/custom_interfaces/custom_interfaces/msg/detail/obs_list__struct.h\n'}
[0.418036] (custom_interfaces) StdoutLine: {'line': b'-- Up-to-date: /home/gbonham/turtlebot4_ws/install/custom_interfaces/include/custom_interfaces/custom_interfaces/msg/detail/obs_list__description.c\n'}
[0.418199] (custom_interfaces) StdoutLine: {'line': b'-- Up-to-date: /home/gbonham/turtlebot4_ws/install/custom_interfaces/include/custom_interfaces/custom_interfaces/msg/detail/trans_loc__type_support.c\n'}
[0.418359] (custom_interfaces) StdoutLine: {'line': b'-- Up-to-date: /home/gbonham/turtlebot4_ws/install/custom_interfaces/include/custom_interfaces/custom_interfaces/msg/detail/trans_loc__description.c\n'}
[0.418520] (custom_interfaces) StdoutLine: {'line': b'-- Up-to-date: /home/gbonham/turtlebot4_ws/install/custom_interfaces/include/custom_interfaces/custom_interfaces/msg/detail/obs_list__type_support.h\n'}
[0.418705] (custom_interfaces) StdoutLine: {'line': b'-- Up-to-date: /home/gbonham/turtlebot4_ws/install/custom_interfaces/include/custom_interfaces/custom_interfaces/msg/detail/obs_list__type_support.c\n'}
[0.418864] (custom_interfaces) StdoutLine: {'line': b'-- Up-to-date: /home/gbonham/turtlebot4_ws/install/custom_interfaces/include/custom_interfaces/custom_interfaces/msg/detail/obs_list__functions.h\n'}
[0.419043] (custom_interfaces) StdoutLine: {'line': b'-- Up-to-date: /home/gbonham/turtlebot4_ws/install/custom_interfaces/include/custom_interfaces/custom_interfaces/msg/detail/trans_loc__struct.h\n'}
[0.419225] (custom_interfaces) StdoutLine: {'line': b'-- Up-to-date: /home/gbonham/turtlebot4_ws/install/custom_interfaces/include/custom_interfaces/custom_interfaces/msg/detail/trans_loc__type_support.h\n'}
[0.419381] (custom_interfaces) StdoutLine: {'line': b'-- Up-to-date: /home/gbonham/turtlebot4_ws/install/custom_interfaces/include/custom_interfaces/custom_interfaces/msg/detail/trans_loc__functions.c\n'}
[0.419494] (custom_interfaces) StdoutLine: {'line': b'-- Up-to-date: /home/gbonham/turtlebot4_ws/install/custom_interfaces/include/custom_interfaces/custom_interfaces/msg/detail/trans_loc__functions.h\n'}
[0.419637] (custom_interfaces) StdoutLine: {'line': b'-- Up-to-date: /home/gbonham/turtlebot4_ws/install/custom_interfaces/include/custom_interfaces/custom_interfaces/msg/obs_list.h\n'}
[0.419791] (custom_interfaces) StdoutLine: {'line': b'-- Up-to-date: /home/gbonham/turtlebot4_ws/install/custom_interfaces/include/custom_interfaces/custom_interfaces/msg/rosidl_generator_c__visibility_control.h\n'}
[0.419974] (custom_interfaces) StdoutLine: {'line': b'-- Up-to-date: /home/gbonham/turtlebot4_ws/install/custom_interfaces/include/custom_interfaces/custom_interfaces/msg/trans_loc.h\n'}
[0.420152] (custom_interfaces) StdoutLine: {'line': b'-- Up-to-date: /home/gbonham/turtlebot4_ws/install/custom_interfaces/include/custom_interfaces/custom_interfaces/srv\n'}
[0.420253] (custom_interfaces) StdoutLine: {'line': b'-- Up-to-date: /home/gbonham/turtlebot4_ws/install/custom_interfaces/include/custom_interfaces/custom_interfaces/srv/detail\n'}
[0.420376] (custom_interfaces) StdoutLine: {'line': b'-- Up-to-date: /home/gbonham/turtlebot4_ws/install/custom_interfaces/include/custom_interfaces/custom_interfaces/srv/detail/set_cap__functions.c\n'}
[0.420498] (custom_interfaces) StdoutLine: {'line': b'-- Up-to-date: /home/gbonham/turtlebot4_ws/install/custom_interfaces/include/custom_interfaces/custom_interfaces/srv/detail/set_cap__description.c\n'}
[0.420625] (custom_interfaces) StdoutLine: {'line': b'-- Up-to-date: /home/gbonham/turtlebot4_ws/install/custom_interfaces/include/custom_interfaces/custom_interfaces/srv/detail/set_cap__type_support.h\n'}
[0.420731] (custom_interfaces) StdoutLine: {'line': b'-- Up-to-date: /home/gbonham/turtlebot4_ws/install/custom_interfaces/include/custom_interfaces/custom_interfaces/srv/detail/set_cap__struct.h\n'}
[0.420807] (custom_interfaces) StdoutLine: {'line': b'-- Up-to-date: /home/gbonham/turtlebot4_ws/install/custom_interfaces/include/custom_interfaces/custom_interfaces/srv/detail/set_cap__functions.h\n'}
[0.420929] (custom_interfaces) StdoutLine: {'line': b'-- Up-to-date: /home/gbonham/turtlebot4_ws/install/custom_interfaces/include/custom_interfaces/custom_interfaces/srv/detail/set_cap__type_support.c\n'}
[0.421048] (custom_interfaces) StdoutLine: {'line': b'-- Up-to-date: /home/gbonham/turtlebot4_ws/install/custom_interfaces/include/custom_interfaces/custom_interfaces/srv/set_cap.h\n'}
[0.421133] (custom_interfaces) StdoutLine: {'line': b'-- Up-to-date: /home/gbonham/turtlebot4_ws/install/custom_interfaces/share/custom_interfaces/environment/library_path.sh\n'}
[0.421212] (custom_interfaces) StdoutLine: {'line': b'-- Up-to-date: /home/gbonham/turtlebot4_ws/install/custom_interfaces/share/custom_interfaces/environment/library_path.dsv\n'}
[0.421287] (custom_interfaces) StdoutLine: {'line': b'-- Up-to-date: /home/gbonham/turtlebot4_ws/install/custom_interfaces/lib/libcustom_interfaces__rosidl_generator_c.so\n'}
[0.421384] (custom_interfaces) StdoutLine: {'line': b'-- Up-to-date: /home/gbonham/turtlebot4_ws/install/custom_interfaces/include/custom_interfaces/custom_interfaces\n'}
[0.421488] (custom_interfaces) StdoutLine: {'line': b'-- Up-to-date: /home/gbonham/turtlebot4_ws/install/custom_interfaces/include/custom_interfaces/custom_interfaces/action\n'}
[0.421610] (custom_interfaces) StdoutLine: {'line': b'-- Up-to-date: /home/gbonham/turtlebot4_ws/install/custom_interfaces/include/custom_interfaces/custom_interfaces/action/detail\n'}
[0.421735] (custom_interfaces) StdoutLine: {'line': b'-- Up-to-date: /home/gbonham/turtlebot4_ws/install/custom_interfaces/include/custom_interfaces/custom_interfaces/action/detail/robot_goal__rosidl_typesupport_fastrtps_c.h\n'}
[0.421867] (custom_interfaces) StdoutLine: {'line': b'-- Up-to-date: /home/gbonham/turtlebot4_ws/install/custom_interfaces/include/custom_interfaces/custom_interfaces/msg\n'}
[0.421991] (custom_interfaces) StdoutLine: {'line': b'-- Up-to-date: /home/gbonham/turtlebot4_ws/install/custom_interfaces/include/custom_interfaces/custom_interfaces/msg/detail\n'}
[0.422115] (custom_interfaces) StdoutLine: {'line': b'-- Up-to-date: /home/gbonham/turtlebot4_ws/install/custom_interfaces/include/custom_interfaces/custom_interfaces/msg/detail/trans_loc__rosidl_typesupport_fastrtps_c.h\n'}
[0.422208] (custom_interfaces) StdoutLine: {'line': b'-- Up-to-date: /home/gbonham/turtlebot4_ws/install/custom_interfaces/include/custom_interfaces/custom_interfaces/msg/detail/obs_list__rosidl_typesupport_fastrtps_c.h\n'}
[0.422315] (custom_interfaces) StdoutLine: {'line': b'-- Up-to-date: /home/gbonham/turtlebot4_ws/install/custom_interfaces/include/custom_interfaces/custom_interfaces/msg/rosidl_typesupport_fastrtps_c__visibility_control.h\n'}
[0.422407] (custom_interfaces) StdoutLine: {'line': b'-- Up-to-date: /home/gbonham/turtlebot4_ws/install/custom_interfaces/include/custom_interfaces/custom_interfaces/srv\n'}
[0.422500] (custom_interfaces) StdoutLine: {'line': b'-- Up-to-date: /home/gbonham/turtlebot4_ws/install/custom_interfaces/include/custom_interfaces/custom_interfaces/srv/detail\n'}
[0.422604] (custom_interfaces) StdoutLine: {'line': b'-- Up-to-date: /home/gbonham/turtlebot4_ws/install/custom_interfaces/include/custom_interfaces/custom_interfaces/srv/detail/set_cap__rosidl_typesupport_fastrtps_c.h\n'}
[0.422698] (custom_interfaces) StdoutLine: {'line': b'-- Up-to-date: /home/gbonham/turtlebot4_ws/install/custom_interfaces/lib/libcustom_interfaces__rosidl_typesupport_fastrtps_c.so\n'}
[0.422799] (custom_interfaces) StdoutLine: {'line': b'-- Up-to-date: /home/gbonham/turtlebot4_ws/install/custom_interfaces/include/custom_interfaces/custom_interfaces\n'}
[0.422882] (custom_interfaces) StdoutLine: {'line': b'-- Up-to-date: /home/gbonham/turtlebot4_ws/install/custom_interfaces/include/custom_interfaces/custom_interfaces/action\n'}
[0.422968] (custom_interfaces) StdoutLine: {'line': b'-- Up-to-date: /home/gbonham/turtlebot4_ws/install/custom_interfaces/include/custom_interfaces/custom_interfaces/action/detail\n'}
[0.423054] (custom_interfaces) StdoutLine: {'line': b'-- Up-to-date: /home/gbonham/turtlebot4_ws/install/custom_interfaces/include/custom_interfaces/custom_interfaces/action/detail/robot_goal__type_support.c\n'}
[0.423175] (custom_interfaces) StdoutLine: {'line': b'-- Up-to-date: /home/gbonham/turtlebot4_ws/install/custom_interfaces/include/custom_interfaces/custom_interfaces/action/detail/robot_goal__rosidl_typesupport_introspection_c.h\n'}
[0.423294] (custom_interfaces) StdoutLine: {'line': b'-- Up-to-date: /home/gbonham/turtlebot4_ws/install/custom_interfaces/include/custom_interfaces/custom_interfaces/msg\n'}
[0.423426] (custom_interfaces) StdoutLine: {'line': b'-- Up-to-date: /home/gbonham/turtlebot4_ws/install/custom_interfaces/include/custom_interfaces/custom_interfaces/msg/rosidl_typesupport_introspection_c__visibility_control.h\n'}
[0.423535] (custom_interfaces) StdoutLine: {'line': b'-- Up-to-date: /home/gbonham/turtlebot4_ws/install/custom_interfaces/include/custom_interfaces/custom_interfaces/msg/detail\n'}
[0.423669] (custom_interfaces) StdoutLine: {'line': b'-- Up-to-date: /home/gbonham/turtlebot4_ws/install/custom_interfaces/include/custom_interfaces/custom_interfaces/msg/detail/trans_loc__type_support.c\n'}
[0.423776] (custom_interfaces) StdoutLine: {'line': b'-- Up-to-date: /home/gbonham/turtlebot4_ws/install/custom_interfaces/include/custom_interfaces/custom_interfaces/msg/detail/obs_list__type_support.c\n'}
[0.423899] (custom_interfaces) StdoutLine: {'line': b'-- Up-to-date: /home/gbonham/turtlebot4_ws/install/custom_interfaces/include/custom_interfaces/custom_interfaces/msg/detail/trans_loc__rosidl_typesupport_introspection_c.h\n'}
[0.424008] (custom_interfaces) StdoutLine: {'line': b'-- Up-to-date: /home/gbonham/turtlebot4_ws/install/custom_interfaces/include/custom_interfaces/custom_interfaces/msg/detail/obs_list__rosidl_typesupport_introspection_c.h\n'}
[0.424127] (custom_interfaces) StdoutLine: {'line': b'-- Up-to-date: /home/gbonham/turtlebot4_ws/install/custom_interfaces/include/custom_interfaces/custom_interfaces/srv\n'}
[0.424229] (custom_interfaces) StdoutLine: {'line': b'-- Up-to-date: /home/gbonham/turtlebot4_ws/install/custom_interfaces/include/custom_interfaces/custom_interfaces/srv/detail\n'}
[0.424353] (custom_interfaces) StdoutLine: {'line': b'-- Up-to-date: /home/gbonham/turtlebot4_ws/install/custom_interfaces/include/custom_interfaces/custom_interfaces/srv/detail/set_cap__rosidl_typesupport_introspection_c.h\n'}
[0.424477] (custom_interfaces) StdoutLine: {'line': b'-- Up-to-date: /home/gbonham/turtlebot4_ws/install/custom_interfaces/include/custom_interfaces/custom_interfaces/srv/detail/set_cap__type_support.c\n'}
[0.424582] (custom_interfaces) StdoutLine: {'line': b'-- Up-to-date: /home/gbonham/turtlebot4_ws/install/custom_interfaces/lib/libcustom_interfaces__rosidl_typesupport_introspection_c.so\n'}
[0.424703] (custom_interfaces) StdoutLine: {'line': b'-- Up-to-date: /home/gbonham/turtlebot4_ws/install/custom_interfaces/lib/libcustom_interfaces__rosidl_typesupport_c.so\n'}
[0.424792] (custom_interfaces) StdoutLine: {'line': b'-- Up-to-date: /home/gbonham/turtlebot4_ws/install/custom_interfaces/include/custom_interfaces/custom_interfaces\n'}
[0.424881] (custom_interfaces) StdoutLine: {'line': b'-- Up-to-date: /home/gbonham/turtlebot4_ws/install/custom_interfaces/include/custom_interfaces/custom_interfaces/action\n'}
[0.424973] (custom_interfaces) StdoutLine: {'line': b'-- Up-to-date: /home/gbonham/turtlebot4_ws/install/custom_interfaces/include/custom_interfaces/custom_interfaces/action/detail\n'}
[0.425371] (custom_interfaces) StdoutLine: {'line': b'-- Up-to-date: /home/gbonham/turtlebot4_ws/install/custom_interfaces/include/custom_interfaces/custom_interfaces/action/detail/robot_goal__builder.hpp\n'}
[0.425558] (custom_interfaces) StdoutLine: {'line': b'-- Up-to-date: /home/gbonham/turtlebot4_ws/install/custom_interfaces/include/custom_interfaces/custom_interfaces/action/detail/robot_goal__traits.hpp\n'}
[0.425737] (custom_interfaces) StdoutLine: {'line': b'-- Up-to-date: /home/gbonham/turtlebot4_ws/install/custom_interfaces/include/custom_interfaces/custom_interfaces/action/detail/robot_goal__struct.hpp\n'}
[0.425840] (custom_interfaces) StdoutLine: {'line': b'-- Up-to-date: /home/gbonham/turtlebot4_ws/install/custom_interfaces/include/custom_interfaces/custom_interfaces/action/detail/robot_goal__type_support.hpp\n'}
[0.425923] (custom_interfaces) StdoutLine: {'line': b'-- Up-to-date: /home/gbonham/turtlebot4_ws/install/custom_interfaces/include/custom_interfaces/custom_interfaces/action/robot_goal.hpp\n'}
[0.426020] (custom_interfaces) StdoutLine: {'line': b'-- Up-to-date: /home/gbonham/turtlebot4_ws/install/custom_interfaces/include/custom_interfaces/custom_interfaces/msg\n'}
[0.426115] (custom_interfaces) StdoutLine: {'line': b'-- Up-to-date: /home/gbonham/turtlebot4_ws/install/custom_interfaces/include/custom_interfaces/custom_interfaces/msg/trans_loc.hpp\n'}
[0.426213] (custom_interfaces) StdoutLine: {'line': b'-- Up-to-date: /home/gbonham/turtlebot4_ws/install/custom_interfaces/include/custom_interfaces/custom_interfaces/msg/rosidl_generator_cpp__visibility_control.hpp\n'}
[0.426331] (custom_interfaces) StdoutLine: {'line': b'-- Up-to-date: /home/gbonham/turtlebot4_ws/install/custom_interfaces/include/custom_interfaces/custom_interfaces/msg/detail\n'}
[0.426439] (custom_interfaces) StdoutLine: {'line': b'-- Up-to-date: /home/gbonham/turtlebot4_ws/install/custom_interfaces/include/custom_interfaces/custom_interfaces/msg/detail/trans_loc__builder.hpp\n'}
[0.426537] (custom_interfaces) StdoutLine: {'line': b'-- Up-to-date: /home/gbonham/turtlebot4_ws/install/custom_interfaces/include/custom_interfaces/custom_interfaces/msg/detail/obs_list__type_support.hpp\n'}
[0.426640] (custom_interfaces) StdoutLine: {'line': b'-- Up-to-date: /home/gbonham/turtlebot4_ws/install/custom_interfaces/include/custom_interfaces/custom_interfaces/msg/detail/obs_list__traits.hpp\n'}
[0.426734] (custom_interfaces) StdoutLine: {'line': b'-- Up-to-date: /home/gbonham/turtlebot4_ws/install/custom_interfaces/include/custom_interfaces/custom_interfaces/msg/detail/trans_loc__traits.hpp\n'}
[0.426826] (custom_interfaces) StdoutLine: {'line': b'-- Up-to-date: /home/gbonham/turtlebot4_ws/install/custom_interfaces/include/custom_interfaces/custom_interfaces/msg/detail/obs_list__struct.hpp\n'}
[0.426925] (custom_interfaces) StdoutLine: {'line': b'-- Up-to-date: /home/gbonham/turtlebot4_ws/install/custom_interfaces/include/custom_interfaces/custom_interfaces/msg/detail/obs_list__builder.hpp\n'}
[0.427017] (custom_interfaces) StdoutLine: {'line': b'-- Up-to-date: /home/gbonham/turtlebot4_ws/install/custom_interfaces/include/custom_interfaces/custom_interfaces/msg/detail/trans_loc__type_support.hpp\n'}
[0.427106] (custom_interfaces) StdoutLine: {'line': b'-- Up-to-date: /home/gbonham/turtlebot4_ws/install/custom_interfaces/include/custom_interfaces/custom_interfaces/msg/detail/trans_loc__struct.hpp\n'}
[0.427193] (custom_interfaces) StdoutLine: {'line': b'-- Up-to-date: /home/gbonham/turtlebot4_ws/install/custom_interfaces/include/custom_interfaces/custom_interfaces/msg/obs_list.hpp\n'}
[0.427314] (custom_interfaces) StdoutLine: {'line': b'-- Up-to-date: /home/gbonham/turtlebot4_ws/install/custom_interfaces/include/custom_interfaces/custom_interfaces/srv\n'}
[0.427409] (custom_interfaces) StdoutLine: {'line': b'-- Up-to-date: /home/gbonham/turtlebot4_ws/install/custom_interfaces/include/custom_interfaces/custom_interfaces/srv/detail\n'}
[0.427536] (custom_interfaces) StdoutLine: {'line': b'-- Up-to-date: /home/gbonham/turtlebot4_ws/install/custom_interfaces/include/custom_interfaces/custom_interfaces/srv/detail/set_cap__type_support.hpp\n'}
[0.427664] (custom_interfaces) StdoutLine: {'line': b'-- Up-to-date: /home/gbonham/turtlebot4_ws/install/custom_interfaces/include/custom_interfaces/custom_interfaces/srv/detail/set_cap__builder.hpp\n'}
[0.427779] (custom_interfaces) StdoutLine: {'line': b'-- Up-to-date: /home/gbonham/turtlebot4_ws/install/custom_interfaces/include/custom_interfaces/custom_interfaces/srv/detail/set_cap__traits.hpp\n'}
[0.427901] (custom_interfaces) StdoutLine: {'line': b'-- Up-to-date: /home/gbonham/turtlebot4_ws/install/custom_interfaces/include/custom_interfaces/custom_interfaces/srv/detail/set_cap__struct.hpp\n'}
[0.428026] (custom_interfaces) StdoutLine: {'line': b'-- Up-to-date: /home/gbonham/turtlebot4_ws/install/custom_interfaces/include/custom_interfaces/custom_interfaces/srv/set_cap.hpp\n'}
[0.428146] (custom_interfaces) StdoutLine: {'line': b'-- Up-to-date: /home/gbonham/turtlebot4_ws/install/custom_interfaces/include/custom_interfaces/custom_interfaces\n'}
[0.428235] (custom_interfaces) StdoutLine: {'line': b'-- Up-to-date: /home/gbonham/turtlebot4_ws/install/custom_interfaces/include/custom_interfaces/custom_interfaces/action\n'}
[0.428358] (custom_interfaces) StdoutLine: {'line': b'-- Up-to-date: /home/gbonham/turtlebot4_ws/install/custom_interfaces/include/custom_interfaces/custom_interfaces/action/detail\n'}
[0.428449] (custom_interfaces) StdoutLine: {'line': b'-- Up-to-date: /home/gbonham/turtlebot4_ws/install/custom_interfaces/include/custom_interfaces/custom_interfaces/action/detail/robot_goal__rosidl_typesupport_fastrtps_cpp.hpp\n'}
[0.428562] (custom_interfaces) StdoutLine: {'line': b'-- Up-to-date: /home/gbonham/turtlebot4_ws/install/custom_interfaces/include/custom_interfaces/custom_interfaces/action/detail/dds_fastrtps\n'}
[0.428701] (custom_interfaces) StdoutLine: {'line': b'-- Up-to-date: /home/gbonham/turtlebot4_ws/install/custom_interfaces/include/custom_interfaces/custom_interfaces/msg\n'}
[0.428832] (custom_interfaces) StdoutLine: {'line': b'-- Up-to-date: /home/gbonham/turtlebot4_ws/install/custom_interfaces/include/custom_interfaces/custom_interfaces/msg/rosidl_typesupport_fastrtps_cpp__visibility_control.h\n'}
[0.428969] (custom_interfaces) StdoutLine: {'line': b'-- Up-to-date: /home/gbonham/turtlebot4_ws/install/custom_interfaces/include/custom_interfaces/custom_interfaces/msg/detail\n'}
[0.429086] (custom_interfaces) StdoutLine: {'line': b'-- Up-to-date: /home/gbonham/turtlebot4_ws/install/custom_interfaces/include/custom_interfaces/custom_interfaces/msg/detail/trans_loc__rosidl_typesupport_fastrtps_cpp.hpp\n'}
[0.429208] (custom_interfaces) StdoutLine: {'line': b'-- Up-to-date: /home/gbonham/turtlebot4_ws/install/custom_interfaces/include/custom_interfaces/custom_interfaces/msg/detail/dds_fastrtps\n'}
[0.429327] (custom_interfaces) StdoutLine: {'line': b'-- Up-to-date: /home/gbonham/turtlebot4_ws/install/custom_interfaces/include/custom_interfaces/custom_interfaces/msg/detail/obs_list__rosidl_typesupport_fastrtps_cpp.hpp\n'}
[0.429443] (custom_interfaces) StdoutLine: {'line': b'-- Up-to-date: /home/gbonham/turtlebot4_ws/install/custom_interfaces/include/custom_interfaces/custom_interfaces/srv\n'}
[0.429649] (custom_interfaces) StdoutLine: {'line': b'-- Up-to-date: /home/gbonham/turtlebot4_ws/install/custom_interfaces/include/custom_interfaces/custom_interfaces/srv/detail\n'}
[0.429767] (custom_interfaces) StdoutLine: {'line': b'-- Up-to-date: /home/gbonham/turtlebot4_ws/install/custom_interfaces/include/custom_interfaces/custom_interfaces/srv/detail/set_cap__rosidl_typesupport_fastrtps_cpp.hpp\n'}
[0.429865] (custom_interfaces) StdoutLine: {'line': b'-- Up-to-date: /home/gbonham/turtlebot4_ws/install/custom_interfaces/include/custom_interfaces/custom_interfaces/srv/detail/dds_fastrtps\n'}
[0.429986] (custom_interfaces) StdoutLine: {'line': b'-- Up-to-date: /home/gbonham/turtlebot4_ws/install/custom_interfaces/lib/libcustom_interfaces__rosidl_typesupport_fastrtps_cpp.so\n'}
[0.430108] (custom_interfaces) StdoutLine: {'line': b'-- Up-to-date: /home/gbonham/turtlebot4_ws/install/custom_interfaces/include/custom_interfaces/custom_interfaces\n'}
[0.430224] (custom_interfaces) StdoutLine: {'line': b'-- Up-to-date: /home/gbonham/turtlebot4_ws/install/custom_interfaces/include/custom_interfaces/custom_interfaces/action\n'}
[0.430333] (custom_interfaces) StdoutLine: {'line': b'-- Up-to-date: /home/gbonham/turtlebot4_ws/install/custom_interfaces/include/custom_interfaces/custom_interfaces/action/detail\n'}
[0.430455] (custom_interfaces) StdoutLine: {'line': b'-- Up-to-date: /home/gbonham/turtlebot4_ws/install/custom_interfaces/include/custom_interfaces/custom_interfaces/action/detail/robot_goal__rosidl_typesupport_introspection_cpp.hpp\n'}
[0.430561] (custom_interfaces) StdoutLine: {'line': b'-- Up-to-date: /home/gbonham/turtlebot4_ws/install/custom_interfaces/include/custom_interfaces/custom_interfaces/action/detail/robot_goal__type_support.cpp\n'}
[0.430657] (custom_interfaces) StdoutLine: {'line': b'-- Up-to-date: /home/gbonham/turtlebot4_ws/install/custom_interfaces/include/custom_interfaces/custom_interfaces/msg\n'}
[0.430739] (custom_interfaces) StdoutLine: {'line': b'-- Up-to-date: /home/gbonham/turtlebot4_ws/install/custom_interfaces/include/custom_interfaces/custom_interfaces/msg/detail\n'}
[0.430820] (custom_interfaces) StdoutLine: {'line': b'-- Up-to-date: /home/gbonham/turtlebot4_ws/install/custom_interfaces/include/custom_interfaces/custom_interfaces/msg/detail/obs_list__type_support.cpp\n'}
[0.430905] (custom_interfaces) StdoutLine: {'line': b'-- Up-to-date: /home/gbonham/turtlebot4_ws/install/custom_interfaces/include/custom_interfaces/custom_interfaces/msg/detail/trans_loc__rosidl_typesupport_introspection_cpp.hpp\n'}
[0.430982] (custom_interfaces) StdoutLine: {'line': b'-- Up-to-date: /home/gbonham/turtlebot4_ws/install/custom_interfaces/include/custom_interfaces/custom_interfaces/msg/detail/obs_list__rosidl_typesupport_introspection_cpp.hpp\n'}
[0.431063] (custom_interfaces) StdoutLine: {'line': b'-- Up-to-date: /home/gbonham/turtlebot4_ws/install/custom_interfaces/include/custom_interfaces/custom_interfaces/msg/detail/trans_loc__type_support.cpp\n'}
[0.431186] (custom_interfaces) StdoutLine: {'line': b'-- Up-to-date: /home/gbonham/turtlebot4_ws/install/custom_interfaces/include/custom_interfaces/custom_interfaces/srv\n'}
[0.431301] (custom_interfaces) StdoutLine: {'line': b'-- Up-to-date: /home/gbonham/turtlebot4_ws/install/custom_interfaces/include/custom_interfaces/custom_interfaces/srv/detail\n'}
[0.431407] (custom_interfaces) StdoutLine: {'line': b'-- Up-to-date: /home/gbonham/turtlebot4_ws/install/custom_interfaces/include/custom_interfaces/custom_interfaces/srv/detail/set_cap__type_support.cpp\n'}
[0.431529] (custom_interfaces) StdoutLine: {'line': b'-- Up-to-date: /home/gbonham/turtlebot4_ws/install/custom_interfaces/include/custom_interfaces/custom_interfaces/srv/detail/set_cap__rosidl_typesupport_introspection_cpp.hpp\n'}
[0.431648] (custom_interfaces) StdoutLine: {'line': b'-- Up-to-date: /home/gbonham/turtlebot4_ws/install/custom_interfaces/lib/libcustom_interfaces__rosidl_typesupport_introspection_cpp.so\n'}
[0.431734] (custom_interfaces) StdoutLine: {'line': b'-- Up-to-date: /home/gbonham/turtlebot4_ws/install/custom_interfaces/lib/libcustom_interfaces__rosidl_typesupport_cpp.so\n'}
[0.431832] (custom_interfaces) StdoutLine: {'line': b'-- Up-to-date: /home/gbonham/turtlebot4_ws/install/custom_interfaces/share/custom_interfaces/environment/pythonpath.sh\n'}
[0.431939] (custom_interfaces) StdoutLine: {'line': b'-- Up-to-date: /home/gbonham/turtlebot4_ws/install/custom_interfaces/share/custom_interfaces/environment/pythonpath.dsv\n'}
[0.432063] (custom_interfaces) StdoutLine: {'line': b'-- Up-to-date: /home/gbonham/turtlebot4_ws/install/custom_interfaces/lib/python3.12/site-packages/custom_interfaces-0.0.0-py3.12.egg-info\n'}
[0.432185] (custom_interfaces) StdoutLine: {'line': b'-- Installing: /home/gbonham/turtlebot4_ws/install/custom_interfaces/lib/python3.12/site-packages/custom_interfaces-0.0.0-py3.12.egg-info/SOURCES.txt\n'}
[0.432304] (custom_interfaces) StdoutLine: {'line': b'-- Installing: /home/gbonham/turtlebot4_ws/install/custom_interfaces/lib/python3.12/site-packages/custom_interfaces-0.0.0-py3.12.egg-info/dependency_links.txt\n'}
[0.432419] (custom_interfaces) StdoutLine: {'line': b'-- Installing: /home/gbonham/turtlebot4_ws/install/custom_interfaces/lib/python3.12/site-packages/custom_interfaces-0.0.0-py3.12.egg-info/top_level.txt\n'}
[0.432521] (custom_interfaces) StdoutLine: {'line': b'-- Installing: /home/gbonham/turtlebot4_ws/install/custom_interfaces/lib/python3.12/site-packages/custom_interfaces-0.0.0-py3.12.egg-info/PKG-INFO\n'}
[0.432650] (custom_interfaces) StdoutLine: {'line': b'-- Up-to-date: /home/gbonham/turtlebot4_ws/install/custom_interfaces/lib/python3.12/site-packages/custom_interfaces\n'}
[0.432774] (custom_interfaces) StdoutLine: {'line': b'-- Up-to-date: /home/gbonham/turtlebot4_ws/install/custom_interfaces/lib/python3.12/site-packages/custom_interfaces/_custom_interfaces_s.ep.rosidl_typesupport_introspection_c.c\n'}
[0.432890] (custom_interfaces) StdoutLine: {'line': b'-- Up-to-date: /home/gbonham/turtlebot4_ws/install/custom_interfaces/lib/python3.12/site-packages/custom_interfaces/custom_interfaces_s__rosidl_typesupport_c.so\n'}
[0.433016] (custom_interfaces) StdoutLine: {'line': b'-- Up-to-date: /home/gbonham/turtlebot4_ws/install/custom_interfaces/lib/python3.12/site-packages/custom_interfaces/action\n'}
[0.433146] (custom_interfaces) StdoutLine: {'line': b'-- Up-to-date: /home/gbonham/turtlebot4_ws/install/custom_interfaces/lib/python3.12/site-packages/custom_interfaces/action/_robot_goal_s.c\n'}
[0.433243] (custom_interfaces) StdoutLine: {'line': b'-- Up-to-date: /home/gbonham/turtlebot4_ws/install/custom_interfaces/lib/python3.12/site-packages/custom_interfaces/action/__init__.py\n'}
[0.433367] (custom_interfaces) StdoutLine: {'line': b'-- Up-to-date: /home/gbonham/turtlebot4_ws/install/custom_interfaces/lib/python3.12/site-packages/custom_interfaces/action/_robot_goal.py\n'}
[0.433478] (custom_interfaces) StdoutLine: {'line': b'-- Up-to-date: /home/gbonham/turtlebot4_ws/install/custom_interfaces/lib/python3.12/site-packages/custom_interfaces/custom_interfaces_s__rosidl_typesupport_introspection_c.so\n'}
[0.433614] (custom_interfaces) StdoutLine: {'line': b'-- Up-to-date: /home/gbonham/turtlebot4_ws/install/custom_interfaces/lib/python3.12/site-packages/custom_interfaces/_custom_interfaces_s.ep.rosidl_typesupport_fastrtps_c.c\n'}
[0.433747] (custom_interfaces) StdoutLine: {'line': b'-- Up-to-date: /home/gbonham/turtlebot4_ws/install/custom_interfaces/lib/python3.12/site-packages/custom_interfaces/custom_interfaces_s__rosidl_typesupport_fastrtps_c.so\n'}
[0.433879] (custom_interfaces) StdoutLine: {'line': b'-- Up-to-date: /home/gbonham/turtlebot4_ws/install/custom_interfaces/lib/python3.12/site-packages/custom_interfaces/msg\n'}
[0.433990] (custom_interfaces) StdoutLine: {'line': b'-- Up-to-date: /home/gbonham/turtlebot4_ws/install/custom_interfaces/lib/python3.12/site-packages/custom_interfaces/msg/_trans_loc_s.c\n'}
[0.434114] (custom_interfaces) StdoutLine: {'line': b'-- Up-to-date: /home/gbonham/turtlebot4_ws/install/custom_interfaces/lib/python3.12/site-packages/custom_interfaces/msg/_obs_list_s.c\n'}
[0.434238] (custom_interfaces) StdoutLine: {'line': b'-- Up-to-date: /home/gbonham/turtlebot4_ws/install/custom_interfaces/lib/python3.12/site-packages/custom_interfaces/msg/_obs_list.py\n'}
[0.434350] (custom_interfaces) StdoutLine: {'line': b'-- Up-to-date: /home/gbonham/turtlebot4_ws/install/custom_interfaces/lib/python3.12/site-packages/custom_interfaces/msg/__init__.py\n'}
[0.434474] (custom_interfaces) StdoutLine: {'line': b'-- Up-to-date: /home/gbonham/turtlebot4_ws/install/custom_interfaces/lib/python3.12/site-packages/custom_interfaces/msg/_trans_loc.py\n'}
[0.434591] (custom_interfaces) StdoutLine: {'line': b'-- Up-to-date: /home/gbonham/turtlebot4_ws/install/custom_interfaces/lib/python3.12/site-packages/custom_interfaces/srv\n'}
[0.434710] (custom_interfaces) StdoutLine: {'line': b'-- Up-to-date: /home/gbonham/turtlebot4_ws/install/custom_interfaces/lib/python3.12/site-packages/custom_interfaces/srv/_set_cap.py\n'}
[0.434833] (custom_interfaces) StdoutLine: {'line': b'-- Up-to-date: /home/gbonham/turtlebot4_ws/install/custom_interfaces/lib/python3.12/site-packages/custom_interfaces/srv/_set_cap_s.c\n'}
[0.434954] (custom_interfaces) StdoutLine: {'line': b'-- Up-to-date: /home/gbonham/turtlebot4_ws/install/custom_interfaces/lib/python3.12/site-packages/custom_interfaces/srv/__init__.py\n'}
[0.435070] (custom_interfaces) StdoutLine: {'line': b'-- Up-to-date: /home/gbonham/turtlebot4_ws/install/custom_interfaces/lib/python3.12/site-packages/custom_interfaces/__init__.py\n'}
[0.435190] (custom_interfaces) StdoutLine: {'line': b'-- Up-to-date: /home/gbonham/turtlebot4_ws/install/custom_interfaces/lib/python3.12/site-packages/custom_interfaces/_custom_interfaces_s.ep.rosidl_typesupport_c.c\n'}
[0.466316] (custom_interfaces) StdoutLine: {'line': b"Listing '/home/gbonham/turtlebot4_ws/install/custom_interfaces/lib/python3.12/site-packages/custom_interfaces'...\n"}
[0.466535] (custom_interfaces) StdoutLine: {'line': b"Listing '/home/gbonham/turtlebot4_ws/install/custom_interfaces/lib/python3.12/site-packages/custom_interfaces/action'...\n"}
[0.466636] (custom_interfaces) StdoutLine: {'line': b"Listing '/home/gbonham/turtlebot4_ws/install/custom_interfaces/lib/python3.12/site-packages/custom_interfaces/msg'...\n"}
[0.466718] (custom_interfaces) StdoutLine: {'line': b"Listing '/home/gbonham/turtlebot4_ws/install/custom_interfaces/lib/python3.12/site-packages/custom_interfaces/srv'...\n"}
[0.473099] (custom_interfaces) StdoutLine: {'line': b'-- Up-to-date: /home/gbonham/turtlebot4_ws/install/custom_interfaces/lib/python3.12/site-packages/custom_interfaces/custom_interfaces_s__rosidl_typesupport_fastrtps_c.so\n'}
[0.473415] (custom_interfaces) StdoutLine: {'line': b'-- Up-to-date: /home/gbonham/turtlebot4_ws/install/custom_interfaces/lib/python3.12/site-packages/custom_interfaces/custom_interfaces_s__rosidl_typesupport_introspection_c.so\n'}
[0.473730] (custom_interfaces) StdoutLine: {'line': b'-- Up-to-date: /home/gbonham/turtlebot4_ws/install/custom_interfaces/lib/python3.12/site-packages/custom_interfaces/custom_interfaces_s__rosidl_typesupport_c.so\n'}
[0.474047] (custom_interfaces) StdoutLine: {'line': b'-- Up-to-date: /home/gbonham/turtlebot4_ws/install/custom_interfaces/lib/libcustom_interfaces__rosidl_generator_py.so\n'}
[0.474225] (custom_interfaces) StdoutLine: {'line': b'-- Up-to-date: /home/gbonham/turtlebot4_ws/install/custom_interfaces/share/ament_index/resource_index/rust_packages/custom_interfaces\n'}
[0.474392] (custom_interfaces) StdoutLine: {'line': b'-- Up-to-date: /home/gbonham/turtlebot4_ws/install/custom_interfaces/share/custom_interfaces/rust\n'}
[0.474606] (custom_interfaces) StdoutLine: {'line': b'-- Up-to-date: /home/gbonham/turtlebot4_ws/install/custom_interfaces/share/custom_interfaces/rust/src\n'}
[0.474763] (custom_interfaces) StdoutLine: {'line': b'-- Up-to-date: /home/gbonham/turtlebot4_ws/install/custom_interfaces/share/custom_interfaces/rust/src/srv.rs\n'}
[0.474906] (custom_interfaces) StdoutLine: {'line': b'-- Up-to-date: /home/gbonham/turtlebot4_ws/install/custom_interfaces/share/custom_interfaces/rust/src/action\n'}
[0.475029] (custom_interfaces) StdoutLine: {'line': b'-- Up-to-date: /home/gbonham/turtlebot4_ws/install/custom_interfaces/share/custom_interfaces/rust/src/action/rmw.rs\n'}
[0.475133] (custom_interfaces) StdoutLine: {'line': b'-- Up-to-date: /home/gbonham/turtlebot4_ws/install/custom_interfaces/share/custom_interfaces/rust/src/msg\n'}
[0.475250] (custom_interfaces) StdoutLine: {'line': b'-- Up-to-date: /home/gbonham/turtlebot4_ws/install/custom_interfaces/share/custom_interfaces/rust/src/msg/rmw.rs\n'}
[0.475371] (custom_interfaces) StdoutLine: {'line': b'-- Up-to-date: /home/gbonham/turtlebot4_ws/install/custom_interfaces/share/custom_interfaces/rust/src/srv\n'}
[0.475509] (custom_interfaces) StdoutLine: {'line': b'-- Up-to-date: /home/gbonham/turtlebot4_ws/install/custom_interfaces/share/custom_interfaces/rust/src/srv/rmw.rs\n'}
[0.475638] (custom_interfaces) StdoutLine: {'line': b'-- Up-to-date: /home/gbonham/turtlebot4_ws/install/custom_interfaces/share/custom_interfaces/rust/src/action.rs\n'}
[0.475775] (custom_interfaces) StdoutLine: {'line': b'-- Up-to-date: /home/gbonham/turtlebot4_ws/install/custom_interfaces/share/custom_interfaces/rust/src/msg.rs\n'}
[0.475860] (custom_interfaces) StdoutLine: {'line': b'-- Up-to-date: /home/gbonham/turtlebot4_ws/install/custom_interfaces/share/custom_interfaces/rust/src/lib.rs\n'}
[0.475947] (custom_interfaces) StdoutLine: {'line': b'-- Up-to-date: /home/gbonham/turtlebot4_ws/install/custom_interfaces/share/custom_interfaces/rust/build.rs\n'}
[0.476066] (custom_interfaces) StdoutLine: {'line': b'-- Up-to-date: /home/gbonham/turtlebot4_ws/install/custom_interfaces/share/custom_interfaces/rust/Cargo.toml\n'}
[0.476146] (custom_interfaces) StdoutLine: {'line': b'-- Up-to-date: /home/gbonham/turtlebot4_ws/install/custom_interfaces/share/custom_interfaces/msg/TransLoc.idl\n'}
[0.476251] (custom_interfaces) StdoutLine: {'line': b'-- Up-to-date: /home/gbonham/turtlebot4_ws/install/custom_interfaces/share/custom_interfaces/msg/ObsList.idl\n'}
[0.476347] (custom_interfaces) StdoutLine: {'line': b'-- Up-to-date: /home/gbonham/turtlebot4_ws/install/custom_interfaces/share/custom_interfaces/srv/SetCap.idl\n'}
[0.476436] (custom_interfaces) StdoutLine: {'line': b'-- Up-to-date: /home/gbonham/turtlebot4_ws/install/custom_interfaces/share/custom_interfaces/action/RobotGoal.idl\n'}
[0.476556] (custom_interfaces) StdoutLine: {'line': b'-- Up-to-date: /home/gbonham/turtlebot4_ws/install/custom_interfaces/share/custom_interfaces/msg/TransLoc.msg\n'}
[0.476651] (custom_interfaces) StdoutLine: {'line': b'-- Up-to-date: /home/gbonham/turtlebot4_ws/install/custom_interfaces/share/custom_interfaces/msg/ObsList.msg\n'}
[0.476772] (custom_interfaces) StdoutLine: {'line': b'-- Up-to-date: /home/gbonham/turtlebot4_ws/install/custom_interfaces/share/custom_interfaces/srv/SetCap.srv\n'}
[0.476894] (custom_interfaces) StdoutLine: {'line': b'-- Up-to-date: /home/gbonham/turtlebot4_ws/install/custom_interfaces/share/custom_interfaces/action/RobotGoal.action\n'}
[0.477022] (custom_interfaces) StdoutLine: {'line': b'-- Up-to-date: /home/gbonham/turtlebot4_ws/install/custom_interfaces/share/ament_index/resource_index/package_run_dependencies/custom_interfaces\n'}
[0.477159] (custom_interfaces) StdoutLine: {'line': b'-- Up-to-date: /home/gbonham/turtlebot4_ws/install/custom_interfaces/share/ament_index/resource_index/parent_prefix_path/custom_interfaces\n'}
[0.477270] (custom_interfaces) StdoutLine: {'line': b'-- Up-to-date: /home/gbonham/turtlebot4_ws/install/custom_interfaces/share/custom_interfaces/environment/ament_prefix_path.sh\n'}
[0.477408] (custom_interfaces) StdoutLine: {'line': b'-- Up-to-date: /home/gbonham/turtlebot4_ws/install/custom_interfaces/share/custom_interfaces/environment/ament_prefix_path.dsv\n'}
[0.477537] (custom_interfaces) StdoutLine: {'line': b'-- Up-to-date: /home/gbonham/turtlebot4_ws/install/custom_interfaces/share/custom_interfaces/environment/path.sh\n'}
[0.477671] (custom_interfaces) StdoutLine: {'line': b'-- Up-to-date: /home/gbonham/turtlebot4_ws/install/custom_interfaces/share/custom_interfaces/environment/path.dsv\n'}
[0.477808] (custom_interfaces) StdoutLine: {'line': b'-- Up-to-date: /home/gbonham/turtlebot4_ws/install/custom_interfaces/share/custom_interfaces/local_setup.bash\n'}
[0.477943] (custom_interfaces) StdoutLine: {'line': b'-- Up-to-date: /home/gbonham/turtlebot4_ws/install/custom_interfaces/share/custom_interfaces/local_setup.sh\n'}
[0.478082] (custom_interfaces) StdoutLine: {'line': b'-- Up-to-date: /home/gbonham/turtlebot4_ws/install/custom_interfaces/share/custom_interfaces/local_setup.zsh\n'}
[0.478221] (custom_interfaces) StdoutLine: {'line': b'-- Up-to-date: /home/gbonham/turtlebot4_ws/install/custom_interfaces/share/custom_interfaces/local_setup.dsv\n'}
[0.478318] (custom_interfaces) StdoutLine: {'line': b'-- Installing: /home/gbonham/turtlebot4_ws/install/custom_interfaces/share/custom_interfaces/package.dsv\n'}
[0.478402] (custom_interfaces) StdoutLine: {'line': b'-- Up-to-date: /home/gbonham/turtlebot4_ws/install/custom_interfaces/share/ament_index/resource_index/packages/custom_interfaces\n'}
[0.478477] (custom_interfaces) StdoutLine: {'line': b'-- Up-to-date: /home/gbonham/turtlebot4_ws/install/custom_interfaces/share/custom_interfaces/cmake/export_custom_interfaces__rosidl_generator_cExport.cmake\n'}
[0.478571] (custom_interfaces) StdoutLine: {'line': b'-- Up-to-date: /home/gbonham/turtlebot4_ws/install/custom_interfaces/share/custom_interfaces/cmake/export_custom_interfaces__rosidl_generator_cExport-noconfig.cmake\n'}
[0.478713] (custom_interfaces) StdoutLine: {'line': b'-- Up-to-date: /home/gbonham/turtlebot4_ws/install/custom_interfaces/share/custom_interfaces/cmake/export_custom_interfaces__rosidl_typesupport_fastrtps_cExport.cmake\n'}
[0.478840] (custom_interfaces) StdoutLine: {'line': b'-- Up-to-date: /home/gbonham/turtlebot4_ws/install/custom_interfaces/share/custom_interfaces/cmake/export_custom_interfaces__rosidl_typesupport_fastrtps_cExport-noconfig.cmake\n'}
[0.478972] (custom_interfaces) StdoutLine: {'line': b'-- Up-to-date: /home/gbonham/turtlebot4_ws/install/custom_interfaces/share/custom_interfaces/cmake/custom_interfaces__rosidl_typesupport_introspection_cExport.cmake\n'}
[0.479112] (custom_interfaces) StdoutLine: {'line': b'-- Up-to-date: /home/gbonham/turtlebot4_ws/install/custom_interfaces/share/custom_interfaces/cmake/custom_interfaces__rosidl_typesupport_introspection_cExport-noconfig.cmake\n'}
[0.479241] (custom_interfaces) StdoutLine: {'line': b'-- Up-to-date: /home/gbonham/turtlebot4_ws/install/custom_interfaces/share/custom_interfaces/cmake/custom_interfaces__rosidl_typesupport_cExport.cmake\n'}
[0.479368] (custom_interfaces) StdoutLine: {'line': b'-- Up-to-date: /home/gbonham/turtlebot4_ws/install/custom_interfaces/share/custom_interfaces/cmake/custom_interfaces__rosidl_typesupport_cExport-noconfig.cmake\n'}
[0.479495] (custom_interfaces) StdoutLine: {'line': b'-- Up-to-date: /home/gbonham/turtlebot4_ws/install/custom_interfaces/share/custom_interfaces/cmake/export_custom_interfaces__rosidl_generator_cppExport.cmake\n'}
[0.479633] (custom_interfaces) StdoutLine: {'line': b'-- Up-to-date: /home/gbonham/turtlebot4_ws/install/custom_interfaces/share/custom_interfaces/cmake/export_custom_interfaces__rosidl_typesupport_fastrtps_cppExport.cmake\n'}
[0.479764] (custom_interfaces) StdoutLine: {'line': b'-- Up-to-date: /home/gbonham/turtlebot4_ws/install/custom_interfaces/share/custom_interfaces/cmake/export_custom_interfaces__rosidl_typesupport_fastrtps_cppExport-noconfig.cmake\n'}
[0.479891] (custom_interfaces) StdoutLine: {'line': b'-- Up-to-date: /home/gbonham/turtlebot4_ws/install/custom_interfaces/share/custom_interfaces/cmake/custom_interfaces__rosidl_typesupport_introspection_cppExport.cmake\n'}
[0.480017] (custom_interfaces) StdoutLine: {'line': b'-- Up-to-date: /home/gbonham/turtlebot4_ws/install/custom_interfaces/share/custom_interfaces/cmake/custom_interfaces__rosidl_typesupport_introspection_cppExport-noconfig.cmake\n'}
[0.480146] (custom_interfaces) StdoutLine: {'line': b'-- Up-to-date: /home/gbonham/turtlebot4_ws/install/custom_interfaces/share/custom_interfaces/cmake/custom_interfaces__rosidl_typesupport_cppExport.cmake\n'}
[0.480274] (custom_interfaces) StdoutLine: {'line': b'-- Up-to-date: /home/gbonham/turtlebot4_ws/install/custom_interfaces/share/custom_interfaces/cmake/custom_interfaces__rosidl_typesupport_cppExport-noconfig.cmake\n'}
[0.480396] (custom_interfaces) StdoutLine: {'line': b'-- Up-to-date: /home/gbonham/turtlebot4_ws/install/custom_interfaces/share/custom_interfaces/cmake/export_custom_interfaces__rosidl_generator_pyExport.cmake\n'}
[0.480512] (custom_interfaces) StdoutLine: {'line': b'-- Up-to-date: /home/gbonham/turtlebot4_ws/install/custom_interfaces/share/custom_interfaces/cmake/export_custom_interfaces__rosidl_generator_pyExport-noconfig.cmake\n'}
[0.480644] (custom_interfaces) StdoutLine: {'line': b'-- Up-to-date: /home/gbonham/turtlebot4_ws/install/custom_interfaces/share/custom_interfaces/cmake/rosidl_cmake-extras.cmake\n'}
[0.480765] (custom_interfaces) StdoutLine: {'line': b'-- Up-to-date: /home/gbonham/turtlebot4_ws/install/custom_interfaces/share/custom_interfaces/cmake/ament_cmake_export_dependencies-extras.cmake\n'}
[0.480894] (custom_interfaces) StdoutLine: {'line': b'-- Up-to-date: /home/gbonham/turtlebot4_ws/install/custom_interfaces/share/custom_interfaces/cmake/ament_cmake_export_include_directories-extras.cmake\n'}
[0.481030] (custom_interfaces) StdoutLine: {'line': b'-- Up-to-date: /home/gbonham/turtlebot4_ws/install/custom_interfaces/share/custom_interfaces/cmake/ament_cmake_export_libraries-extras.cmake\n'}
[0.481153] (custom_interfaces) StdoutLine: {'line': b'-- Up-to-date: /home/gbonham/turtlebot4_ws/install/custom_interfaces/share/custom_interfaces/cmake/ament_cmake_export_targets-extras.cmake\n'}
[0.481306] (custom_interfaces) StdoutLine: {'line': b'-- Up-to-date: /home/gbonham/turtlebot4_ws/install/custom_interfaces/share/custom_interfaces/cmake/rosidl_cmake_export_typesupport_targets-extras.cmake\n'}
[0.481665] (custom_interfaces) StdoutLine: {'line': b'-- Up-to-date: /home/gbonham/turtlebot4_ws/install/custom_interfaces/share/custom_interfaces/cmake/rosidl_cmake_export_typesupport_libraries-extras.cmake\n'}
[0.482135] (custom_interfaces) StdoutLine: {'line': b'-- Up-to-date: /home/gbonham/turtlebot4_ws/install/custom_interfaces/share/custom_interfaces/cmake/custom_interfacesConfig.cmake\n'}
[0.482329] (custom_interfaces) StdoutLine: {'line': b'-- Up-to-date: /home/gbonham/turtlebot4_ws/install/custom_interfaces/share/custom_interfaces/cmake/custom_interfacesConfig-version.cmake\n'}
[0.482497] (custom_interfaces) StdoutLine: {'line': b'-- Up-to-date: /home/gbonham/turtlebot4_ws/install/custom_interfaces/share/custom_interfaces/package.xml\n'}
[0.482692] (custom_interfaces) CommandEnded: {'returncode': 0}
[0.500403] (-) TimerEvent: {}
[0.556087] (custom_interfaces) JobEnded: {'identifier': 'custom_interfaces', 'rc': 0}
[0.557953] (lab3_pkg) JobStarted: {'identifier': 'lab3_pkg'}
[0.559881] (final) JobStarted: {'identifier': 'final'}
[0.565681] (lab5_pkg) JobStarted: {'identifier': 'lab5_pkg'}
[0.600487] (-) TimerEvent: {}
[0.700692] (-) TimerEvent: {}
[0.800909] (-) TimerEvent: {}
[0.901166] (-) TimerEvent: {}
[1.001427] (-) TimerEvent: {}
[1.101672] (-) TimerEvent: {}
[1.117145] (lab2_pkg) Command: {'cmd': ['/usr/bin/python3', '-W', 'ignore:setup.py install is deprecated', '-W', 'ignore:easy_install command is deprecated', 'setup.py', 'egg_info', '--egg-base', '../../build/lab2_pkg', 'build', '--build-base', '/home/gbonham/turtlebot4_ws/build/lab2_pkg/build', 'install', '--record', '/home/gbonham/turtlebot4_ws/build/lab2_pkg/install.log', '--single-version-externally-managed', 'install_data'], 'cwd': '/home/gbonham/turtlebot4_ws/src/lab2_pkg', 'env': {'GJS_DEBUG_TOPICS': 'JS ERROR;JS LOG', 'PYTHON_BASIC_REPL': '1', 'USER': 'gbonham', 'XDG_SESSION_TYPE': 'wayland', 'GIT_ASKPASS': '/usr/share/code/resources/app/extensions/git/dist/askpass.sh', 'SHLVL': '1', 'CLUTTER_DISABLE_MIPMAPPED_TEXT': '1', 'HOME': '/home/gbonham', 'OLDPWD': '/home/gbonham/turtlebot4_ws/src', 'CHROME_DESKTOP': 'code.desktop', 'DESKTOP_SESSION': 'ubuntu', 'TERM_PROGRAM_VERSION': '1.120.0', 'GIO_LAUNCHED_DESKTOP_FILE': '/usr/share/applications/code.desktop', 'GTK_MODULES': 'gail:atk-bridge', 'GNOME_SHELL_SESSION_MODE': 'ubuntu', 'VSCODE_GIT_ASKPASS_MAIN': '/usr/share/code/resources/app/extensions/git/dist/askpass-main.js', 'MANAGERPID': '11241', 'VSCODE_GIT_ASKPASS_NODE': '/usr/share/code/code', 'DBUS_SESSION_BUS_ADDRESS': 'unix:path=/run/user/481853705/bus', 'GSM_SKIP_SSH_AGENT_WORKAROUND': 'true', 'SYSTEMD_EXEC_PID': '11518', 'PYDEVD_DISABLE_FILE_VALIDATION': '1', 'BUNDLED_DEBUGPY_PATH': '/home/gbonham/.vscode/extensions/ms-python.debugpy-2026.6.0-linux-x64/bundled/libs/debugpy', 'VSCODE_PYTHON_AUTOACTIVATE_GUARD': '1', 'GIO_LAUNCHED_DESKTOP_FILE_PID': '12574', 'COLORTERM': 'truecolor', 'CONDA_CHANGEPS1': 'no', 'WAYLAND_DISPLAY': 'wayland-0', 'LOGNAME': 'gbonham', '_': '/usr/bin/colcon', 'JOURNAL_STREAM': '9:142776', 'XDG_SESSION_CLASS': 'user', 'MEMORY_PRESSURE_WATCH': '/sys/fs/cgroup/user.slice/user-481853705.slice/user@481853705.service/session.slice/org.gnome.Shell@wayland.service/memory.pressure', 'USER_ZDOTDIR': '/home/gbonham', 'USERNAME': 'gbonham', 'PROMPT_EOL_MARK': '', 'TERM': 'xterm-256color', 'GNOME_DESKTOP_SESSION_ID': 'this-is-deprecated', 'FC_FONTATIONS': '1', 'PATH': '/usr/local/sbin:/usr/local/bin:/usr/sbin:/usr/bin:/sbin:/bin:/usr/games:/usr/local/games:/snap/bin:/snap/bin:/home/gbonham/.vscode/extensions/ms-python.debugpy-2026.6.0-linux-x64/bundled/scripts/noConfigScripts', 'SESSION_MANAGER': 'local/csci20121:@/tmp/.ICE-unix/11486,unix/csci20121:/tmp/.ICE-unix/11486', 'INVOCATION_ID': '94b2f98f34ad4cab8b432345032ed79e', 'XDG_RUNTIME_DIR': '/run/user/481853705', 'XDG_MENU_PREFIX': 'gnome-', 'GNOME_SETUP_DISPLAY': ':1', 'GDK_BACKEND': 'wayland', 'DISPLAY': ':0', 'LANG': 'en_US.UTF-8', 'XDG_CURRENT_DESKTOP': 'ubuntu:GNOME', 'VSCODE_DEBUGPY_ADAPTER_ENDPOINTS': '/home/gbonham/.vscode/extensions/ms-python.debugpy-2026.6.0-linux-x64/.noConfigDebugAdapterEndpoints/endpoint-e34322725a0427c1.txt', 'PYTHONSTARTUP': '/home/gbonham/.config/Code/User/workspaceStorage/164fb482c0335d43507560d0f344279e/ms-python.python/pythonrc.py', 'VSCODE_INJECTION': '1', 'XDG_SESSION_DESKTOP': 'ubuntu', 'XMODIFIERS': '@im=ibus', 'XAUTHORITY': '/run/user/481853705/.mutter-Xwaylandauth.D1YEP3', 'TERM_PROGRAM': 'vscode', 'VSCODE_GIT_IPC_HANDLE': '/run/user/481853705/vscode-git-91e7995aaf.sock', 'SSH_AUTH_SOCK': '/run/user/481853705/keyring/ssh', 'SHELL': '/bin/zsh', 'KRB5CCNAME': 'FILE:/tmp/krb5cc_481853705_1BZ2iU', 'QT_ACCESSIBILITY': '1', 'GDMSESSION': 'ubuntu', 'GJS_DEBUG_OUTPUT': 'stderr', 'QT_IM_MODULE': 'ibus', 'VSCODE_GIT_ASKPASS_EXTRA_ARGS': '', 'PWD': '/home/gbonham/turtlebot4_ws/build/lab2_pkg', 'XDG_DATA_DIRS': '/usr/local/share/:/usr/share/:/var/lib/snapd/desktop', 'ZDOTDIR': '/home/gbonham', 'VIRTUAL_ENV_DISABLE_PROMPT': '12', 'COLCON': '1', 'MEMORY_PRESSURE_WRITE': 'c29tZSAyMDAwMDAgMjAwMDAwMAA=', 'PYTHONPATH': '/home/gbonham/turtlebot4_ws/build/lab2_pkg/prefix_override:/usr/lib/python3/dist-packages/colcon_core/task/python/colcon_distutils_commands:/home/gbonham/turtlebot4_ws/install/lab2_pkg/lib/python3.12/site-packages:'}, 'shell': False}
[1.118974] (lab1_pkg) Command: {'cmd': ['/usr/bin/python3', '-W', 'ignore:setup.py install is deprecated', '-W', 'ignore:easy_install command is deprecated', 'setup.py', 'egg_info', '--egg-base', '../../build/lab1_pkg', 'build', '--build-base', '/home/gbonham/turtlebot4_ws/build/lab1_pkg/build', 'install', '--record', '/home/gbonham/turtlebot4_ws/build/lab1_pkg/install.log', '--single-version-externally-managed', 'install_data'], 'cwd': '/home/gbonham/turtlebot4_ws/src/lab1_pkg', 'env': {'GJS_DEBUG_TOPICS': 'JS ERROR;JS LOG', 'PYTHON_BASIC_REPL': '1', 'USER': 'gbonham', 'XDG_SESSION_TYPE': 'wayland', 'GIT_ASKPASS': '/usr/share/code/resources/app/extensions/git/dist/askpass.sh', 'SHLVL': '1', 'CLUTTER_DISABLE_MIPMAPPED_TEXT': '1', 'HOME': '/home/gbonham', 'OLDPWD': '/home/gbonham/turtlebot4_ws/src', 'CHROME_DESKTOP': 'code.desktop', 'DESKTOP_SESSION': 'ubuntu', 'TERM_PROGRAM_VERSION': '1.120.0', 'GIO_LAUNCHED_DESKTOP_FILE': '/usr/share/applications/code.desktop', 'GTK_MODULES': 'gail:atk-bridge', 'GNOME_SHELL_SESSION_MODE': 'ubuntu', 'VSCODE_GIT_ASKPASS_MAIN': '/usr/share/code/resources/app/extensions/git/dist/askpass-main.js', 'MANAGERPID': '11241', 'VSCODE_GIT_ASKPASS_NODE': '/usr/share/code/code', 'DBUS_SESSION_BUS_ADDRESS': 'unix:path=/run/user/481853705/bus', 'GSM_SKIP_SSH_AGENT_WORKAROUND': 'true', 'SYSTEMD_EXEC_PID': '11518', 'PYDEVD_DISABLE_FILE_VALIDATION': '1', 'BUNDLED_DEBUGPY_PATH': '/home/gbonham/.vscode/extensions/ms-python.debugpy-2026.6.0-linux-x64/bundled/libs/debugpy', 'VSCODE_PYTHON_AUTOACTIVATE_GUARD': '1', 'GIO_LAUNCHED_DESKTOP_FILE_PID': '12574', 'COLORTERM': 'truecolor', 'CONDA_CHANGEPS1': 'no', 'WAYLAND_DISPLAY': 'wayland-0', 'LOGNAME': 'gbonham', '_': '/usr/bin/colcon', 'JOURNAL_STREAM': '9:142776', 'XDG_SESSION_CLASS': 'user', 'MEMORY_PRESSURE_WATCH': '/sys/fs/cgroup/user.slice/user-481853705.slice/user@481853705.service/session.slice/org.gnome.Shell@wayland.service/memory.pressure', 'USER_ZDOTDIR': '/home/gbonham', 'USERNAME': 'gbonham', 'PROMPT_EOL_MARK': '', 'TERM': 'xterm-256color', 'GNOME_DESKTOP_SESSION_ID': 'this-is-deprecated', 'FC_FONTATIONS': '1', 'PATH': '/usr/local/sbin:/usr/local/bin:/usr/sbin:/usr/bin:/sbin:/bin:/usr/games:/usr/local/games:/snap/bin:/snap/bin:/home/gbonham/.vscode/extensions/ms-python.debugpy-2026.6.0-linux-x64/bundled/scripts/noConfigScripts', 'SESSION_MANAGER': 'local/csci20121:@/tmp/.ICE-unix/11486,unix/csci20121:/tmp/.ICE-unix/11486', 'INVOCATION_ID': '94b2f98f34ad4cab8b432345032ed79e', 'XDG_RUNTIME_DIR': '/run/user/481853705', 'XDG_MENU_PREFIX': 'gnome-', 'GNOME_SETUP_DISPLAY': ':1', 'GDK_BACKEND': 'wayland', 'DISPLAY': ':0', 'LANG': 'en_US.UTF-8', 'XDG_CURRENT_DESKTOP': 'ubuntu:GNOME', 'VSCODE_DEBUGPY_ADAPTER_ENDPOINTS': '/home/gbonham/.vscode/extensions/ms-python.debugpy-2026.6.0-linux-x64/.noConfigDebugAdapterEndpoints/endpoint-e34322725a0427c1.txt', 'PYTHONSTARTUP': '/home/gbonham/.config/Code/User/workspaceStorage/164fb482c0335d43507560d0f344279e/ms-python.python/pythonrc.py', 'VSCODE_INJECTION': '1', 'XDG_SESSION_DESKTOP': 'ubuntu', 'XMODIFIERS': '@im=ibus', 'XAUTHORITY': '/run/user/481853705/.mutter-Xwaylandauth.D1YEP3', 'TERM_PROGRAM': 'vscode', 'VSCODE_GIT_IPC_HANDLE': '/run/user/481853705/vscode-git-91e7995aaf.sock', 'SSH_AUTH_SOCK': '/run/user/481853705/keyring/ssh', 'SHELL': '/bin/zsh', 'KRB5CCNAME': 'FILE:/tmp/krb5cc_481853705_1BZ2iU', 'QT_ACCESSIBILITY': '1', 'GDMSESSION': 'ubuntu', 'GJS_DEBUG_OUTPUT': 'stderr', 'QT_IM_MODULE': 'ibus', 'VSCODE_GIT_ASKPASS_EXTRA_ARGS': '', 'PWD': '/home/gbonham/turtlebot4_ws/build/lab1_pkg', 'XDG_DATA_DIRS': '/usr/local/share/:/usr/share/:/var/lib/snapd/desktop', 'ZDOTDIR': '/home/gbonham', 'VIRTUAL_ENV_DISABLE_PROMPT': '12', 'COLCON': '1', 'MEMORY_PRESSURE_WRITE': 'c29tZSAyMDAwMDAgMjAwMDAwMAA=', 'PYTHONPATH': '/home/gbonham/turtlebot4_ws/build/lab1_pkg/prefix_override:/usr/lib/python3/dist-packages/colcon_core/task/python/colcon_distutils_commands:/home/gbonham/turtlebot4_ws/install/lab1_pkg/lib/python3.12/site-packages:'}, 'shell': False}
[1.201807] (-) TimerEvent: {}
[1.302016] (-) TimerEvent: {}
[1.332096] (lab2_pkg) StdoutLine: {'line': b'running egg_info\n'}
[1.333170] (lab1_pkg) StdoutLine: {'line': b'running egg_info\n'}
[1.345842] (lab2_pkg) StdoutLine: {'line': b'writing ../../build/lab2_pkg/lab2_pkg.egg-info/PKG-INFO\n'}
[1.346078] (lab2_pkg) StdoutLine: {'line': b'writing dependency_links to ../../build/lab2_pkg/lab2_pkg.egg-info/dependency_links.txt\n'}
[1.346295] (lab2_pkg) StdoutLine: {'line': b'writing entry points to ../../build/lab2_pkg/lab2_pkg.egg-info/entry_points.txt\n'}
[1.346468] (lab2_pkg) StdoutLine: {'line': b'writing requirements to ../../build/lab2_pkg/lab2_pkg.egg-info/requires.txt\n'}
[1.346635] (lab2_pkg) StdoutLine: {'line': b'writing top-level names to ../../build/lab2_pkg/lab2_pkg.egg-info/top_level.txt\n'}
[1.346812] (lab1_pkg) StdoutLine: {'line': b'writing ../../build/lab1_pkg/lab1_pkg.egg-info/PKG-INFO\n'}
[1.347085] (lab1_pkg) StdoutLine: {'line': b'writing dependency_links to ../../build/lab1_pkg/lab1_pkg.egg-info/dependency_links.txt\n'}
[1.347410] (lab1_pkg) StdoutLine: {'line': b'writing entry points to ../../build/lab1_pkg/lab1_pkg.egg-info/entry_points.txt\n'}
[1.347633] (lab1_pkg) StdoutLine: {'line': b'writing requirements to ../../build/lab1_pkg/lab1_pkg.egg-info/requires.txt\n'}
[1.347841] (lab1_pkg) StdoutLine: {'line': b'writing top-level names to ../../build/lab1_pkg/lab1_pkg.egg-info/top_level.txt\n'}
[1.361525] (lab2_pkg) StdoutLine: {'line': b"reading manifest file '../../build/lab2_pkg/lab2_pkg.egg-info/SOURCES.txt'\n"}
[1.362171] (lab2_pkg) StdoutLine: {'line': b"writing manifest file '../../build/lab2_pkg/lab2_pkg.egg-info/SOURCES.txt'\n"}
[1.362367] (lab2_pkg) StdoutLine: {'line': b'running build\n'}
[1.362509] (lab2_pkg) StdoutLine: {'line': b'running install\n'}
[1.367789] (lab2_pkg) StdoutLine: {'line': b'running install_data\n'}
[1.368024] (lab2_pkg) StdoutLine: {'line': b'running install_egg_info\n'}
[1.378733] (lab1_pkg) StdoutLine: {'line': b"reading manifest file '../../build/lab1_pkg/lab1_pkg.egg-info/SOURCES.txt'\n"}
[1.379716] (lab1_pkg) StdoutLine: {'line': b"writing manifest file '../../build/lab1_pkg/lab1_pkg.egg-info/SOURCES.txt'\n"}
[1.379928] (lab1_pkg) StdoutLine: {'line': b'running build\n'}
[1.380045] (lab1_pkg) StdoutLine: {'line': b'running build_py\n'}
[1.380337] (lab1_pkg) StdoutLine: {'line': b'running install\n'}
[1.388830] (lab1_pkg) StdoutLine: {'line': b'running install_lib\n'}
[1.402098] (-) TimerEvent: {}
[1.402749] (lab2_pkg) StdoutLine: {'line': b"removing '/home/gbonham/turtlebot4_ws/install/lab2_pkg/lib/python3.12/site-packages/lab2_pkg-0.0.0-py3.12.egg-info' (and everything under it)\n"}
[1.403121] (lab2_pkg) StdoutLine: {'line': b'Copying ../../build/lab2_pkg/lab2_pkg.egg-info to /home/gbonham/turtlebot4_ws/install/lab2_pkg/lib/python3.12/site-packages/lab2_pkg-0.0.0-py3.12.egg-info\n'}
[1.407682] (lab2_pkg) StdoutLine: {'line': b'running install_scripts\n'}
[1.410175] (lab1_pkg) StdoutLine: {'line': b'running install_data\n'}
[1.410399] (lab1_pkg) StdoutLine: {'line': b'running install_egg_info\n'}
[1.426585] (lab1_pkg) StdoutLine: {'line': b"removing '/home/gbonham/turtlebot4_ws/install/lab1_pkg/lib/python3.12/site-packages/lab1_pkg-0.0.0-py3.12.egg-info' (and everything under it)\n"}
[1.426951] (lab1_pkg) StdoutLine: {'line': b'Copying ../../build/lab1_pkg/lab1_pkg.egg-info to /home/gbonham/turtlebot4_ws/install/lab1_pkg/lib/python3.12/site-packages/lab1_pkg-0.0.0-py3.12.egg-info\n'}
[1.432185] (lab1_pkg) StdoutLine: {'line': b'running install_scripts\n'}
[1.502185] (-) TimerEvent: {}
[1.539365] (lab2_pkg) StdoutLine: {'line': b'Installing SCOD script to /home/gbonham/turtlebot4_ws/install/lab2_pkg/lib/lab2_pkg\n'}
[1.543689] (lab2_pkg) StdoutLine: {'line': b"writing list of installed files to '/home/gbonham/turtlebot4_ws/build/lab2_pkg/install.log'\n"}
[1.569252] (lab1_pkg) StdoutLine: {'line': b'Installing speed_behavior_node script to /home/gbonham/turtlebot4_ws/install/lab1_pkg/lib/lab1_pkg\n'}
[1.573748] (lab1_pkg) StdoutLine: {'line': b"writing list of installed files to '/home/gbonham/turtlebot4_ws/build/lab1_pkg/install.log'\n"}
[1.602293] (-) TimerEvent: {}
[1.607512] (lab2_pkg) CommandEnded: {'returncode': 0}
[1.615762] (lab2_pkg) JobEnded: {'identifier': 'lab2_pkg', 'rc': 0}
[1.638519] (lab1_pkg) CommandEnded: {'returncode': 0}
[1.655775] (lab1_pkg) JobEnded: {'identifier': 'lab1_pkg', 'rc': 0}
[1.702433] (final) Command: {'cmd': ['/usr/bin/python3', '-W', 'ignore:setup.py install is deprecated', '-W', 'ignore:easy_install command is deprecated', 'setup.py', 'egg_info', '--egg-base', '../../build/final', 'build', '--build-base', '/home/gbonham/turtlebot4_ws/build/final/build', 'install', '--record', '/home/gbonham/turtlebot4_ws/build/final/install.log', '--single-version-externally-managed', 'install_data'], 'cwd': '/home/gbonham/turtlebot4_ws/src/final', 'env': {'GJS_DEBUG_TOPICS': 'JS ERROR;JS LOG', 'PYTHON_BASIC_REPL': '1', 'USER': 'gbonham', 'XDG_SESSION_TYPE': 'wayland', 'GIT_ASKPASS': '/usr/share/code/resources/app/extensions/git/dist/askpass.sh', 'SHLVL': '1', 'CLUTTER_DISABLE_MIPMAPPED_TEXT': '1', 'LD_LIBRARY_PATH': '/home/gbonham/turtlebot4_ws/install/custom_interfaces/lib', 'HOME': '/home/gbonham', 'OLDPWD': '/home/gbonham/turtlebot4_ws/src', 'CHROME_DESKTOP': 'code.desktop', 'DESKTOP_SESSION': 'ubuntu', 'TERM_PROGRAM_VERSION': '1.120.0', 'GIO_LAUNCHED_DESKTOP_FILE': '/usr/share/applications/code.desktop', 'GTK_MODULES': 'gail:atk-bridge', 'GNOME_SHELL_SESSION_MODE': 'ubuntu', 'VSCODE_GIT_ASKPASS_MAIN': '/usr/share/code/resources/app/extensions/git/dist/askpass-main.js', 'MANAGERPID': '11241', 'VSCODE_GIT_ASKPASS_NODE': '/usr/share/code/code', 'DBUS_SESSION_BUS_ADDRESS': 'unix:path=/run/user/481853705/bus', 'GSM_SKIP_SSH_AGENT_WORKAROUND': 'true', 'SYSTEMD_EXEC_PID': '11518', 'PYDEVD_DISABLE_FILE_VALIDATION': '1', 'BUNDLED_DEBUGPY_PATH': '/home/gbonham/.vscode/extensions/ms-python.debugpy-2026.6.0-linux-x64/bundled/libs/debugpy', 'VSCODE_PYTHON_AUTOACTIVATE_GUARD': '1', 'GIO_LAUNCHED_DESKTOP_FILE_PID': '12574', 'COLORTERM': 'truecolor', 'CONDA_CHANGEPS1': 'no', 'WAYLAND_DISPLAY': 'wayland-0', 'LOGNAME': 'gbonham', '_': '/usr/bin/colcon', 'JOURNAL_STREAM': '9:142776', 'XDG_SESSION_CLASS': 'user', 'MEMORY_PRESSURE_WATCH': '/sys/fs/cgroup/user.slice/user-481853705.slice/user@481853705.service/session.slice/org.gnome.Shell@wayland.service/memory.pressure', 'USER_ZDOTDIR': '/home/gbonham', 'USERNAME': 'gbonham', 'PROMPT_EOL_MARK': '', 'TERM': 'xterm-256color', 'GNOME_DESKTOP_SESSION_ID': 'this-is-deprecated', 'FC_FONTATIONS': '1', 'PATH': '/usr/local/sbin:/usr/local/bin:/usr/sbin:/usr/bin:/sbin:/bin:/usr/games:/usr/local/games:/snap/bin:/snap/bin:/home/gbonham/.vscode/extensions/ms-python.debugpy-2026.6.0-linux-x64/bundled/scripts/noConfigScripts', 'SESSION_MANAGER': 'local/csci20121:@/tmp/.ICE-unix/11486,unix/csci20121:/tmp/.ICE-unix/11486', 'INVOCATION_ID': '94b2f98f34ad4cab8b432345032ed79e', 'XDG_RUNTIME_DIR': '/run/user/481853705', 'XDG_MENU_PREFIX': 'gnome-', 'GNOME_SETUP_DISPLAY': ':1', 'GDK_BACKEND': 'wayland', 'DISPLAY': ':0', 'LANG': 'en_US.UTF-8', 'XDG_CURRENT_DESKTOP': 'ubuntu:GNOME', 'VSCODE_DEBUGPY_ADAPTER_ENDPOINTS': '/home/gbonham/.vscode/extensions/ms-python.debugpy-2026.6.0-linux-x64/.noConfigDebugAdapterEndpoints/endpoint-e34322725a0427c1.txt', 'PYTHONSTARTUP': '/home/gbonham/.config/Code/User/workspaceStorage/164fb482c0335d43507560d0f344279e/ms-python.python/pythonrc.py', 'VSCODE_INJECTION': '1', 'XDG_SESSION_DESKTOP': 'ubuntu', 'XMODIFIERS': '@im=ibus', 'XAUTHORITY': '/run/user/481853705/.mutter-Xwaylandauth.D1YEP3', 'TERM_PROGRAM': 'vscode', 'VSCODE_GIT_IPC_HANDLE': '/run/user/481853705/vscode-git-91e7995aaf.sock', 'SSH_AUTH_SOCK': '/run/user/481853705/keyring/ssh', 'AMENT_PREFIX_PATH': '/home/gbonham/turtlebot4_ws/install/custom_interfaces', 'SHELL': '/bin/zsh', 'KRB5CCNAME': 'FILE:/tmp/krb5cc_481853705_1BZ2iU', 'QT_ACCESSIBILITY': '1', 'GDMSESSION': 'ubuntu', 'GJS_DEBUG_OUTPUT': 'stderr', 'QT_IM_MODULE': 'ibus', 'VSCODE_GIT_ASKPASS_EXTRA_ARGS': '', 'PWD': '/home/gbonham/turtlebot4_ws/build/final', 'XDG_DATA_DIRS': '/usr/local/share/:/usr/share/:/var/lib/snapd/desktop', 'ZDOTDIR': '/home/gbonham', 'VIRTUAL_ENV_DISABLE_PROMPT': '12', 'PYTHONPATH': '/home/gbonham/turtlebot4_ws/build/final/prefix_override:/usr/lib/python3/dist-packages/colcon_core/task/python/colcon_distutils_commands:/home/gbonham/turtlebot4_ws/install/final/lib/python3.12/site-packages:/home/gbonham/turtlebot4_ws/install/custom_interfaces/lib/python3.12/site-packages', 'COLCON': '1', 'MEMORY_PRESSURE_WRITE': 'c29tZSAyMDAwMDAgMjAwMDAwMAA=', 'CMAKE_PREFIX_PATH': '/home/gbonham/turtlebot4_ws/install/custom_interfaces'}, 'shell': False}
[1.703990] (-) TimerEvent: {}
[1.713290] (lab3_pkg) Command: {'cmd': ['/usr/bin/python3', '-W', 'ignore:setup.py install is deprecated', '-W', 'ignore:easy_install command is deprecated', 'setup.py', 'egg_info', '--egg-base', '../../build/lab3_pkg', 'build', '--build-base', '/home/gbonham/turtlebot4_ws/build/lab3_pkg/build', 'install', '--record', '/home/gbonham/turtlebot4_ws/build/lab3_pkg/install.log', '--single-version-externally-managed', 'install_data'], 'cwd': '/home/gbonham/turtlebot4_ws/src/lab3_pkg', 'env': {'GJS_DEBUG_TOPICS': 'JS ERROR;JS LOG', 'PYTHON_BASIC_REPL': '1', 'USER': 'gbonham', 'XDG_SESSION_TYPE': 'wayland', 'GIT_ASKPASS': '/usr/share/code/resources/app/extensions/git/dist/askpass.sh', 'SHLVL': '1', 'CLUTTER_DISABLE_MIPMAPPED_TEXT': '1', 'LD_LIBRARY_PATH': '/home/gbonham/turtlebot4_ws/install/custom_interfaces/lib', 'HOME': '/home/gbonham', 'OLDPWD': '/home/gbonham/turtlebot4_ws/src', 'CHROME_DESKTOP': 'code.desktop', 'DESKTOP_SESSION': 'ubuntu', 'TERM_PROGRAM_VERSION': '1.120.0', 'GIO_LAUNCHED_DESKTOP_FILE': '/usr/share/applications/code.desktop', 'GTK_MODULES': 'gail:atk-bridge', 'GNOME_SHELL_SESSION_MODE': 'ubuntu', 'VSCODE_GIT_ASKPASS_MAIN': '/usr/share/code/resources/app/extensions/git/dist/askpass-main.js', 'MANAGERPID': '11241', 'VSCODE_GIT_ASKPASS_NODE': '/usr/share/code/code', 'DBUS_SESSION_BUS_ADDRESS': 'unix:path=/run/user/481853705/bus', 'GSM_SKIP_SSH_AGENT_WORKAROUND': 'true', 'SYSTEMD_EXEC_PID': '11518', 'PYDEVD_DISABLE_FILE_VALIDATION': '1', 'BUNDLED_DEBUGPY_PATH': '/home/gbonham/.vscode/extensions/ms-python.debugpy-2026.6.0-linux-x64/bundled/libs/debugpy', 'VSCODE_PYTHON_AUTOACTIVATE_GUARD': '1', 'GIO_LAUNCHED_DESKTOP_FILE_PID': '12574', 'COLORTERM': 'truecolor', 'CONDA_CHANGEPS1': 'no', 'WAYLAND_DISPLAY': 'wayland-0', 'LOGNAME': 'gbonham', '_': '/usr/bin/colcon', 'JOURNAL_STREAM': '9:142776', 'XDG_SESSION_CLASS': 'user', 'MEMORY_PRESSURE_WATCH': '/sys/fs/cgroup/user.slice/user-481853705.slice/user@481853705.service/session.slice/org.gnome.Shell@wayland.service/memory.pressure', 'USER_ZDOTDIR': '/home/gbonham', 'USERNAME': 'gbonham', 'PROMPT_EOL_MARK': '', 'TERM': 'xterm-256color', 'GNOME_DESKTOP_SESSION_ID': 'this-is-deprecated', 'FC_FONTATIONS': '1', 'PATH': '/usr/local/sbin:/usr/local/bin:/usr/sbin:/usr/bin:/sbin:/bin:/usr/games:/usr/local/games:/snap/bin:/snap/bin:/home/gbonham/.vscode/extensions/ms-python.debugpy-2026.6.0-linux-x64/bundled/scripts/noConfigScripts', 'SESSION_MANAGER': 'local/csci20121:@/tmp/.ICE-unix/11486,unix/csci20121:/tmp/.ICE-unix/11486', 'INVOCATION_ID': '94b2f98f34ad4cab8b432345032ed79e', 'XDG_RUNTIME_DIR': '/run/user/481853705', 'XDG_MENU_PREFIX': 'gnome-', 'GNOME_SETUP_DISPLAY': ':1', 'GDK_BACKEND': 'wayland', 'DISPLAY': ':0', 'LANG': 'en_US.UTF-8', 'XDG_CURRENT_DESKTOP': 'ubuntu:GNOME', 'VSCODE_DEBUGPY_ADAPTER_ENDPOINTS': '/home/gbonham/.vscode/extensions/ms-python.debugpy-2026.6.0-linux-x64/.noConfigDebugAdapterEndpoints/endpoint-e34322725a0427c1.txt', 'PYTHONSTARTUP': '/home/gbonham/.config/Code/User/workspaceStorage/164fb482c0335d43507560d0f344279e/ms-python.python/pythonrc.py', 'VSCODE_INJECTION': '1', 'XDG_SESSION_DESKTOP': 'ubuntu', 'XMODIFIERS': '@im=ibus', 'XAUTHORITY': '/run/user/481853705/.mutter-Xwaylandauth.D1YEP3', 'TERM_PROGRAM': 'vscode', 'VSCODE_GIT_IPC_HANDLE': '/run/user/481853705/vscode-git-91e7995aaf.sock', 'SSH_AUTH_SOCK': '/run/user/481853705/keyring/ssh', 'AMENT_PREFIX_PATH': '/home/gbonham/turtlebot4_ws/install/custom_interfaces', 'SHELL': '/bin/zsh', 'KRB5CCNAME': 'FILE:/tmp/krb5cc_481853705_1BZ2iU', 'QT_ACCESSIBILITY': '1', 'GDMSESSION': 'ubuntu', 'GJS_DEBUG_OUTPUT': 'stderr', 'QT_IM_MODULE': 'ibus', 'VSCODE_GIT_ASKPASS_EXTRA_ARGS': '', 'PWD': '/home/gbonham/turtlebot4_ws/build/lab3_pkg', 'XDG_DATA_DIRS': '/usr/local/share/:/usr/share/:/var/lib/snapd/desktop', 'ZDOTDIR': '/home/gbonham', 'VIRTUAL_ENV_DISABLE_PROMPT': '12', 'PYTHONPATH': '/home/gbonham/turtlebot4_ws/build/lab3_pkg/prefix_override:/usr/lib/python3/dist-packages/colcon_core/task/python/colcon_distutils_commands:/home/gbonham/turtlebot4_ws/install/lab3_pkg/lib/python3.12/site-packages:/home/gbonham/turtlebot4_ws/install/custom_interfaces/lib/python3.12/site-packages', 'COLCON': '1', 'MEMORY_PRESSURE_WRITE': 'c29tZSAyMDAwMDAgMjAwMDAwMAA=', 'CMAKE_PREFIX_PATH': '/home/gbonham/turtlebot4_ws/install/custom_interfaces'}, 'shell': False}
[1.733184] (lab5_pkg) Command: {'cmd': ['/usr/bin/python3', '-W', 'ignore:setup.py install is deprecated', '-W', 'ignore:easy_install command is deprecated', 'setup.py', 'egg_info', '--egg-base', '../../build/lab5_pkg', 'build', '--build-base', '/home/gbonham/turtlebot4_ws/build/lab5_pkg/build', 'install', '--record', '/home/gbonham/turtlebot4_ws/build/lab5_pkg/install.log', '--single-version-externally-managed', 'install_data'], 'cwd': '/home/gbonham/turtlebot4_ws/src/lab5_pkg', 'env': {'GJS_DEBUG_TOPICS': 'JS ERROR;JS LOG', 'PYTHON_BASIC_REPL': '1', 'USER': 'gbonham', 'XDG_SESSION_TYPE': 'wayland', 'GIT_ASKPASS': '/usr/share/code/resources/app/extensions/git/dist/askpass.sh', 'SHLVL': '1', 'CLUTTER_DISABLE_MIPMAPPED_TEXT': '1', 'LD_LIBRARY_PATH': '/home/gbonham/turtlebot4_ws/install/custom_interfaces/lib', 'HOME': '/home/gbonham', 'OLDPWD': '/home/gbonham/turtlebot4_ws/src', 'CHROME_DESKTOP': 'code.desktop', 'DESKTOP_SESSION': 'ubuntu', 'TERM_PROGRAM_VERSION': '1.120.0', 'GIO_LAUNCHED_DESKTOP_FILE': '/usr/share/applications/code.desktop', 'GTK_MODULES': 'gail:atk-bridge', 'GNOME_SHELL_SESSION_MODE': 'ubuntu', 'VSCODE_GIT_ASKPASS_MAIN': '/usr/share/code/resources/app/extensions/git/dist/askpass-main.js', 'MANAGERPID': '11241', 'VSCODE_GIT_ASKPASS_NODE': '/usr/share/code/code', 'DBUS_SESSION_BUS_ADDRESS': 'unix:path=/run/user/481853705/bus', 'GSM_SKIP_SSH_AGENT_WORKAROUND': 'true', 'SYSTEMD_EXEC_PID': '11518', 'PYDEVD_DISABLE_FILE_VALIDATION': '1', 'BUNDLED_DEBUGPY_PATH': '/home/gbonham/.vscode/extensions/ms-python.debugpy-2026.6.0-linux-x64/bundled/libs/debugpy', 'VSCODE_PYTHON_AUTOACTIVATE_GUARD': '1', 'GIO_LAUNCHED_DESKTOP_FILE_PID': '12574', 'COLORTERM': 'truecolor', 'CONDA_CHANGEPS1': 'no', 'WAYLAND_DISPLAY': 'wayland-0', 'LOGNAME': 'gbonham', '_': '/usr/bin/colcon', 'JOURNAL_STREAM': '9:142776', 'XDG_SESSION_CLASS': 'user', 'MEMORY_PRESSURE_WATCH': '/sys/fs/cgroup/user.slice/user-481853705.slice/user@481853705.service/session.slice/org.gnome.Shell@wayland.service/memory.pressure', 'USER_ZDOTDIR': '/home/gbonham', 'USERNAME': 'gbonham', 'PROMPT_EOL_MARK': '', 'TERM': 'xterm-256color', 'GNOME_DESKTOP_SESSION_ID': 'this-is-deprecated', 'FC_FONTATIONS': '1', 'PATH': '/usr/local/sbin:/usr/local/bin:/usr/sbin:/usr/bin:/sbin:/bin:/usr/games:/usr/local/games:/snap/bin:/snap/bin:/home/gbonham/.vscode/extensions/ms-python.debugpy-2026.6.0-linux-x64/bundled/scripts/noConfigScripts', 'SESSION_MANAGER': 'local/csci20121:@/tmp/.ICE-unix/11486,unix/csci20121:/tmp/.ICE-unix/11486', 'INVOCATION_ID': '94b2f98f34ad4cab8b432345032ed79e', 'XDG_RUNTIME_DIR': '/run/user/481853705', 'XDG_MENU_PREFIX': 'gnome-', 'GNOME_SETUP_DISPLAY': ':1', 'GDK_BACKEND': 'wayland', 'DISPLAY': ':0', 'LANG': 'en_US.UTF-8', 'XDG_CURRENT_DESKTOP': 'ubuntu:GNOME', 'VSCODE_DEBUGPY_ADAPTER_ENDPOINTS': '/home/gbonham/.vscode/extensions/ms-python.debugpy-2026.6.0-linux-x64/.noConfigDebugAdapterEndpoints/endpoint-e34322725a0427c1.txt', 'PYTHONSTARTUP': '/home/gbonham/.config/Code/User/workspaceStorage/164fb482c0335d43507560d0f344279e/ms-python.python/pythonrc.py', 'VSCODE_INJECTION': '1', 'XDG_SESSION_DESKTOP': 'ubuntu', 'XMODIFIERS': '@im=ibus', 'XAUTHORITY': '/run/user/481853705/.mutter-Xwaylandauth.D1YEP3', 'TERM_PROGRAM': 'vscode', 'VSCODE_GIT_IPC_HANDLE': '/run/user/481853705/vscode-git-91e7995aaf.sock', 'SSH_AUTH_SOCK': '/run/user/481853705/keyring/ssh', 'AMENT_PREFIX_PATH': '/home/gbonham/turtlebot4_ws/install/custom_interfaces', 'SHELL': '/bin/zsh', 'KRB5CCNAME': 'FILE:/tmp/krb5cc_481853705_1BZ2iU', 'QT_ACCESSIBILITY': '1', 'GDMSESSION': 'ubuntu', 'GJS_DEBUG_OUTPUT': 'stderr', 'QT_IM_MODULE': 'ibus', 'VSCODE_GIT_ASKPASS_EXTRA_ARGS': '', 'PWD': '/home/gbonham/turtlebot4_ws/build/lab5_pkg', 'XDG_DATA_DIRS': '/usr/local/share/:/usr/share/:/var/lib/snapd/desktop', 'ZDOTDIR': '/home/gbonham', 'VIRTUAL_ENV_DISABLE_PROMPT': '12', 'PYTHONPATH': '/home/gbonham/turtlebot4_ws/build/lab5_pkg/prefix_override:/usr/lib/python3/dist-packages/colcon_core/task/python/colcon_distutils_commands:/home/gbonham/turtlebot4_ws/install/lab5_pkg/lib/python3.12/site-packages:/home/gbonham/turtlebot4_ws/install/custom_interfaces/lib/python3.12/site-packages', 'COLCON': '1', 'MEMORY_PRESSURE_WRITE': 'c29tZSAyMDAwMDAgMjAwMDAwMAA=', 'CMAKE_PREFIX_PATH': '/home/gbonham/turtlebot4_ws/install/custom_interfaces'}, 'shell': False}
[1.804072] (-) TimerEvent: {}
[1.904274] (-) TimerEvent: {}
[1.920531] (final) StdoutLine: {'line': b'running egg_info\n'}
[1.929623] (lab3_pkg) StdoutLine: {'line': b'running egg_info\n'}
[1.934155] (final) StdoutLine: {'line': b'writing ../../build/final/final.egg-info/PKG-INFO\n'}
[1.934398] (final) StdoutLine: {'line': b'writing dependency_links to ../../build/final/final.egg-info/dependency_links.txt\n'}
[1.934666] (final) StdoutLine: {'line': b'writing entry points to ../../build/final/final.egg-info/entry_points.txt\n'}
[1.934859] (final) StdoutLine: {'line': b'writing requirements to ../../build/final/final.egg-info/requires.txt\n'}
[1.935023] (final) StdoutLine: {'line': b'writing top-level names to ../../build/final/final.egg-info/top_level.txt\n'}
[1.943826] (lab3_pkg) StdoutLine: {'line': b'writing ../../build/lab3_pkg/lab3_pkg.egg-info/PKG-INFO\n'}
[1.944040] (lab3_pkg) StdoutLine: {'line': b'writing dependency_links to ../../build/lab3_pkg/lab3_pkg.egg-info/dependency_links.txt\n'}
[1.944235] (lab3_pkg) StdoutLine: {'line': b'writing entry points to ../../build/lab3_pkg/lab3_pkg.egg-info/entry_points.txt\n'}
[1.944440] (lab3_pkg) StdoutLine: {'line': b'writing requirements to ../../build/lab3_pkg/lab3_pkg.egg-info/requires.txt\n'}
[1.944610] (lab3_pkg) StdoutLine: {'line': b'writing top-level names to ../../build/lab3_pkg/lab3_pkg.egg-info/top_level.txt\n'}
[1.947881] (lab5_pkg) StdoutLine: {'line': b'running egg_info\n'}
[1.961578] (lab5_pkg) StdoutLine: {'line': b'writing ../../build/lab5_pkg/lab5_pkg.egg-info/PKG-INFO\n'}
[1.961854] (lab5_pkg) StdoutLine: {'line': b'writing dependency_links to ../../build/lab5_pkg/lab5_pkg.egg-info/dependency_links.txt\n'}
[1.962066] (lab5_pkg) StdoutLine: {'line': b'writing entry points to ../../build/lab5_pkg/lab5_pkg.egg-info/entry_points.txt\n'}
[1.962263] (lab5_pkg) StdoutLine: {'line': b'writing requirements to ../../build/lab5_pkg/lab5_pkg.egg-info/requires.txt\n'}
[1.962446] (lab5_pkg) StdoutLine: {'line': b'writing top-level names to ../../build/lab5_pkg/lab5_pkg.egg-info/top_level.txt\n'}
[1.965365] (final) StdoutLine: {'line': b"reading manifest file '../../build/final/final.egg-info/SOURCES.txt'\n"}
[1.966375] (final) StdoutLine: {'line': b"writing manifest file '../../build/final/final.egg-info/SOURCES.txt'\n"}
[1.966566] (final) StdoutLine: {'line': b'running build\n'}
[1.966687] (final) StdoutLine: {'line': b'running build_py\n'}
[1.966834] (final) StdoutLine: {'line': b'copying final/color_vision.py -> /home/gbonham/turtlebot4_ws/build/final/build/lib/final\n'}
[1.967172] (final) StdoutLine: {'line': b'copying final/nav_pf.py -> /home/gbonham/turtlebot4_ws/build/final/build/lib/final\n'}
[1.967565] (final) StdoutLine: {'line': b'running install\n'}
[1.973292] (final) StdoutLine: {'line': b'running install_lib\n'}
[1.973446] (lab3_pkg) StdoutLine: {'line': b"reading manifest file '../../build/lab3_pkg/lab3_pkg.egg-info/SOURCES.txt'\n"}
[1.973999] (lab3_pkg) StdoutLine: {'line': b"writing manifest file '../../build/lab3_pkg/lab3_pkg.egg-info/SOURCES.txt'\n"}
[1.974149] (lab3_pkg) StdoutLine: {'line': b'running build\n'}
[1.974262] (lab3_pkg) StdoutLine: {'line': b'running build_py\n'}
[1.974501] (lab3_pkg) StdoutLine: {'line': b'running install\n'}
[1.979663] (lab3_pkg) StdoutLine: {'line': b'running install_lib\n'}
[1.987623] (final) StdoutLine: {'line': b'copying /home/gbonham/turtlebot4_ws/build/final/build/lib/final/color_vision.py -> /home/gbonham/turtlebot4_ws/install/final/lib/python3.12/site-packages/final\n'}
[1.987917] (final) StdoutLine: {'line': b'copying /home/gbonham/turtlebot4_ws/build/final/build/lib/final/nav_pf.py -> /home/gbonham/turtlebot4_ws/install/final/lib/python3.12/site-packages/final\n'}
[1.988625] (final) StdoutLine: {'line': b'byte-compiling /home/gbonham/turtlebot4_ws/install/final/lib/python3.12/site-packages/final/color_vision.py to color_vision.cpython-312.pyc\n'}
[1.990962] (lab5_pkg) StdoutLine: {'line': b"reading manifest file '../../build/lab5_pkg/lab5_pkg.egg-info/SOURCES.txt'\n"}
[1.991645] (lab5_pkg) StdoutLine: {'line': b"writing manifest file '../../build/lab5_pkg/lab5_pkg.egg-info/SOURCES.txt'\n"}
[1.991823] (lab5_pkg) StdoutLine: {'line': b'running build\n'}
[1.991938] (lab5_pkg) StdoutLine: {'line': b'running build_py\n'}
[1.992202] (lab5_pkg) StdoutLine: {'line': b'running install\n'}
[1.992661] (final) StdoutLine: {'line': b'byte-compiling /home/gbonham/turtlebot4_ws/install/final/lib/python3.12/site-packages/final/nav_pf.py to nav_pf.cpython-312.pyc\n'}
[1.994600] (lab3_pkg) StdoutLine: {'line': b'running install_data\n'}
[1.994792] (lab3_pkg) StdoutLine: {'line': b'running install_egg_info\n'}
[1.994953] (final) StdoutLine: {'line': b'running install_data\n'}
[1.995096] (final) StdoutLine: {'line': b'running install_egg_info\n'}
[1.997577] (lab5_pkg) StdoutLine: {'line': b'running install_lib\n'}
[2.004341] (-) TimerEvent: {}
[2.009237] (lab3_pkg) StdoutLine: {'line': b"removing '/home/gbonham/turtlebot4_ws/install/lab3_pkg/lib/python3.12/site-packages/lab3_pkg-0.0.0-py3.12.egg-info' (and everything under it)\n"}
[2.009409] (final) StdoutLine: {'line': b"removing '/home/gbonham/turtlebot4_ws/install/final/lib/python3.12/site-packages/final-0.0.0-py3.12.egg-info' (and everything under it)\n"}
[2.009565] (final) StdoutLine: {'line': b'Copying ../../build/final/final.egg-info to /home/gbonham/turtlebot4_ws/install/final/lib/python3.12/site-packages/final-0.0.0-py3.12.egg-info\n'}
[2.009718] (lab3_pkg) StdoutLine: {'line': b'Copying ../../build/lab3_pkg/lab3_pkg.egg-info to /home/gbonham/turtlebot4_ws/install/lab3_pkg/lib/python3.12/site-packages/lab3_pkg-0.0.0-py3.12.egg-info\n'}
[2.011357] (lab3_pkg) StdoutLine: {'line': b'running install_scripts\n'}
[2.012381] (lab5_pkg) StdoutLine: {'line': b'running install_data\n'}
[2.012600] (lab5_pkg) StdoutLine: {'line': b'running install_egg_info\n'}
[2.016420] (final) StdoutLine: {'line': b'running install_scripts\n'}
[2.028479] (lab5_pkg) StdoutLine: {'line': b"removing '/home/gbonham/turtlebot4_ws/install/lab5_pkg/lib/python3.12/site-packages/lab5_pkg-0.0.0-py3.12.egg-info' (and everything under it)\n"}
[2.028732] (lab5_pkg) StdoutLine: {'line': b'Copying ../../build/lab5_pkg/lab5_pkg.egg-info to /home/gbonham/turtlebot4_ws/install/lab5_pkg/lib/python3.12/site-packages/lab5_pkg-0.0.0-py3.12.egg-info\n'}
[2.032357] (lab5_pkg) StdoutLine: {'line': b'running install_scripts\n'}
[2.104457] (-) TimerEvent: {}
[2.112065] (lab3_pkg) StdoutLine: {'line': b'Installing SCOD_server script to /home/gbonham/turtlebot4_ws/install/lab3_pkg/lib/lab3_pkg\n'}
[2.112298] (lab3_pkg) StdoutLine: {'line': b'Installing set_cap_client_node script to /home/gbonham/turtlebot4_ws/install/lab3_pkg/lib/lab3_pkg\n'}
[2.112549] (lab3_pkg) StdoutLine: {'line': b"writing list of installed files to '/home/gbonham/turtlebot4_ws/build/lab3_pkg/install.log'\n"}
[2.117728] (final) StdoutLine: {'line': b'Installing color_vision script to /home/gbonham/turtlebot4_ws/install/final/lib/final\n'}
[2.118024] (final) StdoutLine: {'line': b'Installing get_obs script to /home/gbonham/turtlebot4_ws/install/final/lib/final\n'}
[2.118184] (final) StdoutLine: {'line': b'Installing go_to_goal script to /home/gbonham/turtlebot4_ws/install/final/lib/final\n'}
[2.118335] (final) StdoutLine: {'line': b'Installing goal_client script to /home/gbonham/turtlebot4_ws/install/final/lib/final\n'}
[2.118509] (final) StdoutLine: {'line': b'Installing nav_pf script to /home/gbonham/turtlebot4_ws/install/final/lib/final\n'}
[2.119056] (final) StdoutLine: {'line': b"writing list of installed files to '/home/gbonham/turtlebot4_ws/build/final/install.log'\n"}
[2.135409] (lab5_pkg) StdoutLine: {'line': b'Installing go_to_goal_client script to /home/gbonham/turtlebot4_ws/install/lab5_pkg/lib/lab5_pkg\n'}
[2.137523] (lab5_pkg) StdoutLine: {'line': b'Installing go_to_goal_server script to /home/gbonham/turtlebot4_ws/install/lab5_pkg/lib/lab5_pkg\n'}
[2.137949] (lab5_pkg) StdoutLine: {'line': b"writing list of installed files to '/home/gbonham/turtlebot4_ws/build/lab5_pkg/install.log'\n"}
[2.143854] (lab3_pkg) CommandEnded: {'returncode': 0}
[2.150346] (lab3_pkg) JobEnded: {'identifier': 'lab3_pkg', 'rc': 0}
[2.152326] (lab_bringup) JobStarted: {'identifier': 'lab_bringup'}
[2.154087] (final) CommandEnded: {'returncode': 0}
[2.162627] (final) JobEnded: {'identifier': 'final', 'rc': 0}
[2.165005] (final_bringup) JobStarted: {'identifier': 'final_bringup'}
[2.171828] (lab_bringup) JobProgress: {'identifier': 'lab_bringup', 'progress': 'cmake'}
[2.172879] (lab_bringup) JobProgress: {'identifier': 'lab_bringup', 'progress': 'build'}
[2.173834] (lab_bringup) Command: {'cmd': ['/usr/bin/cmake', '--build', '/home/gbonham/turtlebot4_ws/build/lab_bringup', '--', '-j16', '-l16'], 'cwd': '/home/gbonham/turtlebot4_ws/build/lab_bringup', 'env': OrderedDict({'GJS_DEBUG_TOPICS': 'JS ERROR;JS LOG', 'PYTHON_BASIC_REPL': '1', 'USER': 'gbonham', 'XDG_SESSION_TYPE': 'wayland', 'GIT_ASKPASS': '/usr/share/code/resources/app/extensions/git/dist/askpass.sh', 'SHLVL': '1', 'CLUTTER_DISABLE_MIPMAPPED_TEXT': '1', 'LD_LIBRARY_PATH': '/home/gbonham/turtlebot4_ws/install/custom_interfaces/lib', 'HOME': '/home/gbonham', 'OLDPWD': '/home/gbonham/turtlebot4_ws/src', 'CHROME_DESKTOP': 'code.desktop', 'DESKTOP_SESSION': 'ubuntu', 'TERM_PROGRAM_VERSION': '1.120.0', 'GIO_LAUNCHED_DESKTOP_FILE': '/usr/share/applications/code.desktop', 'GTK_MODULES': 'gail:atk-bridge', 'GNOME_SHELL_SESSION_MODE': 'ubuntu', 'VSCODE_GIT_ASKPASS_MAIN': '/usr/share/code/resources/app/extensions/git/dist/askpass-main.js', 'MANAGERPID': '11241', 'VSCODE_GIT_ASKPASS_NODE': '/usr/share/code/code', 'DBUS_SESSION_BUS_ADDRESS': 'unix:path=/run/user/481853705/bus', 'GSM_SKIP_SSH_AGENT_WORKAROUND': 'true', 'SYSTEMD_EXEC_PID': '11518', 'PYDEVD_DISABLE_FILE_VALIDATION': '1', 'BUNDLED_DEBUGPY_PATH': '/home/gbonham/.vscode/extensions/ms-python.debugpy-2026.6.0-linux-x64/bundled/libs/debugpy', 'VSCODE_PYTHON_AUTOACTIVATE_GUARD': '1', 'GIO_LAUNCHED_DESKTOP_FILE_PID': '12574', 'COLORTERM': 'truecolor', 'CONDA_CHANGEPS1': 'no', 'WAYLAND_DISPLAY': 'wayland-0', 'LOGNAME': 'gbonham', '_': '/usr/bin/colcon', 'JOURNAL_STREAM': '9:142776', 'XDG_SESSION_CLASS': 'user', 'MEMORY_PRESSURE_WATCH': '/sys/fs/cgroup/user.slice/user-481853705.slice/user@481853705.service/session.slice/org.gnome.Shell@wayland.service/memory.pressure', 'USER_ZDOTDIR': '/home/gbonham', 'USERNAME': 'gbonham', 'PROMPT_EOL_MARK': '', 'TERM': 'xterm-256color', 'GNOME_DESKTOP_SESSION_ID': 'this-is-deprecated', 'FC_FONTATIONS': '1', 'PATH': '/usr/local/sbin:/usr/local/bin:/usr/sbin:/usr/bin:/sbin:/bin:/usr/games:/usr/local/games:/snap/bin:/snap/bin:/home/gbonham/.vscode/extensions/ms-python.debugpy-2026.6.0-linux-x64/bundled/scripts/noConfigScripts', 'SESSION_MANAGER': 'local/csci20121:@/tmp/.ICE-unix/11486,unix/csci20121:/tmp/.ICE-unix/11486', 'INVOCATION_ID': '94b2f98f34ad4cab8b432345032ed79e', 'XDG_RUNTIME_DIR': '/run/user/481853705', 'XDG_MENU_PREFIX': 'gnome-', 'GNOME_SETUP_DISPLAY': ':1', 'GDK_BACKEND': 'wayland', 'DISPLAY': ':0', 'LANG': 'en_US.UTF-8', 'XDG_CURRENT_DESKTOP': 'ubuntu:GNOME', 'VSCODE_DEBUGPY_ADAPTER_ENDPOINTS': '/home/gbonham/.vscode/extensions/ms-python.debugpy-2026.6.0-linux-x64/.noConfigDebugAdapterEndpoints/endpoint-e34322725a0427c1.txt', 'PYTHONSTARTUP': '/home/gbonham/.config/Code/User/workspaceStorage/164fb482c0335d43507560d0f344279e/ms-python.python/pythonrc.py', 'VSCODE_INJECTION': '1', 'XDG_SESSION_DESKTOP': 'ubuntu', 'XMODIFIERS': '@im=ibus', 'XAUTHORITY': '/run/user/481853705/.mutter-Xwaylandauth.D1YEP3', 'TERM_PROGRAM': 'vscode', 'VSCODE_GIT_IPC_HANDLE': '/run/user/481853705/vscode-git-91e7995aaf.sock', 'SSH_AUTH_SOCK': '/run/user/481853705/keyring/ssh', 'AMENT_PREFIX_PATH': '/home/gbonham/turtlebot4_ws/install/lab3_pkg:/home/gbonham/turtlebot4_ws/install/custom_interfaces', 'SHELL': '/bin/zsh', 'KRB5CCNAME': 'FILE:/tmp/krb5cc_481853705_1BZ2iU', 'QT_ACCESSIBILITY': '1', 'GDMSESSION': 'ubuntu', 'GJS_DEBUG_OUTPUT': 'stderr', 'QT_IM_MODULE': 'ibus', 'VSCODE_GIT_ASKPASS_EXTRA_ARGS': '', 'PWD': '/home/gbonham/turtlebot4_ws/build/lab_bringup', 'XDG_DATA_DIRS': '/usr/local/share/:/usr/share/:/var/lib/snapd/desktop', 'ZDOTDIR': '/home/gbonham', 'VIRTUAL_ENV_DISABLE_PROMPT': '12', 'PYTHONPATH': '/home/gbonham/turtlebot4_ws/install/lab3_pkg/lib/python3.12/site-packages:/home/gbonham/turtlebot4_ws/install/custom_interfaces/lib/python3.12/site-packages', 'COLCON': '1', 'MEMORY_PRESSURE_WRITE': 'c29tZSAyMDAwMDAgMjAwMDAwMAA=', 'CMAKE_PREFIX_PATH': '/home/gbonham/turtlebot4_ws/install/custom_interfaces'}), 'shell': False}
[2.179891] (final_bringup) JobProgress: {'identifier': 'final_bringup', 'progress': 'cmake'}
[2.181203] (final_bringup) JobProgress: {'identifier': 'final_bringup', 'progress': 'build'}
[2.181537] (final_bringup) Command: {'cmd': ['/usr/bin/cmake', '--build', '/home/gbonham/turtlebot4_ws/build/final_bringup', '--', '-j16', '-l16'], 'cwd': '/home/gbonham/turtlebot4_ws/build/final_bringup', 'env': OrderedDict({'GJS_DEBUG_TOPICS': 'JS ERROR;JS LOG', 'PYTHON_BASIC_REPL': '1', 'USER': 'gbonham', 'XDG_SESSION_TYPE': 'wayland', 'GIT_ASKPASS': '/usr/share/code/resources/app/extensions/git/dist/askpass.sh', 'SHLVL': '1', 'CLUTTER_DISABLE_MIPMAPPED_TEXT': '1', 'LD_LIBRARY_PATH': '/home/gbonham/turtlebot4_ws/install/custom_interfaces/lib', 'HOME': '/home/gbonham', 'OLDPWD': '/home/gbonham/turtlebot4_ws/src', 'CHROME_DESKTOP': 'code.desktop', 'DESKTOP_SESSION': 'ubuntu', 'TERM_PROGRAM_VERSION': '1.120.0', 'GIO_LAUNCHED_DESKTOP_FILE': '/usr/share/applications/code.desktop', 'GTK_MODULES': 'gail:atk-bridge', 'GNOME_SHELL_SESSION_MODE': 'ubuntu', 'VSCODE_GIT_ASKPASS_MAIN': '/usr/share/code/resources/app/extensions/git/dist/askpass-main.js', 'MANAGERPID': '11241', 'VSCODE_GIT_ASKPASS_NODE': '/usr/share/code/code', 'DBUS_SESSION_BUS_ADDRESS': 'unix:path=/run/user/481853705/bus', 'GSM_SKIP_SSH_AGENT_WORKAROUND': 'true', 'SYSTEMD_EXEC_PID': '11518', 'PYDEVD_DISABLE_FILE_VALIDATION': '1', 'BUNDLED_DEBUGPY_PATH': '/home/gbonham/.vscode/extensions/ms-python.debugpy-2026.6.0-linux-x64/bundled/libs/debugpy', 'VSCODE_PYTHON_AUTOACTIVATE_GUARD': '1', 'GIO_LAUNCHED_DESKTOP_FILE_PID': '12574', 'COLORTERM': 'truecolor', 'CONDA_CHANGEPS1': 'no', 'WAYLAND_DISPLAY': 'wayland-0', 'LOGNAME': 'gbonham', '_': '/usr/bin/colcon', 'JOURNAL_STREAM': '9:142776', 'XDG_SESSION_CLASS': 'user', 'MEMORY_PRESSURE_WATCH': '/sys/fs/cgroup/user.slice/user-481853705.slice/user@481853705.service/session.slice/org.gnome.Shell@wayland.service/memory.pressure', 'USER_ZDOTDIR': '/home/gbonham', 'USERNAME': 'gbonham', 'PROMPT_EOL_MARK': '', 'TERM': 'xterm-256color', 'GNOME_DESKTOP_SESSION_ID': 'this-is-deprecated', 'FC_FONTATIONS': '1', 'PATH': '/usr/local/sbin:/usr/local/bin:/usr/sbin:/usr/bin:/sbin:/bin:/usr/games:/usr/local/games:/snap/bin:/snap/bin:/home/gbonham/.vscode/extensions/ms-python.debugpy-2026.6.0-linux-x64/bundled/scripts/noConfigScripts', 'SESSION_MANAGER': 'local/csci20121:@/tmp/.ICE-unix/11486,unix/csci20121:/tmp/.ICE-unix/11486', 'INVOCATION_ID': '94b2f98f34ad4cab8b432345032ed79e', 'XDG_RUNTIME_DIR': '/run/user/481853705', 'XDG_MENU_PREFIX': 'gnome-', 'GNOME_SETUP_DISPLAY': ':1', 'GDK_BACKEND': 'wayland', 'DISPLAY': ':0', 'LANG': 'en_US.UTF-8', 'XDG_CURRENT_DESKTOP': 'ubuntu:GNOME', 'VSCODE_DEBUGPY_ADAPTER_ENDPOINTS': '/home/gbonham/.vscode/extensions/ms-python.debugpy-2026.6.0-linux-x64/.noConfigDebugAdapterEndpoints/endpoint-e34322725a0427c1.txt', 'PYTHONSTARTUP': '/home/gbonham/.config/Code/User/workspaceStorage/164fb482c0335d43507560d0f344279e/ms-python.python/pythonrc.py', 'VSCODE_INJECTION': '1', 'XDG_SESSION_DESKTOP': 'ubuntu', 'XMODIFIERS': '@im=ibus', 'XAUTHORITY': '/run/user/481853705/.mutter-Xwaylandauth.D1YEP3', 'TERM_PROGRAM': 'vscode', 'VSCODE_GIT_IPC_HANDLE': '/run/user/481853705/vscode-git-91e7995aaf.sock', 'SSH_AUTH_SOCK': '/run/user/481853705/keyring/ssh', 'AMENT_PREFIX_PATH': '/home/gbonham/turtlebot4_ws/install/lab3_pkg:/home/gbonham/turtlebot4_ws/install/final:/home/gbonham/turtlebot4_ws/install/custom_interfaces', 'SHELL': '/bin/zsh', 'KRB5CCNAME': 'FILE:/tmp/krb5cc_481853705_1BZ2iU', 'QT_ACCESSIBILITY': '1', 'GDMSESSION': 'ubuntu', 'GJS_DEBUG_OUTPUT': 'stderr', 'QT_IM_MODULE': 'ibus', 'VSCODE_GIT_ASKPASS_EXTRA_ARGS': '', 'PWD': '/home/gbonham/turtlebot4_ws/build/final_bringup', 'XDG_DATA_DIRS': '/usr/local/share/:/usr/share/:/var/lib/snapd/desktop', 'ZDOTDIR': '/home/gbonham', 'VIRTUAL_ENV_DISABLE_PROMPT': '12', 'PYTHONPATH': '/home/gbonham/turtlebot4_ws/install/lab3_pkg/lib/python3.12/site-packages:/home/gbonham/turtlebot4_ws/install/final/lib/python3.12/site-packages:/home/gbonham/turtlebot4_ws/install/custom_interfaces/lib/python3.12/site-packages', 'COLCON': '1', 'MEMORY_PRESSURE_WRITE': 'c29tZSAyMDAwMDAgMjAwMDAwMAA=', 'CMAKE_PREFIX_PATH': '/home/gbonham/turtlebot4_ws/install/custom_interfaces'}), 'shell': False}
[2.191308] (lab5_pkg) CommandEnded: {'returncode': 0}
[2.198268] (lab5_pkg) JobEnded: {'identifier': 'lab5_pkg', 'rc': 0}
[2.204640] (-) TimerEvent: {}
[2.213355] (lab_bringup) CommandEnded: {'returncode': 0}
[2.214026] (lab_bringup) JobProgress: {'identifier': 'lab_bringup', 'progress': 'install'}
[2.214419] (lab_bringup) Command: {'cmd': ['/usr/bin/cmake', '--install', '/home/gbonham/turtlebot4_ws/build/lab_bringup'], 'cwd': '/home/gbonham/turtlebot4_ws/build/lab_bringup', 'env': OrderedDict({'GJS_DEBUG_TOPICS': 'JS ERROR;JS LOG', 'PYTHON_BASIC_REPL': '1', 'USER': 'gbonham', 'XDG_SESSION_TYPE': 'wayland', 'GIT_ASKPASS': '/usr/share/code/resources/app/extensions/git/dist/askpass.sh', 'SHLVL': '1', 'CLUTTER_DISABLE_MIPMAPPED_TEXT': '1', 'LD_LIBRARY_PATH': '/home/gbonham/turtlebot4_ws/install/custom_interfaces/lib', 'HOME': '/home/gbonham', 'OLDPWD': '/home/gbonham/turtlebot4_ws/src', 'CHROME_DESKTOP': 'code.desktop', 'DESKTOP_SESSION': 'ubuntu', 'TERM_PROGRAM_VERSION': '1.120.0', 'GIO_LAUNCHED_DESKTOP_FILE': '/usr/share/applications/code.desktop', 'GTK_MODULES': 'gail:atk-bridge', 'GNOME_SHELL_SESSION_MODE': 'ubuntu', 'VSCODE_GIT_ASKPASS_MAIN': '/usr/share/code/resources/app/extensions/git/dist/askpass-main.js', 'MANAGERPID': '11241', 'VSCODE_GIT_ASKPASS_NODE': '/usr/share/code/code', 'DBUS_SESSION_BUS_ADDRESS': 'unix:path=/run/user/481853705/bus', 'GSM_SKIP_SSH_AGENT_WORKAROUND': 'true', 'SYSTEMD_EXEC_PID': '11518', 'PYDEVD_DISABLE_FILE_VALIDATION': '1', 'BUNDLED_DEBUGPY_PATH': '/home/gbonham/.vscode/extensions/ms-python.debugpy-2026.6.0-linux-x64/bundled/libs/debugpy', 'VSCODE_PYTHON_AUTOACTIVATE_GUARD': '1', 'GIO_LAUNCHED_DESKTOP_FILE_PID': '12574', 'COLORTERM': 'truecolor', 'CONDA_CHANGEPS1': 'no', 'WAYLAND_DISPLAY': 'wayland-0', 'LOGNAME': 'gbonham', '_': '/usr/bin/colcon', 'JOURNAL_STREAM': '9:142776', 'XDG_SESSION_CLASS': 'user', 'MEMORY_PRESSURE_WATCH': '/sys/fs/cgroup/user.slice/user-481853705.slice/user@481853705.service/session.slice/org.gnome.Shell@wayland.service/memory.pressure', 'USER_ZDOTDIR': '/home/gbonham', 'USERNAME': 'gbonham', 'PROMPT_EOL_MARK': '', 'TERM': 'xterm-256color', 'GNOME_DESKTOP_SESSION_ID': 'this-is-deprecated', 'FC_FONTATIONS': '1', 'PATH': '/usr/local/sbin:/usr/local/bin:/usr/sbin:/usr/bin:/sbin:/bin:/usr/games:/usr/local/games:/snap/bin:/snap/bin:/home/gbonham/.vscode/extensions/ms-python.debugpy-2026.6.0-linux-x64/bundled/scripts/noConfigScripts', 'SESSION_MANAGER': 'local/csci20121:@/tmp/.ICE-unix/11486,unix/csci20121:/tmp/.ICE-unix/11486', 'INVOCATION_ID': '94b2f98f34ad4cab8b432345032ed79e', 'XDG_RUNTIME_DIR': '/run/user/481853705', 'XDG_MENU_PREFIX': 'gnome-', 'GNOME_SETUP_DISPLAY': ':1', 'GDK_BACKEND': 'wayland', 'DISPLAY': ':0', 'LANG': 'en_US.UTF-8', 'XDG_CURRENT_DESKTOP': 'ubuntu:GNOME', 'VSCODE_DEBUGPY_ADAPTER_ENDPOINTS': '/home/gbonham/.vscode/extensions/ms-python.debugpy-2026.6.0-linux-x64/.noConfigDebugAdapterEndpoints/endpoint-e34322725a0427c1.txt', 'PYTHONSTARTUP': '/home/gbonham/.config/Code/User/workspaceStorage/164fb482c0335d43507560d0f344279e/ms-python.python/pythonrc.py', 'VSCODE_INJECTION': '1', 'XDG_SESSION_DESKTOP': 'ubuntu', 'XMODIFIERS': '@im=ibus', 'XAUTHORITY': '/run/user/481853705/.mutter-Xwaylandauth.D1YEP3', 'TERM_PROGRAM': 'vscode', 'VSCODE_GIT_IPC_HANDLE': '/run/user/481853705/vscode-git-91e7995aaf.sock', 'SSH_AUTH_SOCK': '/run/user/481853705/keyring/ssh', 'AMENT_PREFIX_PATH': '/home/gbonham/turtlebot4_ws/install/lab3_pkg:/home/gbonham/turtlebot4_ws/install/custom_interfaces', 'SHELL': '/bin/zsh', 'KRB5CCNAME': 'FILE:/tmp/krb5cc_481853705_1BZ2iU', 'QT_ACCESSIBILITY': '1', 'GDMSESSION': 'ubuntu', 'GJS_DEBUG_OUTPUT': 'stderr', 'QT_IM_MODULE': 'ibus', 'VSCODE_GIT_ASKPASS_EXTRA_ARGS': '', 'PWD': '/home/gbonham/turtlebot4_ws/build/lab_bringup', 'XDG_DATA_DIRS': '/usr/local/share/:/usr/share/:/var/lib/snapd/desktop', 'ZDOTDIR': '/home/gbonham', 'VIRTUAL_ENV_DISABLE_PROMPT': '12', 'PYTHONPATH': '/home/gbonham/turtlebot4_ws/install/lab3_pkg/lib/python3.12/site-packages:/home/gbonham/turtlebot4_ws/install/custom_interfaces/lib/python3.12/site-packages', 'COLCON': '1', 'MEMORY_PRESSURE_WRITE': 'c29tZSAyMDAwMDAgMjAwMDAwMAA=', 'CMAKE_PREFIX_PATH': '/home/gbonham/turtlebot4_ws/install/custom_interfaces'}), 'shell': False}
[2.221545] (lab_bringup) StdoutLine: {'line': b'-- Install configuration: ""\n'}
[2.221876] (lab_bringup) StdoutLine: {'line': b'-- Up-to-date: /home/gbonham/turtlebot4_ws/install/lab_bringup/share/lab_bringup//launch\n'}
[2.222451] (lab_bringup) StdoutLine: {'line': b'-- Up-to-date: /home/gbonham/turtlebot4_ws/install/lab_bringup/share/lab_bringup//launch/lab4.launch.xml\n'}
[2.222663] (lab_bringup) StdoutLine: {'line': b'-- Up-to-date: /home/gbonham/turtlebot4_ws/install/lab_bringup/share/lab_bringup//launch/lab3.launch.xml\n'}
[2.222971] (lab_bringup) StdoutLine: {'line': b'-- Up-to-date: /home/gbonham/turtlebot4_ws/install/lab_bringup/share/lab_bringup//launch/lab5.launch.xml\n'}
[2.223095] (lab_bringup) StdoutLine: {'line': b'-- Up-to-date: /home/gbonham/turtlebot4_ws/install/lab_bringup/share/ament_index/resource_index/package_run_dependencies/lab_bringup\n'}
[2.223293] (lab_bringup) StdoutLine: {'line': b'-- Up-to-date: /home/gbonham/turtlebot4_ws/install/lab_bringup/share/ament_index/resource_index/parent_prefix_path/lab_bringup\n'}
[2.223658] (lab_bringup) StdoutLine: {'line': b'-- Up-to-date: /home/gbonham/turtlebot4_ws/install/lab_bringup/share/lab_bringup/environment/ament_prefix_path.sh\n'}
[2.223902] (lab_bringup) StdoutLine: {'line': b'-- Up-to-date: /home/gbonham/turtlebot4_ws/install/lab_bringup/share/lab_bringup/environment/ament_prefix_path.dsv\n'}
[2.224032] (lab_bringup) StdoutLine: {'line': b'-- Up-to-date: /home/gbonham/turtlebot4_ws/install/lab_bringup/share/lab_bringup/environment/path.sh\n'}
[2.224326] (lab_bringup) StdoutLine: {'line': b'-- Up-to-date: /home/gbonham/turtlebot4_ws/install/lab_bringup/share/lab_bringup/environment/path.dsv\n'}
[2.224544] (lab_bringup) StdoutLine: {'line': b'-- Up-to-date: /home/gbonham/turtlebot4_ws/install/lab_bringup/share/lab_bringup/local_setup.bash\n'}
[2.224677] (lab_bringup) StdoutLine: {'line': b'-- Up-to-date: /home/gbonham/turtlebot4_ws/install/lab_bringup/share/lab_bringup/local_setup.sh\n'}
[2.224804] (lab_bringup) StdoutLine: {'line': b'-- Up-to-date: /home/gbonham/turtlebot4_ws/install/lab_bringup/share/lab_bringup/local_setup.zsh\n'}
[2.224926] (lab_bringup) StdoutLine: {'line': b'-- Up-to-date: /home/gbonham/turtlebot4_ws/install/lab_bringup/share/lab_bringup/local_setup.dsv\n'}
[2.225047] (lab_bringup) StdoutLine: {'line': b'-- Installing: /home/gbonham/turtlebot4_ws/install/lab_bringup/share/lab_bringup/package.dsv\n'}
[2.225165] (final_bringup) CommandEnded: {'returncode': 0}
[2.225547] (lab_bringup) StdoutLine: {'line': b'-- Up-to-date: /home/gbonham/turtlebot4_ws/install/lab_bringup/share/ament_index/resource_index/packages/lab_bringup\n'}
[2.225725] (lab_bringup) StdoutLine: {'line': b'-- Up-to-date: /home/gbonham/turtlebot4_ws/install/lab_bringup/share/lab_bringup/cmake/lab_bringupConfig.cmake\n'}
[2.225863] (lab_bringup) StdoutLine: {'line': b'-- Up-to-date: /home/gbonham/turtlebot4_ws/install/lab_bringup/share/lab_bringup/cmake/lab_bringupConfig-version.cmake\n'}
[2.225988] (lab_bringup) StdoutLine: {'line': b'-- Up-to-date: /home/gbonham/turtlebot4_ws/install/lab_bringup/share/lab_bringup/package.xml\n'}
[2.226218] (final_bringup) JobProgress: {'identifier': 'final_bringup', 'progress': 'install'}
[2.226278] (final_bringup) Command: {'cmd': ['/usr/bin/cmake', '--install', '/home/gbonham/turtlebot4_ws/build/final_bringup'], 'cwd': '/home/gbonham/turtlebot4_ws/build/final_bringup', 'env': OrderedDict({'GJS_DEBUG_TOPICS': 'JS ERROR;JS LOG', 'PYTHON_BASIC_REPL': '1', 'USER': 'gbonham', 'XDG_SESSION_TYPE': 'wayland', 'GIT_ASKPASS': '/usr/share/code/resources/app/extensions/git/dist/askpass.sh', 'SHLVL': '1', 'CLUTTER_DISABLE_MIPMAPPED_TEXT': '1', 'LD_LIBRARY_PATH': '/home/gbonham/turtlebot4_ws/install/custom_interfaces/lib', 'HOME': '/home/gbonham', 'OLDPWD': '/home/gbonham/turtlebot4_ws/src', 'CHROME_DESKTOP': 'code.desktop', 'DESKTOP_SESSION': 'ubuntu', 'TERM_PROGRAM_VERSION': '1.120.0', 'GIO_LAUNCHED_DESKTOP_FILE': '/usr/share/applications/code.desktop', 'GTK_MODULES': 'gail:atk-bridge', 'GNOME_SHELL_SESSION_MODE': 'ubuntu', 'VSCODE_GIT_ASKPASS_MAIN': '/usr/share/code/resources/app/extensions/git/dist/askpass-main.js', 'MANAGERPID': '11241', 'VSCODE_GIT_ASKPASS_NODE': '/usr/share/code/code', 'DBUS_SESSION_BUS_ADDRESS': 'unix:path=/run/user/481853705/bus', 'GSM_SKIP_SSH_AGENT_WORKAROUND': 'true', 'SYSTEMD_EXEC_PID': '11518', 'PYDEVD_DISABLE_FILE_VALIDATION': '1', 'BUNDLED_DEBUGPY_PATH': '/home/gbonham/.vscode/extensions/ms-python.debugpy-2026.6.0-linux-x64/bundled/libs/debugpy', 'VSCODE_PYTHON_AUTOACTIVATE_GUARD': '1', 'GIO_LAUNCHED_DESKTOP_FILE_PID': '12574', 'COLORTERM': 'truecolor', 'CONDA_CHANGEPS1': 'no', 'WAYLAND_DISPLAY': 'wayland-0', 'LOGNAME': 'gbonham', '_': '/usr/bin/colcon', 'JOURNAL_STREAM': '9:142776', 'XDG_SESSION_CLASS': 'user', 'MEMORY_PRESSURE_WATCH': '/sys/fs/cgroup/user.slice/user-481853705.slice/user@481853705.service/session.slice/org.gnome.Shell@wayland.service/memory.pressure', 'USER_ZDOTDIR': '/home/gbonham', 'USERNAME': 'gbonham', 'PROMPT_EOL_MARK': '', 'TERM': 'xterm-256color', 'GNOME_DESKTOP_SESSION_ID': 'this-is-deprecated', 'FC_FONTATIONS': '1', 'PATH': '/usr/local/sbin:/usr/local/bin:/usr/sbin:/usr/bin:/sbin:/bin:/usr/games:/usr/local/games:/snap/bin:/snap/bin:/home/gbonham/.vscode/extensions/ms-python.debugpy-2026.6.0-linux-x64/bundled/scripts/noConfigScripts', 'SESSION_MANAGER': 'local/csci20121:@/tmp/.ICE-unix/11486,unix/csci20121:/tmp/.ICE-unix/11486', 'INVOCATION_ID': '94b2f98f34ad4cab8b432345032ed79e', 'XDG_RUNTIME_DIR': '/run/user/481853705', 'XDG_MENU_PREFIX': 'gnome-', 'GNOME_SETUP_DISPLAY': ':1', 'GDK_BACKEND': 'wayland', 'DISPLAY': ':0', 'LANG': 'en_US.UTF-8', 'XDG_CURRENT_DESKTOP': 'ubuntu:GNOME', 'VSCODE_DEBUGPY_ADAPTER_ENDPOINTS': '/home/gbonham/.vscode/extensions/ms-python.debugpy-2026.6.0-linux-x64/.noConfigDebugAdapterEndpoints/endpoint-e34322725a0427c1.txt', 'PYTHONSTARTUP': '/home/gbonham/.config/Code/User/workspaceStorage/164fb482c0335d43507560d0f344279e/ms-python.python/pythonrc.py', 'VSCODE_INJECTION': '1', 'XDG_SESSION_DESKTOP': 'ubuntu', 'XMODIFIERS': '@im=ibus', 'XAUTHORITY': '/run/user/481853705/.mutter-Xwaylandauth.D1YEP3', 'TERM_PROGRAM': 'vscode', 'VSCODE_GIT_IPC_HANDLE': '/run/user/481853705/vscode-git-91e7995aaf.sock', 'SSH_AUTH_SOCK': '/run/user/481853705/keyring/ssh', 'AMENT_PREFIX_PATH': '/home/gbonham/turtlebot4_ws/install/lab3_pkg:/home/gbonham/turtlebot4_ws/install/final:/home/gbonham/turtlebot4_ws/install/custom_interfaces', 'SHELL': '/bin/zsh', 'KRB5CCNAME': 'FILE:/tmp/krb5cc_481853705_1BZ2iU', 'QT_ACCESSIBILITY': '1', 'GDMSESSION': 'ubuntu', 'GJS_DEBUG_OUTPUT': 'stderr', 'QT_IM_MODULE': 'ibus', 'VSCODE_GIT_ASKPASS_EXTRA_ARGS': '', 'PWD': '/home/gbonham/turtlebot4_ws/build/final_bringup', 'XDG_DATA_DIRS': '/usr/local/share/:/usr/share/:/var/lib/snapd/desktop', 'ZDOTDIR': '/home/gbonham', 'VIRTUAL_ENV_DISABLE_PROMPT': '12', 'PYTHONPATH': '/home/gbonham/turtlebot4_ws/install/lab3_pkg/lib/python3.12/site-packages:/home/gbonham/turtlebot4_ws/install/final/lib/python3.12/site-packages:/home/gbonham/turtlebot4_ws/install/custom_interfaces/lib/python3.12/site-packages', 'COLCON': '1', 'MEMORY_PRESSURE_WRITE': 'c29tZSAyMDAwMDAgMjAwMDAwMAA=', 'CMAKE_PREFIX_PATH': '/home/gbonham/turtlebot4_ws/install/custom_interfaces'}), 'shell': False}
[2.227146] (lab_bringup) CommandEnded: {'returncode': 0}
[2.232209] (final_bringup) StdoutLine: {'line': b'-- Install configuration: ""\n'}
[2.232777] (final_bringup) StdoutLine: {'line': b'-- Up-to-date: /home/gbonham/turtlebot4_ws/install/final_bringup/share/final_bringup//launch\n'}
[2.233008] (final_bringup) StdoutLine: {'line': b'-- Up-to-date: /home/gbonham/turtlebot4_ws/install/final_bringup/share/final_bringup//launch/final.launch.xml\n'}
[2.233192] (final_bringup) StdoutLine: {'line': b'-- Up-to-date: /home/gbonham/turtlebot4_ws/install/final_bringup/share/ament_index/resource_index/package_run_dependencies/final_bringup\n'}
[2.233608] (final_bringup) StdoutLine: {'line': b'-- Up-to-date: /home/gbonham/turtlebot4_ws/install/final_bringup/share/ament_index/resource_index/parent_prefix_path/final_bringup\n'}
[2.233782] (final_bringup) StdoutLine: {'line': b'-- Up-to-date: /home/gbonham/turtlebot4_ws/install/final_bringup/share/final_bringup/environment/ament_prefix_path.sh\n'}
[2.234166] (final_bringup) StdoutLine: {'line': b'-- Up-to-date: /home/gbonham/turtlebot4_ws/install/final_bringup/share/final_bringup/environment/ament_prefix_path.dsv\n'}
[2.234864] (final_bringup) StdoutLine: {'line': b'-- Up-to-date: /home/gbonham/turtlebot4_ws/install/final_bringup/share/final_bringup/environment/path.sh\n'}
[2.235409] (final_bringup) StdoutLine: {'line': b'-- Up-to-date: /home/gbonham/turtlebot4_ws/install/final_bringup/share/final_bringup/environment/path.dsv\n'}
[2.235603] (final_bringup) StdoutLine: {'line': b'-- Up-to-date: /home/gbonham/turtlebot4_ws/install/final_bringup/share/final_bringup/local_setup.bash\n'}
[2.235771] (final_bringup) StdoutLine: {'line': b'-- Up-to-date: /home/gbonham/turtlebot4_ws/install/final_bringup/share/final_bringup/local_setup.sh\n'}
[2.236018] (final_bringup) StdoutLine: {'line': b'-- Up-to-date: /home/gbonham/turtlebot4_ws/install/final_bringup/share/final_bringup/local_setup.zsh\n'}
[2.236175] (final_bringup) StdoutLine: {'line': b'-- Up-to-date: /home/gbonham/turtlebot4_ws/install/final_bringup/share/final_bringup/local_setup.dsv\n'}
[2.236357] (final_bringup) StdoutLine: {'line': b'-- Installing: /home/gbonham/turtlebot4_ws/install/final_bringup/share/final_bringup/package.dsv\n'}
[2.236491] (final_bringup) StdoutLine: {'line': b'-- Up-to-date: /home/gbonham/turtlebot4_ws/install/final_bringup/share/ament_index/resource_index/packages/final_bringup\n'}
[2.236637] (final_bringup) StdoutLine: {'line': b'-- Up-to-date: /home/gbonham/turtlebot4_ws/install/final_bringup/share/final_bringup/cmake/final_bringupConfig.cmake\n'}
[2.236791] (final_bringup) StdoutLine: {'line': b'-- Up-to-date: /home/gbonham/turtlebot4_ws/install/final_bringup/share/final_bringup/cmake/final_bringupConfig-version.cmake\n'}
[2.236953] (final_bringup) StdoutLine: {'line': b'-- Up-to-date: /home/gbonham/turtlebot4_ws/install/final_bringup/share/final_bringup/package.xml\n'}
[2.282032] (lab_bringup) JobEnded: {'identifier': 'lab_bringup', 'rc': 0}
[2.283477] (final_bringup) CommandEnded: {'returncode': 0}
[2.304699] (-) TimerEvent: {}
[2.337836] (final_bringup) JobEnded: {'identifier': 'final_bringup', 'rc': 0}
[2.339956] (-) EventReactorShutdown: {}
