[0.099s] DEBUG:colcon:Command line arguments: ['/usr/bin/colcon', 'build']
[0.099s] DEBUG:colcon:Parsed command line arguments: Namespace(log_base=None, log_level=None, verb_name='build', build_base='build', install_base='install', merge_install=False, symlink_install=False, test_result_base=None, continue_on_error=False, executor='parallel', parallel_workers=16, event_handlers=None, ignore_user_meta=False, metas=['./colcon.meta'], base_paths=['.'], packages_ignore=None, packages_ignore_regex=None, paths=None, packages_up_to=None, packages_up_to_regex=None, packages_above=None, packages_above_and_dependencies=None, packages_above_depth=None, packages_select_by_dep=None, packages_skip_by_dep=None, packages_skip_up_to=None, packages_select_build_failed=False, packages_skip_build_finished=False, packages_select_test_failures=False, packages_skip_test_passed=False, packages_select=None, packages_skip=None, packages_select_regex=None, packages_skip_regex=None, packages_start=None, packages_end=None, allow_overriding=[], cmake_args=None, cmake_target=None, cmake_target_skip_unavailable=False, cmake_clean_cache=False, cmake_clean_first=False, cmake_force_configure=False, ament_cmake_args=None, catkin_cmake_args=None, catkin_skip_building_tests=False, mixin_files=None, mixin=None, verb_parser=<colcon_mixin.mixin.mixin_argument.MixinArgumentDecorator object at 0x719894096960>, verb_extension=<colcon_core.verb.build.BuildVerb object at 0x7198941baf60>, main=<bound method BuildVerb.main of <colcon_core.verb.build.BuildVerb object at 0x7198941baf60>>, mixin_verb=('build',))
[0.132s] Level 1:colcon.colcon_core.package_discovery:discover_packages(colcon_meta) check parameters
[0.132s] Level 1:colcon.colcon_core.package_discovery:discover_packages(recursive) check parameters
[0.132s] Level 1:colcon.colcon_core.package_discovery:discover_packages(ignore) check parameters
[0.132s] Level 1:colcon.colcon_core.package_discovery:discover_packages(path) check parameters
[0.132s] Level 1:colcon.colcon_core.package_discovery:discover_packages(colcon_meta) discover
[0.132s] Level 1:colcon.colcon_core.package_discovery:discover_packages(recursive) discover
[0.132s] INFO:colcon.colcon_core.package_discovery:Crawling recursively for packages in '/home/cnutter/turtlebot4_ws'
[0.132s] Level 1:colcon.colcon_core.package_identification:_identify(.) by extensions ['ignore', 'ignore_ament_install']
[0.133s] Level 1:colcon.colcon_core.package_identification:_identify(.) by extension 'ignore'
[0.133s] Level 1:colcon.colcon_core.package_identification:_identify(.) by extension 'ignore_ament_install'
[0.133s] Level 1:colcon.colcon_core.package_identification:_identify(.) by extensions ['colcon_pkg']
[0.133s] Level 1:colcon.colcon_core.package_identification:_identify(.) by extension 'colcon_pkg'
[0.133s] Level 1:colcon.colcon_core.package_identification:_identify(.) by extensions ['colcon_meta']
[0.133s] Level 1:colcon.colcon_core.package_identification:_identify(.) by extension 'colcon_meta'
[0.133s] Level 1:colcon.colcon_core.package_identification:_identify(.) by extensions ['ros']
[0.133s] Level 1:colcon.colcon_core.package_identification:_identify(.) by extension 'ros'
[0.154s] Level 1:colcon.colcon_core.package_identification:_identify(.) by extensions ['cmake', 'python']
[0.154s] Level 1:colcon.colcon_core.package_identification:_identify(.) by extension 'cmake'
[0.154s] Level 1:colcon.colcon_core.package_identification:_identify(.) by extension 'python'
[0.154s] Level 1:colcon.colcon_core.package_identification:_identify(.) by extensions ['python_setup_py']
[0.154s] Level 1:colcon.colcon_core.package_identification:_identify(.) by extension 'python_setup_py'
[0.154s] Level 1:colcon.colcon_core.package_identification:_identify(build) by extensions ['ignore', 'ignore_ament_install']
[0.154s] Level 1:colcon.colcon_core.package_identification:_identify(build) by extension 'ignore'
[0.154s] Level 1:colcon.colcon_core.package_identification:_identify(build) ignored
[0.154s] Level 1:colcon.colcon_core.package_identification:_identify(install) by extensions ['ignore', 'ignore_ament_install']
[0.154s] Level 1:colcon.colcon_core.package_identification:_identify(install) by extension 'ignore'
[0.154s] Level 1:colcon.colcon_core.package_identification:_identify(install) ignored
[0.155s] Level 1:colcon.colcon_core.package_identification:_identify(log) by extensions ['ignore', 'ignore_ament_install']
[0.155s] Level 1:colcon.colcon_core.package_identification:_identify(log) by extension 'ignore'
[0.155s] Level 1:colcon.colcon_core.package_identification:_identify(log) ignored
[0.155s] Level 1:colcon.colcon_core.package_identification:_identify(src) by extensions ['ignore', 'ignore_ament_install']
[0.155s] Level 1:colcon.colcon_core.package_identification:_identify(src) by extension 'ignore'
[0.155s] Level 1:colcon.colcon_core.package_identification:_identify(src) by extension 'ignore_ament_install'
[0.155s] Level 1:colcon.colcon_core.package_identification:_identify(src) by extensions ['colcon_pkg']
[0.155s] Level 1:colcon.colcon_core.package_identification:_identify(src) by extension 'colcon_pkg'
[0.155s] Level 1:colcon.colcon_core.package_identification:_identify(src) by extensions ['colcon_meta']
[0.155s] Level 1:colcon.colcon_core.package_identification:_identify(src) by extension 'colcon_meta'
[0.155s] Level 1:colcon.colcon_core.package_identification:_identify(src) by extensions ['ros']
[0.155s] Level 1:colcon.colcon_core.package_identification:_identify(src) by extension 'ros'
[0.155s] Level 1:colcon.colcon_core.package_identification:_identify(src) by extensions ['cmake', 'python']
[0.155s] Level 1:colcon.colcon_core.package_identification:_identify(src) by extension 'cmake'
[0.155s] Level 1:colcon.colcon_core.package_identification:_identify(src) by extension 'python'
[0.155s] Level 1:colcon.colcon_core.package_identification:_identify(src) by extensions ['python_setup_py']
[0.156s] Level 1:colcon.colcon_core.package_identification:_identify(src) by extension 'python_setup_py'
[0.156s] Level 1:colcon.colcon_core.package_identification:_identify(src/custom_interfaces) by extensions ['ignore', 'ignore_ament_install']
[0.156s] Level 1:colcon.colcon_core.package_identification:_identify(src/custom_interfaces) by extension 'ignore'
[0.156s] Level 1:colcon.colcon_core.package_identification:_identify(src/custom_interfaces) by extension 'ignore_ament_install'
[0.156s] Level 1:colcon.colcon_core.package_identification:_identify(src/custom_interfaces) by extensions ['colcon_pkg']
[0.156s] Level 1:colcon.colcon_core.package_identification:_identify(src/custom_interfaces) by extension 'colcon_pkg'
[0.156s] Level 1:colcon.colcon_core.package_identification:_identify(src/custom_interfaces) by extensions ['colcon_meta']
[0.156s] Level 1:colcon.colcon_core.package_identification:_identify(src/custom_interfaces) by extension 'colcon_meta'
[0.156s] Level 1:colcon.colcon_core.package_identification:_identify(src/custom_interfaces) by extensions ['ros']
[0.156s] Level 1:colcon.colcon_core.package_identification:_identify(src/custom_interfaces) by extension 'ros'
[0.158s] DEBUG:colcon.colcon_core.package_identification:Package 'src/custom_interfaces' with type 'ros.ament_cmake' and name 'custom_interfaces'
[0.158s] Level 1:colcon.colcon_core.package_identification:_identify(src/final) by extensions ['ignore', 'ignore_ament_install']
[0.158s] Level 1:colcon.colcon_core.package_identification:_identify(src/final) by extension 'ignore'
[0.158s] Level 1:colcon.colcon_core.package_identification:_identify(src/final) by extension 'ignore_ament_install'
[0.158s] Level 1:colcon.colcon_core.package_identification:_identify(src/final) by extensions ['colcon_pkg']
[0.158s] Level 1:colcon.colcon_core.package_identification:_identify(src/final) by extension 'colcon_pkg'
[0.159s] Level 1:colcon.colcon_core.package_identification:_identify(src/final) by extensions ['colcon_meta']
[0.159s] Level 1:colcon.colcon_core.package_identification:_identify(src/final) by extension 'colcon_meta'
[0.159s] Level 1:colcon.colcon_core.package_identification:_identify(src/final) by extensions ['ros']
[0.159s] Level 1:colcon.colcon_core.package_identification:_identify(src/final) by extension 'ros'
[0.159s] DEBUG:colcon.colcon_core.package_identification:Package 'src/final' with type 'ros.ament_python' and name 'final'
[0.159s] Level 1:colcon.colcon_core.package_identification:_identify(src/final_bringup) by extensions ['ignore', 'ignore_ament_install']
[0.160s] Level 1:colcon.colcon_core.package_identification:_identify(src/final_bringup) by extension 'ignore'
[0.160s] Level 1:colcon.colcon_core.package_identification:_identify(src/final_bringup) by extension 'ignore_ament_install'
[0.160s] Level 1:colcon.colcon_core.package_identification:_identify(src/final_bringup) by extensions ['colcon_pkg']
[0.160s] Level 1:colcon.colcon_core.package_identification:_identify(src/final_bringup) by extension 'colcon_pkg'
[0.160s] Level 1:colcon.colcon_core.package_identification:_identify(src/final_bringup) by extensions ['colcon_meta']
[0.160s] Level 1:colcon.colcon_core.package_identification:_identify(src/final_bringup) by extension 'colcon_meta'
[0.160s] Level 1:colcon.colcon_core.package_identification:_identify(src/final_bringup) by extensions ['ros']
[0.160s] Level 1:colcon.colcon_core.package_identification:_identify(src/final_bringup) by extension 'ros'
[0.160s] DEBUG:colcon.colcon_core.package_identification:Package 'src/final_bringup' with type 'ros.ament_cmake' and name 'final_bringup'
[0.160s] Level 1:colcon.colcon_core.package_identification:_identify(src/lab1_pkg) by extensions ['ignore', 'ignore_ament_install']
[0.160s] Level 1:colcon.colcon_core.package_identification:_identify(src/lab1_pkg) by extension 'ignore'
[0.161s] Level 1:colcon.colcon_core.package_identification:_identify(src/lab1_pkg) by extension 'ignore_ament_install'
[0.161s] Level 1:colcon.colcon_core.package_identification:_identify(src/lab1_pkg) by extensions ['colcon_pkg']
[0.161s] Level 1:colcon.colcon_core.package_identification:_identify(src/lab1_pkg) by extension 'colcon_pkg'
[0.161s] Level 1:colcon.colcon_core.package_identification:_identify(src/lab1_pkg) by extensions ['colcon_meta']
[0.161s] Level 1:colcon.colcon_core.package_identification:_identify(src/lab1_pkg) by extension 'colcon_meta'
[0.161s] Level 1:colcon.colcon_core.package_identification:_identify(src/lab1_pkg) by extensions ['ros']
[0.161s] Level 1:colcon.colcon_core.package_identification:_identify(src/lab1_pkg) by extension 'ros'
[0.161s] DEBUG:colcon.colcon_core.package_identification:Package 'src/lab1_pkg' with type 'ros.ament_python' and name 'lab1_pkg'
[0.161s] Level 1:colcon.colcon_core.package_identification:_identify(src/lab2_pkg) by extensions ['ignore', 'ignore_ament_install']
[0.162s] Level 1:colcon.colcon_core.package_identification:_identify(src/lab2_pkg) by extension 'ignore'
[0.162s] Level 1:colcon.colcon_core.package_identification:_identify(src/lab2_pkg) by extension 'ignore_ament_install'
[0.162s] Level 1:colcon.colcon_core.package_identification:_identify(src/lab2_pkg) by extensions ['colcon_pkg']
[0.162s] Level 1:colcon.colcon_core.package_identification:_identify(src/lab2_pkg) by extension 'colcon_pkg'
[0.162s] Level 1:colcon.colcon_core.package_identification:_identify(src/lab2_pkg) by extensions ['colcon_meta']
[0.162s] Level 1:colcon.colcon_core.package_identification:_identify(src/lab2_pkg) by extension 'colcon_meta'
[0.162s] Level 1:colcon.colcon_core.package_identification:_identify(src/lab2_pkg) by extensions ['ros']
[0.162s] Level 1:colcon.colcon_core.package_identification:_identify(src/lab2_pkg) by extension 'ros'
[0.162s] DEBUG:colcon.colcon_core.package_identification:Package 'src/lab2_pkg' with type 'ros.ament_python' and name 'lab2_pkg'
[0.163s] Level 1:colcon.colcon_core.package_identification:_identify(src/lab3_pkg) by extensions ['ignore', 'ignore_ament_install']
[0.163s] Level 1:colcon.colcon_core.package_identification:_identify(src/lab3_pkg) by extension 'ignore'
[0.163s] Level 1:colcon.colcon_core.package_identification:_identify(src/lab3_pkg) by extension 'ignore_ament_install'
[0.163s] Level 1:colcon.colcon_core.package_identification:_identify(src/lab3_pkg) by extensions ['colcon_pkg']
[0.163s] Level 1:colcon.colcon_core.package_identification:_identify(src/lab3_pkg) by extension 'colcon_pkg'
[0.163s] Level 1:colcon.colcon_core.package_identification:_identify(src/lab3_pkg) by extensions ['colcon_meta']
[0.163s] Level 1:colcon.colcon_core.package_identification:_identify(src/lab3_pkg) by extension 'colcon_meta'
[0.163s] Level 1:colcon.colcon_core.package_identification:_identify(src/lab3_pkg) by extensions ['ros']
[0.163s] Level 1:colcon.colcon_core.package_identification:_identify(src/lab3_pkg) by extension 'ros'
[0.164s] DEBUG:colcon.colcon_core.package_identification:Package 'src/lab3_pkg' with type 'ros.ament_python' and name 'lab3_pkg'
[0.164s] Level 1:colcon.colcon_core.package_identification:_identify(src/lab4_pkg) by extensions ['ignore', 'ignore_ament_install']
[0.164s] Level 1:colcon.colcon_core.package_identification:_identify(src/lab4_pkg) by extension 'ignore'
[0.164s] Level 1:colcon.colcon_core.package_identification:_identify(src/lab4_pkg) by extension 'ignore_ament_install'
[0.164s] Level 1:colcon.colcon_core.package_identification:_identify(src/lab4_pkg) by extensions ['colcon_pkg']
[0.164s] Level 1:colcon.colcon_core.package_identification:_identify(src/lab4_pkg) by extension 'colcon_pkg'
[0.164s] Level 1:colcon.colcon_core.package_identification:_identify(src/lab4_pkg) by extensions ['colcon_meta']
[0.164s] Level 1:colcon.colcon_core.package_identification:_identify(src/lab4_pkg) by extension 'colcon_meta'
[0.164s] Level 1:colcon.colcon_core.package_identification:_identify(src/lab4_pkg) by extensions ['ros']
[0.164s] Level 1:colcon.colcon_core.package_identification:_identify(src/lab4_pkg) by extension 'ros'
[0.164s] Level 1:colcon.colcon_core.package_identification:_identify(src/lab4_pkg) by extensions ['cmake', 'python']
[0.164s] Level 1:colcon.colcon_core.package_identification:_identify(src/lab4_pkg) by extension 'cmake'
[0.164s] Level 1:colcon.colcon_core.package_identification:_identify(src/lab4_pkg) by extension 'python'
[0.164s] Level 1:colcon.colcon_core.package_identification:_identify(src/lab4_pkg) by extensions ['python_setup_py']
[0.164s] Level 1:colcon.colcon_core.package_identification:_identify(src/lab4_pkg) by extension 'python_setup_py'
[0.165s] Level 1:colcon.colcon_core.package_identification:_identify(src/lab5_pkg) by extensions ['ignore', 'ignore_ament_install']
[0.165s] Level 1:colcon.colcon_core.package_identification:_identify(src/lab5_pkg) by extension 'ignore'
[0.165s] Level 1:colcon.colcon_core.package_identification:_identify(src/lab5_pkg) by extension 'ignore_ament_install'
[0.165s] Level 1:colcon.colcon_core.package_identification:_identify(src/lab5_pkg) by extensions ['colcon_pkg']
[0.165s] Level 1:colcon.colcon_core.package_identification:_identify(src/lab5_pkg) by extension 'colcon_pkg'
[0.165s] Level 1:colcon.colcon_core.package_identification:_identify(src/lab5_pkg) by extensions ['colcon_meta']
[0.165s] Level 1:colcon.colcon_core.package_identification:_identify(src/lab5_pkg) by extension 'colcon_meta'
[0.165s] Level 1:colcon.colcon_core.package_identification:_identify(src/lab5_pkg) by extensions ['ros']
[0.165s] Level 1:colcon.colcon_core.package_identification:_identify(src/lab5_pkg) by extension 'ros'
[0.166s] DEBUG:colcon.colcon_core.package_identification:Package 'src/lab5_pkg' with type 'ros.ament_python' and name 'lab5_pkg'
[0.166s] Level 1:colcon.colcon_core.package_identification:_identify(src/lab_bringup) by extensions ['ignore', 'ignore_ament_install']
[0.166s] Level 1:colcon.colcon_core.package_identification:_identify(src/lab_bringup) by extension 'ignore'
[0.166s] Level 1:colcon.colcon_core.package_identification:_identify(src/lab_bringup) by extension 'ignore_ament_install'
[0.166s] Level 1:colcon.colcon_core.package_identification:_identify(src/lab_bringup) by extensions ['colcon_pkg']
[0.166s] Level 1:colcon.colcon_core.package_identification:_identify(src/lab_bringup) by extension 'colcon_pkg'
[0.166s] Level 1:colcon.colcon_core.package_identification:_identify(src/lab_bringup) by extensions ['colcon_meta']
[0.166s] Level 1:colcon.colcon_core.package_identification:_identify(src/lab_bringup) by extension 'colcon_meta'
[0.166s] Level 1:colcon.colcon_core.package_identification:_identify(src/lab_bringup) by extensions ['ros']
[0.166s] Level 1:colcon.colcon_core.package_identification:_identify(src/lab_bringup) by extension 'ros'
[0.166s] DEBUG:colcon.colcon_core.package_identification:Package 'src/lab_bringup' with type 'ros.ament_cmake' and name 'lab_bringup'
[0.167s] Level 1:colcon.colcon_core.package_discovery:discover_packages(recursive) using defaults
[0.167s] Level 1:colcon.colcon_core.package_discovery:discover_packages(ignore) discover
[0.167s] Level 1:colcon.colcon_core.package_discovery:discover_packages(ignore) using defaults
[0.167s] Level 1:colcon.colcon_core.package_discovery:discover_packages(path) discover
[0.167s] Level 1:colcon.colcon_core.package_discovery:discover_packages(path) using defaults
[0.184s] Level 1:colcon.colcon_core.package_discovery:discover_packages(prefix_path) check parameters
[0.184s] Level 1:colcon.colcon_core.package_discovery:discover_packages(prefix_path) discover
[0.186s] DEBUG:colcon.colcon_installed_package_information.package_discovery:Found 8 installed packages in /home/cnutter/turtlebot4_ws/install
[0.188s] DEBUG:colcon.colcon_installed_package_information.package_discovery:Found 443 installed packages in /opt/ros/jazzy
[0.189s] Level 1:colcon.colcon_core.package_discovery:discover_packages(prefix_path) using defaults
[0.242s] Level 5:colcon.colcon_core.verb:set package 'custom_interfaces' build argument 'cmake_args' from command line to 'None'
[0.242s] Level 5:colcon.colcon_core.verb:set package 'custom_interfaces' build argument 'cmake_target' from command line to 'None'
[0.242s] Level 5:colcon.colcon_core.verb:set package 'custom_interfaces' build argument 'cmake_target_skip_unavailable' from command line to 'False'
[0.242s] Level 5:colcon.colcon_core.verb:set package 'custom_interfaces' build argument 'cmake_clean_cache' from command line to 'False'
[0.242s] Level 5:colcon.colcon_core.verb:set package 'custom_interfaces' build argument 'cmake_clean_first' from command line to 'False'
[0.242s] Level 5:colcon.colcon_core.verb:set package 'custom_interfaces' build argument 'cmake_force_configure' from command line to 'False'
[0.242s] Level 5:colcon.colcon_core.verb:set package 'custom_interfaces' build argument 'ament_cmake_args' from command line to 'None'
[0.242s] Level 5:colcon.colcon_core.verb:set package 'custom_interfaces' build argument 'catkin_cmake_args' from command line to 'None'
[0.242s] Level 5:colcon.colcon_core.verb:set package 'custom_interfaces' build argument 'catkin_skip_building_tests' from command line to 'False'
[0.242s] DEBUG:colcon.colcon_core.verb:Building package 'custom_interfaces' with the following arguments: {'ament_cmake_args': None, 'build_base': '/home/cnutter/turtlebot4_ws/build/custom_interfaces', 'catkin_cmake_args': None, 'catkin_skip_building_tests': False, 'cmake_args': None, 'cmake_clean_cache': False, 'cmake_clean_first': False, 'cmake_force_configure': False, 'cmake_target': None, 'cmake_target_skip_unavailable': False, 'install_base': '/home/cnutter/turtlebot4_ws/install/custom_interfaces', 'merge_install': False, 'path': '/home/cnutter/turtlebot4_ws/src/custom_interfaces', 'symlink_install': False, 'test_result_base': None}
[0.242s] Level 5:colcon.colcon_core.verb:set package 'lab1_pkg' build argument 'cmake_args' from command line to 'None'
[0.242s] Level 5:colcon.colcon_core.verb:set package 'lab1_pkg' build argument 'cmake_target' from command line to 'None'
[0.243s] Level 5:colcon.colcon_core.verb:set package 'lab1_pkg' build argument 'cmake_target_skip_unavailable' from command line to 'False'
[0.243s] Level 5:colcon.colcon_core.verb:set package 'lab1_pkg' build argument 'cmake_clean_cache' from command line to 'False'
[0.243s] Level 5:colcon.colcon_core.verb:set package 'lab1_pkg' build argument 'cmake_clean_first' from command line to 'False'
[0.243s] Level 5:colcon.colcon_core.verb:set package 'lab1_pkg' build argument 'cmake_force_configure' from command line to 'False'
[0.243s] Level 5:colcon.colcon_core.verb:set package 'lab1_pkg' build argument 'ament_cmake_args' from command line to 'None'
[0.243s] Level 5:colcon.colcon_core.verb:set package 'lab1_pkg' build argument 'catkin_cmake_args' from command line to 'None'
[0.243s] Level 5:colcon.colcon_core.verb:set package 'lab1_pkg' build argument 'catkin_skip_building_tests' from command line to 'False'
[0.243s] DEBUG:colcon.colcon_core.verb:Building package 'lab1_pkg' with the following arguments: {'ament_cmake_args': None, 'build_base': '/home/cnutter/turtlebot4_ws/build/lab1_pkg', 'catkin_cmake_args': None, 'catkin_skip_building_tests': False, 'cmake_args': None, 'cmake_clean_cache': False, 'cmake_clean_first': False, 'cmake_force_configure': False, 'cmake_target': None, 'cmake_target_skip_unavailable': False, 'install_base': '/home/cnutter/turtlebot4_ws/install/lab1_pkg', 'merge_install': False, 'path': '/home/cnutter/turtlebot4_ws/src/lab1_pkg', 'symlink_install': False, 'test_result_base': None}
[0.243s] Level 5:colcon.colcon_core.verb:set package 'lab2_pkg' build argument 'cmake_args' from command line to 'None'
[0.243s] Level 5:colcon.colcon_core.verb:set package 'lab2_pkg' build argument 'cmake_target' from command line to 'None'
[0.243s] Level 5:colcon.colcon_core.verb:set package 'lab2_pkg' build argument 'cmake_target_skip_unavailable' from command line to 'False'
[0.243s] Level 5:colcon.colcon_core.verb:set package 'lab2_pkg' build argument 'cmake_clean_cache' from command line to 'False'
[0.243s] Level 5:colcon.colcon_core.verb:set package 'lab2_pkg' build argument 'cmake_clean_first' from command line to 'False'
[0.243s] Level 5:colcon.colcon_core.verb:set package 'lab2_pkg' build argument 'cmake_force_configure' from command line to 'False'
[0.243s] Level 5:colcon.colcon_core.verb:set package 'lab2_pkg' build argument 'ament_cmake_args' from command line to 'None'
[0.243s] Level 5:colcon.colcon_core.verb:set package 'lab2_pkg' build argument 'catkin_cmake_args' from command line to 'None'
[0.243s] Level 5:colcon.colcon_core.verb:set package 'lab2_pkg' build argument 'catkin_skip_building_tests' from command line to 'False'
[0.243s] DEBUG:colcon.colcon_core.verb:Building package 'lab2_pkg' with the following arguments: {'ament_cmake_args': None, 'build_base': '/home/cnutter/turtlebot4_ws/build/lab2_pkg', 'catkin_cmake_args': None, 'catkin_skip_building_tests': False, 'cmake_args': None, 'cmake_clean_cache': False, 'cmake_clean_first': False, 'cmake_force_configure': False, 'cmake_target': None, 'cmake_target_skip_unavailable': False, 'install_base': '/home/cnutter/turtlebot4_ws/install/lab2_pkg', 'merge_install': False, 'path': '/home/cnutter/turtlebot4_ws/src/lab2_pkg', 'symlink_install': False, 'test_result_base': None}
[0.243s] Level 5:colcon.colcon_core.verb:set package 'final' build argument 'cmake_args' from command line to 'None'
[0.243s] Level 5:colcon.colcon_core.verb:set package 'final' build argument 'cmake_target' from command line to 'None'
[0.243s] Level 5:colcon.colcon_core.verb:set package 'final' build argument 'cmake_target_skip_unavailable' from command line to 'False'
[0.243s] Level 5:colcon.colcon_core.verb:set package 'final' build argument 'cmake_clean_cache' from command line to 'False'
[0.243s] Level 5:colcon.colcon_core.verb:set package 'final' build argument 'cmake_clean_first' from command line to 'False'
[0.243s] Level 5:colcon.colcon_core.verb:set package 'final' build argument 'cmake_force_configure' from command line to 'False'
[0.243s] Level 5:colcon.colcon_core.verb:set package 'final' build argument 'ament_cmake_args' from command line to 'None'
[0.243s] Level 5:colcon.colcon_core.verb:set package 'final' build argument 'catkin_cmake_args' from command line to 'None'
[0.244s] Level 5:colcon.colcon_core.verb:set package 'final' build argument 'catkin_skip_building_tests' from command line to 'False'
[0.244s] DEBUG:colcon.colcon_core.verb:Building package 'final' with the following arguments: {'ament_cmake_args': None, 'build_base': '/home/cnutter/turtlebot4_ws/build/final', 'catkin_cmake_args': None, 'catkin_skip_building_tests': False, 'cmake_args': None, 'cmake_clean_cache': False, 'cmake_clean_first': False, 'cmake_force_configure': False, 'cmake_target': None, 'cmake_target_skip_unavailable': False, 'install_base': '/home/cnutter/turtlebot4_ws/install/final', 'merge_install': False, 'path': '/home/cnutter/turtlebot4_ws/src/final', 'symlink_install': False, 'test_result_base': None}
[0.244s] Level 5:colcon.colcon_core.verb:set package 'lab3_pkg' build argument 'cmake_args' from command line to 'None'
[0.244s] Level 5:colcon.colcon_core.verb:set package 'lab3_pkg' build argument 'cmake_target' from command line to 'None'
[0.244s] Level 5:colcon.colcon_core.verb:set package 'lab3_pkg' build argument 'cmake_target_skip_unavailable' from command line to 'False'
[0.244s] Level 5:colcon.colcon_core.verb:set package 'lab3_pkg' build argument 'cmake_clean_cache' from command line to 'False'
[0.244s] Level 5:colcon.colcon_core.verb:set package 'lab3_pkg' build argument 'cmake_clean_first' from command line to 'False'
[0.244s] Level 5:colcon.colcon_core.verb:set package 'lab3_pkg' build argument 'cmake_force_configure' from command line to 'False'
[0.244s] Level 5:colcon.colcon_core.verb:set package 'lab3_pkg' build argument 'ament_cmake_args' from command line to 'None'
[0.244s] Level 5:colcon.colcon_core.verb:set package 'lab3_pkg' build argument 'catkin_cmake_args' from command line to 'None'
[0.244s] Level 5:colcon.colcon_core.verb:set package 'lab3_pkg' build argument 'catkin_skip_building_tests' from command line to 'False'
[0.244s] DEBUG:colcon.colcon_core.verb:Building package 'lab3_pkg' with the following arguments: {'ament_cmake_args': None, 'build_base': '/home/cnutter/turtlebot4_ws/build/lab3_pkg', 'catkin_cmake_args': None, 'catkin_skip_building_tests': False, 'cmake_args': None, 'cmake_clean_cache': False, 'cmake_clean_first': False, 'cmake_force_configure': False, 'cmake_target': None, 'cmake_target_skip_unavailable': False, 'install_base': '/home/cnutter/turtlebot4_ws/install/lab3_pkg', 'merge_install': False, 'path': '/home/cnutter/turtlebot4_ws/src/lab3_pkg', 'symlink_install': False, 'test_result_base': None}
[0.244s] Level 5:colcon.colcon_core.verb:set package 'lab5_pkg' build argument 'cmake_args' from command line to 'None'
[0.244s] Level 5:colcon.colcon_core.verb:set package 'lab5_pkg' build argument 'cmake_target' from command line to 'None'
[0.244s] Level 5:colcon.colcon_core.verb:set package 'lab5_pkg' build argument 'cmake_target_skip_unavailable' from command line to 'False'
[0.244s] Level 5:colcon.colcon_core.verb:set package 'lab5_pkg' build argument 'cmake_clean_cache' from command line to 'False'
[0.244s] Level 5:colcon.colcon_core.verb:set package 'lab5_pkg' build argument 'cmake_clean_first' from command line to 'False'
[0.244s] Level 5:colcon.colcon_core.verb:set package 'lab5_pkg' build argument 'cmake_force_configure' from command line to 'False'
[0.244s] Level 5:colcon.colcon_core.verb:set package 'lab5_pkg' build argument 'ament_cmake_args' from command line to 'None'
[0.244s] Level 5:colcon.colcon_core.verb:set package 'lab5_pkg' build argument 'catkin_cmake_args' from command line to 'None'
[0.244s] Level 5:colcon.colcon_core.verb:set package 'lab5_pkg' build argument 'catkin_skip_building_tests' from command line to 'False'
[0.244s] DEBUG:colcon.colcon_core.verb:Building package 'lab5_pkg' with the following arguments: {'ament_cmake_args': None, 'build_base': '/home/cnutter/turtlebot4_ws/build/lab5_pkg', 'catkin_cmake_args': None, 'catkin_skip_building_tests': False, 'cmake_args': None, 'cmake_clean_cache': False, 'cmake_clean_first': False, 'cmake_force_configure': False, 'cmake_target': None, 'cmake_target_skip_unavailable': False, 'install_base': '/home/cnutter/turtlebot4_ws/install/lab5_pkg', 'merge_install': False, 'path': '/home/cnutter/turtlebot4_ws/src/lab5_pkg', 'symlink_install': False, 'test_result_base': None}
[0.245s] Level 5:colcon.colcon_core.verb:set package 'final_bringup' build argument 'cmake_args' from command line to 'None'
[0.245s] Level 5:colcon.colcon_core.verb:set package 'final_bringup' build argument 'cmake_target' from command line to 'None'
[0.245s] Level 5:colcon.colcon_core.verb:set package 'final_bringup' build argument 'cmake_target_skip_unavailable' from command line to 'False'
[0.245s] Level 5:colcon.colcon_core.verb:set package 'final_bringup' build argument 'cmake_clean_cache' from command line to 'False'
[0.245s] Level 5:colcon.colcon_core.verb:set package 'final_bringup' build argument 'cmake_clean_first' from command line to 'False'
[0.245s] Level 5:colcon.colcon_core.verb:set package 'final_bringup' build argument 'cmake_force_configure' from command line to 'False'
[0.245s] Level 5:colcon.colcon_core.verb:set package 'final_bringup' build argument 'ament_cmake_args' from command line to 'None'
[0.245s] Level 5:colcon.colcon_core.verb:set package 'final_bringup' build argument 'catkin_cmake_args' from command line to 'None'
[0.245s] Level 5:colcon.colcon_core.verb:set package 'final_bringup' build argument 'catkin_skip_building_tests' from command line to 'False'
[0.245s] DEBUG:colcon.colcon_core.verb:Building package 'final_bringup' with the following arguments: {'ament_cmake_args': None, 'build_base': '/home/cnutter/turtlebot4_ws/build/final_bringup', 'catkin_cmake_args': None, 'catkin_skip_building_tests': False, 'cmake_args': None, 'cmake_clean_cache': False, 'cmake_clean_first': False, 'cmake_force_configure': False, 'cmake_target': None, 'cmake_target_skip_unavailable': False, 'install_base': '/home/cnutter/turtlebot4_ws/install/final_bringup', 'merge_install': False, 'path': '/home/cnutter/turtlebot4_ws/src/final_bringup', 'symlink_install': False, 'test_result_base': None}
[0.245s] Level 5:colcon.colcon_core.verb:set package 'lab_bringup' build argument 'cmake_args' from command line to 'None'
[0.245s] Level 5:colcon.colcon_core.verb:set package 'lab_bringup' build argument 'cmake_target' from command line to 'None'
[0.245s] Level 5:colcon.colcon_core.verb:set package 'lab_bringup' build argument 'cmake_target_skip_unavailable' from command line to 'False'
[0.245s] Level 5:colcon.colcon_core.verb:set package 'lab_bringup' build argument 'cmake_clean_cache' from command line to 'False'
[0.245s] Level 5:colcon.colcon_core.verb:set package 'lab_bringup' build argument 'cmake_clean_first' from command line to 'False'
[0.245s] Level 5:colcon.colcon_core.verb:set package 'lab_bringup' build argument 'cmake_force_configure' from command line to 'False'
[0.245s] Level 5:colcon.colcon_core.verb:set package 'lab_bringup' build argument 'ament_cmake_args' from command line to 'None'
[0.245s] Level 5:colcon.colcon_core.verb:set package 'lab_bringup' build argument 'catkin_cmake_args' from command line to 'None'
[0.245s] Level 5:colcon.colcon_core.verb:set package 'lab_bringup' build argument 'catkin_skip_building_tests' from command line to 'False'
[0.245s] DEBUG:colcon.colcon_core.verb:Building package 'lab_bringup' with the following arguments: {'ament_cmake_args': None, 'build_base': '/home/cnutter/turtlebot4_ws/build/lab_bringup', 'catkin_cmake_args': None, 'catkin_skip_building_tests': False, 'cmake_args': None, 'cmake_clean_cache': False, 'cmake_clean_first': False, 'cmake_force_configure': False, 'cmake_target': None, 'cmake_target_skip_unavailable': False, 'install_base': '/home/cnutter/turtlebot4_ws/install/lab_bringup', 'merge_install': False, 'path': '/home/cnutter/turtlebot4_ws/src/lab_bringup', 'symlink_install': False, 'test_result_base': None}
[0.245s] INFO:colcon.colcon_core.executor:Executing jobs using 'parallel' executor
[0.246s] DEBUG:colcon.colcon_parallel_executor.executor.parallel:run_until_complete
[0.246s] INFO:colcon.colcon_ros.task.ament_cmake.build:Building ROS package in '/home/cnutter/turtlebot4_ws/src/custom_interfaces' with build type 'ament_cmake'
[0.246s] INFO:colcon.colcon_cmake.task.cmake.build:Building CMake package in '/home/cnutter/turtlebot4_ws/src/custom_interfaces'
[0.248s] INFO:colcon.colcon_core.plugin_system:Skipping extension 'colcon_core.shell.bat': Not used on non-Windows systems
[0.248s] INFO:colcon.colcon_core.shell:Skip shell extension 'powershell' for command environment: Not usable outside of PowerShell
[0.248s] DEBUG:colcon.colcon_core.shell:Skip shell extension 'dsv' for command environment
[0.253s] INFO:colcon.colcon_ros.task.ament_python.build:Building ROS package in '/home/cnutter/turtlebot4_ws/src/lab1_pkg' with build type 'ament_python'
[0.253s] Level 1:colcon.colcon_core.shell:create_environment_hook('lab1_pkg', 'ament_prefix_path')
[0.253s] INFO:colcon.colcon_core.shell:Creating environment hook '/home/cnutter/turtlebot4_ws/install/lab1_pkg/share/lab1_pkg/hook/ament_prefix_path.ps1'
[0.254s] INFO:colcon.colcon_core.shell:Creating environment descriptor '/home/cnutter/turtlebot4_ws/install/lab1_pkg/share/lab1_pkg/hook/ament_prefix_path.dsv'
[0.254s] INFO:colcon.colcon_core.shell:Creating environment hook '/home/cnutter/turtlebot4_ws/install/lab1_pkg/share/lab1_pkg/hook/ament_prefix_path.sh'
[0.255s] INFO:colcon.colcon_core.shell:Skip shell extension 'powershell' for command environment: Not usable outside of PowerShell
[0.255s] DEBUG:colcon.colcon_core.shell:Skip shell extension 'dsv' for command environment
[0.258s] INFO:colcon.colcon_ros.task.ament_python.build:Building ROS package in '/home/cnutter/turtlebot4_ws/src/lab2_pkg' with build type 'ament_python'
[0.259s] Level 1:colcon.colcon_core.shell:create_environment_hook('lab2_pkg', 'ament_prefix_path')
[0.259s] INFO:colcon.colcon_core.shell:Creating environment hook '/home/cnutter/turtlebot4_ws/install/lab2_pkg/share/lab2_pkg/hook/ament_prefix_path.ps1'
[0.259s] INFO:colcon.colcon_core.shell:Creating environment descriptor '/home/cnutter/turtlebot4_ws/install/lab2_pkg/share/lab2_pkg/hook/ament_prefix_path.dsv'
[0.260s] INFO:colcon.colcon_core.shell:Creating environment hook '/home/cnutter/turtlebot4_ws/install/lab2_pkg/share/lab2_pkg/hook/ament_prefix_path.sh'
[0.260s] INFO:colcon.colcon_core.shell:Skip shell extension 'powershell' for command environment: Not usable outside of PowerShell
[0.260s] DEBUG:colcon.colcon_core.shell:Skip shell extension 'dsv' for command environment
[0.276s] DEBUG:colcon.colcon_core.event_handler.log_command:Invoking command in '/home/cnutter/turtlebot4_ws/build/custom_interfaces': CMAKE_PREFIX_PATH=${CMAKE_PREFIX_PATH}:/home/cnutter/turtlebot4_ws/install/lab5_pkg:/home/cnutter/turtlebot4_ws/install/lab3_pkg:/home/cnutter/turtlebot4_ws/install/lab2_pkg:/home/cnutter/turtlebot4_ws/install/lab1_pkg:/home/cnutter/turtlebot4_ws/install/final:/opt/ros/jazzy /usr/bin/cmake --build /home/cnutter/turtlebot4_ws/build/custom_interfaces -- -j16 -l16
[0.525s] INFO:colcon.colcon_core.task.python.build:Building Python package in '/home/cnutter/turtlebot4_ws/src/lab1_pkg'
[0.525s] INFO:colcon.colcon_core.shell:Skip shell extension 'powershell' for command environment: Not usable outside of PowerShell
[0.525s] DEBUG:colcon.colcon_core.shell:Skip shell extension 'dsv' for command environment
[0.752s] INFO:colcon.colcon_core.task.python.build:Building Python package in '/home/cnutter/turtlebot4_ws/src/lab2_pkg'
[0.752s] INFO:colcon.colcon_core.shell:Skip shell extension 'powershell' for command environment: Not usable outside of PowerShell
[0.752s] DEBUG:colcon.colcon_core.shell:Skip shell extension 'dsv' for command environment
[0.759s] DEBUG:colcon.colcon_core.event_handler.log_command:Invoked command in '/home/cnutter/turtlebot4_ws/build/custom_interfaces' returned '0': CMAKE_PREFIX_PATH=${CMAKE_PREFIX_PATH}:/home/cnutter/turtlebot4_ws/install/lab5_pkg:/home/cnutter/turtlebot4_ws/install/lab3_pkg:/home/cnutter/turtlebot4_ws/install/lab2_pkg:/home/cnutter/turtlebot4_ws/install/lab1_pkg:/home/cnutter/turtlebot4_ws/install/final:/opt/ros/jazzy /usr/bin/cmake --build /home/cnutter/turtlebot4_ws/build/custom_interfaces -- -j16 -l16
[0.768s] DEBUG:colcon.colcon_core.event_handler.log_command:Invoking command in '/home/cnutter/turtlebot4_ws/build/custom_interfaces': CMAKE_PREFIX_PATH=${CMAKE_PREFIX_PATH}:/home/cnutter/turtlebot4_ws/install/lab5_pkg:/home/cnutter/turtlebot4_ws/install/lab3_pkg:/home/cnutter/turtlebot4_ws/install/lab2_pkg:/home/cnutter/turtlebot4_ws/install/lab1_pkg:/home/cnutter/turtlebot4_ws/install/final:/opt/ros/jazzy /usr/bin/cmake --install /home/cnutter/turtlebot4_ws/build/custom_interfaces
[0.825s] Level 1:colcon.colcon_core.environment:create_environment_scripts_only(custom_interfaces)
[0.829s] Level 1:colcon.colcon_core.environment:checking '/home/cnutter/turtlebot4_ws/install/custom_interfaces' for CMake module files
[0.830s] Level 1:colcon.colcon_core.environment:checking '/home/cnutter/turtlebot4_ws/install/custom_interfaces' for CMake config files
[0.832s] DEBUG:colcon.colcon_core.event_handler.log_command:Invoked command in '/home/cnutter/turtlebot4_ws/build/custom_interfaces' returned '0': CMAKE_PREFIX_PATH=${CMAKE_PREFIX_PATH}:/home/cnutter/turtlebot4_ws/install/lab5_pkg:/home/cnutter/turtlebot4_ws/install/lab3_pkg:/home/cnutter/turtlebot4_ws/install/lab2_pkg:/home/cnutter/turtlebot4_ws/install/lab1_pkg:/home/cnutter/turtlebot4_ws/install/final:/opt/ros/jazzy /usr/bin/cmake --install /home/cnutter/turtlebot4_ws/build/custom_interfaces
[0.832s] Level 1:colcon.colcon_core.shell:create_environment_hook('custom_interfaces', 'cmake_prefix_path')
[0.832s] INFO:colcon.colcon_core.shell:Creating environment hook '/home/cnutter/turtlebot4_ws/install/custom_interfaces/share/custom_interfaces/hook/cmake_prefix_path.ps1'
[0.833s] INFO:colcon.colcon_core.shell:Creating environment descriptor '/home/cnutter/turtlebot4_ws/install/custom_interfaces/share/custom_interfaces/hook/cmake_prefix_path.dsv'
[0.833s] INFO:colcon.colcon_core.shell:Creating environment hook '/home/cnutter/turtlebot4_ws/install/custom_interfaces/share/custom_interfaces/hook/cmake_prefix_path.sh'
[0.834s] Level 1:colcon.colcon_core.environment:checking '/home/cnutter/turtlebot4_ws/install/custom_interfaces/lib'
[0.834s] Level 1:colcon.colcon_core.shell:create_environment_hook('custom_interfaces', 'ld_library_path_lib')
[0.834s] INFO:colcon.colcon_core.shell:Creating environment hook '/home/cnutter/turtlebot4_ws/install/custom_interfaces/share/custom_interfaces/hook/ld_library_path_lib.ps1'
[0.835s] INFO:colcon.colcon_core.shell:Creating environment descriptor '/home/cnutter/turtlebot4_ws/install/custom_interfaces/share/custom_interfaces/hook/ld_library_path_lib.dsv'
[0.835s] INFO:colcon.colcon_core.shell:Creating environment hook '/home/cnutter/turtlebot4_ws/install/custom_interfaces/share/custom_interfaces/hook/ld_library_path_lib.sh'
[0.836s] Level 1:colcon.colcon_core.environment:checking '/home/cnutter/turtlebot4_ws/install/custom_interfaces/bin'
[0.836s] Level 1:colcon.colcon_core.environment:checking '/home/cnutter/turtlebot4_ws/install/custom_interfaces/lib/pkgconfig/custom_interfaces.pc'
[0.836s] Level 1:colcon.colcon_core.environment:checking '/home/cnutter/turtlebot4_ws/install/custom_interfaces/lib/python3.12/site-packages'
[0.836s] Level 1:colcon.colcon_core.shell:create_environment_hook('custom_interfaces', 'pythonpath')
[0.836s] INFO:colcon.colcon_core.shell:Creating environment hook '/home/cnutter/turtlebot4_ws/install/custom_interfaces/share/custom_interfaces/hook/pythonpath.ps1'
[0.836s] INFO:colcon.colcon_core.shell:Creating environment descriptor '/home/cnutter/turtlebot4_ws/install/custom_interfaces/share/custom_interfaces/hook/pythonpath.dsv'
[0.837s] INFO:colcon.colcon_core.shell:Creating environment hook '/home/cnutter/turtlebot4_ws/install/custom_interfaces/share/custom_interfaces/hook/pythonpath.sh'
[0.838s] Level 1:colcon.colcon_core.environment:checking '/home/cnutter/turtlebot4_ws/install/custom_interfaces/bin'
[0.838s] INFO:colcon.colcon_core.shell:Creating package script '/home/cnutter/turtlebot4_ws/install/custom_interfaces/share/custom_interfaces/package.ps1'
[0.839s] INFO:colcon.colcon_core.shell:Creating package descriptor '/home/cnutter/turtlebot4_ws/install/custom_interfaces/share/custom_interfaces/package.dsv'
[0.840s] INFO:colcon.colcon_core.shell:Creating package script '/home/cnutter/turtlebot4_ws/install/custom_interfaces/share/custom_interfaces/package.sh'
[0.841s] INFO:colcon.colcon_core.shell:Creating package script '/home/cnutter/turtlebot4_ws/install/custom_interfaces/share/custom_interfaces/package.bash'
[0.842s] INFO:colcon.colcon_core.shell:Creating package script '/home/cnutter/turtlebot4_ws/install/custom_interfaces/share/custom_interfaces/package.zsh'
[0.842s] Level 1:colcon.colcon_core.environment:create_file_with_runtime_dependencies(/home/cnutter/turtlebot4_ws/install/custom_interfaces/share/colcon-core/packages/custom_interfaces)
[0.843s] Level 1:colcon.colcon_core.environment:create_environment_scripts_only(custom_interfaces)
[0.844s] Level 1:colcon.colcon_core.environment:checking '/home/cnutter/turtlebot4_ws/install/custom_interfaces' for CMake module files
[0.845s] Level 1:colcon.colcon_core.environment:checking '/home/cnutter/turtlebot4_ws/install/custom_interfaces' for CMake config files
[0.845s] Level 1:colcon.colcon_core.shell:create_environment_hook('custom_interfaces', 'cmake_prefix_path')
[0.846s] INFO:colcon.colcon_core.shell:Creating environment hook '/home/cnutter/turtlebot4_ws/install/custom_interfaces/share/custom_interfaces/hook/cmake_prefix_path.ps1'
[0.846s] INFO:colcon.colcon_core.shell:Creating environment descriptor '/home/cnutter/turtlebot4_ws/install/custom_interfaces/share/custom_interfaces/hook/cmake_prefix_path.dsv'
[0.847s] INFO:colcon.colcon_core.shell:Creating environment hook '/home/cnutter/turtlebot4_ws/install/custom_interfaces/share/custom_interfaces/hook/cmake_prefix_path.sh'
[0.849s] Level 1:colcon.colcon_core.environment:checking '/home/cnutter/turtlebot4_ws/install/custom_interfaces/lib'
[0.849s] Level 1:colcon.colcon_core.shell:create_environment_hook('custom_interfaces', 'ld_library_path_lib')
[0.849s] INFO:colcon.colcon_core.shell:Creating environment hook '/home/cnutter/turtlebot4_ws/install/custom_interfaces/share/custom_interfaces/hook/ld_library_path_lib.ps1'
[0.852s] INFO:colcon.colcon_core.shell:Creating environment descriptor '/home/cnutter/turtlebot4_ws/install/custom_interfaces/share/custom_interfaces/hook/ld_library_path_lib.dsv'
[0.852s] INFO:colcon.colcon_core.shell:Creating environment hook '/home/cnutter/turtlebot4_ws/install/custom_interfaces/share/custom_interfaces/hook/ld_library_path_lib.sh'
[0.853s] Level 1:colcon.colcon_core.environment:checking '/home/cnutter/turtlebot4_ws/install/custom_interfaces/bin'
[0.853s] Level 1:colcon.colcon_core.environment:checking '/home/cnutter/turtlebot4_ws/install/custom_interfaces/lib/pkgconfig/custom_interfaces.pc'
[0.853s] Level 1:colcon.colcon_core.environment:checking '/home/cnutter/turtlebot4_ws/install/custom_interfaces/lib/python3.12/site-packages'
[0.853s] Level 1:colcon.colcon_core.shell:create_environment_hook('custom_interfaces', 'pythonpath')
[0.853s] INFO:colcon.colcon_core.shell:Creating environment hook '/home/cnutter/turtlebot4_ws/install/custom_interfaces/share/custom_interfaces/hook/pythonpath.ps1'
[0.854s] INFO:colcon.colcon_core.shell:Creating environment descriptor '/home/cnutter/turtlebot4_ws/install/custom_interfaces/share/custom_interfaces/hook/pythonpath.dsv'
[0.854s] INFO:colcon.colcon_core.shell:Creating environment hook '/home/cnutter/turtlebot4_ws/install/custom_interfaces/share/custom_interfaces/hook/pythonpath.sh'
[0.856s] Level 1:colcon.colcon_core.environment:checking '/home/cnutter/turtlebot4_ws/install/custom_interfaces/bin'
[0.857s] INFO:colcon.colcon_core.shell:Creating package script '/home/cnutter/turtlebot4_ws/install/custom_interfaces/share/custom_interfaces/package.ps1'
[0.884s] INFO:colcon.colcon_core.shell:Creating package descriptor '/home/cnutter/turtlebot4_ws/install/custom_interfaces/share/custom_interfaces/package.dsv'
[0.884s] INFO:colcon.colcon_core.shell:Creating package script '/home/cnutter/turtlebot4_ws/install/custom_interfaces/share/custom_interfaces/package.sh'
[0.885s] INFO:colcon.colcon_core.shell:Creating package script '/home/cnutter/turtlebot4_ws/install/custom_interfaces/share/custom_interfaces/package.bash'
[0.885s] INFO:colcon.colcon_core.shell:Creating package script '/home/cnutter/turtlebot4_ws/install/custom_interfaces/share/custom_interfaces/package.zsh'
[0.886s] Level 1:colcon.colcon_core.environment:create_file_with_runtime_dependencies(/home/cnutter/turtlebot4_ws/install/custom_interfaces/share/colcon-core/packages/custom_interfaces)
[0.886s] INFO:colcon.colcon_ros.task.ament_python.build:Building ROS package in '/home/cnutter/turtlebot4_ws/src/lab3_pkg' with build type 'ament_python'
[0.886s] Level 1:colcon.colcon_core.shell:create_environment_hook('lab3_pkg', 'ament_prefix_path')
[0.886s] INFO:colcon.colcon_core.shell:Creating environment hook '/home/cnutter/turtlebot4_ws/install/lab3_pkg/share/lab3_pkg/hook/ament_prefix_path.ps1'
[0.887s] INFO:colcon.colcon_core.shell:Creating environment descriptor '/home/cnutter/turtlebot4_ws/install/lab3_pkg/share/lab3_pkg/hook/ament_prefix_path.dsv'
[0.888s] INFO:colcon.colcon_core.shell:Creating environment hook '/home/cnutter/turtlebot4_ws/install/lab3_pkg/share/lab3_pkg/hook/ament_prefix_path.sh'
[0.889s] INFO:colcon.colcon_core.shell:Skip shell extension 'powershell' for command environment: Not usable outside of PowerShell
[0.889s] DEBUG:colcon.colcon_core.shell:Skip shell extension 'dsv' for command environment
[0.895s] INFO:colcon.colcon_ros.task.ament_python.build:Building ROS package in '/home/cnutter/turtlebot4_ws/src/final' with build type 'ament_python'
[0.896s] Level 1:colcon.colcon_core.shell:create_environment_hook('final', 'ament_prefix_path')
[0.896s] INFO:colcon.colcon_core.shell:Creating environment hook '/home/cnutter/turtlebot4_ws/install/final/share/final/hook/ament_prefix_path.ps1'
[0.897s] INFO:colcon.colcon_core.shell:Creating environment descriptor '/home/cnutter/turtlebot4_ws/install/final/share/final/hook/ament_prefix_path.dsv'
[0.897s] INFO:colcon.colcon_core.shell:Creating environment hook '/home/cnutter/turtlebot4_ws/install/final/share/final/hook/ament_prefix_path.sh'
[0.898s] INFO:colcon.colcon_core.shell:Skip shell extension 'powershell' for command environment: Not usable outside of PowerShell
[0.898s] DEBUG:colcon.colcon_core.shell:Skip shell extension 'dsv' for command environment
[0.904s] INFO:colcon.colcon_ros.task.ament_python.build:Building ROS package in '/home/cnutter/turtlebot4_ws/src/lab5_pkg' with build type 'ament_python'
[0.904s] Level 1:colcon.colcon_core.shell:create_environment_hook('lab5_pkg', 'ament_prefix_path')
[0.904s] INFO:colcon.colcon_core.shell:Creating environment hook '/home/cnutter/turtlebot4_ws/install/lab5_pkg/share/lab5_pkg/hook/ament_prefix_path.ps1'
[0.905s] INFO:colcon.colcon_core.shell:Creating environment descriptor '/home/cnutter/turtlebot4_ws/install/lab5_pkg/share/lab5_pkg/hook/ament_prefix_path.dsv'
[0.905s] INFO:colcon.colcon_core.shell:Creating environment hook '/home/cnutter/turtlebot4_ws/install/lab5_pkg/share/lab5_pkg/hook/ament_prefix_path.sh'
[0.906s] INFO:colcon.colcon_core.shell:Skip shell extension 'powershell' for command environment: Not usable outside of PowerShell
[0.907s] DEBUG:colcon.colcon_core.shell:Skip shell extension 'dsv' for command environment
[1.140s] INFO:colcon.colcon_core.task.python.build:Building Python package in '/home/cnutter/turtlebot4_ws/src/lab3_pkg'
[1.140s] INFO:colcon.colcon_core.shell:Skip shell extension 'powershell' for command environment: Not usable outside of PowerShell
[1.140s] DEBUG:colcon.colcon_core.shell:Skip shell extension 'dsv' for command environment
[1.347s] INFO:colcon.colcon_core.task.python.build:Building Python package in '/home/cnutter/turtlebot4_ws/src/final'
[1.347s] INFO:colcon.colcon_core.shell:Skip shell extension 'powershell' for command environment: Not usable outside of PowerShell
[1.347s] DEBUG:colcon.colcon_core.shell:Skip shell extension 'dsv' for command environment
[1.565s] INFO:colcon.colcon_core.task.python.build:Building Python package in '/home/cnutter/turtlebot4_ws/src/lab5_pkg'
[1.566s] INFO:colcon.colcon_core.shell:Skip shell extension 'powershell' for command environment: Not usable outside of PowerShell
[1.566s] DEBUG:colcon.colcon_core.shell:Skip shell extension 'dsv' for command environment
[1.577s] DEBUG:colcon.colcon_core.event_handler.log_command:Invoking command in '/home/cnutter/turtlebot4_ws/src/lab1_pkg': PYTHONPATH=/home/cnutter/turtlebot4_ws/build/lab1_pkg/prefix_override:/usr/lib/python3/dist-packages/colcon_core/task/python/colcon_distutils_commands:/home/cnutter/turtlebot4_ws/install/lab1_pkg/lib/python3.12/site-packages:${PYTHONPATH} /usr/bin/python3 -W ignore:setup.py install is deprecated -W ignore:easy_install command is deprecated setup.py egg_info --egg-base ../../build/lab1_pkg build --build-base /home/cnutter/turtlebot4_ws/build/lab1_pkg/build install --record /home/cnutter/turtlebot4_ws/build/lab1_pkg/install.log --single-version-externally-managed install_data
[1.579s] DEBUG:colcon.colcon_core.event_handler.log_command:Invoking command in '/home/cnutter/turtlebot4_ws/src/lab2_pkg': PYTHONPATH=/home/cnutter/turtlebot4_ws/build/lab2_pkg/prefix_override:/usr/lib/python3/dist-packages/colcon_core/task/python/colcon_distutils_commands:/home/cnutter/turtlebot4_ws/install/lab2_pkg/lib/python3.12/site-packages:${PYTHONPATH} /usr/bin/python3 -W ignore:setup.py install is deprecated -W ignore:easy_install command is deprecated setup.py egg_info --egg-base ../../build/lab2_pkg build --build-base /home/cnutter/turtlebot4_ws/build/lab2_pkg/build install --record /home/cnutter/turtlebot4_ws/build/lab2_pkg/install.log --single-version-externally-managed install_data
[2.203s] Level 1:colcon.colcon_core.environment:checking '/home/cnutter/turtlebot4_ws/install/lab1_pkg' for CMake module files
[2.203s] DEBUG:colcon.colcon_core.event_handler.log_command:Invoked command in '/home/cnutter/turtlebot4_ws/src/lab1_pkg' returned '0': PYTHONPATH=/home/cnutter/turtlebot4_ws/build/lab1_pkg/prefix_override:/usr/lib/python3/dist-packages/colcon_core/task/python/colcon_distutils_commands:/home/cnutter/turtlebot4_ws/install/lab1_pkg/lib/python3.12/site-packages:${PYTHONPATH} /usr/bin/python3 -W ignore:setup.py install is deprecated -W ignore:easy_install command is deprecated setup.py egg_info --egg-base ../../build/lab1_pkg build --build-base /home/cnutter/turtlebot4_ws/build/lab1_pkg/build install --record /home/cnutter/turtlebot4_ws/build/lab1_pkg/install.log --single-version-externally-managed install_data
[2.203s] Level 1:colcon.colcon_core.environment:checking '/home/cnutter/turtlebot4_ws/install/lab1_pkg' for CMake config files
[2.204s] Level 1:colcon.colcon_core.environment:checking '/home/cnutter/turtlebot4_ws/install/lab1_pkg/lib'
[2.204s] Level 1:colcon.colcon_core.environment:checking '/home/cnutter/turtlebot4_ws/install/lab1_pkg/bin'
[2.204s] Level 1:colcon.colcon_core.environment:checking '/home/cnutter/turtlebot4_ws/install/lab1_pkg/lib/pkgconfig/lab1_pkg.pc'
[2.204s] Level 1:colcon.colcon_core.environment:checking '/home/cnutter/turtlebot4_ws/install/lab1_pkg/lib/python3.12/site-packages'
[2.204s] Level 1:colcon.colcon_core.shell:create_environment_hook('lab1_pkg', 'pythonpath')
[2.204s] INFO:colcon.colcon_core.shell:Creating environment hook '/home/cnutter/turtlebot4_ws/install/lab1_pkg/share/lab1_pkg/hook/pythonpath.ps1'
[2.205s] INFO:colcon.colcon_core.shell:Creating environment descriptor '/home/cnutter/turtlebot4_ws/install/lab1_pkg/share/lab1_pkg/hook/pythonpath.dsv'
[2.205s] INFO:colcon.colcon_core.shell:Creating environment hook '/home/cnutter/turtlebot4_ws/install/lab1_pkg/share/lab1_pkg/hook/pythonpath.sh'
[2.206s] Level 1:colcon.colcon_core.environment:checking '/home/cnutter/turtlebot4_ws/install/lab1_pkg/bin'
[2.206s] Level 1:colcon.colcon_core.environment:create_environment_scripts_only(lab1_pkg)
[2.206s] INFO:colcon.colcon_core.shell:Creating package script '/home/cnutter/turtlebot4_ws/install/lab1_pkg/share/lab1_pkg/package.ps1'
[2.207s] INFO:colcon.colcon_core.shell:Creating package descriptor '/home/cnutter/turtlebot4_ws/install/lab1_pkg/share/lab1_pkg/package.dsv'
[2.207s] INFO:colcon.colcon_core.shell:Creating package script '/home/cnutter/turtlebot4_ws/install/lab1_pkg/share/lab1_pkg/package.sh'
[2.208s] INFO:colcon.colcon_core.shell:Creating package script '/home/cnutter/turtlebot4_ws/install/lab1_pkg/share/lab1_pkg/package.bash'
[2.208s] INFO:colcon.colcon_core.shell:Creating package script '/home/cnutter/turtlebot4_ws/install/lab1_pkg/share/lab1_pkg/package.zsh'
[2.209s] Level 1:colcon.colcon_core.environment:create_file_with_runtime_dependencies(/home/cnutter/turtlebot4_ws/install/lab1_pkg/share/colcon-core/packages/lab1_pkg)
[2.219s] Level 1:colcon.colcon_core.environment:checking '/home/cnutter/turtlebot4_ws/install/lab2_pkg' for CMake module files
[2.219s] DEBUG:colcon.colcon_core.event_handler.log_command:Invoked command in '/home/cnutter/turtlebot4_ws/src/lab2_pkg' returned '0': PYTHONPATH=/home/cnutter/turtlebot4_ws/build/lab2_pkg/prefix_override:/usr/lib/python3/dist-packages/colcon_core/task/python/colcon_distutils_commands:/home/cnutter/turtlebot4_ws/install/lab2_pkg/lib/python3.12/site-packages:${PYTHONPATH} /usr/bin/python3 -W ignore:setup.py install is deprecated -W ignore:easy_install command is deprecated setup.py egg_info --egg-base ../../build/lab2_pkg build --build-base /home/cnutter/turtlebot4_ws/build/lab2_pkg/build install --record /home/cnutter/turtlebot4_ws/build/lab2_pkg/install.log --single-version-externally-managed install_data
[2.219s] Level 1:colcon.colcon_core.environment:checking '/home/cnutter/turtlebot4_ws/install/lab2_pkg' for CMake config files
[2.220s] Level 1:colcon.colcon_core.environment:checking '/home/cnutter/turtlebot4_ws/install/lab2_pkg/lib'
[2.220s] Level 1:colcon.colcon_core.environment:checking '/home/cnutter/turtlebot4_ws/install/lab2_pkg/bin'
[2.220s] Level 1:colcon.colcon_core.environment:checking '/home/cnutter/turtlebot4_ws/install/lab2_pkg/lib/pkgconfig/lab2_pkg.pc'
[2.220s] Level 1:colcon.colcon_core.environment:checking '/home/cnutter/turtlebot4_ws/install/lab2_pkg/lib/python3.12/site-packages'
[2.220s] Level 1:colcon.colcon_core.shell:create_environment_hook('lab2_pkg', 'pythonpath')
[2.220s] INFO:colcon.colcon_core.shell:Creating environment hook '/home/cnutter/turtlebot4_ws/install/lab2_pkg/share/lab2_pkg/hook/pythonpath.ps1'
[2.221s] INFO:colcon.colcon_core.shell:Creating environment descriptor '/home/cnutter/turtlebot4_ws/install/lab2_pkg/share/lab2_pkg/hook/pythonpath.dsv'
[2.221s] INFO:colcon.colcon_core.shell:Creating environment hook '/home/cnutter/turtlebot4_ws/install/lab2_pkg/share/lab2_pkg/hook/pythonpath.sh'
[2.222s] Level 1:colcon.colcon_core.environment:checking '/home/cnutter/turtlebot4_ws/install/lab2_pkg/bin'
[2.222s] Level 1:colcon.colcon_core.environment:create_environment_scripts_only(lab2_pkg)
[2.222s] INFO:colcon.colcon_core.shell:Creating package script '/home/cnutter/turtlebot4_ws/install/lab2_pkg/share/lab2_pkg/package.ps1'
[2.223s] INFO:colcon.colcon_core.shell:Creating package descriptor '/home/cnutter/turtlebot4_ws/install/lab2_pkg/share/lab2_pkg/package.dsv'
[2.223s] INFO:colcon.colcon_core.shell:Creating package script '/home/cnutter/turtlebot4_ws/install/lab2_pkg/share/lab2_pkg/package.sh'
[2.224s] INFO:colcon.colcon_core.shell:Creating package script '/home/cnutter/turtlebot4_ws/install/lab2_pkg/share/lab2_pkg/package.bash'
[2.224s] INFO:colcon.colcon_core.shell:Creating package script '/home/cnutter/turtlebot4_ws/install/lab2_pkg/share/lab2_pkg/package.zsh'
[2.225s] Level 1:colcon.colcon_core.environment:create_file_with_runtime_dependencies(/home/cnutter/turtlebot4_ws/install/lab2_pkg/share/colcon-core/packages/lab2_pkg)
[2.280s] DEBUG:colcon.colcon_core.event_handler.log_command:Invoking command in '/home/cnutter/turtlebot4_ws/src/final': CMAKE_PREFIX_PATH=/home/cnutter/turtlebot4_ws/install/custom_interfaces:/home/cnutter/turtlebot4_ws/install/lab_bringup:/home/cnutter/turtlebot4_ws/install/final_bringup:/opt/ros/jazzy/opt/gz_sim_vendor:/opt/ros/jazzy/opt/gz_sensors_vendor:/opt/ros/jazzy/opt/gz_physics_vendor:/opt/ros/jazzy/opt/sdformat_vendor:/opt/ros/jazzy/opt/gz_gui_vendor:/opt/ros/jazzy/opt/gz_transport_vendor:/opt/ros/jazzy/opt/gz_rendering_vendor:/opt/ros/jazzy/opt/gz_plugin_vendor:/opt/ros/jazzy/opt/gz_fuel_tools_vendor:/opt/ros/jazzy/opt/gz_msgs_vendor:/opt/ros/jazzy/opt/gz_common_vendor:/opt/ros/jazzy/opt/gz_math_vendor:/opt/ros/jazzy/opt/gz_utils_vendor:/opt/ros/jazzy/opt/gz_tools_vendor:/opt/ros/jazzy/opt/gz_ogre_next_vendor:/opt/ros/jazzy/opt/gz_dartsim_vendor:/opt/ros/jazzy/opt/gz_cmake_vendor PYTHONPATH=/home/cnutter/turtlebot4_ws/build/final/prefix_override:/usr/lib/python3/dist-packages/colcon_core/task/python/colcon_distutils_commands:/home/cnutter/turtlebot4_ws/install/final/lib/python3.12/site-packages:/home/cnutter/turtlebot4_ws/install/custom_interfaces/lib/python3.12/site-packages:/home/cnutter/turtlebot4_ws/install/lab5_pkg/lib/python3.12/site-packages:/home/cnutter/turtlebot4_ws/install/lab3_pkg/lib/python3.12/site-packages:/home/cnutter/turtlebot4_ws/install/lab2_pkg/lib/python3.12/site-packages:/home/cnutter/turtlebot4_ws/install/lab1_pkg/lib/python3.12/site-packages:/home/cnutter/turtlebot4_ws/install/final/lib/python3.12/site-packages:/opt/ros/jazzy/lib/python3.12/site-packages /usr/bin/python3 -W ignore:setup.py install is deprecated -W ignore:easy_install command is deprecated setup.py egg_info --egg-base ../../build/final build --build-base /home/cnutter/turtlebot4_ws/build/final/build install --record /home/cnutter/turtlebot4_ws/build/final/install.log --single-version-externally-managed install_data
[2.284s] DEBUG:colcon.colcon_core.event_handler.log_command:Invoking command in '/home/cnutter/turtlebot4_ws/src/lab3_pkg': CMAKE_PREFIX_PATH=/home/cnutter/turtlebot4_ws/install/custom_interfaces:/home/cnutter/turtlebot4_ws/install/lab_bringup:/home/cnutter/turtlebot4_ws/install/final_bringup:/opt/ros/jazzy/opt/gz_sim_vendor:/opt/ros/jazzy/opt/gz_sensors_vendor:/opt/ros/jazzy/opt/gz_physics_vendor:/opt/ros/jazzy/opt/sdformat_vendor:/opt/ros/jazzy/opt/gz_gui_vendor:/opt/ros/jazzy/opt/gz_transport_vendor:/opt/ros/jazzy/opt/gz_rendering_vendor:/opt/ros/jazzy/opt/gz_plugin_vendor:/opt/ros/jazzy/opt/gz_fuel_tools_vendor:/opt/ros/jazzy/opt/gz_msgs_vendor:/opt/ros/jazzy/opt/gz_common_vendor:/opt/ros/jazzy/opt/gz_math_vendor:/opt/ros/jazzy/opt/gz_utils_vendor:/opt/ros/jazzy/opt/gz_tools_vendor:/opt/ros/jazzy/opt/gz_ogre_next_vendor:/opt/ros/jazzy/opt/gz_dartsim_vendor:/opt/ros/jazzy/opt/gz_cmake_vendor PYTHONPATH=/home/cnutter/turtlebot4_ws/build/lab3_pkg/prefix_override:/usr/lib/python3/dist-packages/colcon_core/task/python/colcon_distutils_commands:/home/cnutter/turtlebot4_ws/install/lab3_pkg/lib/python3.12/site-packages:/home/cnutter/turtlebot4_ws/install/custom_interfaces/lib/python3.12/site-packages:/home/cnutter/turtlebot4_ws/install/lab5_pkg/lib/python3.12/site-packages:/home/cnutter/turtlebot4_ws/install/lab3_pkg/lib/python3.12/site-packages:/home/cnutter/turtlebot4_ws/install/lab2_pkg/lib/python3.12/site-packages:/home/cnutter/turtlebot4_ws/install/lab1_pkg/lib/python3.12/site-packages:/home/cnutter/turtlebot4_ws/install/final/lib/python3.12/site-packages:/opt/ros/jazzy/lib/python3.12/site-packages /usr/bin/python3 -W ignore:setup.py install is deprecated -W ignore:easy_install command is deprecated setup.py egg_info --egg-base ../../build/lab3_pkg build --build-base /home/cnutter/turtlebot4_ws/build/lab3_pkg/build install --record /home/cnutter/turtlebot4_ws/build/lab3_pkg/install.log --single-version-externally-managed install_data
[2.302s] DEBUG:colcon.colcon_core.event_handler.log_command:Invoking command in '/home/cnutter/turtlebot4_ws/src/lab5_pkg': CMAKE_PREFIX_PATH=/home/cnutter/turtlebot4_ws/install/custom_interfaces:/home/cnutter/turtlebot4_ws/install/lab_bringup:/home/cnutter/turtlebot4_ws/install/final_bringup:/opt/ros/jazzy/opt/gz_sim_vendor:/opt/ros/jazzy/opt/gz_sensors_vendor:/opt/ros/jazzy/opt/gz_physics_vendor:/opt/ros/jazzy/opt/sdformat_vendor:/opt/ros/jazzy/opt/gz_gui_vendor:/opt/ros/jazzy/opt/gz_transport_vendor:/opt/ros/jazzy/opt/gz_rendering_vendor:/opt/ros/jazzy/opt/gz_plugin_vendor:/opt/ros/jazzy/opt/gz_fuel_tools_vendor:/opt/ros/jazzy/opt/gz_msgs_vendor:/opt/ros/jazzy/opt/gz_common_vendor:/opt/ros/jazzy/opt/gz_math_vendor:/opt/ros/jazzy/opt/gz_utils_vendor:/opt/ros/jazzy/opt/gz_tools_vendor:/opt/ros/jazzy/opt/gz_ogre_next_vendor:/opt/ros/jazzy/opt/gz_dartsim_vendor:/opt/ros/jazzy/opt/gz_cmake_vendor PYTHONPATH=/home/cnutter/turtlebot4_ws/build/lab5_pkg/prefix_override:/usr/lib/python3/dist-packages/colcon_core/task/python/colcon_distutils_commands:/home/cnutter/turtlebot4_ws/install/lab5_pkg/lib/python3.12/site-packages:/home/cnutter/turtlebot4_ws/install/custom_interfaces/lib/python3.12/site-packages:/home/cnutter/turtlebot4_ws/install/lab5_pkg/lib/python3.12/site-packages:/home/cnutter/turtlebot4_ws/install/lab3_pkg/lib/python3.12/site-packages:/home/cnutter/turtlebot4_ws/install/lab2_pkg/lib/python3.12/site-packages:/home/cnutter/turtlebot4_ws/install/lab1_pkg/lib/python3.12/site-packages:/home/cnutter/turtlebot4_ws/install/final/lib/python3.12/site-packages:/opt/ros/jazzy/lib/python3.12/site-packages /usr/bin/python3 -W ignore:setup.py install is deprecated -W ignore:easy_install command is deprecated setup.py egg_info --egg-base ../../build/lab5_pkg build --build-base /home/cnutter/turtlebot4_ws/build/lab5_pkg/build install --record /home/cnutter/turtlebot4_ws/build/lab5_pkg/install.log --single-version-externally-managed install_data
[2.931s] Level 1:colcon.colcon_core.environment:checking '/home/cnutter/turtlebot4_ws/install/final' for CMake module files
[2.932s] DEBUG:colcon.colcon_core.event_handler.log_command:Invoked command in '/home/cnutter/turtlebot4_ws/src/final' returned '0': CMAKE_PREFIX_PATH=/home/cnutter/turtlebot4_ws/install/custom_interfaces:/home/cnutter/turtlebot4_ws/install/lab_bringup:/home/cnutter/turtlebot4_ws/install/final_bringup:/opt/ros/jazzy/opt/gz_sim_vendor:/opt/ros/jazzy/opt/gz_sensors_vendor:/opt/ros/jazzy/opt/gz_physics_vendor:/opt/ros/jazzy/opt/sdformat_vendor:/opt/ros/jazzy/opt/gz_gui_vendor:/opt/ros/jazzy/opt/gz_transport_vendor:/opt/ros/jazzy/opt/gz_rendering_vendor:/opt/ros/jazzy/opt/gz_plugin_vendor:/opt/ros/jazzy/opt/gz_fuel_tools_vendor:/opt/ros/jazzy/opt/gz_msgs_vendor:/opt/ros/jazzy/opt/gz_common_vendor:/opt/ros/jazzy/opt/gz_math_vendor:/opt/ros/jazzy/opt/gz_utils_vendor:/opt/ros/jazzy/opt/gz_tools_vendor:/opt/ros/jazzy/opt/gz_ogre_next_vendor:/opt/ros/jazzy/opt/gz_dartsim_vendor:/opt/ros/jazzy/opt/gz_cmake_vendor PYTHONPATH=/home/cnutter/turtlebot4_ws/build/final/prefix_override:/usr/lib/python3/dist-packages/colcon_core/task/python/colcon_distutils_commands:/home/cnutter/turtlebot4_ws/install/final/lib/python3.12/site-packages:/home/cnutter/turtlebot4_ws/install/custom_interfaces/lib/python3.12/site-packages:/home/cnutter/turtlebot4_ws/install/lab5_pkg/lib/python3.12/site-packages:/home/cnutter/turtlebot4_ws/install/lab3_pkg/lib/python3.12/site-packages:/home/cnutter/turtlebot4_ws/install/lab2_pkg/lib/python3.12/site-packages:/home/cnutter/turtlebot4_ws/install/lab1_pkg/lib/python3.12/site-packages:/home/cnutter/turtlebot4_ws/install/final/lib/python3.12/site-packages:/opt/ros/jazzy/lib/python3.12/site-packages /usr/bin/python3 -W ignore:setup.py install is deprecated -W ignore:easy_install command is deprecated setup.py egg_info --egg-base ../../build/final build --build-base /home/cnutter/turtlebot4_ws/build/final/build install --record /home/cnutter/turtlebot4_ws/build/final/install.log --single-version-externally-managed install_data
[2.932s] Level 1:colcon.colcon_core.environment:checking '/home/cnutter/turtlebot4_ws/install/final' for CMake config files
[2.933s] Level 1:colcon.colcon_core.environment:checking '/home/cnutter/turtlebot4_ws/install/final/lib'
[2.933s] Level 1:colcon.colcon_core.environment:checking '/home/cnutter/turtlebot4_ws/install/final/bin'
[2.933s] Level 1:colcon.colcon_core.environment:checking '/home/cnutter/turtlebot4_ws/install/final/lib/pkgconfig/final.pc'
[2.933s] Level 1:colcon.colcon_core.environment:checking '/home/cnutter/turtlebot4_ws/install/final/lib/python3.12/site-packages'
[2.933s] Level 1:colcon.colcon_core.shell:create_environment_hook('final', 'pythonpath')
[2.933s] INFO:colcon.colcon_core.shell:Creating environment hook '/home/cnutter/turtlebot4_ws/install/final/share/final/hook/pythonpath.ps1'
[2.934s] INFO:colcon.colcon_core.shell:Creating environment descriptor '/home/cnutter/turtlebot4_ws/install/final/share/final/hook/pythonpath.dsv'
[2.934s] INFO:colcon.colcon_core.shell:Creating environment hook '/home/cnutter/turtlebot4_ws/install/final/share/final/hook/pythonpath.sh'
[2.935s] Level 1:colcon.colcon_core.environment:checking '/home/cnutter/turtlebot4_ws/install/final/bin'
[2.935s] Level 1:colcon.colcon_core.environment:create_environment_scripts_only(final)
[2.935s] INFO:colcon.colcon_core.shell:Creating package script '/home/cnutter/turtlebot4_ws/install/final/share/final/package.ps1'
[2.936s] INFO:colcon.colcon_core.shell:Creating package descriptor '/home/cnutter/turtlebot4_ws/install/final/share/final/package.dsv'
[2.936s] INFO:colcon.colcon_core.shell:Creating package script '/home/cnutter/turtlebot4_ws/install/final/share/final/package.sh'
[2.937s] INFO:colcon.colcon_core.shell:Creating package script '/home/cnutter/turtlebot4_ws/install/final/share/final/package.bash'
[2.937s] INFO:colcon.colcon_core.shell:Creating package script '/home/cnutter/turtlebot4_ws/install/final/share/final/package.zsh'
[2.937s] Level 1:colcon.colcon_core.environment:create_file_with_runtime_dependencies(/home/cnutter/turtlebot4_ws/install/final/share/colcon-core/packages/final)
[2.938s] Level 1:colcon.colcon_core.environment:checking '/home/cnutter/turtlebot4_ws/install/lab5_pkg' for CMake module files
[2.939s] Level 1:colcon.colcon_core.environment:checking '/home/cnutter/turtlebot4_ws/install/lab5_pkg' for CMake config files
[2.939s] DEBUG:colcon.colcon_core.event_handler.log_command:Invoked command in '/home/cnutter/turtlebot4_ws/src/lab5_pkg' returned '0': CMAKE_PREFIX_PATH=/home/cnutter/turtlebot4_ws/install/custom_interfaces:/home/cnutter/turtlebot4_ws/install/lab_bringup:/home/cnutter/turtlebot4_ws/install/final_bringup:/opt/ros/jazzy/opt/gz_sim_vendor:/opt/ros/jazzy/opt/gz_sensors_vendor:/opt/ros/jazzy/opt/gz_physics_vendor:/opt/ros/jazzy/opt/sdformat_vendor:/opt/ros/jazzy/opt/gz_gui_vendor:/opt/ros/jazzy/opt/gz_transport_vendor:/opt/ros/jazzy/opt/gz_rendering_vendor:/opt/ros/jazzy/opt/gz_plugin_vendor:/opt/ros/jazzy/opt/gz_fuel_tools_vendor:/opt/ros/jazzy/opt/gz_msgs_vendor:/opt/ros/jazzy/opt/gz_common_vendor:/opt/ros/jazzy/opt/gz_math_vendor:/opt/ros/jazzy/opt/gz_utils_vendor:/opt/ros/jazzy/opt/gz_tools_vendor:/opt/ros/jazzy/opt/gz_ogre_next_vendor:/opt/ros/jazzy/opt/gz_dartsim_vendor:/opt/ros/jazzy/opt/gz_cmake_vendor PYTHONPATH=/home/cnutter/turtlebot4_ws/build/lab5_pkg/prefix_override:/usr/lib/python3/dist-packages/colcon_core/task/python/colcon_distutils_commands:/home/cnutter/turtlebot4_ws/install/lab5_pkg/lib/python3.12/site-packages:/home/cnutter/turtlebot4_ws/install/custom_interfaces/lib/python3.12/site-packages:/home/cnutter/turtlebot4_ws/install/lab5_pkg/lib/python3.12/site-packages:/home/cnutter/turtlebot4_ws/install/lab3_pkg/lib/python3.12/site-packages:/home/cnutter/turtlebot4_ws/install/lab2_pkg/lib/python3.12/site-packages:/home/cnutter/turtlebot4_ws/install/lab1_pkg/lib/python3.12/site-packages:/home/cnutter/turtlebot4_ws/install/final/lib/python3.12/site-packages:/opt/ros/jazzy/lib/python3.12/site-packages /usr/bin/python3 -W ignore:setup.py install is deprecated -W ignore:easy_install command is deprecated setup.py egg_info --egg-base ../../build/lab5_pkg build --build-base /home/cnutter/turtlebot4_ws/build/lab5_pkg/build install --record /home/cnutter/turtlebot4_ws/build/lab5_pkg/install.log --single-version-externally-managed install_data
[2.940s] Level 1:colcon.colcon_core.environment:checking '/home/cnutter/turtlebot4_ws/install/lab5_pkg/lib'
[2.940s] Level 1:colcon.colcon_core.environment:checking '/home/cnutter/turtlebot4_ws/install/lab5_pkg/bin'
[2.940s] Level 1:colcon.colcon_core.environment:checking '/home/cnutter/turtlebot4_ws/install/lab5_pkg/lib/pkgconfig/lab5_pkg.pc'
[2.941s] Level 1:colcon.colcon_core.environment:checking '/home/cnutter/turtlebot4_ws/install/lab5_pkg/lib/python3.12/site-packages'
[2.941s] Level 1:colcon.colcon_core.shell:create_environment_hook('lab5_pkg', 'pythonpath')
[2.941s] INFO:colcon.colcon_core.shell:Creating environment hook '/home/cnutter/turtlebot4_ws/install/lab5_pkg/share/lab5_pkg/hook/pythonpath.ps1'
[2.941s] INFO:colcon.colcon_core.shell:Creating environment descriptor '/home/cnutter/turtlebot4_ws/install/lab5_pkg/share/lab5_pkg/hook/pythonpath.dsv'
[2.942s] INFO:colcon.colcon_core.shell:Creating environment hook '/home/cnutter/turtlebot4_ws/install/lab5_pkg/share/lab5_pkg/hook/pythonpath.sh'
[2.943s] Level 1:colcon.colcon_core.environment:checking '/home/cnutter/turtlebot4_ws/install/lab5_pkg/bin'
[2.943s] Level 1:colcon.colcon_core.environment:create_environment_scripts_only(lab5_pkg)
[2.943s] INFO:colcon.colcon_core.shell:Creating package script '/home/cnutter/turtlebot4_ws/install/lab5_pkg/share/lab5_pkg/package.ps1'
[2.944s] INFO:colcon.colcon_core.shell:Creating package descriptor '/home/cnutter/turtlebot4_ws/install/lab5_pkg/share/lab5_pkg/package.dsv'
[2.944s] INFO:colcon.colcon_core.shell:Creating package script '/home/cnutter/turtlebot4_ws/install/lab5_pkg/share/lab5_pkg/package.sh'
[2.945s] INFO:colcon.colcon_core.shell:Creating package script '/home/cnutter/turtlebot4_ws/install/lab5_pkg/share/lab5_pkg/package.bash'
[2.945s] INFO:colcon.colcon_core.shell:Creating package script '/home/cnutter/turtlebot4_ws/install/lab5_pkg/share/lab5_pkg/package.zsh'
[2.945s] Level 1:colcon.colcon_core.environment:create_file_with_runtime_dependencies(/home/cnutter/turtlebot4_ws/install/lab5_pkg/share/colcon-core/packages/lab5_pkg)
[2.946s] Level 1:colcon.colcon_core.environment:checking '/home/cnutter/turtlebot4_ws/install/lab3_pkg' for CMake module files
[2.947s] DEBUG:colcon.colcon_core.event_handler.log_command:Invoked command in '/home/cnutter/turtlebot4_ws/src/lab3_pkg' returned '0': CMAKE_PREFIX_PATH=/home/cnutter/turtlebot4_ws/install/custom_interfaces:/home/cnutter/turtlebot4_ws/install/lab_bringup:/home/cnutter/turtlebot4_ws/install/final_bringup:/opt/ros/jazzy/opt/gz_sim_vendor:/opt/ros/jazzy/opt/gz_sensors_vendor:/opt/ros/jazzy/opt/gz_physics_vendor:/opt/ros/jazzy/opt/sdformat_vendor:/opt/ros/jazzy/opt/gz_gui_vendor:/opt/ros/jazzy/opt/gz_transport_vendor:/opt/ros/jazzy/opt/gz_rendering_vendor:/opt/ros/jazzy/opt/gz_plugin_vendor:/opt/ros/jazzy/opt/gz_fuel_tools_vendor:/opt/ros/jazzy/opt/gz_msgs_vendor:/opt/ros/jazzy/opt/gz_common_vendor:/opt/ros/jazzy/opt/gz_math_vendor:/opt/ros/jazzy/opt/gz_utils_vendor:/opt/ros/jazzy/opt/gz_tools_vendor:/opt/ros/jazzy/opt/gz_ogre_next_vendor:/opt/ros/jazzy/opt/gz_dartsim_vendor:/opt/ros/jazzy/opt/gz_cmake_vendor PYTHONPATH=/home/cnutter/turtlebot4_ws/build/lab3_pkg/prefix_override:/usr/lib/python3/dist-packages/colcon_core/task/python/colcon_distutils_commands:/home/cnutter/turtlebot4_ws/install/lab3_pkg/lib/python3.12/site-packages:/home/cnutter/turtlebot4_ws/install/custom_interfaces/lib/python3.12/site-packages:/home/cnutter/turtlebot4_ws/install/lab5_pkg/lib/python3.12/site-packages:/home/cnutter/turtlebot4_ws/install/lab3_pkg/lib/python3.12/site-packages:/home/cnutter/turtlebot4_ws/install/lab2_pkg/lib/python3.12/site-packages:/home/cnutter/turtlebot4_ws/install/lab1_pkg/lib/python3.12/site-packages:/home/cnutter/turtlebot4_ws/install/final/lib/python3.12/site-packages:/opt/ros/jazzy/lib/python3.12/site-packages /usr/bin/python3 -W ignore:setup.py install is deprecated -W ignore:easy_install command is deprecated setup.py egg_info --egg-base ../../build/lab3_pkg build --build-base /home/cnutter/turtlebot4_ws/build/lab3_pkg/build install --record /home/cnutter/turtlebot4_ws/build/lab3_pkg/install.log --single-version-externally-managed install_data
[2.948s] Level 1:colcon.colcon_core.environment:checking '/home/cnutter/turtlebot4_ws/install/lab3_pkg' for CMake config files
[2.948s] Level 1:colcon.colcon_core.environment:checking '/home/cnutter/turtlebot4_ws/install/lab3_pkg/lib'
[2.948s] Level 1:colcon.colcon_core.environment:checking '/home/cnutter/turtlebot4_ws/install/lab3_pkg/bin'
[2.949s] Level 1:colcon.colcon_core.environment:checking '/home/cnutter/turtlebot4_ws/install/lab3_pkg/lib/pkgconfig/lab3_pkg.pc'
[2.949s] Level 1:colcon.colcon_core.environment:checking '/home/cnutter/turtlebot4_ws/install/lab3_pkg/lib/python3.12/site-packages'
[2.949s] Level 1:colcon.colcon_core.shell:create_environment_hook('lab3_pkg', 'pythonpath')
[2.949s] INFO:colcon.colcon_core.shell:Creating environment hook '/home/cnutter/turtlebot4_ws/install/lab3_pkg/share/lab3_pkg/hook/pythonpath.ps1'
[2.950s] INFO:colcon.colcon_core.shell:Creating environment descriptor '/home/cnutter/turtlebot4_ws/install/lab3_pkg/share/lab3_pkg/hook/pythonpath.dsv'
[2.950s] INFO:colcon.colcon_core.shell:Creating environment hook '/home/cnutter/turtlebot4_ws/install/lab3_pkg/share/lab3_pkg/hook/pythonpath.sh'
[2.951s] Level 1:colcon.colcon_core.environment:checking '/home/cnutter/turtlebot4_ws/install/lab3_pkg/bin'
[2.951s] Level 1:colcon.colcon_core.environment:create_environment_scripts_only(lab3_pkg)
[2.951s] INFO:colcon.colcon_core.shell:Creating package script '/home/cnutter/turtlebot4_ws/install/lab3_pkg/share/lab3_pkg/package.ps1'
[2.952s] INFO:colcon.colcon_core.shell:Creating package descriptor '/home/cnutter/turtlebot4_ws/install/lab3_pkg/share/lab3_pkg/package.dsv'
[2.953s] INFO:colcon.colcon_core.shell:Creating package script '/home/cnutter/turtlebot4_ws/install/lab3_pkg/share/lab3_pkg/package.sh'
[2.953s] INFO:colcon.colcon_core.shell:Creating package script '/home/cnutter/turtlebot4_ws/install/lab3_pkg/share/lab3_pkg/package.bash'
[2.954s] INFO:colcon.colcon_core.shell:Creating package script '/home/cnutter/turtlebot4_ws/install/lab3_pkg/share/lab3_pkg/package.zsh'
[2.954s] Level 1:colcon.colcon_core.environment:create_file_with_runtime_dependencies(/home/cnutter/turtlebot4_ws/install/lab3_pkg/share/colcon-core/packages/lab3_pkg)
[2.955s] INFO:colcon.colcon_ros.task.ament_cmake.build:Building ROS package in '/home/cnutter/turtlebot4_ws/src/final_bringup' with build type 'ament_cmake'
[2.955s] INFO:colcon.colcon_cmake.task.cmake.build:Building CMake package in '/home/cnutter/turtlebot4_ws/src/final_bringup'
[2.955s] INFO:colcon.colcon_core.shell:Skip shell extension 'powershell' for command environment: Not usable outside of PowerShell
[2.955s] DEBUG:colcon.colcon_core.shell:Skip shell extension 'dsv' for command environment
[2.962s] INFO:colcon.colcon_ros.task.ament_cmake.build:Building ROS package in '/home/cnutter/turtlebot4_ws/src/lab_bringup' with build type 'ament_cmake'
[2.962s] INFO:colcon.colcon_cmake.task.cmake.build:Building CMake package in '/home/cnutter/turtlebot4_ws/src/lab_bringup'
[2.962s] INFO:colcon.colcon_core.shell:Skip shell extension 'powershell' for command environment: Not usable outside of PowerShell
[2.962s] DEBUG:colcon.colcon_core.shell:Skip shell extension 'dsv' for command environment
[2.978s] DEBUG:colcon.colcon_core.event_handler.log_command:Invoking command in '/home/cnutter/turtlebot4_ws/build/final_bringup': AMENT_PREFIX_PATH=/home/cnutter/turtlebot4_ws/install/lab3_pkg:/home/cnutter/turtlebot4_ws/install/final:/home/cnutter/turtlebot4_ws/install/lab_bringup:/home/cnutter/turtlebot4_ws/install/lab5_pkg:/home/cnutter/turtlebot4_ws/install/final_bringup:/home/cnutter/turtlebot4_ws/install/lab2_pkg:/home/cnutter/turtlebot4_ws/install/lab1_pkg:/home/cnutter/turtlebot4_ws/install/custom_interfaces:/opt/ros/jazzy CMAKE_PREFIX_PATH=/home/cnutter/turtlebot4_ws/install/custom_interfaces:/home/cnutter/turtlebot4_ws/install/lab_bringup:/home/cnutter/turtlebot4_ws/install/final_bringup:/opt/ros/jazzy/opt/gz_sim_vendor:/opt/ros/jazzy/opt/gz_sensors_vendor:/opt/ros/jazzy/opt/gz_physics_vendor:/opt/ros/jazzy/opt/sdformat_vendor:/opt/ros/jazzy/opt/gz_gui_vendor:/opt/ros/jazzy/opt/gz_transport_vendor:/opt/ros/jazzy/opt/gz_rendering_vendor:/opt/ros/jazzy/opt/gz_plugin_vendor:/opt/ros/jazzy/opt/gz_fuel_tools_vendor:/opt/ros/jazzy/opt/gz_msgs_vendor:/opt/ros/jazzy/opt/gz_common_vendor:/opt/ros/jazzy/opt/gz_math_vendor:/opt/ros/jazzy/opt/gz_utils_vendor:/opt/ros/jazzy/opt/gz_tools_vendor:/opt/ros/jazzy/opt/gz_ogre_next_vendor:/opt/ros/jazzy/opt/gz_dartsim_vendor:/opt/ros/jazzy/opt/gz_cmake_vendor:/home/cnutter/turtlebot4_ws/install/lab5_pkg:/home/cnutter/turtlebot4_ws/install/lab3_pkg:/home/cnutter/turtlebot4_ws/install/lab2_pkg:/home/cnutter/turtlebot4_ws/install/lab1_pkg:/home/cnutter/turtlebot4_ws/install/final:/opt/ros/jazzy PYTHONPATH=/home/cnutter/turtlebot4_ws/install/lab3_pkg/lib/python3.12/site-packages:/home/cnutter/turtlebot4_ws/install/final/lib/python3.12/site-packages:/home/cnutter/turtlebot4_ws/install/custom_interfaces/lib/python3.12/site-packages:/home/cnutter/turtlebot4_ws/install/lab5_pkg/lib/python3.12/site-packages:/home/cnutter/turtlebot4_ws/install/lab2_pkg/lib/python3.12/site-packages:/home/cnutter/turtlebot4_ws/install/lab1_pkg/lib/python3.12/site-packages:/opt/ros/jazzy/lib/python3.12/site-packages /usr/bin/cmake --build /home/cnutter/turtlebot4_ws/build/final_bringup -- -j16 -l16
[2.983s] DEBUG:colcon.colcon_core.event_handler.log_command:Invoking command in '/home/cnutter/turtlebot4_ws/build/lab_bringup': AMENT_PREFIX_PATH=/home/cnutter/turtlebot4_ws/install/lab3_pkg:/home/cnutter/turtlebot4_ws/install/lab_bringup:/home/cnutter/turtlebot4_ws/install/lab5_pkg:/home/cnutter/turtlebot4_ws/install/final_bringup:/home/cnutter/turtlebot4_ws/install/lab2_pkg:/home/cnutter/turtlebot4_ws/install/lab1_pkg:/home/cnutter/turtlebot4_ws/install/final:/home/cnutter/turtlebot4_ws/install/custom_interfaces:/opt/ros/jazzy CMAKE_PREFIX_PATH=/home/cnutter/turtlebot4_ws/install/custom_interfaces:/home/cnutter/turtlebot4_ws/install/lab_bringup:/home/cnutter/turtlebot4_ws/install/final_bringup:/opt/ros/jazzy/opt/gz_sim_vendor:/opt/ros/jazzy/opt/gz_sensors_vendor:/opt/ros/jazzy/opt/gz_physics_vendor:/opt/ros/jazzy/opt/sdformat_vendor:/opt/ros/jazzy/opt/gz_gui_vendor:/opt/ros/jazzy/opt/gz_transport_vendor:/opt/ros/jazzy/opt/gz_rendering_vendor:/opt/ros/jazzy/opt/gz_plugin_vendor:/opt/ros/jazzy/opt/gz_fuel_tools_vendor:/opt/ros/jazzy/opt/gz_msgs_vendor:/opt/ros/jazzy/opt/gz_common_vendor:/opt/ros/jazzy/opt/gz_math_vendor:/opt/ros/jazzy/opt/gz_utils_vendor:/opt/ros/jazzy/opt/gz_tools_vendor:/opt/ros/jazzy/opt/gz_ogre_next_vendor:/opt/ros/jazzy/opt/gz_dartsim_vendor:/opt/ros/jazzy/opt/gz_cmake_vendor:/home/cnutter/turtlebot4_ws/install/lab5_pkg:/home/cnutter/turtlebot4_ws/install/lab3_pkg:/home/cnutter/turtlebot4_ws/install/lab2_pkg:/home/cnutter/turtlebot4_ws/install/lab1_pkg:/home/cnutter/turtlebot4_ws/install/final:/opt/ros/jazzy PYTHONPATH=/home/cnutter/turtlebot4_ws/install/lab3_pkg/lib/python3.12/site-packages:/home/cnutter/turtlebot4_ws/install/custom_interfaces/lib/python3.12/site-packages:/home/cnutter/turtlebot4_ws/install/lab5_pkg/lib/python3.12/site-packages:/home/cnutter/turtlebot4_ws/install/lab2_pkg/lib/python3.12/site-packages:/home/cnutter/turtlebot4_ws/install/lab1_pkg/lib/python3.12/site-packages:/home/cnutter/turtlebot4_ws/install/final/lib/python3.12/site-packages:/opt/ros/jazzy/lib/python3.12/site-packages /usr/bin/cmake --build /home/cnutter/turtlebot4_ws/build/lab_bringup -- -j16 -l16
[3.014s] DEBUG:colcon.colcon_core.event_handler.log_command:Invoked command in '/home/cnutter/turtlebot4_ws/build/final_bringup' returned '0': AMENT_PREFIX_PATH=/home/cnutter/turtlebot4_ws/install/lab3_pkg:/home/cnutter/turtlebot4_ws/install/final:/home/cnutter/turtlebot4_ws/install/lab_bringup:/home/cnutter/turtlebot4_ws/install/lab5_pkg:/home/cnutter/turtlebot4_ws/install/final_bringup:/home/cnutter/turtlebot4_ws/install/lab2_pkg:/home/cnutter/turtlebot4_ws/install/lab1_pkg:/home/cnutter/turtlebot4_ws/install/custom_interfaces:/opt/ros/jazzy CMAKE_PREFIX_PATH=/home/cnutter/turtlebot4_ws/install/custom_interfaces:/home/cnutter/turtlebot4_ws/install/lab_bringup:/home/cnutter/turtlebot4_ws/install/final_bringup:/opt/ros/jazzy/opt/gz_sim_vendor:/opt/ros/jazzy/opt/gz_sensors_vendor:/opt/ros/jazzy/opt/gz_physics_vendor:/opt/ros/jazzy/opt/sdformat_vendor:/opt/ros/jazzy/opt/gz_gui_vendor:/opt/ros/jazzy/opt/gz_transport_vendor:/opt/ros/jazzy/opt/gz_rendering_vendor:/opt/ros/jazzy/opt/gz_plugin_vendor:/opt/ros/jazzy/opt/gz_fuel_tools_vendor:/opt/ros/jazzy/opt/gz_msgs_vendor:/opt/ros/jazzy/opt/gz_common_vendor:/opt/ros/jazzy/opt/gz_math_vendor:/opt/ros/jazzy/opt/gz_utils_vendor:/opt/ros/jazzy/opt/gz_tools_vendor:/opt/ros/jazzy/opt/gz_ogre_next_vendor:/opt/ros/jazzy/opt/gz_dartsim_vendor:/opt/ros/jazzy/opt/gz_cmake_vendor:/home/cnutter/turtlebot4_ws/install/lab5_pkg:/home/cnutter/turtlebot4_ws/install/lab3_pkg:/home/cnutter/turtlebot4_ws/install/lab2_pkg:/home/cnutter/turtlebot4_ws/install/lab1_pkg:/home/cnutter/turtlebot4_ws/install/final:/opt/ros/jazzy PYTHONPATH=/home/cnutter/turtlebot4_ws/install/lab3_pkg/lib/python3.12/site-packages:/home/cnutter/turtlebot4_ws/install/final/lib/python3.12/site-packages:/home/cnutter/turtlebot4_ws/install/custom_interfaces/lib/python3.12/site-packages:/home/cnutter/turtlebot4_ws/install/lab5_pkg/lib/python3.12/site-packages:/home/cnutter/turtlebot4_ws/install/lab2_pkg/lib/python3.12/site-packages:/home/cnutter/turtlebot4_ws/install/lab1_pkg/lib/python3.12/site-packages:/opt/ros/jazzy/lib/python3.12/site-packages /usr/bin/cmake --build /home/cnutter/turtlebot4_ws/build/final_bringup -- -j16 -l16
[3.015s] DEBUG:colcon.colcon_core.event_handler.log_command:Invoking command in '/home/cnutter/turtlebot4_ws/build/final_bringup': AMENT_PREFIX_PATH=/home/cnutter/turtlebot4_ws/install/lab3_pkg:/home/cnutter/turtlebot4_ws/install/final:/home/cnutter/turtlebot4_ws/install/lab_bringup:/home/cnutter/turtlebot4_ws/install/lab5_pkg:/home/cnutter/turtlebot4_ws/install/final_bringup:/home/cnutter/turtlebot4_ws/install/lab2_pkg:/home/cnutter/turtlebot4_ws/install/lab1_pkg:/home/cnutter/turtlebot4_ws/install/custom_interfaces:/opt/ros/jazzy CMAKE_PREFIX_PATH=/home/cnutter/turtlebot4_ws/install/custom_interfaces:/home/cnutter/turtlebot4_ws/install/lab_bringup:/home/cnutter/turtlebot4_ws/install/final_bringup:/opt/ros/jazzy/opt/gz_sim_vendor:/opt/ros/jazzy/opt/gz_sensors_vendor:/opt/ros/jazzy/opt/gz_physics_vendor:/opt/ros/jazzy/opt/sdformat_vendor:/opt/ros/jazzy/opt/gz_gui_vendor:/opt/ros/jazzy/opt/gz_transport_vendor:/opt/ros/jazzy/opt/gz_rendering_vendor:/opt/ros/jazzy/opt/gz_plugin_vendor:/opt/ros/jazzy/opt/gz_fuel_tools_vendor:/opt/ros/jazzy/opt/gz_msgs_vendor:/opt/ros/jazzy/opt/gz_common_vendor:/opt/ros/jazzy/opt/gz_math_vendor:/opt/ros/jazzy/opt/gz_utils_vendor:/opt/ros/jazzy/opt/gz_tools_vendor:/opt/ros/jazzy/opt/gz_ogre_next_vendor:/opt/ros/jazzy/opt/gz_dartsim_vendor:/opt/ros/jazzy/opt/gz_cmake_vendor:/home/cnutter/turtlebot4_ws/install/lab5_pkg:/home/cnutter/turtlebot4_ws/install/lab3_pkg:/home/cnutter/turtlebot4_ws/install/lab2_pkg:/home/cnutter/turtlebot4_ws/install/lab1_pkg:/home/cnutter/turtlebot4_ws/install/final:/opt/ros/jazzy PYTHONPATH=/home/cnutter/turtlebot4_ws/install/lab3_pkg/lib/python3.12/site-packages:/home/cnutter/turtlebot4_ws/install/final/lib/python3.12/site-packages:/home/cnutter/turtlebot4_ws/install/custom_interfaces/lib/python3.12/site-packages:/home/cnutter/turtlebot4_ws/install/lab5_pkg/lib/python3.12/site-packages:/home/cnutter/turtlebot4_ws/install/lab2_pkg/lib/python3.12/site-packages:/home/cnutter/turtlebot4_ws/install/lab1_pkg/lib/python3.12/site-packages:/opt/ros/jazzy/lib/python3.12/site-packages /usr/bin/cmake --install /home/cnutter/turtlebot4_ws/build/final_bringup
[3.016s] DEBUG:colcon.colcon_core.event_handler.log_command:Invoked command in '/home/cnutter/turtlebot4_ws/build/lab_bringup' returned '0': AMENT_PREFIX_PATH=/home/cnutter/turtlebot4_ws/install/lab3_pkg:/home/cnutter/turtlebot4_ws/install/lab_bringup:/home/cnutter/turtlebot4_ws/install/lab5_pkg:/home/cnutter/turtlebot4_ws/install/final_bringup:/home/cnutter/turtlebot4_ws/install/lab2_pkg:/home/cnutter/turtlebot4_ws/install/lab1_pkg:/home/cnutter/turtlebot4_ws/install/final:/home/cnutter/turtlebot4_ws/install/custom_interfaces:/opt/ros/jazzy CMAKE_PREFIX_PATH=/home/cnutter/turtlebot4_ws/install/custom_interfaces:/home/cnutter/turtlebot4_ws/install/lab_bringup:/home/cnutter/turtlebot4_ws/install/final_bringup:/opt/ros/jazzy/opt/gz_sim_vendor:/opt/ros/jazzy/opt/gz_sensors_vendor:/opt/ros/jazzy/opt/gz_physics_vendor:/opt/ros/jazzy/opt/sdformat_vendor:/opt/ros/jazzy/opt/gz_gui_vendor:/opt/ros/jazzy/opt/gz_transport_vendor:/opt/ros/jazzy/opt/gz_rendering_vendor:/opt/ros/jazzy/opt/gz_plugin_vendor:/opt/ros/jazzy/opt/gz_fuel_tools_vendor:/opt/ros/jazzy/opt/gz_msgs_vendor:/opt/ros/jazzy/opt/gz_common_vendor:/opt/ros/jazzy/opt/gz_math_vendor:/opt/ros/jazzy/opt/gz_utils_vendor:/opt/ros/jazzy/opt/gz_tools_vendor:/opt/ros/jazzy/opt/gz_ogre_next_vendor:/opt/ros/jazzy/opt/gz_dartsim_vendor:/opt/ros/jazzy/opt/gz_cmake_vendor:/home/cnutter/turtlebot4_ws/install/lab5_pkg:/home/cnutter/turtlebot4_ws/install/lab3_pkg:/home/cnutter/turtlebot4_ws/install/lab2_pkg:/home/cnutter/turtlebot4_ws/install/lab1_pkg:/home/cnutter/turtlebot4_ws/install/final:/opt/ros/jazzy PYTHONPATH=/home/cnutter/turtlebot4_ws/install/lab3_pkg/lib/python3.12/site-packages:/home/cnutter/turtlebot4_ws/install/custom_interfaces/lib/python3.12/site-packages:/home/cnutter/turtlebot4_ws/install/lab5_pkg/lib/python3.12/site-packages:/home/cnutter/turtlebot4_ws/install/lab2_pkg/lib/python3.12/site-packages:/home/cnutter/turtlebot4_ws/install/lab1_pkg/lib/python3.12/site-packages:/home/cnutter/turtlebot4_ws/install/final/lib/python3.12/site-packages:/opt/ros/jazzy/lib/python3.12/site-packages /usr/bin/cmake --build /home/cnutter/turtlebot4_ws/build/lab_bringup -- -j16 -l16
[3.017s] DEBUG:colcon.colcon_core.event_handler.log_command:Invoking command in '/home/cnutter/turtlebot4_ws/build/lab_bringup': AMENT_PREFIX_PATH=/home/cnutter/turtlebot4_ws/install/lab3_pkg:/home/cnutter/turtlebot4_ws/install/lab_bringup:/home/cnutter/turtlebot4_ws/install/lab5_pkg:/home/cnutter/turtlebot4_ws/install/final_bringup:/home/cnutter/turtlebot4_ws/install/lab2_pkg:/home/cnutter/turtlebot4_ws/install/lab1_pkg:/home/cnutter/turtlebot4_ws/install/final:/home/cnutter/turtlebot4_ws/install/custom_interfaces:/opt/ros/jazzy CMAKE_PREFIX_PATH=/home/cnutter/turtlebot4_ws/install/custom_interfaces:/home/cnutter/turtlebot4_ws/install/lab_bringup:/home/cnutter/turtlebot4_ws/install/final_bringup:/opt/ros/jazzy/opt/gz_sim_vendor:/opt/ros/jazzy/opt/gz_sensors_vendor:/opt/ros/jazzy/opt/gz_physics_vendor:/opt/ros/jazzy/opt/sdformat_vendor:/opt/ros/jazzy/opt/gz_gui_vendor:/opt/ros/jazzy/opt/gz_transport_vendor:/opt/ros/jazzy/opt/gz_rendering_vendor:/opt/ros/jazzy/opt/gz_plugin_vendor:/opt/ros/jazzy/opt/gz_fuel_tools_vendor:/opt/ros/jazzy/opt/gz_msgs_vendor:/opt/ros/jazzy/opt/gz_common_vendor:/opt/ros/jazzy/opt/gz_math_vendor:/opt/ros/jazzy/opt/gz_utils_vendor:/opt/ros/jazzy/opt/gz_tools_vendor:/opt/ros/jazzy/opt/gz_ogre_next_vendor:/opt/ros/jazzy/opt/gz_dartsim_vendor:/opt/ros/jazzy/opt/gz_cmake_vendor:/home/cnutter/turtlebot4_ws/install/lab5_pkg:/home/cnutter/turtlebot4_ws/install/lab3_pkg:/home/cnutter/turtlebot4_ws/install/lab2_pkg:/home/cnutter/turtlebot4_ws/install/lab1_pkg:/home/cnutter/turtlebot4_ws/install/final:/opt/ros/jazzy PYTHONPATH=/home/cnutter/turtlebot4_ws/install/lab3_pkg/lib/python3.12/site-packages:/home/cnutter/turtlebot4_ws/install/custom_interfaces/lib/python3.12/site-packages:/home/cnutter/turtlebot4_ws/install/lab5_pkg/lib/python3.12/site-packages:/home/cnutter/turtlebot4_ws/install/lab2_pkg/lib/python3.12/site-packages:/home/cnutter/turtlebot4_ws/install/lab1_pkg/lib/python3.12/site-packages:/home/cnutter/turtlebot4_ws/install/final/lib/python3.12/site-packages:/opt/ros/jazzy/lib/python3.12/site-packages /usr/bin/cmake --install /home/cnutter/turtlebot4_ws/build/lab_bringup
[3.024s] Level 1:colcon.colcon_core.environment:create_environment_scripts_only(final_bringup)
[3.024s] Level 1:colcon.colcon_core.environment:checking '/home/cnutter/turtlebot4_ws/install/final_bringup' for CMake module files
[3.025s] Level 1:colcon.colcon_core.environment:checking '/home/cnutter/turtlebot4_ws/install/final_bringup' for CMake config files
[3.027s] Level 1:colcon.colcon_core.shell:create_environment_hook('final_bringup', 'cmake_prefix_path')
[3.027s] INFO:colcon.colcon_core.shell:Creating environment hook '/home/cnutter/turtlebot4_ws/install/final_bringup/share/final_bringup/hook/cmake_prefix_path.ps1'
[3.027s] INFO:colcon.colcon_core.shell:Creating environment descriptor '/home/cnutter/turtlebot4_ws/install/final_bringup/share/final_bringup/hook/cmake_prefix_path.dsv'
[3.028s] INFO:colcon.colcon_core.shell:Creating environment hook '/home/cnutter/turtlebot4_ws/install/final_bringup/share/final_bringup/hook/cmake_prefix_path.sh'
[3.028s] DEBUG:colcon.colcon_core.event_handler.log_command:Invoked command in '/home/cnutter/turtlebot4_ws/build/final_bringup' returned '0': AMENT_PREFIX_PATH=/home/cnutter/turtlebot4_ws/install/lab3_pkg:/home/cnutter/turtlebot4_ws/install/final:/home/cnutter/turtlebot4_ws/install/lab_bringup:/home/cnutter/turtlebot4_ws/install/lab5_pkg:/home/cnutter/turtlebot4_ws/install/final_bringup:/home/cnutter/turtlebot4_ws/install/lab2_pkg:/home/cnutter/turtlebot4_ws/install/lab1_pkg:/home/cnutter/turtlebot4_ws/install/custom_interfaces:/opt/ros/jazzy CMAKE_PREFIX_PATH=/home/cnutter/turtlebot4_ws/install/custom_interfaces:/home/cnutter/turtlebot4_ws/install/lab_bringup:/home/cnutter/turtlebot4_ws/install/final_bringup:/opt/ros/jazzy/opt/gz_sim_vendor:/opt/ros/jazzy/opt/gz_sensors_vendor:/opt/ros/jazzy/opt/gz_physics_vendor:/opt/ros/jazzy/opt/sdformat_vendor:/opt/ros/jazzy/opt/gz_gui_vendor:/opt/ros/jazzy/opt/gz_transport_vendor:/opt/ros/jazzy/opt/gz_rendering_vendor:/opt/ros/jazzy/opt/gz_plugin_vendor:/opt/ros/jazzy/opt/gz_fuel_tools_vendor:/opt/ros/jazzy/opt/gz_msgs_vendor:/opt/ros/jazzy/opt/gz_common_vendor:/opt/ros/jazzy/opt/gz_math_vendor:/opt/ros/jazzy/opt/gz_utils_vendor:/opt/ros/jazzy/opt/gz_tools_vendor:/opt/ros/jazzy/opt/gz_ogre_next_vendor:/opt/ros/jazzy/opt/gz_dartsim_vendor:/opt/ros/jazzy/opt/gz_cmake_vendor:/home/cnutter/turtlebot4_ws/install/lab5_pkg:/home/cnutter/turtlebot4_ws/install/lab3_pkg:/home/cnutter/turtlebot4_ws/install/lab2_pkg:/home/cnutter/turtlebot4_ws/install/lab1_pkg:/home/cnutter/turtlebot4_ws/install/final:/opt/ros/jazzy PYTHONPATH=/home/cnutter/turtlebot4_ws/install/lab3_pkg/lib/python3.12/site-packages:/home/cnutter/turtlebot4_ws/install/final/lib/python3.12/site-packages:/home/cnutter/turtlebot4_ws/install/custom_interfaces/lib/python3.12/site-packages:/home/cnutter/turtlebot4_ws/install/lab5_pkg/lib/python3.12/site-packages:/home/cnutter/turtlebot4_ws/install/lab2_pkg/lib/python3.12/site-packages:/home/cnutter/turtlebot4_ws/install/lab1_pkg/lib/python3.12/site-packages:/opt/ros/jazzy/lib/python3.12/site-packages /usr/bin/cmake --install /home/cnutter/turtlebot4_ws/build/final_bringup
[3.029s] Level 1:colcon.colcon_core.environment:checking '/home/cnutter/turtlebot4_ws/install/final_bringup/bin'
[3.029s] Level 1:colcon.colcon_core.environment:checking '/home/cnutter/turtlebot4_ws/install/final_bringup/lib/pkgconfig/final_bringup.pc'
[3.030s] Level 1:colcon.colcon_core.environment:checking '/home/cnutter/turtlebot4_ws/install/final_bringup/lib/python3.12/site-packages'
[3.030s] Level 1:colcon.colcon_core.environment:checking '/home/cnutter/turtlebot4_ws/install/final_bringup/bin'
[3.030s] INFO:colcon.colcon_core.shell:Creating package script '/home/cnutter/turtlebot4_ws/install/final_bringup/share/final_bringup/package.ps1'
[3.031s] INFO:colcon.colcon_core.shell:Creating package descriptor '/home/cnutter/turtlebot4_ws/install/final_bringup/share/final_bringup/package.dsv'
[3.033s] INFO:colcon.colcon_core.shell:Creating package script '/home/cnutter/turtlebot4_ws/install/final_bringup/share/final_bringup/package.sh'
[3.033s] INFO:colcon.colcon_core.shell:Creating package script '/home/cnutter/turtlebot4_ws/install/final_bringup/share/final_bringup/package.bash'
[3.034s] INFO:colcon.colcon_core.shell:Creating package script '/home/cnutter/turtlebot4_ws/install/final_bringup/share/final_bringup/package.zsh'
[3.034s] Level 1:colcon.colcon_core.environment:create_file_with_runtime_dependencies(/home/cnutter/turtlebot4_ws/install/final_bringup/share/colcon-core/packages/final_bringup)
[3.035s] Level 1:colcon.colcon_core.environment:create_environment_scripts_only(final_bringup)
[3.035s] Level 1:colcon.colcon_core.environment:checking '/home/cnutter/turtlebot4_ws/install/final_bringup' for CMake module files
[3.035s] Level 1:colcon.colcon_core.environment:checking '/home/cnutter/turtlebot4_ws/install/final_bringup' for CMake config files
[3.036s] Level 1:colcon.colcon_core.shell:create_environment_hook('final_bringup', 'cmake_prefix_path')
[3.036s] INFO:colcon.colcon_core.shell:Creating environment hook '/home/cnutter/turtlebot4_ws/install/final_bringup/share/final_bringup/hook/cmake_prefix_path.ps1'
[3.036s] INFO:colcon.colcon_core.shell:Creating environment descriptor '/home/cnutter/turtlebot4_ws/install/final_bringup/share/final_bringup/hook/cmake_prefix_path.dsv'
[3.037s] INFO:colcon.colcon_core.shell:Creating environment hook '/home/cnutter/turtlebot4_ws/install/final_bringup/share/final_bringup/hook/cmake_prefix_path.sh'
[3.038s] Level 1:colcon.colcon_core.environment:checking '/home/cnutter/turtlebot4_ws/install/final_bringup/bin'
[3.038s] Level 1:colcon.colcon_core.environment:checking '/home/cnutter/turtlebot4_ws/install/final_bringup/lib/pkgconfig/final_bringup.pc'
[3.038s] Level 1:colcon.colcon_core.environment:checking '/home/cnutter/turtlebot4_ws/install/final_bringup/lib/python3.12/site-packages'
[3.038s] Level 1:colcon.colcon_core.environment:checking '/home/cnutter/turtlebot4_ws/install/final_bringup/bin'
[3.039s] INFO:colcon.colcon_core.shell:Creating package script '/home/cnutter/turtlebot4_ws/install/final_bringup/share/final_bringup/package.ps1'
[3.081s] INFO:colcon.colcon_core.shell:Creating package descriptor '/home/cnutter/turtlebot4_ws/install/final_bringup/share/final_bringup/package.dsv'
[3.083s] INFO:colcon.colcon_core.shell:Creating package script '/home/cnutter/turtlebot4_ws/install/final_bringup/share/final_bringup/package.sh'
[3.084s] INFO:colcon.colcon_core.shell:Creating package script '/home/cnutter/turtlebot4_ws/install/final_bringup/share/final_bringup/package.bash'
[3.088s] INFO:colcon.colcon_core.shell:Creating package script '/home/cnutter/turtlebot4_ws/install/final_bringup/share/final_bringup/package.zsh'
[3.092s] Level 1:colcon.colcon_core.environment:create_file_with_runtime_dependencies(/home/cnutter/turtlebot4_ws/install/final_bringup/share/colcon-core/packages/final_bringup)
[3.093s] Level 1:colcon.colcon_core.environment:create_environment_scripts_only(lab_bringup)
[3.094s] Level 1:colcon.colcon_core.environment:checking '/home/cnutter/turtlebot4_ws/install/lab_bringup' for CMake module files
[3.095s] DEBUG:colcon.colcon_core.event_handler.log_command:Invoked command in '/home/cnutter/turtlebot4_ws/build/lab_bringup' returned '0': AMENT_PREFIX_PATH=/home/cnutter/turtlebot4_ws/install/lab3_pkg:/home/cnutter/turtlebot4_ws/install/lab_bringup:/home/cnutter/turtlebot4_ws/install/lab5_pkg:/home/cnutter/turtlebot4_ws/install/final_bringup:/home/cnutter/turtlebot4_ws/install/lab2_pkg:/home/cnutter/turtlebot4_ws/install/lab1_pkg:/home/cnutter/turtlebot4_ws/install/final:/home/cnutter/turtlebot4_ws/install/custom_interfaces:/opt/ros/jazzy CMAKE_PREFIX_PATH=/home/cnutter/turtlebot4_ws/install/custom_interfaces:/home/cnutter/turtlebot4_ws/install/lab_bringup:/home/cnutter/turtlebot4_ws/install/final_bringup:/opt/ros/jazzy/opt/gz_sim_vendor:/opt/ros/jazzy/opt/gz_sensors_vendor:/opt/ros/jazzy/opt/gz_physics_vendor:/opt/ros/jazzy/opt/sdformat_vendor:/opt/ros/jazzy/opt/gz_gui_vendor:/opt/ros/jazzy/opt/gz_transport_vendor:/opt/ros/jazzy/opt/gz_rendering_vendor:/opt/ros/jazzy/opt/gz_plugin_vendor:/opt/ros/jazzy/opt/gz_fuel_tools_vendor:/opt/ros/jazzy/opt/gz_msgs_vendor:/opt/ros/jazzy/opt/gz_common_vendor:/opt/ros/jazzy/opt/gz_math_vendor:/opt/ros/jazzy/opt/gz_utils_vendor:/opt/ros/jazzy/opt/gz_tools_vendor:/opt/ros/jazzy/opt/gz_ogre_next_vendor:/opt/ros/jazzy/opt/gz_dartsim_vendor:/opt/ros/jazzy/opt/gz_cmake_vendor:/home/cnutter/turtlebot4_ws/install/lab5_pkg:/home/cnutter/turtlebot4_ws/install/lab3_pkg:/home/cnutter/turtlebot4_ws/install/lab2_pkg:/home/cnutter/turtlebot4_ws/install/lab1_pkg:/home/cnutter/turtlebot4_ws/install/final:/opt/ros/jazzy PYTHONPATH=/home/cnutter/turtlebot4_ws/install/lab3_pkg/lib/python3.12/site-packages:/home/cnutter/turtlebot4_ws/install/custom_interfaces/lib/python3.12/site-packages:/home/cnutter/turtlebot4_ws/install/lab5_pkg/lib/python3.12/site-packages:/home/cnutter/turtlebot4_ws/install/lab2_pkg/lib/python3.12/site-packages:/home/cnutter/turtlebot4_ws/install/lab1_pkg/lib/python3.12/site-packages:/home/cnutter/turtlebot4_ws/install/final/lib/python3.12/site-packages:/opt/ros/jazzy/lib/python3.12/site-packages /usr/bin/cmake --install /home/cnutter/turtlebot4_ws/build/lab_bringup
[3.095s] Level 1:colcon.colcon_core.environment:checking '/home/cnutter/turtlebot4_ws/install/lab_bringup' for CMake config files
[3.095s] Level 1:colcon.colcon_core.shell:create_environment_hook('lab_bringup', 'cmake_prefix_path')
[3.095s] INFO:colcon.colcon_core.shell:Creating environment hook '/home/cnutter/turtlebot4_ws/install/lab_bringup/share/lab_bringup/hook/cmake_prefix_path.ps1'
[3.096s] INFO:colcon.colcon_core.shell:Creating environment descriptor '/home/cnutter/turtlebot4_ws/install/lab_bringup/share/lab_bringup/hook/cmake_prefix_path.dsv'
[3.096s] INFO:colcon.colcon_core.shell:Creating environment hook '/home/cnutter/turtlebot4_ws/install/lab_bringup/share/lab_bringup/hook/cmake_prefix_path.sh'
[3.097s] Level 1:colcon.colcon_core.environment:checking '/home/cnutter/turtlebot4_ws/install/lab_bringup/bin'
[3.097s] Level 1:colcon.colcon_core.environment:checking '/home/cnutter/turtlebot4_ws/install/lab_bringup/lib/pkgconfig/lab_bringup.pc'
[3.097s] Level 1:colcon.colcon_core.environment:checking '/home/cnutter/turtlebot4_ws/install/lab_bringup/lib/python3.12/site-packages'
[3.097s] Level 1:colcon.colcon_core.environment:checking '/home/cnutter/turtlebot4_ws/install/lab_bringup/bin'
[3.098s] INFO:colcon.colcon_core.shell:Creating package script '/home/cnutter/turtlebot4_ws/install/lab_bringup/share/lab_bringup/package.ps1'
[3.099s] INFO:colcon.colcon_core.shell:Creating package descriptor '/home/cnutter/turtlebot4_ws/install/lab_bringup/share/lab_bringup/package.dsv'
[3.099s] INFO:colcon.colcon_core.shell:Creating package script '/home/cnutter/turtlebot4_ws/install/lab_bringup/share/lab_bringup/package.sh'
[3.099s] INFO:colcon.colcon_core.shell:Creating package script '/home/cnutter/turtlebot4_ws/install/lab_bringup/share/lab_bringup/package.bash'
[3.100s] INFO:colcon.colcon_core.shell:Creating package script '/home/cnutter/turtlebot4_ws/install/lab_bringup/share/lab_bringup/package.zsh'
[3.100s] Level 1:colcon.colcon_core.environment:create_file_with_runtime_dependencies(/home/cnutter/turtlebot4_ws/install/lab_bringup/share/colcon-core/packages/lab_bringup)
[3.101s] Level 1:colcon.colcon_core.environment:create_environment_scripts_only(lab_bringup)
[3.101s] Level 1:colcon.colcon_core.environment:checking '/home/cnutter/turtlebot4_ws/install/lab_bringup' for CMake module files
[3.102s] Level 1:colcon.colcon_core.environment:checking '/home/cnutter/turtlebot4_ws/install/lab_bringup' for CMake config files
[3.102s] Level 1:colcon.colcon_core.shell:create_environment_hook('lab_bringup', 'cmake_prefix_path')
[3.102s] INFO:colcon.colcon_core.shell:Creating environment hook '/home/cnutter/turtlebot4_ws/install/lab_bringup/share/lab_bringup/hook/cmake_prefix_path.ps1'
[3.103s] INFO:colcon.colcon_core.shell:Creating environment descriptor '/home/cnutter/turtlebot4_ws/install/lab_bringup/share/lab_bringup/hook/cmake_prefix_path.dsv'
[3.103s] INFO:colcon.colcon_core.shell:Creating environment hook '/home/cnutter/turtlebot4_ws/install/lab_bringup/share/lab_bringup/hook/cmake_prefix_path.sh'
[3.104s] Level 1:colcon.colcon_core.environment:checking '/home/cnutter/turtlebot4_ws/install/lab_bringup/bin'
[3.104s] Level 1:colcon.colcon_core.environment:checking '/home/cnutter/turtlebot4_ws/install/lab_bringup/lib/pkgconfig/lab_bringup.pc'
[3.104s] Level 1:colcon.colcon_core.environment:checking '/home/cnutter/turtlebot4_ws/install/lab_bringup/lib/python3.12/site-packages'
[3.105s] Level 1:colcon.colcon_core.environment:checking '/home/cnutter/turtlebot4_ws/install/lab_bringup/bin'
[3.105s] INFO:colcon.colcon_core.shell:Creating package script '/home/cnutter/turtlebot4_ws/install/lab_bringup/share/lab_bringup/package.ps1'
[3.148s] INFO:colcon.colcon_core.shell:Creating package descriptor '/home/cnutter/turtlebot4_ws/install/lab_bringup/share/lab_bringup/package.dsv'
[3.149s] INFO:colcon.colcon_core.shell:Creating package script '/home/cnutter/turtlebot4_ws/install/lab_bringup/share/lab_bringup/package.sh'
[3.149s] INFO:colcon.colcon_core.shell:Creating package script '/home/cnutter/turtlebot4_ws/install/lab_bringup/share/lab_bringup/package.bash'
[3.150s] INFO:colcon.colcon_core.shell:Creating package script '/home/cnutter/turtlebot4_ws/install/lab_bringup/share/lab_bringup/package.zsh'
[3.150s] Level 1:colcon.colcon_core.environment:create_file_with_runtime_dependencies(/home/cnutter/turtlebot4_ws/install/lab_bringup/share/colcon-core/packages/lab_bringup)
[3.151s] DEBUG:colcon.colcon_parallel_executor.executor.parallel:closing loop
[3.151s] DEBUG:colcon.colcon_parallel_executor.executor.parallel:loop closed
[3.151s] DEBUG:colcon.colcon_parallel_executor.executor.parallel:run_until_complete finished with '0'
[3.151s] DEBUG:colcon.colcon_core.event_reactor:joining thread
[3.158s] INFO:colcon.colcon_core.plugin_system:Skipping extension 'colcon_notification.desktop_notification.terminal_notifier': Not used on non-Darwin systems
[3.158s] INFO:colcon.colcon_core.plugin_system:Skipping extension 'colcon_notification.desktop_notification.win32': Not used on non-Windows systems
[3.158s] INFO:colcon.colcon_notification.desktop_notification:Sending desktop notification using 'notify2'
[3.170s] DEBUG:colcon.colcon_core.event_reactor:joined thread
[3.170s] INFO:colcon.colcon_core.shell:Creating prefix script '/home/cnutter/turtlebot4_ws/install/local_setup.ps1'
[3.171s] INFO:colcon.colcon_core.shell:Creating prefix util module '/home/cnutter/turtlebot4_ws/install/_local_setup_util_ps1.py'
[3.172s] INFO:colcon.colcon_core.shell:Creating prefix chain script '/home/cnutter/turtlebot4_ws/install/setup.ps1'
[3.173s] INFO:colcon.colcon_core.shell:Creating prefix script '/home/cnutter/turtlebot4_ws/install/local_setup.sh'
[3.174s] INFO:colcon.colcon_core.shell:Creating prefix util module '/home/cnutter/turtlebot4_ws/install/_local_setup_util_sh.py'
[3.174s] INFO:colcon.colcon_core.shell:Creating prefix chain script '/home/cnutter/turtlebot4_ws/install/setup.sh'
[3.176s] INFO:colcon.colcon_core.shell:Creating prefix script '/home/cnutter/turtlebot4_ws/install/local_setup.bash'
[3.176s] INFO:colcon.colcon_core.shell:Creating prefix chain script '/home/cnutter/turtlebot4_ws/install/setup.bash'
[3.179s] INFO:colcon.colcon_core.shell:Creating prefix script '/home/cnutter/turtlebot4_ws/install/local_setup.zsh'
[3.179s] INFO:colcon.colcon_core.shell:Creating prefix chain script '/home/cnutter/turtlebot4_ws/install/setup.zsh'
