[0.000000] (-) TimerEvent: {}
[0.000258] (custom_interfaces) JobQueued: {'identifier': 'custom_interfaces', 'dependencies': OrderedDict()}
[0.000288] (final) JobQueued: {'identifier': 'final', 'dependencies': OrderedDict()}
[0.000308] (lab1_pkg) JobQueued: {'identifier': 'lab1_pkg', 'dependencies': OrderedDict()}
[0.000323] (lab2_pkg) JobQueued: {'identifier': 'lab2_pkg', 'dependencies': OrderedDict()}
[0.000338] (lab3_pkg) JobQueued: {'identifier': 'lab3_pkg', 'dependencies': OrderedDict({'custom_interfaces': '/home/gbonham/turtlebot4_ws/install/custom_interfaces'})}
[0.000395] (lab5_pkg) JobQueued: {'identifier': 'lab5_pkg', 'dependencies': OrderedDict({'custom_interfaces': '/home/gbonham/turtlebot4_ws/install/custom_interfaces'})}
[0.000412] (lab_bringup) JobQueued: {'identifier': 'lab_bringup', 'dependencies': OrderedDict({'custom_interfaces': '/home/gbonham/turtlebot4_ws/install/custom_interfaces', 'lab3_pkg': '/home/gbonham/turtlebot4_ws/install/lab3_pkg'})}
[0.000430] (custom_interfaces) JobStarted: {'identifier': 'custom_interfaces'}
[0.019889] (final) JobStarted: {'identifier': 'final'}
[0.039844] (lab1_pkg) JobStarted: {'identifier': 'lab1_pkg'}
[0.044958] (lab2_pkg) JobStarted: {'identifier': 'lab2_pkg'}
[0.052762] (custom_interfaces) JobProgress: {'identifier': 'custom_interfaces', 'progress': 'cmake'}
[0.057197] (custom_interfaces) JobProgress: {'identifier': 'custom_interfaces', 'progress': 'build'}
[0.057630] (custom_interfaces) Command: {'cmd': ['/usr/bin/cmake', '--build', '/home/gbonham/turtlebot4_ws/build/custom_interfaces', '--', '-j16', '-l16'], 'cwd': '/home/gbonham/turtlebot4_ws/build/custom_interfaces', 'env': OrderedDict({'USER': 'gbonham', 'GZ_SIM_RESOURCE_PATH': '/opt/ros/jazzy/share', 'GZ_CONFIG_PATH': '/opt/ros/jazzy/opt/gz_sim_vendor/share/gz:/opt/ros/jazzy/opt/sdformat_vendor/share/gz:/opt/ros/jazzy/opt/gz_gui_vendor/share/gz:/opt/ros/jazzy/opt/gz_transport_vendor/share/gz:/opt/ros/jazzy/opt/gz_rendering_vendor/share/gz:/opt/ros/jazzy/opt/gz_plugin_vendor/share/gz:/opt/ros/jazzy/opt/gz_fuel_tools_vendor/share/gz:/opt/ros/jazzy/opt/gz_msgs_vendor/share/gz:/opt/ros/jazzy/opt/gz_common_vendor/share/gz', 'XDG_SESSION_TYPE': 'wayland', 'CLUTTER_DISABLE_MIPMAPPED_TEXT': '1', 'SHLVL': '1', 'LD_LIBRARY_PATH': '/home/gbonham/turtlebot4_ws/install/custom_interfaces/lib:/opt/ros/jazzy/opt/gz_sim_vendor/lib:/opt/ros/jazzy/opt/gz_sensors_vendor/lib:/opt/ros/jazzy/opt/gz_physics_vendor/lib:/opt/ros/jazzy/opt/sdformat_vendor/lib:/opt/ros/jazzy/opt/rviz_ogre_vendor/lib:/opt/ros/jazzy/lib/x86_64-linux-gnu:/opt/ros/jazzy/opt/gz_gui_vendor/lib:/opt/ros/jazzy/opt/gz_transport_vendor/lib:/opt/ros/jazzy/opt/gz_rendering_vendor/lib:/opt/ros/jazzy/opt/gz_plugin_vendor/lib:/opt/ros/jazzy/opt/gz_fuel_tools_vendor/lib:/opt/ros/jazzy/opt/gz_msgs_vendor/lib:/opt/ros/jazzy/opt/gz_common_vendor/lib:/opt/ros/jazzy/opt/gz_math_vendor/lib:/opt/ros/jazzy/opt/gz_utils_vendor/lib:/opt/ros/jazzy/opt/gz_tools_vendor/lib:/opt/ros/jazzy/opt/gz_ogre_next_vendor/lib:/opt/ros/jazzy/opt/gz_dartsim_vendor/lib:/opt/ros/jazzy/opt/gz_cmake_vendor/lib:/opt/ros/jazzy/lib', 'OLDPWD': '/home/gbonham', 'HOME': '/home/gbonham', 'DESKTOP_SESSION': 'ubuntu', 'GTK_MODULES': 'gail:atk-bridge', 'GNOME_SHELL_SESSION_MODE': 'ubuntu', 'ROS_PYTHON_VERSION': '3', 'SYSTEMD_EXEC_PID': '29388', 'DBUS_SESSION_BUS_ADDRESS': 'unix:path=/run/user/481853705/bus', 'GSM_SKIP_SSH_AGENT_WORKAROUND': 'true', 'COLORTERM': 'truecolor', 'CONDA_CHANGEPS1': 'no', 'WAYLAND_DISPLAY': 'wayland-0', 'ROS_DISTRO': 'jazzy', 'COLCON_PREFIX_PATH': '/home/gbonham/turtlebot4_ws/install', 'LOGNAME': 'gbonham', '_': '/usr/bin/colcon', 'MEMORY_PRESSURE_WATCH': '/sys/fs/cgroup/user.slice/user-481853705.slice/user@481853705.service/session.slice/org.gnome.Shell@wayland.service/memory.pressure', 'XDG_SESSION_CLASS': 'user', 'ROS_VERSION': '2', 'USERNAME': 'gbonham', 'TERM': 'xterm-256color', 'PROMPT_EOL_MARK': '', 'ROS_SUPER_CLIENT': 'True', 'GNOME_DESKTOP_SESSION_ID': 'this-is-deprecated', 'PATH': '/opt/ros/jazzy/opt/gz_msgs_vendor/bin:/opt/ros/jazzy/opt/gz_tools_vendor/bin:/opt/ros/jazzy/opt/gz_ogre_next_vendor/bin:/opt/ros/jazzy/bin:/usr/local/sbin:/usr/local/bin:/usr/sbin:/usr/bin:/sbin:/bin:/usr/games:/usr/local/games:/snap/bin:/snap/bin', 'SESSION_MANAGER': 'local/csci20121:@/tmp/.ICE-unix/29356,unix/csci20121:/tmp/.ICE-unix/29356', 'GNOME_TERMINAL_SCREEN': '/org/gnome/Terminal/screen/1a920a0f_e173_45d5_84d1_08745e1c9bf0', 'XDG_MENU_PREFIX': 'gnome-', 'GNOME_SETUP_DISPLAY': ':1', 'XDG_RUNTIME_DIR': '/run/user/481853705', 'DISPLAY': ':0', 'XDG_CURRENT_DESKTOP': 'ubuntu:GNOME', 'LANG': 'en_US.UTF-8', 'RMW_IMPLEMENTATION': 'rmw_fastrtps_cpp', 'XDG_SESSION_DESKTOP': 'ubuntu', 'GNOME_TERMINAL_SERVICE': ':1.119', 'XMODIFIERS': '@im=ibus', 'XAUTHORITY': '/run/user/481853705/.mutter-Xwaylandauth.8MOAO3', 'SSH_AUTH_SOCK': '/run/user/481853705/keyring/ssh', 'AMENT_PREFIX_PATH': '/home/gbonham/turtlebot4_ws/install/lab_bringup:/home/gbonham/turtlebot4_ws/install/lab5_pkg:/home/gbonham/turtlebot4_ws/install/lab3_pkg:/home/gbonham/turtlebot4_ws/install/lab2_pkg:/home/gbonham/turtlebot4_ws/install/lab1_pkg:/home/gbonham/turtlebot4_ws/install/final:/home/gbonham/turtlebot4_ws/install/custom_interfaces:/opt/ros/jazzy', 'ROS_DOMAIN_ID': '0', 'KRB5CCNAME': 'FILE:/tmp/krb5cc_481853705_B2nlBa', 'SHELL': '/bin/zsh', 'ROS_DISCOVERY_SERVER': '10.5.113.101:11811', 'QT_ACCESSIBILITY': '1', 'GDMSESSION': 'ubuntu', 'QT_IM_MODULE': 'ibus', 'ROS_AUTOMATIC_DISCOVERY_RANGE': 'SUBNET', 'PWD': '/home/gbonham/turtlebot4_ws/build/custom_interfaces', 'XDG_DATA_DIRS': '/usr/local/share/:/usr/share/:/var/lib/snapd/desktop', 'VIRTUAL_ENV_DISABLE_PROMPT': '12', 'PYTHONPATH': '/home/gbonham/turtlebot4_ws/install/lab5_pkg/lib/python3.12/site-packages:/home/gbonham/turtlebot4_ws/install/lab3_pkg/lib/python3.12/site-packages:/home/gbonham/turtlebot4_ws/install/lab2_pkg/lib/python3.12/site-packages:/home/gbonham/turtlebot4_ws/install/lab1_pkg/lib/python3.12/site-packages:/home/gbonham/turtlebot4_ws/install/final/lib/python3.12/site-packages:/home/gbonham/turtlebot4_ws/install/custom_interfaces/lib/python3.12/site-packages:/opt/ros/jazzy/lib/python3.12/site-packages', 'COLCON': '1', 'VTE_VERSION': '7600', 'MEMORY_PRESSURE_WRITE': 'c29tZSAyMDAwMDAgMjAwMDAwMAA=', 'CMAKE_PREFIX_PATH': '/home/gbonham/turtlebot4_ws/install/lab_bringup:/home/gbonham/turtlebot4_ws/install/custom_interfaces:/opt/ros/jazzy/opt/gz_sim_vendor:/opt/ros/jazzy/opt/gz_sensors_vendor:/opt/ros/jazzy/opt/gz_physics_vendor:/opt/ros/jazzy/opt/sdformat_vendor:/opt/ros/jazzy/opt/gz_gui_vendor:/opt/ros/jazzy/opt/gz_transport_vendor:/opt/ros/jazzy/opt/gz_rendering_vendor:/opt/ros/jazzy/opt/gz_plugin_vendor:/opt/ros/jazzy/opt/gz_fuel_tools_vendor:/opt/ros/jazzy/opt/gz_msgs_vendor:/opt/ros/jazzy/opt/gz_common_vendor:/opt/ros/jazzy/opt/gz_math_vendor:/opt/ros/jazzy/opt/gz_utils_vendor:/opt/ros/jazzy/opt/gz_tools_vendor:/opt/ros/jazzy/opt/gz_ogre_next_vendor:/opt/ros/jazzy/opt/gz_dartsim_vendor:/opt/ros/jazzy/opt/gz_cmake_vendor:/home/gbonham/turtlebot4_ws/install/lab5_pkg:/home/gbonham/turtlebot4_ws/install/lab3_pkg:/home/gbonham/turtlebot4_ws/install/lab2_pkg:/home/gbonham/turtlebot4_ws/install/lab1_pkg:/home/gbonham/turtlebot4_ws/install/final:/opt/ros/jazzy'}), 'shell': False}
[0.099630] (-) TimerEvent: {}
[0.199885] (-) TimerEvent: {}
[0.300133] (-) TimerEvent: {}
[0.400385] (-) TimerEvent: {}
[0.500572] (-) TimerEvent: {}
[0.550896] (custom_interfaces) StdoutLine: {'line': b'[  2%] Built target custom_interfaces__rosidl_generator_type_description\n'}
[0.551330] (custom_interfaces) StdoutLine: {'line': b'[  4%] Built target custom_interfaces__rs\n'}
[0.551860] (custom_interfaces) StdoutLine: {'line': b'[  4%] Built target ament_cmake_python_copy_custom_interfaces\n'}
[0.551954] (custom_interfaces) StdoutLine: {'line': b'[  6%] Built target custom_interfaces__cpp\n'}
[0.552032] (custom_interfaces) StdoutLine: {'line': b'[ 24%] Built target custom_interfaces__rosidl_generator_c\n'}
[0.552136] (custom_interfaces) StdoutLine: {'line': b'[ 35%] Built target custom_interfaces__rosidl_typesupport_fastrtps_c\n'}
[0.552229] (custom_interfaces) StdoutLine: {'line': b'[ 55%] Built target custom_interfaces__rosidl_typesupport_introspection_cpp\n'}
[0.552327] (custom_interfaces) StdoutLine: {'line': b'[ 66%] Built target custom_interfaces__rosidl_typesupport_cpp\n'}
[0.552399] (custom_interfaces) StdoutLine: {'line': b'[ 68%] Built target custom_interfaces__rosidl_typesupport_introspection_c\n'}
[0.552474] (custom_interfaces) StdoutLine: {'line': b'[ 68%] Built target custom_interfaces__rosidl_typesupport_c\n'}
[0.552545] (custom_interfaces) StdoutLine: {'line': b'[ 77%] Built target custom_interfaces__rosidl_typesupport_fastrtps_cpp\n'}
[0.552659] (custom_interfaces) StdoutLine: {'line': b'[ 77%] Built target custom_interfaces\n'}
[0.552776] (custom_interfaces) StdoutLine: {'line': b'[ 80%] Built target custom_interfaces__py\n'}
[0.552854] (custom_interfaces) StdoutLine: {'line': b'[ 86%] Built target custom_interfaces__rosidl_generator_py\n'}
[0.552968] (custom_interfaces) StdoutLine: {'line': b'[100%] Built target custom_interfaces_s__rosidl_typesupport_fastrtps_c\n'}
[0.553063] (custom_interfaces) StdoutLine: {'line': b'[100%] Built target custom_interfaces_s__rosidl_typesupport_c\n'}
[0.553138] (custom_interfaces) StdoutLine: {'line': b'[100%] Built target custom_interfaces_s__rosidl_typesupport_introspection_c\n'}
[0.553209] (custom_interfaces) StdoutLine: {'line': b'running egg_info\n'}
[0.553278] (custom_interfaces) StdoutLine: {'line': b'writing custom_interfaces.egg-info/PKG-INFO\n'}
[0.553346] (custom_interfaces) StdoutLine: {'line': b'writing dependency_links to custom_interfaces.egg-info/dependency_links.txt\n'}
[0.553418] (custom_interfaces) StdoutLine: {'line': b'writing top-level names to custom_interfaces.egg-info/top_level.txt\n'}
[0.562618] (custom_interfaces) StdoutLine: {'line': b"reading manifest file 'custom_interfaces.egg-info/SOURCES.txt'\n"}
[0.563141] (custom_interfaces) StdoutLine: {'line': b"writing manifest file 'custom_interfaces.egg-info/SOURCES.txt'\n"}
[0.585017] (custom_interfaces) StdoutLine: {'line': b'[100%] Built target ament_cmake_python_build_custom_interfaces_egg\n'}
[0.600651] (-) TimerEvent: {}
[0.700842] (-) TimerEvent: {}
[0.775613] (custom_interfaces) CommandEnded: {'returncode': 0}
[0.779050] (custom_interfaces) JobProgress: {'identifier': 'custom_interfaces', 'progress': 'install'}
[0.787742] (custom_interfaces) Command: {'cmd': ['/usr/bin/cmake', '--install', '/home/gbonham/turtlebot4_ws/build/custom_interfaces'], 'cwd': '/home/gbonham/turtlebot4_ws/build/custom_interfaces', 'env': OrderedDict({'USER': 'gbonham', 'GZ_SIM_RESOURCE_PATH': '/opt/ros/jazzy/share', 'GZ_CONFIG_PATH': '/opt/ros/jazzy/opt/gz_sim_vendor/share/gz:/opt/ros/jazzy/opt/sdformat_vendor/share/gz:/opt/ros/jazzy/opt/gz_gui_vendor/share/gz:/opt/ros/jazzy/opt/gz_transport_vendor/share/gz:/opt/ros/jazzy/opt/gz_rendering_vendor/share/gz:/opt/ros/jazzy/opt/gz_plugin_vendor/share/gz:/opt/ros/jazzy/opt/gz_fuel_tools_vendor/share/gz:/opt/ros/jazzy/opt/gz_msgs_vendor/share/gz:/opt/ros/jazzy/opt/gz_common_vendor/share/gz', 'XDG_SESSION_TYPE': 'wayland', 'CLUTTER_DISABLE_MIPMAPPED_TEXT': '1', 'SHLVL': '1', 'LD_LIBRARY_PATH': '/home/gbonham/turtlebot4_ws/install/custom_interfaces/lib:/opt/ros/jazzy/opt/gz_sim_vendor/lib:/opt/ros/jazzy/opt/gz_sensors_vendor/lib:/opt/ros/jazzy/opt/gz_physics_vendor/lib:/opt/ros/jazzy/opt/sdformat_vendor/lib:/opt/ros/jazzy/opt/rviz_ogre_vendor/lib:/opt/ros/jazzy/lib/x86_64-linux-gnu:/opt/ros/jazzy/opt/gz_gui_vendor/lib:/opt/ros/jazzy/opt/gz_transport_vendor/lib:/opt/ros/jazzy/opt/gz_rendering_vendor/lib:/opt/ros/jazzy/opt/gz_plugin_vendor/lib:/opt/ros/jazzy/opt/gz_fuel_tools_vendor/lib:/opt/ros/jazzy/opt/gz_msgs_vendor/lib:/opt/ros/jazzy/opt/gz_common_vendor/lib:/opt/ros/jazzy/opt/gz_math_vendor/lib:/opt/ros/jazzy/opt/gz_utils_vendor/lib:/opt/ros/jazzy/opt/gz_tools_vendor/lib:/opt/ros/jazzy/opt/gz_ogre_next_vendor/lib:/opt/ros/jazzy/opt/gz_dartsim_vendor/lib:/opt/ros/jazzy/opt/gz_cmake_vendor/lib:/opt/ros/jazzy/lib', 'OLDPWD': '/home/gbonham', 'HOME': '/home/gbonham', 'DESKTOP_SESSION': 'ubuntu', 'GTK_MODULES': 'gail:atk-bridge', 'GNOME_SHELL_SESSION_MODE': 'ubuntu', 'ROS_PYTHON_VERSION': '3', 'SYSTEMD_EXEC_PID': '29388', 'DBUS_SESSION_BUS_ADDRESS': 'unix:path=/run/user/481853705/bus', 'GSM_SKIP_SSH_AGENT_WORKAROUND': 'true', 'COLORTERM': 'truecolor', 'CONDA_CHANGEPS1': 'no', 'WAYLAND_DISPLAY': 'wayland-0', 'ROS_DISTRO': 'jazzy', 'COLCON_PREFIX_PATH': '/home/gbonham/turtlebot4_ws/install', 'LOGNAME': 'gbonham', '_': '/usr/bin/colcon', 'MEMORY_PRESSURE_WATCH': '/sys/fs/cgroup/user.slice/user-481853705.slice/user@481853705.service/session.slice/org.gnome.Shell@wayland.service/memory.pressure', 'XDG_SESSION_CLASS': 'user', 'ROS_VERSION': '2', 'USERNAME': 'gbonham', 'TERM': 'xterm-256color', 'PROMPT_EOL_MARK': '', 'ROS_SUPER_CLIENT': 'True', 'GNOME_DESKTOP_SESSION_ID': 'this-is-deprecated', 'PATH': '/opt/ros/jazzy/opt/gz_msgs_vendor/bin:/opt/ros/jazzy/opt/gz_tools_vendor/bin:/opt/ros/jazzy/opt/gz_ogre_next_vendor/bin:/opt/ros/jazzy/bin:/usr/local/sbin:/usr/local/bin:/usr/sbin:/usr/bin:/sbin:/bin:/usr/games:/usr/local/games:/snap/bin:/snap/bin', 'SESSION_MANAGER': 'local/csci20121:@/tmp/.ICE-unix/29356,unix/csci20121:/tmp/.ICE-unix/29356', 'GNOME_TERMINAL_SCREEN': '/org/gnome/Terminal/screen/1a920a0f_e173_45d5_84d1_08745e1c9bf0', 'XDG_MENU_PREFIX': 'gnome-', 'GNOME_SETUP_DISPLAY': ':1', 'XDG_RUNTIME_DIR': '/run/user/481853705', 'DISPLAY': ':0', 'XDG_CURRENT_DESKTOP': 'ubuntu:GNOME', 'LANG': 'en_US.UTF-8', 'RMW_IMPLEMENTATION': 'rmw_fastrtps_cpp', 'XDG_SESSION_DESKTOP': 'ubuntu', 'GNOME_TERMINAL_SERVICE': ':1.119', 'XMODIFIERS': '@im=ibus', 'XAUTHORITY': '/run/user/481853705/.mutter-Xwaylandauth.8MOAO3', 'SSH_AUTH_SOCK': '/run/user/481853705/keyring/ssh', 'AMENT_PREFIX_PATH': '/home/gbonham/turtlebot4_ws/install/lab_bringup:/home/gbonham/turtlebot4_ws/install/lab5_pkg:/home/gbonham/turtlebot4_ws/install/lab3_pkg:/home/gbonham/turtlebot4_ws/install/lab2_pkg:/home/gbonham/turtlebot4_ws/install/lab1_pkg:/home/gbonham/turtlebot4_ws/install/final:/home/gbonham/turtlebot4_ws/install/custom_interfaces:/opt/ros/jazzy', 'ROS_DOMAIN_ID': '0', 'KRB5CCNAME': 'FILE:/tmp/krb5cc_481853705_B2nlBa', 'SHELL': '/bin/zsh', 'ROS_DISCOVERY_SERVER': '10.5.113.101:11811', 'QT_ACCESSIBILITY': '1', 'GDMSESSION': 'ubuntu', 'QT_IM_MODULE': 'ibus', 'ROS_AUTOMATIC_DISCOVERY_RANGE': 'SUBNET', 'PWD': '/home/gbonham/turtlebot4_ws/build/custom_interfaces', 'XDG_DATA_DIRS': '/usr/local/share/:/usr/share/:/var/lib/snapd/desktop', 'VIRTUAL_ENV_DISABLE_PROMPT': '12', 'PYTHONPATH': '/home/gbonham/turtlebot4_ws/install/lab5_pkg/lib/python3.12/site-packages:/home/gbonham/turtlebot4_ws/install/lab3_pkg/lib/python3.12/site-packages:/home/gbonham/turtlebot4_ws/install/lab2_pkg/lib/python3.12/site-packages:/home/gbonham/turtlebot4_ws/install/lab1_pkg/lib/python3.12/site-packages:/home/gbonham/turtlebot4_ws/install/final/lib/python3.12/site-packages:/home/gbonham/turtlebot4_ws/install/custom_interfaces/lib/python3.12/site-packages:/opt/ros/jazzy/lib/python3.12/site-packages', 'COLCON': '1', 'VTE_VERSION': '7600', 'MEMORY_PRESSURE_WRITE': 'c29tZSAyMDAwMDAgMjAwMDAwMAA=', 'CMAKE_PREFIX_PATH': '/home/gbonham/turtlebot4_ws/install/lab_bringup:/home/gbonham/turtlebot4_ws/install/custom_interfaces:/opt/ros/jazzy/opt/gz_sim_vendor:/opt/ros/jazzy/opt/gz_sensors_vendor:/opt/ros/jazzy/opt/gz_physics_vendor:/opt/ros/jazzy/opt/sdformat_vendor:/opt/ros/jazzy/opt/gz_gui_vendor:/opt/ros/jazzy/opt/gz_transport_vendor:/opt/ros/jazzy/opt/gz_rendering_vendor:/opt/ros/jazzy/opt/gz_plugin_vendor:/opt/ros/jazzy/opt/gz_fuel_tools_vendor:/opt/ros/jazzy/opt/gz_msgs_vendor:/opt/ros/jazzy/opt/gz_common_vendor:/opt/ros/jazzy/opt/gz_math_vendor:/opt/ros/jazzy/opt/gz_utils_vendor:/opt/ros/jazzy/opt/gz_tools_vendor:/opt/ros/jazzy/opt/gz_ogre_next_vendor:/opt/ros/jazzy/opt/gz_dartsim_vendor:/opt/ros/jazzy/opt/gz_cmake_vendor:/home/gbonham/turtlebot4_ws/install/lab5_pkg:/home/gbonham/turtlebot4_ws/install/lab3_pkg:/home/gbonham/turtlebot4_ws/install/lab2_pkg:/home/gbonham/turtlebot4_ws/install/lab1_pkg:/home/gbonham/turtlebot4_ws/install/final:/opt/ros/jazzy'}), 'shell': False}
[0.800903] (custom_interfaces) StdoutLine: {'line': b'-- Install configuration: ""\n'}
[0.801163] (-) TimerEvent: {}
[0.801330] (custom_interfaces) StdoutLine: {'line': b'-- Up-to-date: /home/gbonham/turtlebot4_ws/install/custom_interfaces/share/ament_index/resource_index/rosidl_interfaces/custom_interfaces\n'}
[0.801530] (custom_interfaces) StdoutLine: {'line': b'-- Up-to-date: /home/gbonham/turtlebot4_ws/install/custom_interfaces/share/custom_interfaces/srv/SetCap.json\n'}
[0.801639] (custom_interfaces) StdoutLine: {'line': b'-- Up-to-date: /home/gbonham/turtlebot4_ws/install/custom_interfaces/share/custom_interfaces/action/RobotGoal.json\n'}
[0.801732] (custom_interfaces) StdoutLine: {'line': b'-- Up-to-date: /home/gbonham/turtlebot4_ws/install/custom_interfaces/include/custom_interfaces/custom_interfaces\n'}
[0.801810] (custom_interfaces) StdoutLine: {'line': b'-- Up-to-date: /home/gbonham/turtlebot4_ws/install/custom_interfaces/include/custom_interfaces/custom_interfaces/action\n'}
[0.801907] (custom_interfaces) StdoutLine: {'line': b'-- Up-to-date: /home/gbonham/turtlebot4_ws/install/custom_interfaces/include/custom_interfaces/custom_interfaces/action/detail\n'}
[0.801978] (custom_interfaces) StdoutLine: {'line': b'-- Up-to-date: /home/gbonham/turtlebot4_ws/install/custom_interfaces/include/custom_interfaces/custom_interfaces/action/detail/robot_goal__struct.h\n'}
[0.802113] (custom_interfaces) StdoutLine: {'line': b'-- Up-to-date: /home/gbonham/turtlebot4_ws/install/custom_interfaces/include/custom_interfaces/custom_interfaces/action/detail/robot_goal__type_support.c\n'}
[0.802283] (custom_interfaces) StdoutLine: {'line': b'-- Up-to-date: /home/gbonham/turtlebot4_ws/install/custom_interfaces/include/custom_interfaces/custom_interfaces/action/detail/robot_goal__functions.h\n'}
[0.802374] (custom_interfaces) StdoutLine: {'line': b'-- Up-to-date: /home/gbonham/turtlebot4_ws/install/custom_interfaces/include/custom_interfaces/custom_interfaces/action/detail/robot_goal__functions.c\n'}
[0.802476] (custom_interfaces) StdoutLine: {'line': b'-- Up-to-date: /home/gbonham/turtlebot4_ws/install/custom_interfaces/include/custom_interfaces/custom_interfaces/action/detail/robot_goal__description.c\n'}
[0.802564] (custom_interfaces) StdoutLine: {'line': b'-- Up-to-date: /home/gbonham/turtlebot4_ws/install/custom_interfaces/include/custom_interfaces/custom_interfaces/action/detail/robot_goal__type_support.h\n'}
[0.802637] (custom_interfaces) StdoutLine: {'line': b'-- Up-to-date: /home/gbonham/turtlebot4_ws/install/custom_interfaces/include/custom_interfaces/custom_interfaces/action/robot_goal.h\n'}
[0.802720] (custom_interfaces) StdoutLine: {'line': b'-- Up-to-date: /home/gbonham/turtlebot4_ws/install/custom_interfaces/include/custom_interfaces/custom_interfaces/msg\n'}
[0.802794] (custom_interfaces) StdoutLine: {'line': b'-- Up-to-date: /home/gbonham/turtlebot4_ws/install/custom_interfaces/include/custom_interfaces/custom_interfaces/msg/rosidl_generator_c__visibility_control.h\n'}
[0.802872] (custom_interfaces) StdoutLine: {'line': b'-- Up-to-date: /home/gbonham/turtlebot4_ws/install/custom_interfaces/include/custom_interfaces/custom_interfaces/srv\n'}
[0.802941] (custom_interfaces) StdoutLine: {'line': b'-- Up-to-date: /home/gbonham/turtlebot4_ws/install/custom_interfaces/include/custom_interfaces/custom_interfaces/srv/detail\n'}
[0.803009] (custom_interfaces) StdoutLine: {'line': b'-- Up-to-date: /home/gbonham/turtlebot4_ws/install/custom_interfaces/include/custom_interfaces/custom_interfaces/srv/detail/set_cap__functions.c\n'}
[0.803093] (custom_interfaces) StdoutLine: {'line': b'-- Up-to-date: /home/gbonham/turtlebot4_ws/install/custom_interfaces/include/custom_interfaces/custom_interfaces/srv/detail/set_cap__description.c\n'}
[0.803168] (custom_interfaces) StdoutLine: {'line': b'-- Up-to-date: /home/gbonham/turtlebot4_ws/install/custom_interfaces/include/custom_interfaces/custom_interfaces/srv/detail/set_cap__type_support.h\n'}
[0.803249] (custom_interfaces) StdoutLine: {'line': b'-- Up-to-date: /home/gbonham/turtlebot4_ws/install/custom_interfaces/include/custom_interfaces/custom_interfaces/srv/detail/set_cap__struct.h\n'}
[0.803326] (custom_interfaces) StdoutLine: {'line': b'-- Up-to-date: /home/gbonham/turtlebot4_ws/install/custom_interfaces/include/custom_interfaces/custom_interfaces/srv/detail/set_cap__functions.h\n'}
[0.803403] (custom_interfaces) StdoutLine: {'line': b'-- Up-to-date: /home/gbonham/turtlebot4_ws/install/custom_interfaces/include/custom_interfaces/custom_interfaces/srv/detail/set_cap__type_support.c\n'}
[0.803475] (custom_interfaces) StdoutLine: {'line': b'-- Up-to-date: /home/gbonham/turtlebot4_ws/install/custom_interfaces/include/custom_interfaces/custom_interfaces/srv/set_cap.h\n'}
[0.803543] (custom_interfaces) StdoutLine: {'line': b'-- Up-to-date: /home/gbonham/turtlebot4_ws/install/custom_interfaces/share/custom_interfaces/environment/library_path.sh\n'}
[0.803615] (custom_interfaces) StdoutLine: {'line': b'-- Up-to-date: /home/gbonham/turtlebot4_ws/install/custom_interfaces/share/custom_interfaces/environment/library_path.dsv\n'}
[0.803705] (custom_interfaces) StdoutLine: {'line': b'-- Up-to-date: /home/gbonham/turtlebot4_ws/install/custom_interfaces/lib/libcustom_interfaces__rosidl_generator_c.so\n'}
[0.803777] (custom_interfaces) StdoutLine: {'line': b'-- Up-to-date: /home/gbonham/turtlebot4_ws/install/custom_interfaces/include/custom_interfaces/custom_interfaces\n'}
[0.803846] (custom_interfaces) StdoutLine: {'line': b'-- Up-to-date: /home/gbonham/turtlebot4_ws/install/custom_interfaces/include/custom_interfaces/custom_interfaces/action\n'}
[0.803937] (custom_interfaces) StdoutLine: {'line': b'-- Up-to-date: /home/gbonham/turtlebot4_ws/install/custom_interfaces/include/custom_interfaces/custom_interfaces/action/detail\n'}
[0.804018] (custom_interfaces) StdoutLine: {'line': b'-- Up-to-date: /home/gbonham/turtlebot4_ws/install/custom_interfaces/include/custom_interfaces/custom_interfaces/action/detail/robot_goal__rosidl_typesupport_fastrtps_c.h\n'}
[0.804090] (custom_interfaces) StdoutLine: {'line': b'-- Up-to-date: /home/gbonham/turtlebot4_ws/install/custom_interfaces/include/custom_interfaces/custom_interfaces/msg\n'}
[0.804159] (custom_interfaces) StdoutLine: {'line': b'-- Up-to-date: /home/gbonham/turtlebot4_ws/install/custom_interfaces/include/custom_interfaces/custom_interfaces/msg/rosidl_typesupport_fastrtps_c__visibility_control.h\n'}
[0.804235] (custom_interfaces) StdoutLine: {'line': b'-- Up-to-date: /home/gbonham/turtlebot4_ws/install/custom_interfaces/include/custom_interfaces/custom_interfaces/srv\n'}
[0.804304] (custom_interfaces) StdoutLine: {'line': b'-- Up-to-date: /home/gbonham/turtlebot4_ws/install/custom_interfaces/include/custom_interfaces/custom_interfaces/srv/detail\n'}
[0.804372] (custom_interfaces) StdoutLine: {'line': b'-- Up-to-date: /home/gbonham/turtlebot4_ws/install/custom_interfaces/include/custom_interfaces/custom_interfaces/srv/detail/set_cap__rosidl_typesupport_fastrtps_c.h\n'}
[0.805558] (custom_interfaces) StdoutLine: {'line': b'-- Up-to-date: /home/gbonham/turtlebot4_ws/install/custom_interfaces/lib/libcustom_interfaces__rosidl_typesupport_fastrtps_c.so\n'}
[0.805831] (custom_interfaces) StdoutLine: {'line': b'-- Up-to-date: /home/gbonham/turtlebot4_ws/install/custom_interfaces/include/custom_interfaces/custom_interfaces\n'}
[0.805975] (custom_interfaces) StdoutLine: {'line': b'-- Up-to-date: /home/gbonham/turtlebot4_ws/install/custom_interfaces/include/custom_interfaces/custom_interfaces/action\n'}
[0.806131] (custom_interfaces) StdoutLine: {'line': b'-- Up-to-date: /home/gbonham/turtlebot4_ws/install/custom_interfaces/include/custom_interfaces/custom_interfaces/action/detail\n'}
[0.806236] (custom_interfaces) StdoutLine: {'line': b'-- Up-to-date: /home/gbonham/turtlebot4_ws/install/custom_interfaces/include/custom_interfaces/custom_interfaces/action/detail/robot_goal__type_support.c\n'}
[0.806310] (custom_interfaces) StdoutLine: {'line': b'-- Up-to-date: /home/gbonham/turtlebot4_ws/install/custom_interfaces/include/custom_interfaces/custom_interfaces/action/detail/robot_goal__rosidl_typesupport_introspection_c.h\n'}
[0.806383] (custom_interfaces) StdoutLine: {'line': b'-- Up-to-date: /home/gbonham/turtlebot4_ws/install/custom_interfaces/include/custom_interfaces/custom_interfaces/msg\n'}
[0.806476] (custom_interfaces) StdoutLine: {'line': b'-- Up-to-date: /home/gbonham/turtlebot4_ws/install/custom_interfaces/include/custom_interfaces/custom_interfaces/msg/rosidl_typesupport_introspection_c__visibility_control.h\n'}
[0.806550] (custom_interfaces) StdoutLine: {'line': b'-- Up-to-date: /home/gbonham/turtlebot4_ws/install/custom_interfaces/include/custom_interfaces/custom_interfaces/srv\n'}
[0.806622] (custom_interfaces) StdoutLine: {'line': b'-- Up-to-date: /home/gbonham/turtlebot4_ws/install/custom_interfaces/include/custom_interfaces/custom_interfaces/srv/detail\n'}
[0.806703] (custom_interfaces) StdoutLine: {'line': b'-- Up-to-date: /home/gbonham/turtlebot4_ws/install/custom_interfaces/include/custom_interfaces/custom_interfaces/srv/detail/set_cap__rosidl_typesupport_introspection_c.h\n'}
[0.806774] (custom_interfaces) StdoutLine: {'line': b'-- Up-to-date: /home/gbonham/turtlebot4_ws/install/custom_interfaces/include/custom_interfaces/custom_interfaces/srv/detail/set_cap__type_support.c\n'}
[0.806873] (custom_interfaces) StdoutLine: {'line': b'-- Up-to-date: /home/gbonham/turtlebot4_ws/install/custom_interfaces/lib/libcustom_interfaces__rosidl_typesupport_introspection_c.so\n'}
[0.806947] (custom_interfaces) StdoutLine: {'line': b'-- Up-to-date: /home/gbonham/turtlebot4_ws/install/custom_interfaces/lib/libcustom_interfaces__rosidl_typesupport_c.so\n'}
[0.807049] (custom_interfaces) StdoutLine: {'line': b'-- Up-to-date: /home/gbonham/turtlebot4_ws/install/custom_interfaces/include/custom_interfaces/custom_interfaces\n'}
[0.807209] (custom_interfaces) StdoutLine: {'line': b'-- Up-to-date: /home/gbonham/turtlebot4_ws/install/custom_interfaces/include/custom_interfaces/custom_interfaces/action\n'}
[0.807354] (custom_interfaces) StdoutLine: {'line': b'-- Up-to-date: /home/gbonham/turtlebot4_ws/install/custom_interfaces/include/custom_interfaces/custom_interfaces/action/detail\n'}
[0.807504] (custom_interfaces) StdoutLine: {'line': b'-- Up-to-date: /home/gbonham/turtlebot4_ws/install/custom_interfaces/include/custom_interfaces/custom_interfaces/action/detail/robot_goal__builder.hpp\n'}
[0.807645] (custom_interfaces) StdoutLine: {'line': b'-- Up-to-date: /home/gbonham/turtlebot4_ws/install/custom_interfaces/include/custom_interfaces/custom_interfaces/action/detail/robot_goal__traits.hpp\n'}
[0.807799] (custom_interfaces) StdoutLine: {'line': b'-- Up-to-date: /home/gbonham/turtlebot4_ws/install/custom_interfaces/include/custom_interfaces/custom_interfaces/action/detail/robot_goal__struct.hpp\n'}
[0.807927] (custom_interfaces) StdoutLine: {'line': b'-- Up-to-date: /home/gbonham/turtlebot4_ws/install/custom_interfaces/include/custom_interfaces/custom_interfaces/action/detail/robot_goal__type_support.hpp\n'}
[0.808013] (custom_interfaces) StdoutLine: {'line': b'-- Up-to-date: /home/gbonham/turtlebot4_ws/install/custom_interfaces/include/custom_interfaces/custom_interfaces/action/robot_goal.hpp\n'}
[0.808089] (custom_interfaces) StdoutLine: {'line': b'-- Up-to-date: /home/gbonham/turtlebot4_ws/install/custom_interfaces/include/custom_interfaces/custom_interfaces/msg\n'}
[0.808158] (custom_interfaces) StdoutLine: {'line': b'-- Up-to-date: /home/gbonham/turtlebot4_ws/install/custom_interfaces/include/custom_interfaces/custom_interfaces/msg/rosidl_generator_cpp__visibility_control.hpp\n'}
[0.808233] (custom_interfaces) StdoutLine: {'line': b'-- Up-to-date: /home/gbonham/turtlebot4_ws/install/custom_interfaces/include/custom_interfaces/custom_interfaces/srv\n'}
[0.808305] (custom_interfaces) StdoutLine: {'line': b'-- Up-to-date: /home/gbonham/turtlebot4_ws/install/custom_interfaces/include/custom_interfaces/custom_interfaces/srv/detail\n'}
[0.808374] (custom_interfaces) StdoutLine: {'line': b'-- Up-to-date: /home/gbonham/turtlebot4_ws/install/custom_interfaces/include/custom_interfaces/custom_interfaces/srv/detail/set_cap__type_support.hpp\n'}
[0.808442] (custom_interfaces) StdoutLine: {'line': b'-- Up-to-date: /home/gbonham/turtlebot4_ws/install/custom_interfaces/include/custom_interfaces/custom_interfaces/srv/detail/set_cap__builder.hpp\n'}
[0.808525] (custom_interfaces) StdoutLine: {'line': b'-- Up-to-date: /home/gbonham/turtlebot4_ws/install/custom_interfaces/include/custom_interfaces/custom_interfaces/srv/detail/set_cap__traits.hpp\n'}
[0.808598] (custom_interfaces) StdoutLine: {'line': b'-- Up-to-date: /home/gbonham/turtlebot4_ws/install/custom_interfaces/include/custom_interfaces/custom_interfaces/srv/detail/set_cap__struct.hpp\n'}
[0.808665] (custom_interfaces) StdoutLine: {'line': b'-- Up-to-date: /home/gbonham/turtlebot4_ws/install/custom_interfaces/include/custom_interfaces/custom_interfaces/srv/set_cap.hpp\n'}
[0.808745] (custom_interfaces) StdoutLine: {'line': b'-- Up-to-date: /home/gbonham/turtlebot4_ws/install/custom_interfaces/include/custom_interfaces/custom_interfaces\n'}
[0.808816] (custom_interfaces) StdoutLine: {'line': b'-- Up-to-date: /home/gbonham/turtlebot4_ws/install/custom_interfaces/include/custom_interfaces/custom_interfaces/action\n'}
[0.808891] (custom_interfaces) StdoutLine: {'line': b'-- Up-to-date: /home/gbonham/turtlebot4_ws/install/custom_interfaces/include/custom_interfaces/custom_interfaces/action/detail\n'}
[0.808959] (custom_interfaces) StdoutLine: {'line': b'-- Up-to-date: /home/gbonham/turtlebot4_ws/install/custom_interfaces/include/custom_interfaces/custom_interfaces/action/detail/robot_goal__rosidl_typesupport_fastrtps_cpp.hpp\n'}
[0.809032] (custom_interfaces) StdoutLine: {'line': b'-- Up-to-date: /home/gbonham/turtlebot4_ws/install/custom_interfaces/include/custom_interfaces/custom_interfaces/action/detail/dds_fastrtps\n'}
[0.809101] (custom_interfaces) StdoutLine: {'line': b'-- Up-to-date: /home/gbonham/turtlebot4_ws/install/custom_interfaces/include/custom_interfaces/custom_interfaces/msg\n'}
[0.809172] (custom_interfaces) StdoutLine: {'line': b'-- Up-to-date: /home/gbonham/turtlebot4_ws/install/custom_interfaces/include/custom_interfaces/custom_interfaces/msg/rosidl_typesupport_fastrtps_cpp__visibility_control.h\n'}
[0.809240] (custom_interfaces) StdoutLine: {'line': b'-- Up-to-date: /home/gbonham/turtlebot4_ws/install/custom_interfaces/include/custom_interfaces/custom_interfaces/srv\n'}
[0.809313] (custom_interfaces) StdoutLine: {'line': b'-- Up-to-date: /home/gbonham/turtlebot4_ws/install/custom_interfaces/include/custom_interfaces/custom_interfaces/srv/detail\n'}
[0.809384] (custom_interfaces) StdoutLine: {'line': b'-- Up-to-date: /home/gbonham/turtlebot4_ws/install/custom_interfaces/include/custom_interfaces/custom_interfaces/srv/detail/set_cap__rosidl_typesupport_fastrtps_cpp.hpp\n'}
[0.809452] (custom_interfaces) StdoutLine: {'line': b'-- Up-to-date: /home/gbonham/turtlebot4_ws/install/custom_interfaces/include/custom_interfaces/custom_interfaces/srv/detail/dds_fastrtps\n'}
[0.811314] (custom_interfaces) StdoutLine: {'line': b'-- Up-to-date: /home/gbonham/turtlebot4_ws/install/custom_interfaces/lib/libcustom_interfaces__rosidl_typesupport_fastrtps_cpp.so\n'}
[0.811583] (custom_interfaces) StdoutLine: {'line': b'-- Up-to-date: /home/gbonham/turtlebot4_ws/install/custom_interfaces/include/custom_interfaces/custom_interfaces\n'}
[0.811753] (custom_interfaces) StdoutLine: {'line': b'-- Up-to-date: /home/gbonham/turtlebot4_ws/install/custom_interfaces/include/custom_interfaces/custom_interfaces/action\n'}
[0.811877] (custom_interfaces) StdoutLine: {'line': b'-- Up-to-date: /home/gbonham/turtlebot4_ws/install/custom_interfaces/include/custom_interfaces/custom_interfaces/action/detail\n'}
[0.811954] (custom_interfaces) StdoutLine: {'line': b'-- Up-to-date: /home/gbonham/turtlebot4_ws/install/custom_interfaces/include/custom_interfaces/custom_interfaces/action/detail/robot_goal__rosidl_typesupport_introspection_cpp.hpp\n'}
[0.812029] (custom_interfaces) StdoutLine: {'line': b'-- Up-to-date: /home/gbonham/turtlebot4_ws/install/custom_interfaces/include/custom_interfaces/custom_interfaces/action/detail/robot_goal__type_support.cpp\n'}
[0.812114] (custom_interfaces) StdoutLine: {'line': b'-- Up-to-date: /home/gbonham/turtlebot4_ws/install/custom_interfaces/include/custom_interfaces/custom_interfaces/srv\n'}
[0.812188] (custom_interfaces) StdoutLine: {'line': b'-- Up-to-date: /home/gbonham/turtlebot4_ws/install/custom_interfaces/include/custom_interfaces/custom_interfaces/srv/detail\n'}
[0.812262] (custom_interfaces) StdoutLine: {'line': b'-- Up-to-date: /home/gbonham/turtlebot4_ws/install/custom_interfaces/include/custom_interfaces/custom_interfaces/srv/detail/set_cap__type_support.cpp\n'}
[0.812336] (custom_interfaces) StdoutLine: {'line': b'-- Up-to-date: /home/gbonham/turtlebot4_ws/install/custom_interfaces/include/custom_interfaces/custom_interfaces/srv/detail/set_cap__rosidl_typesupport_introspection_cpp.hpp\n'}
[0.812409] (custom_interfaces) StdoutLine: {'line': b'-- Up-to-date: /home/gbonham/turtlebot4_ws/install/custom_interfaces/lib/libcustom_interfaces__rosidl_typesupport_introspection_cpp.so\n'}
[0.812489] (custom_interfaces) StdoutLine: {'line': b'-- Up-to-date: /home/gbonham/turtlebot4_ws/install/custom_interfaces/lib/libcustom_interfaces__rosidl_typesupport_cpp.so\n'}
[0.812681] (custom_interfaces) StdoutLine: {'line': b'-- Up-to-date: /home/gbonham/turtlebot4_ws/install/custom_interfaces/share/custom_interfaces/environment/pythonpath.sh\n'}
[0.812768] (custom_interfaces) StdoutLine: {'line': b'-- Up-to-date: /home/gbonham/turtlebot4_ws/install/custom_interfaces/share/custom_interfaces/environment/pythonpath.dsv\n'}
[0.812861] (custom_interfaces) StdoutLine: {'line': b'-- Up-to-date: /home/gbonham/turtlebot4_ws/install/custom_interfaces/lib/python3.12/site-packages/custom_interfaces-0.0.0-py3.12.egg-info\n'}
[0.812935] (custom_interfaces) StdoutLine: {'line': b'-- Installing: /home/gbonham/turtlebot4_ws/install/custom_interfaces/lib/python3.12/site-packages/custom_interfaces-0.0.0-py3.12.egg-info/SOURCES.txt\n'}
[0.813183] (custom_interfaces) StdoutLine: {'line': b'-- Installing: /home/gbonham/turtlebot4_ws/install/custom_interfaces/lib/python3.12/site-packages/custom_interfaces-0.0.0-py3.12.egg-info/dependency_links.txt\n'}
[0.813457] (custom_interfaces) StdoutLine: {'line': b'-- Installing: /home/gbonham/turtlebot4_ws/install/custom_interfaces/lib/python3.12/site-packages/custom_interfaces-0.0.0-py3.12.egg-info/top_level.txt\n'}
[0.813745] (custom_interfaces) StdoutLine: {'line': b'-- Installing: /home/gbonham/turtlebot4_ws/install/custom_interfaces/lib/python3.12/site-packages/custom_interfaces-0.0.0-py3.12.egg-info/PKG-INFO\n'}
[0.814118] (custom_interfaces) StdoutLine: {'line': b'-- Up-to-date: /home/gbonham/turtlebot4_ws/install/custom_interfaces/lib/python3.12/site-packages/custom_interfaces\n'}
[0.814322] (custom_interfaces) StdoutLine: {'line': b'-- Up-to-date: /home/gbonham/turtlebot4_ws/install/custom_interfaces/lib/python3.12/site-packages/custom_interfaces/_custom_interfaces_s.ep.rosidl_typesupport_introspection_c.c\n'}
[0.814526] (custom_interfaces) StdoutLine: {'line': b'-- Up-to-date: /home/gbonham/turtlebot4_ws/install/custom_interfaces/lib/python3.12/site-packages/custom_interfaces/custom_interfaces_s__rosidl_typesupport_c.so\n'}
[0.814631] (custom_interfaces) StdoutLine: {'line': b'-- Up-to-date: /home/gbonham/turtlebot4_ws/install/custom_interfaces/lib/python3.12/site-packages/custom_interfaces/action\n'}
[0.814739] (custom_interfaces) StdoutLine: {'line': b'-- Up-to-date: /home/gbonham/turtlebot4_ws/install/custom_interfaces/lib/python3.12/site-packages/custom_interfaces/action/_robot_goal_s.c\n'}
[0.814839] (custom_interfaces) StdoutLine: {'line': b'-- Up-to-date: /home/gbonham/turtlebot4_ws/install/custom_interfaces/lib/python3.12/site-packages/custom_interfaces/action/__init__.py\n'}
[0.814948] (custom_interfaces) StdoutLine: {'line': b'-- Up-to-date: /home/gbonham/turtlebot4_ws/install/custom_interfaces/lib/python3.12/site-packages/custom_interfaces/action/_robot_goal.py\n'}
[0.815068] (custom_interfaces) StdoutLine: {'line': b'-- Up-to-date: /home/gbonham/turtlebot4_ws/install/custom_interfaces/lib/python3.12/site-packages/custom_interfaces/custom_interfaces_s__rosidl_typesupport_introspection_c.so\n'}
[0.815198] (custom_interfaces) StdoutLine: {'line': b'-- Up-to-date: /home/gbonham/turtlebot4_ws/install/custom_interfaces/lib/python3.12/site-packages/custom_interfaces/_custom_interfaces_s.ep.rosidl_typesupport_fastrtps_c.c\n'}
[0.815327] (custom_interfaces) StdoutLine: {'line': b'-- Up-to-date: /home/gbonham/turtlebot4_ws/install/custom_interfaces/lib/python3.12/site-packages/custom_interfaces/custom_interfaces_s__rosidl_typesupport_fastrtps_c.so\n'}
[0.815411] (custom_interfaces) StdoutLine: {'line': b'-- Up-to-date: /home/gbonham/turtlebot4_ws/install/custom_interfaces/lib/python3.12/site-packages/custom_interfaces/srv\n'}
[0.815481] (custom_interfaces) StdoutLine: {'line': b'-- Up-to-date: /home/gbonham/turtlebot4_ws/install/custom_interfaces/lib/python3.12/site-packages/custom_interfaces/srv/_set_cap.py\n'}
[0.815564] (custom_interfaces) StdoutLine: {'line': b'-- Up-to-date: /home/gbonham/turtlebot4_ws/install/custom_interfaces/lib/python3.12/site-packages/custom_interfaces/srv/_set_cap_s.c\n'}
[0.815632] (custom_interfaces) StdoutLine: {'line': b'-- Up-to-date: /home/gbonham/turtlebot4_ws/install/custom_interfaces/lib/python3.12/site-packages/custom_interfaces/srv/__init__.py\n'}
[0.815717] (custom_interfaces) StdoutLine: {'line': b'-- Up-to-date: /home/gbonham/turtlebot4_ws/install/custom_interfaces/lib/python3.12/site-packages/custom_interfaces/__init__.py\n'}
[0.815787] (custom_interfaces) StdoutLine: {'line': b'-- Up-to-date: /home/gbonham/turtlebot4_ws/install/custom_interfaces/lib/python3.12/site-packages/custom_interfaces/_custom_interfaces_s.ep.rosidl_typesupport_c.c\n'}
[0.851063] (custom_interfaces) StdoutLine: {'line': b"Listing '/home/gbonham/turtlebot4_ws/install/custom_interfaces/lib/python3.12/site-packages/custom_interfaces'...\n"}
[0.851228] (custom_interfaces) StdoutLine: {'line': b"Listing '/home/gbonham/turtlebot4_ws/install/custom_interfaces/lib/python3.12/site-packages/custom_interfaces/action'...\n"}
[0.851304] (custom_interfaces) StdoutLine: {'line': b"Listing '/home/gbonham/turtlebot4_ws/install/custom_interfaces/lib/python3.12/site-packages/custom_interfaces/srv'...\n"}
[0.855692] (custom_interfaces) StdoutLine: {'line': b'-- Up-to-date: /home/gbonham/turtlebot4_ws/install/custom_interfaces/lib/python3.12/site-packages/custom_interfaces/custom_interfaces_s__rosidl_typesupport_fastrtps_c.so\n'}
[0.856075] (custom_interfaces) StdoutLine: {'line': b'-- Up-to-date: /home/gbonham/turtlebot4_ws/install/custom_interfaces/lib/python3.12/site-packages/custom_interfaces/custom_interfaces_s__rosidl_typesupport_introspection_c.so\n'}
[0.856442] (custom_interfaces) StdoutLine: {'line': b'-- Up-to-date: /home/gbonham/turtlebot4_ws/install/custom_interfaces/lib/python3.12/site-packages/custom_interfaces/custom_interfaces_s__rosidl_typesupport_c.so\n'}
[0.856796] (custom_interfaces) StdoutLine: {'line': b'-- Up-to-date: /home/gbonham/turtlebot4_ws/install/custom_interfaces/lib/libcustom_interfaces__rosidl_generator_py.so\n'}
[0.856970] (custom_interfaces) StdoutLine: {'line': b'-- Up-to-date: /home/gbonham/turtlebot4_ws/install/custom_interfaces/share/ament_index/resource_index/rust_packages/custom_interfaces\n'}
[0.857091] (custom_interfaces) StdoutLine: {'line': b'-- Up-to-date: /home/gbonham/turtlebot4_ws/install/custom_interfaces/share/custom_interfaces/rust\n'}
[0.857170] (custom_interfaces) StdoutLine: {'line': b'-- Up-to-date: /home/gbonham/turtlebot4_ws/install/custom_interfaces/share/custom_interfaces/rust/src\n'}
[0.857243] (custom_interfaces) StdoutLine: {'line': b'-- Up-to-date: /home/gbonham/turtlebot4_ws/install/custom_interfaces/share/custom_interfaces/rust/src/srv.rs\n'}
[0.857313] (custom_interfaces) StdoutLine: {'line': b'-- Up-to-date: /home/gbonham/turtlebot4_ws/install/custom_interfaces/share/custom_interfaces/rust/src/action\n'}
[0.857458] (custom_interfaces) StdoutLine: {'line': b'-- Up-to-date: /home/gbonham/turtlebot4_ws/install/custom_interfaces/share/custom_interfaces/rust/src/action/rmw.rs\n'}
[0.857566] (custom_interfaces) StdoutLine: {'line': b'-- Up-to-date: /home/gbonham/turtlebot4_ws/install/custom_interfaces/share/custom_interfaces/rust/src/srv\n'}
[0.857665] (custom_interfaces) StdoutLine: {'line': b'-- Up-to-date: /home/gbonham/turtlebot4_ws/install/custom_interfaces/share/custom_interfaces/rust/src/srv/rmw.rs\n'}
[0.857741] (custom_interfaces) StdoutLine: {'line': b'-- Up-to-date: /home/gbonham/turtlebot4_ws/install/custom_interfaces/share/custom_interfaces/rust/src/action.rs\n'}
[0.857810] (custom_interfaces) StdoutLine: {'line': b'-- Up-to-date: /home/gbonham/turtlebot4_ws/install/custom_interfaces/share/custom_interfaces/rust/src/lib.rs\n'}
[0.857878] (custom_interfaces) StdoutLine: {'line': b'-- Up-to-date: /home/gbonham/turtlebot4_ws/install/custom_interfaces/share/custom_interfaces/rust/build.rs\n'}
[0.857945] (custom_interfaces) StdoutLine: {'line': b'-- Up-to-date: /home/gbonham/turtlebot4_ws/install/custom_interfaces/share/custom_interfaces/rust/Cargo.toml\n'}
[0.858012] (custom_interfaces) StdoutLine: {'line': b'-- Up-to-date: /home/gbonham/turtlebot4_ws/install/custom_interfaces/share/custom_interfaces/srv/SetCap.idl\n'}
[0.858080] (custom_interfaces) StdoutLine: {'line': b'-- Up-to-date: /home/gbonham/turtlebot4_ws/install/custom_interfaces/share/custom_interfaces/action/RobotGoal.idl\n'}
[0.858147] (custom_interfaces) StdoutLine: {'line': b'-- Up-to-date: /home/gbonham/turtlebot4_ws/install/custom_interfaces/share/custom_interfaces/srv/SetCap.srv\n'}
[0.858214] (custom_interfaces) StdoutLine: {'line': b'-- Up-to-date: /home/gbonham/turtlebot4_ws/install/custom_interfaces/share/custom_interfaces/action/RobotGoal.action\n'}
[0.858281] (custom_interfaces) StdoutLine: {'line': b'-- Up-to-date: /home/gbonham/turtlebot4_ws/install/custom_interfaces/share/ament_index/resource_index/package_run_dependencies/custom_interfaces\n'}
[0.858348] (custom_interfaces) StdoutLine: {'line': b'-- Up-to-date: /home/gbonham/turtlebot4_ws/install/custom_interfaces/share/ament_index/resource_index/parent_prefix_path/custom_interfaces\n'}
[0.858415] (custom_interfaces) StdoutLine: {'line': b'-- Up-to-date: /home/gbonham/turtlebot4_ws/install/custom_interfaces/share/custom_interfaces/environment/ament_prefix_path.sh\n'}
[0.858482] (custom_interfaces) StdoutLine: {'line': b'-- Up-to-date: /home/gbonham/turtlebot4_ws/install/custom_interfaces/share/custom_interfaces/environment/ament_prefix_path.dsv\n'}
[0.858549] (custom_interfaces) StdoutLine: {'line': b'-- Up-to-date: /home/gbonham/turtlebot4_ws/install/custom_interfaces/share/custom_interfaces/environment/path.sh\n'}
[0.858616] (custom_interfaces) StdoutLine: {'line': b'-- Up-to-date: /home/gbonham/turtlebot4_ws/install/custom_interfaces/share/custom_interfaces/environment/path.dsv\n'}
[0.858701] (custom_interfaces) StdoutLine: {'line': b'-- Up-to-date: /home/gbonham/turtlebot4_ws/install/custom_interfaces/share/custom_interfaces/local_setup.bash\n'}
[0.858768] (custom_interfaces) StdoutLine: {'line': b'-- Up-to-date: /home/gbonham/turtlebot4_ws/install/custom_interfaces/share/custom_interfaces/local_setup.sh\n'}
[0.858835] (custom_interfaces) StdoutLine: {'line': b'-- Up-to-date: /home/gbonham/turtlebot4_ws/install/custom_interfaces/share/custom_interfaces/local_setup.zsh\n'}
[0.858902] (custom_interfaces) StdoutLine: {'line': b'-- Up-to-date: /home/gbonham/turtlebot4_ws/install/custom_interfaces/share/custom_interfaces/local_setup.dsv\n'}
[0.858969] (custom_interfaces) StdoutLine: {'line': b'-- Installing: /home/gbonham/turtlebot4_ws/install/custom_interfaces/share/custom_interfaces/package.dsv\n'}
[0.859821] (custom_interfaces) StdoutLine: {'line': b'-- Up-to-date: /home/gbonham/turtlebot4_ws/install/custom_interfaces/share/ament_index/resource_index/packages/custom_interfaces\n'}
[0.864531] (custom_interfaces) StdoutLine: {'line': b'-- Up-to-date: /home/gbonham/turtlebot4_ws/install/custom_interfaces/share/custom_interfaces/cmake/export_custom_interfaces__rosidl_generator_cExport.cmake\n'}
[0.864703] (custom_interfaces) StdoutLine: {'line': b'-- Up-to-date: /home/gbonham/turtlebot4_ws/install/custom_interfaces/share/custom_interfaces/cmake/export_custom_interfaces__rosidl_generator_cExport-noconfig.cmake\n'}
[0.868638] (custom_interfaces) StdoutLine: {'line': b'-- Up-to-date: /home/gbonham/turtlebot4_ws/install/custom_interfaces/share/custom_interfaces/cmake/export_custom_interfaces__rosidl_typesupport_fastrtps_cExport.cmake\n'}
[0.868786] (custom_interfaces) StdoutLine: {'line': b'-- Up-to-date: /home/gbonham/turtlebot4_ws/install/custom_interfaces/share/custom_interfaces/cmake/export_custom_interfaces__rosidl_typesupport_fastrtps_cExport-noconfig.cmake\n'}
[0.872502] (custom_interfaces) StdoutLine: {'line': b'-- Up-to-date: /home/gbonham/turtlebot4_ws/install/custom_interfaces/share/custom_interfaces/cmake/custom_interfaces__rosidl_typesupport_introspection_cExport.cmake\n'}
[0.872707] (custom_interfaces) StdoutLine: {'line': b'-- Up-to-date: /home/gbonham/turtlebot4_ws/install/custom_interfaces/share/custom_interfaces/cmake/custom_interfaces__rosidl_typesupport_introspection_cExport-noconfig.cmake\n'}
[0.876004] (custom_interfaces) StdoutLine: {'line': b'-- Up-to-date: /home/gbonham/turtlebot4_ws/install/custom_interfaces/share/custom_interfaces/cmake/custom_interfaces__rosidl_typesupport_cExport.cmake\n'}
[0.876143] (custom_interfaces) StdoutLine: {'line': b'-- Up-to-date: /home/gbonham/turtlebot4_ws/install/custom_interfaces/share/custom_interfaces/cmake/custom_interfaces__rosidl_typesupport_cExport-noconfig.cmake\n'}
[0.880192] (custom_interfaces) StdoutLine: {'line': b'-- Up-to-date: /home/gbonham/turtlebot4_ws/install/custom_interfaces/share/custom_interfaces/cmake/export_custom_interfaces__rosidl_generator_cppExport.cmake\n'}
[0.883971] (custom_interfaces) StdoutLine: {'line': b'-- Up-to-date: /home/gbonham/turtlebot4_ws/install/custom_interfaces/share/custom_interfaces/cmake/export_custom_interfaces__rosidl_typesupport_fastrtps_cppExport.cmake\n'}
[0.884158] (custom_interfaces) StdoutLine: {'line': b'-- Up-to-date: /home/gbonham/turtlebot4_ws/install/custom_interfaces/share/custom_interfaces/cmake/export_custom_interfaces__rosidl_typesupport_fastrtps_cppExport-noconfig.cmake\n'}
[0.887453] (custom_interfaces) StdoutLine: {'line': b'-- Up-to-date: /home/gbonham/turtlebot4_ws/install/custom_interfaces/share/custom_interfaces/cmake/custom_interfaces__rosidl_typesupport_introspection_cppExport.cmake\n'}
[0.887605] (custom_interfaces) StdoutLine: {'line': b'-- Up-to-date: /home/gbonham/turtlebot4_ws/install/custom_interfaces/share/custom_interfaces/cmake/custom_interfaces__rosidl_typesupport_introspection_cppExport-noconfig.cmake\n'}
[0.890840] (custom_interfaces) StdoutLine: {'line': b'-- Up-to-date: /home/gbonham/turtlebot4_ws/install/custom_interfaces/share/custom_interfaces/cmake/custom_interfaces__rosidl_typesupport_cppExport.cmake\n'}
[0.891017] (custom_interfaces) StdoutLine: {'line': b'-- Up-to-date: /home/gbonham/turtlebot4_ws/install/custom_interfaces/share/custom_interfaces/cmake/custom_interfaces__rosidl_typesupport_cppExport-noconfig.cmake\n'}
[0.894970] (custom_interfaces) StdoutLine: {'line': b'-- Up-to-date: /home/gbonham/turtlebot4_ws/install/custom_interfaces/share/custom_interfaces/cmake/export_custom_interfaces__rosidl_generator_pyExport.cmake\n'}
[0.895148] (custom_interfaces) StdoutLine: {'line': b'-- Up-to-date: /home/gbonham/turtlebot4_ws/install/custom_interfaces/share/custom_interfaces/cmake/export_custom_interfaces__rosidl_generator_pyExport-noconfig.cmake\n'}
[0.895305] (custom_interfaces) StdoutLine: {'line': b'-- Up-to-date: /home/gbonham/turtlebot4_ws/install/custom_interfaces/share/custom_interfaces/cmake/rosidl_cmake-extras.cmake\n'}
[0.895404] (custom_interfaces) StdoutLine: {'line': b'-- Up-to-date: /home/gbonham/turtlebot4_ws/install/custom_interfaces/share/custom_interfaces/cmake/ament_cmake_export_dependencies-extras.cmake\n'}
[0.895533] (custom_interfaces) StdoutLine: {'line': b'-- Up-to-date: /home/gbonham/turtlebot4_ws/install/custom_interfaces/share/custom_interfaces/cmake/ament_cmake_export_include_directories-extras.cmake\n'}
[0.895665] (custom_interfaces) StdoutLine: {'line': b'-- Up-to-date: /home/gbonham/turtlebot4_ws/install/custom_interfaces/share/custom_interfaces/cmake/ament_cmake_export_libraries-extras.cmake\n'}
[0.895798] (custom_interfaces) StdoutLine: {'line': b'-- Up-to-date: /home/gbonham/turtlebot4_ws/install/custom_interfaces/share/custom_interfaces/cmake/ament_cmake_export_targets-extras.cmake\n'}
[0.895909] (custom_interfaces) StdoutLine: {'line': b'-- Up-to-date: /home/gbonham/turtlebot4_ws/install/custom_interfaces/share/custom_interfaces/cmake/rosidl_cmake_export_typesupport_targets-extras.cmake\n'}
[0.896000] (custom_interfaces) StdoutLine: {'line': b'-- Up-to-date: /home/gbonham/turtlebot4_ws/install/custom_interfaces/share/custom_interfaces/cmake/rosidl_cmake_export_typesupport_libraries-extras.cmake\n'}
[0.896088] (custom_interfaces) StdoutLine: {'line': b'-- Up-to-date: /home/gbonham/turtlebot4_ws/install/custom_interfaces/share/custom_interfaces/cmake/custom_interfacesConfig.cmake\n'}
[0.896196] (custom_interfaces) StdoutLine: {'line': b'-- Up-to-date: /home/gbonham/turtlebot4_ws/install/custom_interfaces/share/custom_interfaces/cmake/custom_interfacesConfig-version.cmake\n'}
[0.896307] (custom_interfaces) StdoutLine: {'line': b'-- Up-to-date: /home/gbonham/turtlebot4_ws/install/custom_interfaces/share/custom_interfaces/package.xml\n'}
[0.901236] (-) TimerEvent: {}
[0.906075] (custom_interfaces) CommandEnded: {'returncode': 0}
[1.001324] (-) TimerEvent: {}
[1.026397] (custom_interfaces) JobEnded: {'identifier': 'custom_interfaces', 'rc': 0}
[1.027527] (lab3_pkg) JobStarted: {'identifier': 'lab3_pkg'}
[1.034410] (lab5_pkg) JobStarted: {'identifier': 'lab5_pkg'}
[1.101399] (-) TimerEvent: {}
[1.201620] (-) TimerEvent: {}
[1.301821] (-) TimerEvent: {}
[1.402021] (-) TimerEvent: {}
[1.502242] (-) TimerEvent: {}
[1.602471] (-) TimerEvent: {}
[1.702807] (-) TimerEvent: {}
[1.803058] (-) TimerEvent: {}
[1.903279] (-) TimerEvent: {}
[2.003561] (-) TimerEvent: {}
[2.103797] (-) TimerEvent: {}
[2.204154] (-) TimerEvent: {}
[2.304381] (-) TimerEvent: {}
[2.404661] (-) TimerEvent: {}
[2.504954] (-) TimerEvent: {}
[2.605296] (-) TimerEvent: {}
[2.705585] (-) TimerEvent: {}
[2.805876] (-) TimerEvent: {}
[2.906105] (-) TimerEvent: {}
[3.006387] (-) TimerEvent: {}
[3.106705] (-) TimerEvent: {}
[3.199925] (lab1_pkg) Command: {'cmd': ['/usr/bin/python3', '-W', 'ignore:setup.py install is deprecated', '-W', 'ignore:easy_install command is deprecated', 'setup.py', 'egg_info', '--egg-base', '../../build/lab1_pkg', 'build', '--build-base', '/home/gbonham/turtlebot4_ws/build/lab1_pkg/build', 'install', '--record', '/home/gbonham/turtlebot4_ws/build/lab1_pkg/install.log', '--single-version-externally-managed', 'install_data'], 'cwd': '/home/gbonham/turtlebot4_ws/src/lab1_pkg', 'env': {'USER': 'gbonham', 'GZ_SIM_RESOURCE_PATH': '/opt/ros/jazzy/share', 'GZ_CONFIG_PATH': '/opt/ros/jazzy/opt/gz_sim_vendor/share/gz:/opt/ros/jazzy/opt/sdformat_vendor/share/gz:/opt/ros/jazzy/opt/gz_gui_vendor/share/gz:/opt/ros/jazzy/opt/gz_transport_vendor/share/gz:/opt/ros/jazzy/opt/gz_rendering_vendor/share/gz:/opt/ros/jazzy/opt/gz_plugin_vendor/share/gz:/opt/ros/jazzy/opt/gz_fuel_tools_vendor/share/gz:/opt/ros/jazzy/opt/gz_msgs_vendor/share/gz:/opt/ros/jazzy/opt/gz_common_vendor/share/gz', 'XDG_SESSION_TYPE': 'wayland', 'CLUTTER_DISABLE_MIPMAPPED_TEXT': '1', 'SHLVL': '1', 'LD_LIBRARY_PATH': '/home/gbonham/turtlebot4_ws/install/custom_interfaces/lib:/opt/ros/jazzy/opt/gz_sim_vendor/lib:/opt/ros/jazzy/opt/gz_sensors_vendor/lib:/opt/ros/jazzy/opt/gz_physics_vendor/lib:/opt/ros/jazzy/opt/sdformat_vendor/lib:/opt/ros/jazzy/opt/rviz_ogre_vendor/lib:/opt/ros/jazzy/lib/x86_64-linux-gnu:/opt/ros/jazzy/opt/gz_gui_vendor/lib:/opt/ros/jazzy/opt/gz_transport_vendor/lib:/opt/ros/jazzy/opt/gz_rendering_vendor/lib:/opt/ros/jazzy/opt/gz_plugin_vendor/lib:/opt/ros/jazzy/opt/gz_fuel_tools_vendor/lib:/opt/ros/jazzy/opt/gz_msgs_vendor/lib:/opt/ros/jazzy/opt/gz_common_vendor/lib:/opt/ros/jazzy/opt/gz_math_vendor/lib:/opt/ros/jazzy/opt/gz_utils_vendor/lib:/opt/ros/jazzy/opt/gz_tools_vendor/lib:/opt/ros/jazzy/opt/gz_ogre_next_vendor/lib:/opt/ros/jazzy/opt/gz_dartsim_vendor/lib:/opt/ros/jazzy/opt/gz_cmake_vendor/lib:/opt/ros/jazzy/lib', 'OLDPWD': '/home/gbonham', 'HOME': '/home/gbonham', 'DESKTOP_SESSION': 'ubuntu', 'GTK_MODULES': 'gail:atk-bridge', 'GNOME_SHELL_SESSION_MODE': 'ubuntu', 'ROS_PYTHON_VERSION': '3', 'SYSTEMD_EXEC_PID': '29388', 'DBUS_SESSION_BUS_ADDRESS': 'unix:path=/run/user/481853705/bus', 'GSM_SKIP_SSH_AGENT_WORKAROUND': 'true', 'COLORTERM': 'truecolor', 'CONDA_CHANGEPS1': 'no', 'WAYLAND_DISPLAY': 'wayland-0', 'ROS_DISTRO': 'jazzy', 'COLCON_PREFIX_PATH': '/home/gbonham/turtlebot4_ws/install', 'LOGNAME': 'gbonham', '_': '/usr/bin/colcon', 'MEMORY_PRESSURE_WATCH': '/sys/fs/cgroup/user.slice/user-481853705.slice/user@481853705.service/session.slice/org.gnome.Shell@wayland.service/memory.pressure', 'XDG_SESSION_CLASS': 'user', 'ROS_VERSION': '2', 'USERNAME': 'gbonham', 'TERM': 'xterm-256color', 'PROMPT_EOL_MARK': '', 'ROS_SUPER_CLIENT': 'True', 'GNOME_DESKTOP_SESSION_ID': 'this-is-deprecated', 'PATH': '/opt/ros/jazzy/opt/gz_msgs_vendor/bin:/opt/ros/jazzy/opt/gz_tools_vendor/bin:/opt/ros/jazzy/opt/gz_ogre_next_vendor/bin:/opt/ros/jazzy/bin:/usr/local/sbin:/usr/local/bin:/usr/sbin:/usr/bin:/sbin:/bin:/usr/games:/usr/local/games:/snap/bin:/snap/bin', 'SESSION_MANAGER': 'local/csci20121:@/tmp/.ICE-unix/29356,unix/csci20121:/tmp/.ICE-unix/29356', 'GNOME_TERMINAL_SCREEN': '/org/gnome/Terminal/screen/1a920a0f_e173_45d5_84d1_08745e1c9bf0', 'XDG_MENU_PREFIX': 'gnome-', 'GNOME_SETUP_DISPLAY': ':1', 'XDG_RUNTIME_DIR': '/run/user/481853705', 'DISPLAY': ':0', 'XDG_CURRENT_DESKTOP': 'ubuntu:GNOME', 'LANG': 'en_US.UTF-8', 'RMW_IMPLEMENTATION': 'rmw_fastrtps_cpp', 'XDG_SESSION_DESKTOP': 'ubuntu', 'GNOME_TERMINAL_SERVICE': ':1.119', 'XMODIFIERS': '@im=ibus', 'XAUTHORITY': '/run/user/481853705/.mutter-Xwaylandauth.8MOAO3', 'SSH_AUTH_SOCK': '/run/user/481853705/keyring/ssh', 'AMENT_PREFIX_PATH': '/home/gbonham/turtlebot4_ws/install/lab_bringup:/home/gbonham/turtlebot4_ws/install/lab5_pkg:/home/gbonham/turtlebot4_ws/install/lab3_pkg:/home/gbonham/turtlebot4_ws/install/lab2_pkg:/home/gbonham/turtlebot4_ws/install/lab1_pkg:/home/gbonham/turtlebot4_ws/install/final:/home/gbonham/turtlebot4_ws/install/custom_interfaces:/opt/ros/jazzy', 'ROS_DOMAIN_ID': '0', 'KRB5CCNAME': 'FILE:/tmp/krb5cc_481853705_B2nlBa', 'SHELL': '/bin/zsh', 'ROS_DISCOVERY_SERVER': '10.5.113.101:11811', 'QT_ACCESSIBILITY': '1', 'GDMSESSION': 'ubuntu', 'QT_IM_MODULE': 'ibus', 'ROS_AUTOMATIC_DISCOVERY_RANGE': 'SUBNET', 'PWD': '/home/gbonham/turtlebot4_ws/build/lab1_pkg', 'XDG_DATA_DIRS': '/usr/local/share/:/usr/share/:/var/lib/snapd/desktop', 'VIRTUAL_ENV_DISABLE_PROMPT': '12', 'PYTHONPATH': '/home/gbonham/turtlebot4_ws/build/lab1_pkg/prefix_override:/usr/lib/python3/dist-packages/colcon_core/task/python/colcon_distutils_commands:/home/gbonham/turtlebot4_ws/install/lab1_pkg/lib/python3.12/site-packages:/home/gbonham/turtlebot4_ws/install/lab5_pkg/lib/python3.12/site-packages:/home/gbonham/turtlebot4_ws/install/lab3_pkg/lib/python3.12/site-packages:/home/gbonham/turtlebot4_ws/install/lab2_pkg/lib/python3.12/site-packages:/home/gbonham/turtlebot4_ws/install/lab1_pkg/lib/python3.12/site-packages:/home/gbonham/turtlebot4_ws/install/final/lib/python3.12/site-packages:/home/gbonham/turtlebot4_ws/install/custom_interfaces/lib/python3.12/site-packages:/opt/ros/jazzy/lib/python3.12/site-packages', 'COLCON': '1', 'VTE_VERSION': '7600', 'MEMORY_PRESSURE_WRITE': 'c29tZSAyMDAwMDAgMjAwMDAwMAA=', 'CMAKE_PREFIX_PATH': '/home/gbonham/turtlebot4_ws/install/lab_bringup:/home/gbonham/turtlebot4_ws/install/custom_interfaces:/opt/ros/jazzy/opt/gz_sim_vendor:/opt/ros/jazzy/opt/gz_sensors_vendor:/opt/ros/jazzy/opt/gz_physics_vendor:/opt/ros/jazzy/opt/sdformat_vendor:/opt/ros/jazzy/opt/gz_gui_vendor:/opt/ros/jazzy/opt/gz_transport_vendor:/opt/ros/jazzy/opt/gz_rendering_vendor:/opt/ros/jazzy/opt/gz_plugin_vendor:/opt/ros/jazzy/opt/gz_fuel_tools_vendor:/opt/ros/jazzy/opt/gz_msgs_vendor:/opt/ros/jazzy/opt/gz_common_vendor:/opt/ros/jazzy/opt/gz_math_vendor:/opt/ros/jazzy/opt/gz_utils_vendor:/opt/ros/jazzy/opt/gz_tools_vendor:/opt/ros/jazzy/opt/gz_ogre_next_vendor:/opt/ros/jazzy/opt/gz_dartsim_vendor:/opt/ros/jazzy/opt/gz_cmake_vendor'}, 'shell': False}
[3.201759] (lab2_pkg) Command: {'cmd': ['/usr/bin/python3', '-W', 'ignore:setup.py install is deprecated', '-W', 'ignore:easy_install command is deprecated', 'setup.py', 'egg_info', '--egg-base', '../../build/lab2_pkg', 'build', '--build-base', '/home/gbonham/turtlebot4_ws/build/lab2_pkg/build', 'install', '--record', '/home/gbonham/turtlebot4_ws/build/lab2_pkg/install.log', '--single-version-externally-managed', 'install_data'], 'cwd': '/home/gbonham/turtlebot4_ws/src/lab2_pkg', 'env': {'USER': 'gbonham', 'GZ_SIM_RESOURCE_PATH': '/opt/ros/jazzy/share', 'GZ_CONFIG_PATH': '/opt/ros/jazzy/opt/gz_sim_vendor/share/gz:/opt/ros/jazzy/opt/sdformat_vendor/share/gz:/opt/ros/jazzy/opt/gz_gui_vendor/share/gz:/opt/ros/jazzy/opt/gz_transport_vendor/share/gz:/opt/ros/jazzy/opt/gz_rendering_vendor/share/gz:/opt/ros/jazzy/opt/gz_plugin_vendor/share/gz:/opt/ros/jazzy/opt/gz_fuel_tools_vendor/share/gz:/opt/ros/jazzy/opt/gz_msgs_vendor/share/gz:/opt/ros/jazzy/opt/gz_common_vendor/share/gz', 'XDG_SESSION_TYPE': 'wayland', 'CLUTTER_DISABLE_MIPMAPPED_TEXT': '1', 'SHLVL': '1', 'LD_LIBRARY_PATH': '/home/gbonham/turtlebot4_ws/install/custom_interfaces/lib:/opt/ros/jazzy/opt/gz_sim_vendor/lib:/opt/ros/jazzy/opt/gz_sensors_vendor/lib:/opt/ros/jazzy/opt/gz_physics_vendor/lib:/opt/ros/jazzy/opt/sdformat_vendor/lib:/opt/ros/jazzy/opt/rviz_ogre_vendor/lib:/opt/ros/jazzy/lib/x86_64-linux-gnu:/opt/ros/jazzy/opt/gz_gui_vendor/lib:/opt/ros/jazzy/opt/gz_transport_vendor/lib:/opt/ros/jazzy/opt/gz_rendering_vendor/lib:/opt/ros/jazzy/opt/gz_plugin_vendor/lib:/opt/ros/jazzy/opt/gz_fuel_tools_vendor/lib:/opt/ros/jazzy/opt/gz_msgs_vendor/lib:/opt/ros/jazzy/opt/gz_common_vendor/lib:/opt/ros/jazzy/opt/gz_math_vendor/lib:/opt/ros/jazzy/opt/gz_utils_vendor/lib:/opt/ros/jazzy/opt/gz_tools_vendor/lib:/opt/ros/jazzy/opt/gz_ogre_next_vendor/lib:/opt/ros/jazzy/opt/gz_dartsim_vendor/lib:/opt/ros/jazzy/opt/gz_cmake_vendor/lib:/opt/ros/jazzy/lib', 'OLDPWD': '/home/gbonham', 'HOME': '/home/gbonham', 'DESKTOP_SESSION': 'ubuntu', 'GTK_MODULES': 'gail:atk-bridge', 'GNOME_SHELL_SESSION_MODE': 'ubuntu', 'ROS_PYTHON_VERSION': '3', 'SYSTEMD_EXEC_PID': '29388', 'DBUS_SESSION_BUS_ADDRESS': 'unix:path=/run/user/481853705/bus', 'GSM_SKIP_SSH_AGENT_WORKAROUND': 'true', 'COLORTERM': 'truecolor', 'CONDA_CHANGEPS1': 'no', 'WAYLAND_DISPLAY': 'wayland-0', 'ROS_DISTRO': 'jazzy', 'COLCON_PREFIX_PATH': '/home/gbonham/turtlebot4_ws/install', 'LOGNAME': 'gbonham', '_': '/usr/bin/colcon', 'MEMORY_PRESSURE_WATCH': '/sys/fs/cgroup/user.slice/user-481853705.slice/user@481853705.service/session.slice/org.gnome.Shell@wayland.service/memory.pressure', 'XDG_SESSION_CLASS': 'user', 'ROS_VERSION': '2', 'USERNAME': 'gbonham', 'TERM': 'xterm-256color', 'PROMPT_EOL_MARK': '', 'ROS_SUPER_CLIENT': 'True', 'GNOME_DESKTOP_SESSION_ID': 'this-is-deprecated', 'PATH': '/opt/ros/jazzy/opt/gz_msgs_vendor/bin:/opt/ros/jazzy/opt/gz_tools_vendor/bin:/opt/ros/jazzy/opt/gz_ogre_next_vendor/bin:/opt/ros/jazzy/bin:/usr/local/sbin:/usr/local/bin:/usr/sbin:/usr/bin:/sbin:/bin:/usr/games:/usr/local/games:/snap/bin:/snap/bin', 'SESSION_MANAGER': 'local/csci20121:@/tmp/.ICE-unix/29356,unix/csci20121:/tmp/.ICE-unix/29356', 'GNOME_TERMINAL_SCREEN': '/org/gnome/Terminal/screen/1a920a0f_e173_45d5_84d1_08745e1c9bf0', 'XDG_MENU_PREFIX': 'gnome-', 'GNOME_SETUP_DISPLAY': ':1', 'XDG_RUNTIME_DIR': '/run/user/481853705', 'DISPLAY': ':0', 'XDG_CURRENT_DESKTOP': 'ubuntu:GNOME', 'LANG': 'en_US.UTF-8', 'RMW_IMPLEMENTATION': 'rmw_fastrtps_cpp', 'XDG_SESSION_DESKTOP': 'ubuntu', 'GNOME_TERMINAL_SERVICE': ':1.119', 'XMODIFIERS': '@im=ibus', 'XAUTHORITY': '/run/user/481853705/.mutter-Xwaylandauth.8MOAO3', 'SSH_AUTH_SOCK': '/run/user/481853705/keyring/ssh', 'AMENT_PREFIX_PATH': '/home/gbonham/turtlebot4_ws/install/lab_bringup:/home/gbonham/turtlebot4_ws/install/lab5_pkg:/home/gbonham/turtlebot4_ws/install/lab3_pkg:/home/gbonham/turtlebot4_ws/install/lab2_pkg:/home/gbonham/turtlebot4_ws/install/lab1_pkg:/home/gbonham/turtlebot4_ws/install/final:/home/gbonham/turtlebot4_ws/install/custom_interfaces:/opt/ros/jazzy', 'ROS_DOMAIN_ID': '0', 'KRB5CCNAME': 'FILE:/tmp/krb5cc_481853705_B2nlBa', 'SHELL': '/bin/zsh', 'ROS_DISCOVERY_SERVER': '10.5.113.101:11811', 'QT_ACCESSIBILITY': '1', 'GDMSESSION': 'ubuntu', 'QT_IM_MODULE': 'ibus', 'ROS_AUTOMATIC_DISCOVERY_RANGE': 'SUBNET', 'PWD': '/home/gbonham/turtlebot4_ws/build/lab2_pkg', 'XDG_DATA_DIRS': '/usr/local/share/:/usr/share/:/var/lib/snapd/desktop', 'VIRTUAL_ENV_DISABLE_PROMPT': '12', 'PYTHONPATH': '/home/gbonham/turtlebot4_ws/build/lab2_pkg/prefix_override:/usr/lib/python3/dist-packages/colcon_core/task/python/colcon_distutils_commands:/home/gbonham/turtlebot4_ws/install/lab2_pkg/lib/python3.12/site-packages:/home/gbonham/turtlebot4_ws/install/lab5_pkg/lib/python3.12/site-packages:/home/gbonham/turtlebot4_ws/install/lab3_pkg/lib/python3.12/site-packages:/home/gbonham/turtlebot4_ws/install/lab2_pkg/lib/python3.12/site-packages:/home/gbonham/turtlebot4_ws/install/lab1_pkg/lib/python3.12/site-packages:/home/gbonham/turtlebot4_ws/install/final/lib/python3.12/site-packages:/home/gbonham/turtlebot4_ws/install/custom_interfaces/lib/python3.12/site-packages:/opt/ros/jazzy/lib/python3.12/site-packages', 'COLCON': '1', 'VTE_VERSION': '7600', 'MEMORY_PRESSURE_WRITE': 'c29tZSAyMDAwMDAgMjAwMDAwMAA=', 'CMAKE_PREFIX_PATH': '/home/gbonham/turtlebot4_ws/install/lab_bringup:/home/gbonham/turtlebot4_ws/install/custom_interfaces:/opt/ros/jazzy/opt/gz_sim_vendor:/opt/ros/jazzy/opt/gz_sensors_vendor:/opt/ros/jazzy/opt/gz_physics_vendor:/opt/ros/jazzy/opt/sdformat_vendor:/opt/ros/jazzy/opt/gz_gui_vendor:/opt/ros/jazzy/opt/gz_transport_vendor:/opt/ros/jazzy/opt/gz_rendering_vendor:/opt/ros/jazzy/opt/gz_plugin_vendor:/opt/ros/jazzy/opt/gz_fuel_tools_vendor:/opt/ros/jazzy/opt/gz_msgs_vendor:/opt/ros/jazzy/opt/gz_common_vendor:/opt/ros/jazzy/opt/gz_math_vendor:/opt/ros/jazzy/opt/gz_utils_vendor:/opt/ros/jazzy/opt/gz_tools_vendor:/opt/ros/jazzy/opt/gz_ogre_next_vendor:/opt/ros/jazzy/opt/gz_dartsim_vendor:/opt/ros/jazzy/opt/gz_cmake_vendor'}, 'shell': False}
[3.205773] (lab3_pkg) Command: {'cmd': ['/usr/bin/python3', '-W', 'ignore:setup.py install is deprecated', '-W', 'ignore:easy_install command is deprecated', 'setup.py', 'egg_info', '--egg-base', '../../build/lab3_pkg', 'build', '--build-base', '/home/gbonham/turtlebot4_ws/build/lab3_pkg/build', 'install', '--record', '/home/gbonham/turtlebot4_ws/build/lab3_pkg/install.log', '--single-version-externally-managed', 'install_data'], 'cwd': '/home/gbonham/turtlebot4_ws/src/lab3_pkg', 'env': {'USER': 'gbonham', 'GZ_SIM_RESOURCE_PATH': '/opt/ros/jazzy/share', 'GZ_CONFIG_PATH': '/opt/ros/jazzy/opt/gz_sim_vendor/share/gz:/opt/ros/jazzy/opt/sdformat_vendor/share/gz:/opt/ros/jazzy/opt/gz_gui_vendor/share/gz:/opt/ros/jazzy/opt/gz_transport_vendor/share/gz:/opt/ros/jazzy/opt/gz_rendering_vendor/share/gz:/opt/ros/jazzy/opt/gz_plugin_vendor/share/gz:/opt/ros/jazzy/opt/gz_fuel_tools_vendor/share/gz:/opt/ros/jazzy/opt/gz_msgs_vendor/share/gz:/opt/ros/jazzy/opt/gz_common_vendor/share/gz', 'XDG_SESSION_TYPE': 'wayland', 'CLUTTER_DISABLE_MIPMAPPED_TEXT': '1', 'SHLVL': '1', 'LD_LIBRARY_PATH': '/home/gbonham/turtlebot4_ws/install/custom_interfaces/lib:/opt/ros/jazzy/opt/gz_sim_vendor/lib:/opt/ros/jazzy/opt/gz_sensors_vendor/lib:/opt/ros/jazzy/opt/gz_physics_vendor/lib:/opt/ros/jazzy/opt/sdformat_vendor/lib:/opt/ros/jazzy/opt/rviz_ogre_vendor/lib:/opt/ros/jazzy/lib/x86_64-linux-gnu:/opt/ros/jazzy/opt/gz_gui_vendor/lib:/opt/ros/jazzy/opt/gz_transport_vendor/lib:/opt/ros/jazzy/opt/gz_rendering_vendor/lib:/opt/ros/jazzy/opt/gz_plugin_vendor/lib:/opt/ros/jazzy/opt/gz_fuel_tools_vendor/lib:/opt/ros/jazzy/opt/gz_msgs_vendor/lib:/opt/ros/jazzy/opt/gz_common_vendor/lib:/opt/ros/jazzy/opt/gz_math_vendor/lib:/opt/ros/jazzy/opt/gz_utils_vendor/lib:/opt/ros/jazzy/opt/gz_tools_vendor/lib:/opt/ros/jazzy/opt/gz_ogre_next_vendor/lib:/opt/ros/jazzy/opt/gz_dartsim_vendor/lib:/opt/ros/jazzy/opt/gz_cmake_vendor/lib:/opt/ros/jazzy/lib', 'OLDPWD': '/home/gbonham', 'HOME': '/home/gbonham', 'DESKTOP_SESSION': 'ubuntu', 'GTK_MODULES': 'gail:atk-bridge', 'GNOME_SHELL_SESSION_MODE': 'ubuntu', 'ROS_PYTHON_VERSION': '3', 'SYSTEMD_EXEC_PID': '29388', 'DBUS_SESSION_BUS_ADDRESS': 'unix:path=/run/user/481853705/bus', 'GSM_SKIP_SSH_AGENT_WORKAROUND': 'true', 'COLORTERM': 'truecolor', 'CONDA_CHANGEPS1': 'no', 'WAYLAND_DISPLAY': 'wayland-0', 'ROS_DISTRO': 'jazzy', 'COLCON_PREFIX_PATH': '/home/gbonham/turtlebot4_ws/install', 'LOGNAME': 'gbonham', '_': '/usr/bin/colcon', 'MEMORY_PRESSURE_WATCH': '/sys/fs/cgroup/user.slice/user-481853705.slice/user@481853705.service/session.slice/org.gnome.Shell@wayland.service/memory.pressure', 'XDG_SESSION_CLASS': 'user', 'ROS_VERSION': '2', 'USERNAME': 'gbonham', 'TERM': 'xterm-256color', 'PROMPT_EOL_MARK': '', 'ROS_SUPER_CLIENT': 'True', 'GNOME_DESKTOP_SESSION_ID': 'this-is-deprecated', 'PATH': '/opt/ros/jazzy/opt/gz_msgs_vendor/bin:/opt/ros/jazzy/opt/gz_tools_vendor/bin:/opt/ros/jazzy/opt/gz_ogre_next_vendor/bin:/opt/ros/jazzy/bin:/usr/local/sbin:/usr/local/bin:/usr/sbin:/usr/bin:/sbin:/bin:/usr/games:/usr/local/games:/snap/bin:/snap/bin', 'SESSION_MANAGER': 'local/csci20121:@/tmp/.ICE-unix/29356,unix/csci20121:/tmp/.ICE-unix/29356', 'GNOME_TERMINAL_SCREEN': '/org/gnome/Terminal/screen/1a920a0f_e173_45d5_84d1_08745e1c9bf0', 'XDG_MENU_PREFIX': 'gnome-', 'GNOME_SETUP_DISPLAY': ':1', 'XDG_RUNTIME_DIR': '/run/user/481853705', 'DISPLAY': ':0', 'XDG_CURRENT_DESKTOP': 'ubuntu:GNOME', 'LANG': 'en_US.UTF-8', 'RMW_IMPLEMENTATION': 'rmw_fastrtps_cpp', 'XDG_SESSION_DESKTOP': 'ubuntu', 'GNOME_TERMINAL_SERVICE': ':1.119', 'XMODIFIERS': '@im=ibus', 'XAUTHORITY': '/run/user/481853705/.mutter-Xwaylandauth.8MOAO3', 'SSH_AUTH_SOCK': '/run/user/481853705/keyring/ssh', 'AMENT_PREFIX_PATH': '/home/gbonham/turtlebot4_ws/install/lab_bringup:/home/gbonham/turtlebot4_ws/install/lab5_pkg:/home/gbonham/turtlebot4_ws/install/lab3_pkg:/home/gbonham/turtlebot4_ws/install/lab2_pkg:/home/gbonham/turtlebot4_ws/install/lab1_pkg:/home/gbonham/turtlebot4_ws/install/final:/home/gbonham/turtlebot4_ws/install/custom_interfaces:/opt/ros/jazzy', 'ROS_DOMAIN_ID': '0', 'KRB5CCNAME': 'FILE:/tmp/krb5cc_481853705_B2nlBa', 'SHELL': '/bin/zsh', 'ROS_DISCOVERY_SERVER': '10.5.113.101:11811', 'QT_ACCESSIBILITY': '1', 'GDMSESSION': 'ubuntu', 'QT_IM_MODULE': 'ibus', 'ROS_AUTOMATIC_DISCOVERY_RANGE': 'SUBNET', 'PWD': '/home/gbonham/turtlebot4_ws/build/lab3_pkg', 'XDG_DATA_DIRS': '/usr/local/share/:/usr/share/:/var/lib/snapd/desktop', 'VIRTUAL_ENV_DISABLE_PROMPT': '12', 'PYTHONPATH': '/home/gbonham/turtlebot4_ws/build/lab3_pkg/prefix_override:/usr/lib/python3/dist-packages/colcon_core/task/python/colcon_distutils_commands:/home/gbonham/turtlebot4_ws/install/lab3_pkg/lib/python3.12/site-packages:/home/gbonham/turtlebot4_ws/install/custom_interfaces/lib/python3.12/site-packages:/home/gbonham/turtlebot4_ws/install/lab5_pkg/lib/python3.12/site-packages:/home/gbonham/turtlebot4_ws/install/lab3_pkg/lib/python3.12/site-packages:/home/gbonham/turtlebot4_ws/install/lab2_pkg/lib/python3.12/site-packages:/home/gbonham/turtlebot4_ws/install/lab1_pkg/lib/python3.12/site-packages:/home/gbonham/turtlebot4_ws/install/final/lib/python3.12/site-packages:/opt/ros/jazzy/lib/python3.12/site-packages', 'COLCON': '1', 'VTE_VERSION': '7600', 'MEMORY_PRESSURE_WRITE': 'c29tZSAyMDAwMDAgMjAwMDAwMAA=', 'CMAKE_PREFIX_PATH': '/home/gbonham/turtlebot4_ws/install/custom_interfaces:/home/gbonham/turtlebot4_ws/install/lab_bringup:/opt/ros/jazzy/opt/gz_sim_vendor:/opt/ros/jazzy/opt/gz_sensors_vendor:/opt/ros/jazzy/opt/gz_physics_vendor:/opt/ros/jazzy/opt/sdformat_vendor:/opt/ros/jazzy/opt/gz_gui_vendor:/opt/ros/jazzy/opt/gz_transport_vendor:/opt/ros/jazzy/opt/gz_rendering_vendor:/opt/ros/jazzy/opt/gz_plugin_vendor:/opt/ros/jazzy/opt/gz_fuel_tools_vendor:/opt/ros/jazzy/opt/gz_msgs_vendor:/opt/ros/jazzy/opt/gz_common_vendor:/opt/ros/jazzy/opt/gz_math_vendor:/opt/ros/jazzy/opt/gz_utils_vendor:/opt/ros/jazzy/opt/gz_tools_vendor:/opt/ros/jazzy/opt/gz_ogre_next_vendor:/opt/ros/jazzy/opt/gz_dartsim_vendor:/opt/ros/jazzy/opt/gz_cmake_vendor'}, 'shell': False}
[3.207304] (-) TimerEvent: {}
[3.220418] (lab5_pkg) Command: {'cmd': ['/usr/bin/python3', '-W', 'ignore:setup.py install is deprecated', '-W', 'ignore:easy_install command is deprecated', 'setup.py', 'egg_info', '--egg-base', '../../build/lab5_pkg', 'build', '--build-base', '/home/gbonham/turtlebot4_ws/build/lab5_pkg/build', 'install', '--record', '/home/gbonham/turtlebot4_ws/build/lab5_pkg/install.log', '--single-version-externally-managed', 'install_data'], 'cwd': '/home/gbonham/turtlebot4_ws/src/lab5_pkg', 'env': {'USER': 'gbonham', 'GZ_SIM_RESOURCE_PATH': '/opt/ros/jazzy/share', 'GZ_CONFIG_PATH': '/opt/ros/jazzy/opt/gz_sim_vendor/share/gz:/opt/ros/jazzy/opt/sdformat_vendor/share/gz:/opt/ros/jazzy/opt/gz_gui_vendor/share/gz:/opt/ros/jazzy/opt/gz_transport_vendor/share/gz:/opt/ros/jazzy/opt/gz_rendering_vendor/share/gz:/opt/ros/jazzy/opt/gz_plugin_vendor/share/gz:/opt/ros/jazzy/opt/gz_fuel_tools_vendor/share/gz:/opt/ros/jazzy/opt/gz_msgs_vendor/share/gz:/opt/ros/jazzy/opt/gz_common_vendor/share/gz', 'XDG_SESSION_TYPE': 'wayland', 'CLUTTER_DISABLE_MIPMAPPED_TEXT': '1', 'SHLVL': '1', 'LD_LIBRARY_PATH': '/home/gbonham/turtlebot4_ws/install/custom_interfaces/lib:/opt/ros/jazzy/opt/gz_sim_vendor/lib:/opt/ros/jazzy/opt/gz_sensors_vendor/lib:/opt/ros/jazzy/opt/gz_physics_vendor/lib:/opt/ros/jazzy/opt/sdformat_vendor/lib:/opt/ros/jazzy/opt/rviz_ogre_vendor/lib:/opt/ros/jazzy/lib/x86_64-linux-gnu:/opt/ros/jazzy/opt/gz_gui_vendor/lib:/opt/ros/jazzy/opt/gz_transport_vendor/lib:/opt/ros/jazzy/opt/gz_rendering_vendor/lib:/opt/ros/jazzy/opt/gz_plugin_vendor/lib:/opt/ros/jazzy/opt/gz_fuel_tools_vendor/lib:/opt/ros/jazzy/opt/gz_msgs_vendor/lib:/opt/ros/jazzy/opt/gz_common_vendor/lib:/opt/ros/jazzy/opt/gz_math_vendor/lib:/opt/ros/jazzy/opt/gz_utils_vendor/lib:/opt/ros/jazzy/opt/gz_tools_vendor/lib:/opt/ros/jazzy/opt/gz_ogre_next_vendor/lib:/opt/ros/jazzy/opt/gz_dartsim_vendor/lib:/opt/ros/jazzy/opt/gz_cmake_vendor/lib:/opt/ros/jazzy/lib', 'OLDPWD': '/home/gbonham', 'HOME': '/home/gbonham', 'DESKTOP_SESSION': 'ubuntu', 'GTK_MODULES': 'gail:atk-bridge', 'GNOME_SHELL_SESSION_MODE': 'ubuntu', 'ROS_PYTHON_VERSION': '3', 'SYSTEMD_EXEC_PID': '29388', 'DBUS_SESSION_BUS_ADDRESS': 'unix:path=/run/user/481853705/bus', 'GSM_SKIP_SSH_AGENT_WORKAROUND': 'true', 'COLORTERM': 'truecolor', 'CONDA_CHANGEPS1': 'no', 'WAYLAND_DISPLAY': 'wayland-0', 'ROS_DISTRO': 'jazzy', 'COLCON_PREFIX_PATH': '/home/gbonham/turtlebot4_ws/install', 'LOGNAME': 'gbonham', '_': '/usr/bin/colcon', 'MEMORY_PRESSURE_WATCH': '/sys/fs/cgroup/user.slice/user-481853705.slice/user@481853705.service/session.slice/org.gnome.Shell@wayland.service/memory.pressure', 'XDG_SESSION_CLASS': 'user', 'ROS_VERSION': '2', 'USERNAME': 'gbonham', 'TERM': 'xterm-256color', 'PROMPT_EOL_MARK': '', 'ROS_SUPER_CLIENT': 'True', 'GNOME_DESKTOP_SESSION_ID': 'this-is-deprecated', 'PATH': '/opt/ros/jazzy/opt/gz_msgs_vendor/bin:/opt/ros/jazzy/opt/gz_tools_vendor/bin:/opt/ros/jazzy/opt/gz_ogre_next_vendor/bin:/opt/ros/jazzy/bin:/usr/local/sbin:/usr/local/bin:/usr/sbin:/usr/bin:/sbin:/bin:/usr/games:/usr/local/games:/snap/bin:/snap/bin', 'SESSION_MANAGER': 'local/csci20121:@/tmp/.ICE-unix/29356,unix/csci20121:/tmp/.ICE-unix/29356', 'GNOME_TERMINAL_SCREEN': '/org/gnome/Terminal/screen/1a920a0f_e173_45d5_84d1_08745e1c9bf0', 'XDG_MENU_PREFIX': 'gnome-', 'GNOME_SETUP_DISPLAY': ':1', 'XDG_RUNTIME_DIR': '/run/user/481853705', 'DISPLAY': ':0', 'XDG_CURRENT_DESKTOP': 'ubuntu:GNOME', 'LANG': 'en_US.UTF-8', 'RMW_IMPLEMENTATION': 'rmw_fastrtps_cpp', 'XDG_SESSION_DESKTOP': 'ubuntu', 'GNOME_TERMINAL_SERVICE': ':1.119', 'XMODIFIERS': '@im=ibus', 'XAUTHORITY': '/run/user/481853705/.mutter-Xwaylandauth.8MOAO3', 'SSH_AUTH_SOCK': '/run/user/481853705/keyring/ssh', 'AMENT_PREFIX_PATH': '/home/gbonham/turtlebot4_ws/install/lab_bringup:/home/gbonham/turtlebot4_ws/install/lab5_pkg:/home/gbonham/turtlebot4_ws/install/lab3_pkg:/home/gbonham/turtlebot4_ws/install/lab2_pkg:/home/gbonham/turtlebot4_ws/install/lab1_pkg:/home/gbonham/turtlebot4_ws/install/final:/home/gbonham/turtlebot4_ws/install/custom_interfaces:/opt/ros/jazzy', 'ROS_DOMAIN_ID': '0', 'KRB5CCNAME': 'FILE:/tmp/krb5cc_481853705_B2nlBa', 'SHELL': '/bin/zsh', 'ROS_DISCOVERY_SERVER': '10.5.113.101:11811', 'QT_ACCESSIBILITY': '1', 'GDMSESSION': 'ubuntu', 'QT_IM_MODULE': 'ibus', 'ROS_AUTOMATIC_DISCOVERY_RANGE': 'SUBNET', 'PWD': '/home/gbonham/turtlebot4_ws/build/lab5_pkg', 'XDG_DATA_DIRS': '/usr/local/share/:/usr/share/:/var/lib/snapd/desktop', 'VIRTUAL_ENV_DISABLE_PROMPT': '12', 'PYTHONPATH': '/home/gbonham/turtlebot4_ws/build/lab5_pkg/prefix_override:/usr/lib/python3/dist-packages/colcon_core/task/python/colcon_distutils_commands:/home/gbonham/turtlebot4_ws/install/lab5_pkg/lib/python3.12/site-packages:/home/gbonham/turtlebot4_ws/install/custom_interfaces/lib/python3.12/site-packages:/home/gbonham/turtlebot4_ws/install/lab5_pkg/lib/python3.12/site-packages:/home/gbonham/turtlebot4_ws/install/lab3_pkg/lib/python3.12/site-packages:/home/gbonham/turtlebot4_ws/install/lab2_pkg/lib/python3.12/site-packages:/home/gbonham/turtlebot4_ws/install/lab1_pkg/lib/python3.12/site-packages:/home/gbonham/turtlebot4_ws/install/final/lib/python3.12/site-packages:/opt/ros/jazzy/lib/python3.12/site-packages', 'COLCON': '1', 'VTE_VERSION': '7600', 'MEMORY_PRESSURE_WRITE': 'c29tZSAyMDAwMDAgMjAwMDAwMAA=', 'CMAKE_PREFIX_PATH': '/home/gbonham/turtlebot4_ws/install/custom_interfaces:/home/gbonham/turtlebot4_ws/install/lab_bringup:/opt/ros/jazzy/opt/gz_sim_vendor:/opt/ros/jazzy/opt/gz_sensors_vendor:/opt/ros/jazzy/opt/gz_physics_vendor:/opt/ros/jazzy/opt/sdformat_vendor:/opt/ros/jazzy/opt/gz_gui_vendor:/opt/ros/jazzy/opt/gz_transport_vendor:/opt/ros/jazzy/opt/gz_rendering_vendor:/opt/ros/jazzy/opt/gz_plugin_vendor:/opt/ros/jazzy/opt/gz_fuel_tools_vendor:/opt/ros/jazzy/opt/gz_msgs_vendor:/opt/ros/jazzy/opt/gz_common_vendor:/opt/ros/jazzy/opt/gz_math_vendor:/opt/ros/jazzy/opt/gz_utils_vendor:/opt/ros/jazzy/opt/gz_tools_vendor:/opt/ros/jazzy/opt/gz_ogre_next_vendor:/opt/ros/jazzy/opt/gz_dartsim_vendor:/opt/ros/jazzy/opt/gz_cmake_vendor'}, 'shell': False}
[3.223722] (final) Command: {'cmd': ['/usr/bin/python3', '-W', 'ignore:setup.py install is deprecated', '-W', 'ignore:easy_install command is deprecated', 'setup.py', 'egg_info', '--egg-base', '../../build/final', 'build', '--build-base', '/home/gbonham/turtlebot4_ws/build/final/build', 'install', '--record', '/home/gbonham/turtlebot4_ws/build/final/install.log', '--single-version-externally-managed', 'install_data'], 'cwd': '/home/gbonham/turtlebot4_ws/src/final', 'env': {'USER': 'gbonham', 'GZ_SIM_RESOURCE_PATH': '/opt/ros/jazzy/share', 'GZ_CONFIG_PATH': '/opt/ros/jazzy/opt/gz_sim_vendor/share/gz:/opt/ros/jazzy/opt/sdformat_vendor/share/gz:/opt/ros/jazzy/opt/gz_gui_vendor/share/gz:/opt/ros/jazzy/opt/gz_transport_vendor/share/gz:/opt/ros/jazzy/opt/gz_rendering_vendor/share/gz:/opt/ros/jazzy/opt/gz_plugin_vendor/share/gz:/opt/ros/jazzy/opt/gz_fuel_tools_vendor/share/gz:/opt/ros/jazzy/opt/gz_msgs_vendor/share/gz:/opt/ros/jazzy/opt/gz_common_vendor/share/gz', 'XDG_SESSION_TYPE': 'wayland', 'CLUTTER_DISABLE_MIPMAPPED_TEXT': '1', 'SHLVL': '1', 'LD_LIBRARY_PATH': '/home/gbonham/turtlebot4_ws/install/custom_interfaces/lib:/opt/ros/jazzy/opt/gz_sim_vendor/lib:/opt/ros/jazzy/opt/gz_sensors_vendor/lib:/opt/ros/jazzy/opt/gz_physics_vendor/lib:/opt/ros/jazzy/opt/sdformat_vendor/lib:/opt/ros/jazzy/opt/rviz_ogre_vendor/lib:/opt/ros/jazzy/lib/x86_64-linux-gnu:/opt/ros/jazzy/opt/gz_gui_vendor/lib:/opt/ros/jazzy/opt/gz_transport_vendor/lib:/opt/ros/jazzy/opt/gz_rendering_vendor/lib:/opt/ros/jazzy/opt/gz_plugin_vendor/lib:/opt/ros/jazzy/opt/gz_fuel_tools_vendor/lib:/opt/ros/jazzy/opt/gz_msgs_vendor/lib:/opt/ros/jazzy/opt/gz_common_vendor/lib:/opt/ros/jazzy/opt/gz_math_vendor/lib:/opt/ros/jazzy/opt/gz_utils_vendor/lib:/opt/ros/jazzy/opt/gz_tools_vendor/lib:/opt/ros/jazzy/opt/gz_ogre_next_vendor/lib:/opt/ros/jazzy/opt/gz_dartsim_vendor/lib:/opt/ros/jazzy/opt/gz_cmake_vendor/lib:/opt/ros/jazzy/lib', 'OLDPWD': '/home/gbonham', 'HOME': '/home/gbonham', 'DESKTOP_SESSION': 'ubuntu', 'GTK_MODULES': 'gail:atk-bridge', 'GNOME_SHELL_SESSION_MODE': 'ubuntu', 'ROS_PYTHON_VERSION': '3', 'SYSTEMD_EXEC_PID': '29388', 'DBUS_SESSION_BUS_ADDRESS': 'unix:path=/run/user/481853705/bus', 'GSM_SKIP_SSH_AGENT_WORKAROUND': 'true', 'COLORTERM': 'truecolor', 'CONDA_CHANGEPS1': 'no', 'WAYLAND_DISPLAY': 'wayland-0', 'ROS_DISTRO': 'jazzy', 'COLCON_PREFIX_PATH': '/home/gbonham/turtlebot4_ws/install', 'LOGNAME': 'gbonham', '_': '/usr/bin/colcon', 'MEMORY_PRESSURE_WATCH': '/sys/fs/cgroup/user.slice/user-481853705.slice/user@481853705.service/session.slice/org.gnome.Shell@wayland.service/memory.pressure', 'XDG_SESSION_CLASS': 'user', 'ROS_VERSION': '2', 'USERNAME': 'gbonham', 'TERM': 'xterm-256color', 'PROMPT_EOL_MARK': '', 'ROS_SUPER_CLIENT': 'True', 'GNOME_DESKTOP_SESSION_ID': 'this-is-deprecated', 'PATH': '/opt/ros/jazzy/opt/gz_msgs_vendor/bin:/opt/ros/jazzy/opt/gz_tools_vendor/bin:/opt/ros/jazzy/opt/gz_ogre_next_vendor/bin:/opt/ros/jazzy/bin:/usr/local/sbin:/usr/local/bin:/usr/sbin:/usr/bin:/sbin:/bin:/usr/games:/usr/local/games:/snap/bin:/snap/bin', 'SESSION_MANAGER': 'local/csci20121:@/tmp/.ICE-unix/29356,unix/csci20121:/tmp/.ICE-unix/29356', 'GNOME_TERMINAL_SCREEN': '/org/gnome/Terminal/screen/1a920a0f_e173_45d5_84d1_08745e1c9bf0', 'XDG_MENU_PREFIX': 'gnome-', 'GNOME_SETUP_DISPLAY': ':1', 'XDG_RUNTIME_DIR': '/run/user/481853705', 'DISPLAY': ':0', 'XDG_CURRENT_DESKTOP': 'ubuntu:GNOME', 'LANG': 'en_US.UTF-8', 'RMW_IMPLEMENTATION': 'rmw_fastrtps_cpp', 'XDG_SESSION_DESKTOP': 'ubuntu', 'GNOME_TERMINAL_SERVICE': ':1.119', 'XMODIFIERS': '@im=ibus', 'XAUTHORITY': '/run/user/481853705/.mutter-Xwaylandauth.8MOAO3', 'SSH_AUTH_SOCK': '/run/user/481853705/keyring/ssh', 'AMENT_PREFIX_PATH': '/home/gbonham/turtlebot4_ws/install/lab_bringup:/home/gbonham/turtlebot4_ws/install/lab5_pkg:/home/gbonham/turtlebot4_ws/install/lab3_pkg:/home/gbonham/turtlebot4_ws/install/lab2_pkg:/home/gbonham/turtlebot4_ws/install/lab1_pkg:/home/gbonham/turtlebot4_ws/install/final:/home/gbonham/turtlebot4_ws/install/custom_interfaces:/opt/ros/jazzy', 'ROS_DOMAIN_ID': '0', 'KRB5CCNAME': 'FILE:/tmp/krb5cc_481853705_B2nlBa', 'SHELL': '/bin/zsh', 'ROS_DISCOVERY_SERVER': '10.5.113.101:11811', 'QT_ACCESSIBILITY': '1', 'GDMSESSION': 'ubuntu', 'QT_IM_MODULE': 'ibus', 'ROS_AUTOMATIC_DISCOVERY_RANGE': 'SUBNET', 'PWD': '/home/gbonham/turtlebot4_ws/build/final', 'XDG_DATA_DIRS': '/usr/local/share/:/usr/share/:/var/lib/snapd/desktop', 'VIRTUAL_ENV_DISABLE_PROMPT': '12', 'PYTHONPATH': '/home/gbonham/turtlebot4_ws/build/final/prefix_override:/usr/lib/python3/dist-packages/colcon_core/task/python/colcon_distutils_commands:/home/gbonham/turtlebot4_ws/install/final/lib/python3.12/site-packages:/home/gbonham/turtlebot4_ws/install/lab5_pkg/lib/python3.12/site-packages:/home/gbonham/turtlebot4_ws/install/lab3_pkg/lib/python3.12/site-packages:/home/gbonham/turtlebot4_ws/install/lab2_pkg/lib/python3.12/site-packages:/home/gbonham/turtlebot4_ws/install/lab1_pkg/lib/python3.12/site-packages:/home/gbonham/turtlebot4_ws/install/final/lib/python3.12/site-packages:/home/gbonham/turtlebot4_ws/install/custom_interfaces/lib/python3.12/site-packages:/opt/ros/jazzy/lib/python3.12/site-packages', 'COLCON': '1', 'VTE_VERSION': '7600', 'MEMORY_PRESSURE_WRITE': 'c29tZSAyMDAwMDAgMjAwMDAwMAA=', 'CMAKE_PREFIX_PATH': '/home/gbonham/turtlebot4_ws/install/lab_bringup:/home/gbonham/turtlebot4_ws/install/custom_interfaces:/opt/ros/jazzy/opt/gz_sim_vendor:/opt/ros/jazzy/opt/gz_sensors_vendor:/opt/ros/jazzy/opt/gz_physics_vendor:/opt/ros/jazzy/opt/sdformat_vendor:/opt/ros/jazzy/opt/gz_gui_vendor:/opt/ros/jazzy/opt/gz_transport_vendor:/opt/ros/jazzy/opt/gz_rendering_vendor:/opt/ros/jazzy/opt/gz_plugin_vendor:/opt/ros/jazzy/opt/gz_fuel_tools_vendor:/opt/ros/jazzy/opt/gz_msgs_vendor:/opt/ros/jazzy/opt/gz_common_vendor:/opt/ros/jazzy/opt/gz_math_vendor:/opt/ros/jazzy/opt/gz_utils_vendor:/opt/ros/jazzy/opt/gz_tools_vendor:/opt/ros/jazzy/opt/gz_ogre_next_vendor:/opt/ros/jazzy/opt/gz_dartsim_vendor:/opt/ros/jazzy/opt/gz_cmake_vendor'}, 'shell': False}
[3.307396] (-) TimerEvent: {}
[3.407656] (-) TimerEvent: {}
[3.507853] (-) TimerEvent: {}
[3.510137] (lab3_pkg) StdoutLine: {'line': b'running egg_info\n'}
[3.513440] (lab1_pkg) StdoutLine: {'line': b'running egg_info\n'}
[3.521428] (final) StdoutLine: {'line': b'running egg_info\n'}
[3.527568] (lab2_pkg) StdoutLine: {'line': b'running egg_info\n'}
[3.532316] (lab5_pkg) StdoutLine: {'line': b'running egg_info\n'}
[3.535036] (lab3_pkg) StdoutLine: {'line': b'writing ../../build/lab3_pkg/lab3_pkg.egg-info/PKG-INFO\n'}
[3.535278] (lab3_pkg) StdoutLine: {'line': b'writing dependency_links to ../../build/lab3_pkg/lab3_pkg.egg-info/dependency_links.txt\n'}
[3.535497] (lab3_pkg) StdoutLine: {'line': b'writing entry points to ../../build/lab3_pkg/lab3_pkg.egg-info/entry_points.txt\n'}
[3.535663] (lab3_pkg) StdoutLine: {'line': b'writing requirements to ../../build/lab3_pkg/lab3_pkg.egg-info/requires.txt\n'}
[3.535818] (lab3_pkg) StdoutLine: {'line': b'writing top-level names to ../../build/lab3_pkg/lab3_pkg.egg-info/top_level.txt\n'}
[3.540514] (lab1_pkg) StdoutLine: {'line': b'writing ../../build/lab1_pkg/lab1_pkg.egg-info/PKG-INFO\n'}
[3.540758] (lab1_pkg) StdoutLine: {'line': b'writing dependency_links to ../../build/lab1_pkg/lab1_pkg.egg-info/dependency_links.txt\n'}
[3.540987] (lab1_pkg) StdoutLine: {'line': b'writing entry points to ../../build/lab1_pkg/lab1_pkg.egg-info/entry_points.txt\n'}
[3.541186] (lab1_pkg) StdoutLine: {'line': b'writing requirements to ../../build/lab1_pkg/lab1_pkg.egg-info/requires.txt\n'}
[3.541329] (lab1_pkg) StdoutLine: {'line': b'writing top-level names to ../../build/lab1_pkg/lab1_pkg.egg-info/top_level.txt\n'}
[3.552194] (final) StdoutLine: {'line': b'writing ../../build/final/final.egg-info/PKG-INFO\n'}
[3.553601] (final) StdoutLine: {'line': b'writing dependency_links to ../../build/final/final.egg-info/dependency_links.txt\n'}
[3.553770] (lab2_pkg) StdoutLine: {'line': b'writing ../../build/lab2_pkg/lab2_pkg.egg-info/PKG-INFO\n'}
[3.554022] (lab2_pkg) StdoutLine: {'line': b'writing dependency_links to ../../build/lab2_pkg/lab2_pkg.egg-info/dependency_links.txt\n'}
[3.554262] (lab2_pkg) StdoutLine: {'line': b'writing entry points to ../../build/lab2_pkg/lab2_pkg.egg-info/entry_points.txt\n'}
[3.554409] (final) StdoutLine: {'line': b'writing entry points to ../../build/final/final.egg-info/entry_points.txt\n'}
[3.554543] (lab2_pkg) StdoutLine: {'line': b'writing requirements to ../../build/lab2_pkg/lab2_pkg.egg-info/requires.txt\n'}
[3.554690] (lab2_pkg) StdoutLine: {'line': b'writing top-level names to ../../build/lab2_pkg/lab2_pkg.egg-info/top_level.txt\n'}
[3.556173] (final) StdoutLine: {'line': b'writing requirements to ../../build/final/final.egg-info/requires.txt\n'}
[3.557180] (final) StdoutLine: {'line': b'writing top-level names to ../../build/final/final.egg-info/top_level.txt\n'}
[3.559715] (lab5_pkg) StdoutLine: {'line': b'writing ../../build/lab5_pkg/lab5_pkg.egg-info/PKG-INFO\n'}
[3.559945] (lab5_pkg) StdoutLine: {'line': b'writing dependency_links to ../../build/lab5_pkg/lab5_pkg.egg-info/dependency_links.txt\n'}
[3.560156] (lab5_pkg) StdoutLine: {'line': b'writing entry points to ../../build/lab5_pkg/lab5_pkg.egg-info/entry_points.txt\n'}
[3.560326] (lab5_pkg) StdoutLine: {'line': b'writing requirements to ../../build/lab5_pkg/lab5_pkg.egg-info/requires.txt\n'}
[3.560464] (lab5_pkg) StdoutLine: {'line': b'writing top-level names to ../../build/lab5_pkg/lab5_pkg.egg-info/top_level.txt\n'}
[3.582070] (lab2_pkg) StdoutLine: {'line': b"reading manifest file '../../build/lab2_pkg/lab2_pkg.egg-info/SOURCES.txt'\n"}
[3.582808] (lab2_pkg) StdoutLine: {'line': b"writing manifest file '../../build/lab2_pkg/lab2_pkg.egg-info/SOURCES.txt'\n"}
[3.582961] (lab2_pkg) StdoutLine: {'line': b'running build\n'}
[3.583078] (lab2_pkg) StdoutLine: {'line': b'running install\n'}
[3.588842] (lab2_pkg) StdoutLine: {'line': b'running install_data\n'}
[3.588997] (lab2_pkg) StdoutLine: {'line': b'running install_egg_info\n'}
[3.593113] (lab3_pkg) StdoutLine: {'line': b"reading manifest file '../../build/lab3_pkg/lab3_pkg.egg-info/SOURCES.txt'\n"}
[3.593746] (lab3_pkg) StdoutLine: {'line': b"writing manifest file '../../build/lab3_pkg/lab3_pkg.egg-info/SOURCES.txt'\n"}
[3.593905] (lab3_pkg) StdoutLine: {'line': b'running build\n'}
[3.594037] (lab3_pkg) StdoutLine: {'line': b'running build_py\n'}
[3.594191] (lab3_pkg) StdoutLine: {'line': b'running install\n'}
[3.594530] (lab1_pkg) StdoutLine: {'line': b"reading manifest file '../../build/lab1_pkg/lab1_pkg.egg-info/SOURCES.txt'\n"}
[3.595154] (lab1_pkg) StdoutLine: {'line': b"writing manifest file '../../build/lab1_pkg/lab1_pkg.egg-info/SOURCES.txt'\n"}
[3.595321] (lab1_pkg) StdoutLine: {'line': b'running build\n'}
[3.595462] (lab1_pkg) StdoutLine: {'line': b'running build_py\n'}
[3.595688] (lab1_pkg) StdoutLine: {'line': b'running install\n'}
[3.599454] (lab3_pkg) StdoutLine: {'line': b'running install_lib\n'}
[3.600897] (lab1_pkg) StdoutLine: {'line': b'running install_lib\n'}
[3.607915] (-) TimerEvent: {}
[3.610427] (final) StdoutLine: {'line': b"reading manifest file '../../build/final/final.egg-info/SOURCES.txt'\n"}
[3.613292] (final) StdoutLine: {'line': b"writing manifest file '../../build/final/final.egg-info/SOURCES.txt'\n"}
[3.613458] (final) StdoutLine: {'line': b'running build\n'}
[3.613610] (final) StdoutLine: {'line': b'running build_py\n'}
[3.613743] (final) StdoutLine: {'line': b'copying final/color_vision.py -> /home/gbonham/turtlebot4_ws/build/final/build/lib/final\n'}
[3.614096] (final) StdoutLine: {'line': b'running install\n'}
[3.615038] (lab5_pkg) StdoutLine: {'line': b"reading manifest file '../../build/lab5_pkg/lab5_pkg.egg-info/SOURCES.txt'\n"}
[3.615890] (lab5_pkg) StdoutLine: {'line': b"writing manifest file '../../build/lab5_pkg/lab5_pkg.egg-info/SOURCES.txt'\n"}
[3.616037] (lab5_pkg) StdoutLine: {'line': b'running build\n'}
[3.616168] (lab5_pkg) StdoutLine: {'line': b'running build_py\n'}
[3.616329] (lab5_pkg) StdoutLine: {'line': b'running install\n'}
[3.619319] (final) StdoutLine: {'line': b'running install_lib\n'}
[3.621465] (lab5_pkg) StdoutLine: {'line': b'running install_lib\n'}
[3.625698] (lab3_pkg) StdoutLine: {'line': b'running install_data\n'}
[3.625813] (lab3_pkg) StdoutLine: {'line': b'running install_egg_info\n'}
[3.629536] (lab1_pkg) StdoutLine: {'line': b'running install_data\n'}
[3.629633] (lab1_pkg) StdoutLine: {'line': b'running install_egg_info\n'}
[3.643983] (final) StdoutLine: {'line': b'copying /home/gbonham/turtlebot4_ws/build/final/build/lib/final/color_vision.py -> /home/gbonham/turtlebot4_ws/install/final/lib/python3.12/site-packages/final\n'}
[3.644577] (final) StdoutLine: {'line': b'byte-compiling /home/gbonham/turtlebot4_ws/install/final/lib/python3.12/site-packages/final/color_vision.py to color_vision.cpython-312.pyc\n'}
[3.646823] (lab5_pkg) StdoutLine: {'line': b'running install_data\n'}
[3.646957] (lab5_pkg) StdoutLine: {'line': b'running install_egg_info\n'}
[3.647491] (final) StdoutLine: {'line': b'running install_data\n'}
[3.647654] (final) StdoutLine: {'line': b'running install_egg_info\n'}
[3.650837] (lab2_pkg) StdoutLine: {'line': b"removing '/home/gbonham/turtlebot4_ws/install/lab2_pkg/lib/python3.12/site-packages/lab2_pkg-0.0.0-py3.12.egg-info' (and everything under it)\n"}
[3.651159] (lab2_pkg) StdoutLine: {'line': b'Copying ../../build/lab2_pkg/lab2_pkg.egg-info to /home/gbonham/turtlebot4_ws/install/lab2_pkg/lib/python3.12/site-packages/lab2_pkg-0.0.0-py3.12.egg-info\n'}
[3.653222] (lab2_pkg) StdoutLine: {'line': b'running install_scripts\n'}
[3.658372] (lab1_pkg) StdoutLine: {'line': b"removing '/home/gbonham/turtlebot4_ws/install/lab1_pkg/lib/python3.12/site-packages/lab1_pkg-0.0.0-py3.12.egg-info' (and everything under it)\n"}
[3.658593] (lab1_pkg) StdoutLine: {'line': b'Copying ../../build/lab1_pkg/lab1_pkg.egg-info to /home/gbonham/turtlebot4_ws/install/lab1_pkg/lib/python3.12/site-packages/lab1_pkg-0.0.0-py3.12.egg-info\n'}
[3.661182] (lab1_pkg) StdoutLine: {'line': b'running install_scripts\n'}
[3.663068] (lab3_pkg) StdoutLine: {'line': b"removing '/home/gbonham/turtlebot4_ws/install/lab3_pkg/lib/python3.12/site-packages/lab3_pkg-0.0.0-py3.12.egg-info' (and everything under it)\n"}
[3.663390] (lab3_pkg) StdoutLine: {'line': b'Copying ../../build/lab3_pkg/lab3_pkg.egg-info to /home/gbonham/turtlebot4_ws/install/lab3_pkg/lib/python3.12/site-packages/lab3_pkg-0.0.0-py3.12.egg-info\n'}
[3.667312] (lab3_pkg) StdoutLine: {'line': b'running install_scripts\n'}
[3.674907] (lab5_pkg) StdoutLine: {'line': b"removing '/home/gbonham/turtlebot4_ws/install/lab5_pkg/lib/python3.12/site-packages/lab5_pkg-0.0.0-py3.12.egg-info' (and everything under it)\n"}
[3.675118] (lab5_pkg) StdoutLine: {'line': b'Copying ../../build/lab5_pkg/lab5_pkg.egg-info to /home/gbonham/turtlebot4_ws/install/lab5_pkg/lib/python3.12/site-packages/lab5_pkg-0.0.0-py3.12.egg-info\n'}
[3.675861] (final) StdoutLine: {'line': b"removing '/home/gbonham/turtlebot4_ws/install/final/lib/python3.12/site-packages/final-0.0.0-py3.12.egg-info' (and everything under it)\n"}
[3.676085] (final) StdoutLine: {'line': b'Copying ../../build/final/final.egg-info to /home/gbonham/turtlebot4_ws/install/final/lib/python3.12/site-packages/final-0.0.0-py3.12.egg-info\n'}
[3.678533] (lab5_pkg) StdoutLine: {'line': b'running install_scripts\n'}
[3.678715] (final) StdoutLine: {'line': b'running install_scripts\n'}
[3.707998] (-) TimerEvent: {}
[3.808228] (-) TimerEvent: {}
[3.826616] (lab1_pkg) StdoutLine: {'line': b'Installing speed_behavior_node script to /home/gbonham/turtlebot4_ws/install/lab1_pkg/lib/lab1_pkg\n'}
[3.826873] (lab2_pkg) StdoutLine: {'line': b'Installing SCOD script to /home/gbonham/turtlebot4_ws/install/lab2_pkg/lib/lab2_pkg\n'}
[3.827054] (lab1_pkg) StdoutLine: {'line': b"writing list of installed files to '/home/gbonham/turtlebot4_ws/build/lab1_pkg/install.log'\n"}
[3.827193] (lab2_pkg) StdoutLine: {'line': b"writing list of installed files to '/home/gbonham/turtlebot4_ws/build/lab2_pkg/install.log'\n"}
[3.840490] (final) StdoutLine: {'line': b'Installing color_vision script to /home/gbonham/turtlebot4_ws/install/final/lib/final\n'}
[3.844620] (lab5_pkg) StdoutLine: {'line': b'Installing go_to_goal_client script to /home/gbonham/turtlebot4_ws/install/lab5_pkg/lib/lab5_pkg\n'}
[3.844851] (lab5_pkg) StdoutLine: {'line': b'Installing go_to_goal_server script to /home/gbonham/turtlebot4_ws/install/lab5_pkg/lib/lab5_pkg\n'}
[3.845238] (lab5_pkg) StdoutLine: {'line': b"writing list of installed files to '/home/gbonham/turtlebot4_ws/build/lab5_pkg/install.log'\n"}
[3.846906] (lab3_pkg) StdoutLine: {'line': b'Installing SCOD_server script to /home/gbonham/turtlebot4_ws/install/lab3_pkg/lib/lab3_pkg\n'}
[3.847148] (lab3_pkg) StdoutLine: {'line': b'Installing set_cap_client_node script to /home/gbonham/turtlebot4_ws/install/lab3_pkg/lib/lab3_pkg\n'}
[3.847487] (lab3_pkg) StdoutLine: {'line': b"writing list of installed files to '/home/gbonham/turtlebot4_ws/build/lab3_pkg/install.log'\n"}
[3.849739] (final) StdoutLine: {'line': b"writing list of installed files to '/home/gbonham/turtlebot4_ws/build/final/install.log'\n"}
[3.884175] (lab2_pkg) CommandEnded: {'returncode': 0}
[3.900267] (lab2_pkg) JobEnded: {'identifier': 'lab2_pkg', 'rc': 0}
[3.902195] (lab1_pkg) CommandEnded: {'returncode': 0}
[3.908323] (-) TimerEvent: {}
[4.008708] (-) TimerEvent: {}
[4.109040] (-) TimerEvent: {}
[4.172960] (lab1_pkg) JobEnded: {'identifier': 'lab1_pkg', 'rc': 0}
[4.173529] (lab3_pkg) CommandEnded: {'returncode': 0}
[4.209364] (-) TimerEvent: {}
[4.274470] (lab3_pkg) JobEnded: {'identifier': 'lab3_pkg', 'rc': 0}
[4.278220] (lab5_pkg) CommandEnded: {'returncode': 0}
[4.309819] (-) TimerEvent: {}
[4.391099] (lab5_pkg) JobEnded: {'identifier': 'lab5_pkg', 'rc': 0}
[4.400642] (lab_bringup) JobStarted: {'identifier': 'lab_bringup'}
[4.409920] (-) TimerEvent: {}
[4.421144] (final) CommandEnded: {'returncode': 0}
[4.510024] (-) TimerEvent: {}
[4.565037] (final) JobEnded: {'identifier': 'final', 'rc': 0}
[4.594405] (lab_bringup) JobProgress: {'identifier': 'lab_bringup', 'progress': 'cmake'}
[4.610203] (-) TimerEvent: {}
[4.613171] (lab_bringup) JobProgress: {'identifier': 'lab_bringup', 'progress': 'build'}
[4.614024] (lab_bringup) Command: {'cmd': ['/usr/bin/cmake', '--build', '/home/gbonham/turtlebot4_ws/build/lab_bringup', '--', '-j16', '-l16'], 'cwd': '/home/gbonham/turtlebot4_ws/build/lab_bringup', 'env': OrderedDict({'USER': 'gbonham', 'GZ_SIM_RESOURCE_PATH': '/opt/ros/jazzy/share', 'GZ_CONFIG_PATH': '/opt/ros/jazzy/opt/gz_sim_vendor/share/gz:/opt/ros/jazzy/opt/sdformat_vendor/share/gz:/opt/ros/jazzy/opt/gz_gui_vendor/share/gz:/opt/ros/jazzy/opt/gz_transport_vendor/share/gz:/opt/ros/jazzy/opt/gz_rendering_vendor/share/gz:/opt/ros/jazzy/opt/gz_plugin_vendor/share/gz:/opt/ros/jazzy/opt/gz_fuel_tools_vendor/share/gz:/opt/ros/jazzy/opt/gz_msgs_vendor/share/gz:/opt/ros/jazzy/opt/gz_common_vendor/share/gz', 'XDG_SESSION_TYPE': 'wayland', 'CLUTTER_DISABLE_MIPMAPPED_TEXT': '1', 'SHLVL': '1', 'LD_LIBRARY_PATH': '/home/gbonham/turtlebot4_ws/install/custom_interfaces/lib:/opt/ros/jazzy/opt/gz_sim_vendor/lib:/opt/ros/jazzy/opt/gz_sensors_vendor/lib:/opt/ros/jazzy/opt/gz_physics_vendor/lib:/opt/ros/jazzy/opt/sdformat_vendor/lib:/opt/ros/jazzy/opt/rviz_ogre_vendor/lib:/opt/ros/jazzy/lib/x86_64-linux-gnu:/opt/ros/jazzy/opt/gz_gui_vendor/lib:/opt/ros/jazzy/opt/gz_transport_vendor/lib:/opt/ros/jazzy/opt/gz_rendering_vendor/lib:/opt/ros/jazzy/opt/gz_plugin_vendor/lib:/opt/ros/jazzy/opt/gz_fuel_tools_vendor/lib:/opt/ros/jazzy/opt/gz_msgs_vendor/lib:/opt/ros/jazzy/opt/gz_common_vendor/lib:/opt/ros/jazzy/opt/gz_math_vendor/lib:/opt/ros/jazzy/opt/gz_utils_vendor/lib:/opt/ros/jazzy/opt/gz_tools_vendor/lib:/opt/ros/jazzy/opt/gz_ogre_next_vendor/lib:/opt/ros/jazzy/opt/gz_dartsim_vendor/lib:/opt/ros/jazzy/opt/gz_cmake_vendor/lib:/opt/ros/jazzy/lib', 'OLDPWD': '/home/gbonham', 'HOME': '/home/gbonham', 'DESKTOP_SESSION': 'ubuntu', 'GTK_MODULES': 'gail:atk-bridge', 'GNOME_SHELL_SESSION_MODE': 'ubuntu', 'ROS_PYTHON_VERSION': '3', 'SYSTEMD_EXEC_PID': '29388', 'DBUS_SESSION_BUS_ADDRESS': 'unix:path=/run/user/481853705/bus', 'GSM_SKIP_SSH_AGENT_WORKAROUND': 'true', 'COLORTERM': 'truecolor', 'CONDA_CHANGEPS1': 'no', 'WAYLAND_DISPLAY': 'wayland-0', 'ROS_DISTRO': 'jazzy', 'COLCON_PREFIX_PATH': '/home/gbonham/turtlebot4_ws/install', 'LOGNAME': 'gbonham', '_': '/usr/bin/colcon', 'MEMORY_PRESSURE_WATCH': '/sys/fs/cgroup/user.slice/user-481853705.slice/user@481853705.service/session.slice/org.gnome.Shell@wayland.service/memory.pressure', 'XDG_SESSION_CLASS': 'user', 'ROS_VERSION': '2', 'USERNAME': 'gbonham', 'TERM': 'xterm-256color', 'PROMPT_EOL_MARK': '', 'ROS_SUPER_CLIENT': 'True', 'GNOME_DESKTOP_SESSION_ID': 'this-is-deprecated', 'PATH': '/opt/ros/jazzy/opt/gz_msgs_vendor/bin:/opt/ros/jazzy/opt/gz_tools_vendor/bin:/opt/ros/jazzy/opt/gz_ogre_next_vendor/bin:/opt/ros/jazzy/bin:/usr/local/sbin:/usr/local/bin:/usr/sbin:/usr/bin:/sbin:/bin:/usr/games:/usr/local/games:/snap/bin:/snap/bin', 'SESSION_MANAGER': 'local/csci20121:@/tmp/.ICE-unix/29356,unix/csci20121:/tmp/.ICE-unix/29356', 'GNOME_TERMINAL_SCREEN': '/org/gnome/Terminal/screen/1a920a0f_e173_45d5_84d1_08745e1c9bf0', 'XDG_MENU_PREFIX': 'gnome-', 'GNOME_SETUP_DISPLAY': ':1', 'XDG_RUNTIME_DIR': '/run/user/481853705', 'DISPLAY': ':0', 'XDG_CURRENT_DESKTOP': 'ubuntu:GNOME', 'LANG': 'en_US.UTF-8', 'RMW_IMPLEMENTATION': 'rmw_fastrtps_cpp', 'XDG_SESSION_DESKTOP': 'ubuntu', 'GNOME_TERMINAL_SERVICE': ':1.119', 'XMODIFIERS': '@im=ibus', 'XAUTHORITY': '/run/user/481853705/.mutter-Xwaylandauth.8MOAO3', 'SSH_AUTH_SOCK': '/run/user/481853705/keyring/ssh', 'AMENT_PREFIX_PATH': '/home/gbonham/turtlebot4_ws/install/lab3_pkg:/home/gbonham/turtlebot4_ws/install/lab_bringup:/home/gbonham/turtlebot4_ws/install/lab5_pkg:/home/gbonham/turtlebot4_ws/install/lab2_pkg:/home/gbonham/turtlebot4_ws/install/lab1_pkg:/home/gbonham/turtlebot4_ws/install/final:/home/gbonham/turtlebot4_ws/install/custom_interfaces:/opt/ros/jazzy', 'ROS_DOMAIN_ID': '0', 'KRB5CCNAME': 'FILE:/tmp/krb5cc_481853705_B2nlBa', 'SHELL': '/bin/zsh', 'ROS_DISCOVERY_SERVER': '10.5.113.101:11811', 'QT_ACCESSIBILITY': '1', 'GDMSESSION': 'ubuntu', 'QT_IM_MODULE': 'ibus', 'ROS_AUTOMATIC_DISCOVERY_RANGE': 'SUBNET', 'PWD': '/home/gbonham/turtlebot4_ws/build/lab_bringup', 'XDG_DATA_DIRS': '/usr/local/share/:/usr/share/:/var/lib/snapd/desktop', 'VIRTUAL_ENV_DISABLE_PROMPT': '12', 'PYTHONPATH': '/home/gbonham/turtlebot4_ws/install/lab3_pkg/lib/python3.12/site-packages:/home/gbonham/turtlebot4_ws/install/custom_interfaces/lib/python3.12/site-packages:/home/gbonham/turtlebot4_ws/install/lab5_pkg/lib/python3.12/site-packages:/home/gbonham/turtlebot4_ws/install/lab2_pkg/lib/python3.12/site-packages:/home/gbonham/turtlebot4_ws/install/lab1_pkg/lib/python3.12/site-packages:/home/gbonham/turtlebot4_ws/install/final/lib/python3.12/site-packages:/opt/ros/jazzy/lib/python3.12/site-packages', 'COLCON': '1', 'VTE_VERSION': '7600', 'MEMORY_PRESSURE_WRITE': 'c29tZSAyMDAwMDAgMjAwMDAwMAA=', 'CMAKE_PREFIX_PATH': '/home/gbonham/turtlebot4_ws/install/custom_interfaces:/home/gbonham/turtlebot4_ws/install/lab_bringup:/opt/ros/jazzy/opt/gz_sim_vendor:/opt/ros/jazzy/opt/gz_sensors_vendor:/opt/ros/jazzy/opt/gz_physics_vendor:/opt/ros/jazzy/opt/sdformat_vendor:/opt/ros/jazzy/opt/gz_gui_vendor:/opt/ros/jazzy/opt/gz_transport_vendor:/opt/ros/jazzy/opt/gz_rendering_vendor:/opt/ros/jazzy/opt/gz_plugin_vendor:/opt/ros/jazzy/opt/gz_fuel_tools_vendor:/opt/ros/jazzy/opt/gz_msgs_vendor:/opt/ros/jazzy/opt/gz_common_vendor:/opt/ros/jazzy/opt/gz_math_vendor:/opt/ros/jazzy/opt/gz_utils_vendor:/opt/ros/jazzy/opt/gz_tools_vendor:/opt/ros/jazzy/opt/gz_ogre_next_vendor:/opt/ros/jazzy/opt/gz_dartsim_vendor:/opt/ros/jazzy/opt/gz_cmake_vendor:/home/gbonham/turtlebot4_ws/install/lab5_pkg:/home/gbonham/turtlebot4_ws/install/lab3_pkg:/home/gbonham/turtlebot4_ws/install/lab2_pkg:/home/gbonham/turtlebot4_ws/install/lab1_pkg:/home/gbonham/turtlebot4_ws/install/final:/opt/ros/jazzy'}), 'shell': False}
[4.668438] (lab_bringup) CommandEnded: {'returncode': 0}
[4.679784] (lab_bringup) JobProgress: {'identifier': 'lab_bringup', 'progress': 'install'}
[4.680064] (lab_bringup) Command: {'cmd': ['/usr/bin/cmake', '--install', '/home/gbonham/turtlebot4_ws/build/lab_bringup'], 'cwd': '/home/gbonham/turtlebot4_ws/build/lab_bringup', 'env': OrderedDict({'USER': 'gbonham', 'GZ_SIM_RESOURCE_PATH': '/opt/ros/jazzy/share', 'GZ_CONFIG_PATH': '/opt/ros/jazzy/opt/gz_sim_vendor/share/gz:/opt/ros/jazzy/opt/sdformat_vendor/share/gz:/opt/ros/jazzy/opt/gz_gui_vendor/share/gz:/opt/ros/jazzy/opt/gz_transport_vendor/share/gz:/opt/ros/jazzy/opt/gz_rendering_vendor/share/gz:/opt/ros/jazzy/opt/gz_plugin_vendor/share/gz:/opt/ros/jazzy/opt/gz_fuel_tools_vendor/share/gz:/opt/ros/jazzy/opt/gz_msgs_vendor/share/gz:/opt/ros/jazzy/opt/gz_common_vendor/share/gz', 'XDG_SESSION_TYPE': 'wayland', 'CLUTTER_DISABLE_MIPMAPPED_TEXT': '1', 'SHLVL': '1', 'LD_LIBRARY_PATH': '/home/gbonham/turtlebot4_ws/install/custom_interfaces/lib:/opt/ros/jazzy/opt/gz_sim_vendor/lib:/opt/ros/jazzy/opt/gz_sensors_vendor/lib:/opt/ros/jazzy/opt/gz_physics_vendor/lib:/opt/ros/jazzy/opt/sdformat_vendor/lib:/opt/ros/jazzy/opt/rviz_ogre_vendor/lib:/opt/ros/jazzy/lib/x86_64-linux-gnu:/opt/ros/jazzy/opt/gz_gui_vendor/lib:/opt/ros/jazzy/opt/gz_transport_vendor/lib:/opt/ros/jazzy/opt/gz_rendering_vendor/lib:/opt/ros/jazzy/opt/gz_plugin_vendor/lib:/opt/ros/jazzy/opt/gz_fuel_tools_vendor/lib:/opt/ros/jazzy/opt/gz_msgs_vendor/lib:/opt/ros/jazzy/opt/gz_common_vendor/lib:/opt/ros/jazzy/opt/gz_math_vendor/lib:/opt/ros/jazzy/opt/gz_utils_vendor/lib:/opt/ros/jazzy/opt/gz_tools_vendor/lib:/opt/ros/jazzy/opt/gz_ogre_next_vendor/lib:/opt/ros/jazzy/opt/gz_dartsim_vendor/lib:/opt/ros/jazzy/opt/gz_cmake_vendor/lib:/opt/ros/jazzy/lib', 'OLDPWD': '/home/gbonham', 'HOME': '/home/gbonham', 'DESKTOP_SESSION': 'ubuntu', 'GTK_MODULES': 'gail:atk-bridge', 'GNOME_SHELL_SESSION_MODE': 'ubuntu', 'ROS_PYTHON_VERSION': '3', 'SYSTEMD_EXEC_PID': '29388', 'DBUS_SESSION_BUS_ADDRESS': 'unix:path=/run/user/481853705/bus', 'GSM_SKIP_SSH_AGENT_WORKAROUND': 'true', 'COLORTERM': 'truecolor', 'CONDA_CHANGEPS1': 'no', 'WAYLAND_DISPLAY': 'wayland-0', 'ROS_DISTRO': 'jazzy', 'COLCON_PREFIX_PATH': '/home/gbonham/turtlebot4_ws/install', 'LOGNAME': 'gbonham', '_': '/usr/bin/colcon', 'MEMORY_PRESSURE_WATCH': '/sys/fs/cgroup/user.slice/user-481853705.slice/user@481853705.service/session.slice/org.gnome.Shell@wayland.service/memory.pressure', 'XDG_SESSION_CLASS': 'user', 'ROS_VERSION': '2', 'USERNAME': 'gbonham', 'TERM': 'xterm-256color', 'PROMPT_EOL_MARK': '', 'ROS_SUPER_CLIENT': 'True', 'GNOME_DESKTOP_SESSION_ID': 'this-is-deprecated', 'PATH': '/opt/ros/jazzy/opt/gz_msgs_vendor/bin:/opt/ros/jazzy/opt/gz_tools_vendor/bin:/opt/ros/jazzy/opt/gz_ogre_next_vendor/bin:/opt/ros/jazzy/bin:/usr/local/sbin:/usr/local/bin:/usr/sbin:/usr/bin:/sbin:/bin:/usr/games:/usr/local/games:/snap/bin:/snap/bin', 'SESSION_MANAGER': 'local/csci20121:@/tmp/.ICE-unix/29356,unix/csci20121:/tmp/.ICE-unix/29356', 'GNOME_TERMINAL_SCREEN': '/org/gnome/Terminal/screen/1a920a0f_e173_45d5_84d1_08745e1c9bf0', 'XDG_MENU_PREFIX': 'gnome-', 'GNOME_SETUP_DISPLAY': ':1', 'XDG_RUNTIME_DIR': '/run/user/481853705', 'DISPLAY': ':0', 'XDG_CURRENT_DESKTOP': 'ubuntu:GNOME', 'LANG': 'en_US.UTF-8', 'RMW_IMPLEMENTATION': 'rmw_fastrtps_cpp', 'XDG_SESSION_DESKTOP': 'ubuntu', 'GNOME_TERMINAL_SERVICE': ':1.119', 'XMODIFIERS': '@im=ibus', 'XAUTHORITY': '/run/user/481853705/.mutter-Xwaylandauth.8MOAO3', 'SSH_AUTH_SOCK': '/run/user/481853705/keyring/ssh', 'AMENT_PREFIX_PATH': '/home/gbonham/turtlebot4_ws/install/lab3_pkg:/home/gbonham/turtlebot4_ws/install/lab_bringup:/home/gbonham/turtlebot4_ws/install/lab5_pkg:/home/gbonham/turtlebot4_ws/install/lab2_pkg:/home/gbonham/turtlebot4_ws/install/lab1_pkg:/home/gbonham/turtlebot4_ws/install/final:/home/gbonham/turtlebot4_ws/install/custom_interfaces:/opt/ros/jazzy', 'ROS_DOMAIN_ID': '0', 'KRB5CCNAME': 'FILE:/tmp/krb5cc_481853705_B2nlBa', 'SHELL': '/bin/zsh', 'ROS_DISCOVERY_SERVER': '10.5.113.101:11811', 'QT_ACCESSIBILITY': '1', 'GDMSESSION': 'ubuntu', 'QT_IM_MODULE': 'ibus', 'ROS_AUTOMATIC_DISCOVERY_RANGE': 'SUBNET', 'PWD': '/home/gbonham/turtlebot4_ws/build/lab_bringup', 'XDG_DATA_DIRS': '/usr/local/share/:/usr/share/:/var/lib/snapd/desktop', 'VIRTUAL_ENV_DISABLE_PROMPT': '12', 'PYTHONPATH': '/home/gbonham/turtlebot4_ws/install/lab3_pkg/lib/python3.12/site-packages:/home/gbonham/turtlebot4_ws/install/custom_interfaces/lib/python3.12/site-packages:/home/gbonham/turtlebot4_ws/install/lab5_pkg/lib/python3.12/site-packages:/home/gbonham/turtlebot4_ws/install/lab2_pkg/lib/python3.12/site-packages:/home/gbonham/turtlebot4_ws/install/lab1_pkg/lib/python3.12/site-packages:/home/gbonham/turtlebot4_ws/install/final/lib/python3.12/site-packages:/opt/ros/jazzy/lib/python3.12/site-packages', 'COLCON': '1', 'VTE_VERSION': '7600', 'MEMORY_PRESSURE_WRITE': 'c29tZSAyMDAwMDAgMjAwMDAwMAA=', 'CMAKE_PREFIX_PATH': '/home/gbonham/turtlebot4_ws/install/custom_interfaces:/home/gbonham/turtlebot4_ws/install/lab_bringup:/opt/ros/jazzy/opt/gz_sim_vendor:/opt/ros/jazzy/opt/gz_sensors_vendor:/opt/ros/jazzy/opt/gz_physics_vendor:/opt/ros/jazzy/opt/sdformat_vendor:/opt/ros/jazzy/opt/gz_gui_vendor:/opt/ros/jazzy/opt/gz_transport_vendor:/opt/ros/jazzy/opt/gz_rendering_vendor:/opt/ros/jazzy/opt/gz_plugin_vendor:/opt/ros/jazzy/opt/gz_fuel_tools_vendor:/opt/ros/jazzy/opt/gz_msgs_vendor:/opt/ros/jazzy/opt/gz_common_vendor:/opt/ros/jazzy/opt/gz_math_vendor:/opt/ros/jazzy/opt/gz_utils_vendor:/opt/ros/jazzy/opt/gz_tools_vendor:/opt/ros/jazzy/opt/gz_ogre_next_vendor:/opt/ros/jazzy/opt/gz_dartsim_vendor:/opt/ros/jazzy/opt/gz_cmake_vendor:/home/gbonham/turtlebot4_ws/install/lab5_pkg:/home/gbonham/turtlebot4_ws/install/lab3_pkg:/home/gbonham/turtlebot4_ws/install/lab2_pkg:/home/gbonham/turtlebot4_ws/install/lab1_pkg:/home/gbonham/turtlebot4_ws/install/final:/opt/ros/jazzy'}), 'shell': False}
[4.691592] (lab_bringup) StdoutLine: {'line': b'-- Install configuration: ""\n'}
[4.691779] (lab_bringup) StdoutLine: {'line': b'-- Up-to-date: /home/gbonham/turtlebot4_ws/install/lab_bringup/share/lab_bringup//launch\n'}
[4.691907] (lab_bringup) StdoutLine: {'line': b'-- Up-to-date: /home/gbonham/turtlebot4_ws/install/lab_bringup/share/lab_bringup//launch/lab4.launch.xml\n'}
[4.692013] (lab_bringup) StdoutLine: {'line': b'-- Up-to-date: /home/gbonham/turtlebot4_ws/install/lab_bringup/share/lab_bringup//launch/lab3.launch.xml\n'}
[4.692083] (lab_bringup) StdoutLine: {'line': b'-- Up-to-date: /home/gbonham/turtlebot4_ws/install/lab_bringup/share/ament_index/resource_index/package_run_dependencies/lab_bringup\n'}
[4.692160] (lab_bringup) StdoutLine: {'line': b'-- Up-to-date: /home/gbonham/turtlebot4_ws/install/lab_bringup/share/ament_index/resource_index/parent_prefix_path/lab_bringup\n'}
[4.692234] (lab_bringup) StdoutLine: {'line': b'-- Up-to-date: /home/gbonham/turtlebot4_ws/install/lab_bringup/share/lab_bringup/environment/ament_prefix_path.sh\n'}
[4.692302] (lab_bringup) StdoutLine: {'line': b'-- Up-to-date: /home/gbonham/turtlebot4_ws/install/lab_bringup/share/lab_bringup/environment/ament_prefix_path.dsv\n'}
[4.692374] (lab_bringup) StdoutLine: {'line': b'-- Up-to-date: /home/gbonham/turtlebot4_ws/install/lab_bringup/share/lab_bringup/environment/path.sh\n'}
[4.692442] (lab_bringup) StdoutLine: {'line': b'-- Up-to-date: /home/gbonham/turtlebot4_ws/install/lab_bringup/share/lab_bringup/environment/path.dsv\n'}
[4.692509] (lab_bringup) StdoutLine: {'line': b'-- Up-to-date: /home/gbonham/turtlebot4_ws/install/lab_bringup/share/lab_bringup/local_setup.bash\n'}
[4.692576] (lab_bringup) StdoutLine: {'line': b'-- Up-to-date: /home/gbonham/turtlebot4_ws/install/lab_bringup/share/lab_bringup/local_setup.sh\n'}
[4.692649] (lab_bringup) StdoutLine: {'line': b'-- Up-to-date: /home/gbonham/turtlebot4_ws/install/lab_bringup/share/lab_bringup/local_setup.zsh\n'}
[4.692724] (lab_bringup) StdoutLine: {'line': b'-- Up-to-date: /home/gbonham/turtlebot4_ws/install/lab_bringup/share/lab_bringup/local_setup.dsv\n'}
[4.692790] (lab_bringup) StdoutLine: {'line': b'-- Installing: /home/gbonham/turtlebot4_ws/install/lab_bringup/share/lab_bringup/package.dsv\n'}
[4.699405] (lab_bringup) StdoutLine: {'line': b'-- Up-to-date: /home/gbonham/turtlebot4_ws/install/lab_bringup/share/ament_index/resource_index/packages/lab_bringup\n'}
[4.699525] (lab_bringup) StdoutLine: {'line': b'-- Up-to-date: /home/gbonham/turtlebot4_ws/install/lab_bringup/share/lab_bringup/cmake/lab_bringupConfig.cmake\n'}
[4.699601] (lab_bringup) StdoutLine: {'line': b'-- Up-to-date: /home/gbonham/turtlebot4_ws/install/lab_bringup/share/lab_bringup/cmake/lab_bringupConfig-version.cmake\n'}
[4.699676] (lab_bringup) StdoutLine: {'line': b'-- Up-to-date: /home/gbonham/turtlebot4_ws/install/lab_bringup/share/lab_bringup/package.xml\n'}
[4.709829] (lab_bringup) CommandEnded: {'returncode': 0}
[4.710364] (-) TimerEvent: {}
[4.810717] (-) TimerEvent: {}
[4.900035] (lab_bringup) JobEnded: {'identifier': 'lab_bringup', 'rc': 0}
[4.903865] (-) EventReactorShutdown: {}
